# Blender 4.2.20 LTS
# www.blender.org
mtllib Npc2.mtl
o hero_wanwan_skin_high_add
v -0.000675 -0.108083 1.263141
v 0.033138 -0.108549 1.261341
v -0.000080 -0.117627 1.285933
v 0.036070 -0.118694 1.285978
v 0.072892 -0.109924 1.282739
v 0.068234 -0.096125 1.258628
v 0.091575 -0.074523 1.274844
v 0.032604 -0.096557 1.243760
v 0.063727 -0.085795 1.249988
v 0.085142 -0.066783 1.254383
v 0.099676 -0.043958 1.268378
v 0.097535 -0.045493 1.255843
v -0.031571 -0.109456 1.263457
v -0.034371 -0.118872 1.285253
v -0.068612 -0.110352 1.279140
v -0.059350 -0.099185 1.260166
v -0.087770 -0.080057 1.273015
v -0.078644 -0.077460 1.254062
v -0.098656 -0.045304 1.265333
v -0.069081 -0.071820 1.230702
v -0.075499 -0.063267 1.240456
v -0.082041 -0.054215 1.232308
v -0.099352 -0.045729 1.257806
v -0.045292 -0.078371 1.226492
v -0.028301 -0.091900 1.234674
v -0.100549 -0.017197 1.257722
v -0.096057 -0.018730 1.238105
v -0.094622 0.000330 1.234569
v -0.099728 0.009308 1.246654
v -0.096889 -0.076288 1.301210
v -0.105498 -0.041297 1.295966
v -0.073996 -0.107769 1.311050
v -0.036543 -0.115147 1.314984
v -0.000018 -0.116630 1.315756
v 0.036543 -0.115147 1.314984
v -0.103192 0.017750 1.275174
v -0.105533 -0.014791 1.283433
v 0.073982 -0.106656 1.311536
v 0.097473 -0.076288 1.301210
v 0.105498 -0.041297 1.295966
v 0.107903 -0.014791 1.283433
v 0.103200 -0.018307 1.256407
v 0.104755 0.020900 1.273226
v 0.101415 0.020328 1.252455
v 0.096943 -0.067322 1.319821
v 0.073654 -0.089286 1.339823
v 0.036522 -0.099918 1.343440
v 0.000000 -0.099992 1.342794
v -0.036522 -0.099918 1.343440
v -0.073656 -0.089286 1.339823
v -0.096943 -0.067322 1.319821
v -0.034631 -0.064173 1.369825
v -0.074519 -0.057885 1.366216
v -0.067394 -0.032453 1.391266
v -0.091998 -0.037422 1.363352
v -0.084048 -0.022680 1.391289
v -0.056607 -0.011428 1.420619
v -0.029020 -0.023863 1.417654
v -0.022985 -0.007217 1.437337
v -0.035269 0.009814 1.444102
v -0.032602 -0.043310 1.394142
v -0.080747 0.000945 1.418038
v -0.057493 0.032849 1.443916
v -0.042571 0.030733 1.453949
v -0.080450 0.030442 1.434285
v 0.000000 -0.029319 1.414171
v 0.000000 -0.047704 1.394003
v 0.000000 -0.067314 1.371472
v -0.094761 -0.053687 1.342265
v -0.103610 -0.034212 1.339419
v -0.106049 -0.036861 1.319520
v -0.105376 -0.012752 1.326601
v -0.108593 -0.009884 1.301439
v -0.107649 0.019996 1.286917
v -0.109425 -0.004965 1.312734
v 0.032602 -0.043310 1.394142
v 0.029020 -0.023863 1.417654
v 0.067394 -0.032453 1.391266
v 0.056607 -0.011428 1.420619
v 0.022985 -0.007217 1.437337
v 0.035269 0.009814 1.444102
v 0.084045 -0.022680 1.391289
v 0.080747 0.000945 1.418038
v 0.057493 0.032849 1.443916
v 0.042571 0.030733 1.453949
v 0.080450 0.030442 1.434285
v 0.091998 -0.037422 1.363352
v 0.074519 -0.057885 1.366216
v 0.034631 -0.064173 1.369825
v 0.094761 -0.053687 1.342265
v 0.101458 -0.033330 1.339419
v 0.106049 -0.036861 1.319520
v 0.105667 -0.014412 1.324235
v 0.109346 -0.009884 1.301439
v 0.107649 0.019996 1.286917
v 0.108446 -0.004418 1.313987
v 0.112346 0.026584 1.311885
v 0.114274 0.001740 1.328124
v 0.029449 0.077452 1.233235
v 0.029296 0.089412 1.266925
v 0.055125 0.074764 1.236953
v 0.061146 0.090584 1.266677
v 0.000008 0.088569 1.267520
v 0.002826 0.076562 1.228511
v -0.031218 0.074002 1.225258
v -0.028774 0.069254 1.221763
v -0.029296 0.089412 1.266925
v -0.055860 0.072396 1.228710
v -0.061146 0.090584 1.266677
v 0.077737 0.064078 1.242573
v 0.089638 0.075202 1.266589
v 0.093466 0.046508 1.247426
v 0.100556 0.048184 1.268155
v 0.101415 0.020328 1.252455
v 0.104755 0.020900 1.273226
v -0.072883 0.065957 1.232364
v -0.089374 0.074890 1.266589
v -0.084903 0.052920 1.236577
v -0.105400 0.048184 1.268155
v -0.099841 0.038475 1.244154
v -0.089488 0.040066 1.236074
v -0.103192 0.017750 1.275174
v -0.099728 0.009308 1.246654
v -0.107649 0.019996 1.286917
v -0.108700 0.054654 1.282582
v -0.112346 0.026584 1.311885
v -0.112839 0.058548 1.306079
v -0.099170 0.088334 1.297147
v -0.115104 0.085966 1.311955
v -0.064765 0.101020 1.296938
v -0.089005 0.106958 1.330955
v -0.063238 0.108739 1.331840
v -0.084279 0.101586 1.367702
v -0.060276 0.102983 1.368844
v -0.031404 0.106578 1.332994
v -0.030010 0.101668 1.370359
v -0.030601 0.100919 1.296546
v 0.000000 0.097872 1.296572
v -0.083233 0.086158 1.401903
v -0.056882 0.088074 1.403205
v -0.084740 0.064581 1.426000
v -0.047988 0.065086 1.436498
v -0.057493 0.032849 1.443916
v -0.037410 0.052958 1.450908
v -0.080450 0.030442 1.434285
v -0.026726 0.079752 1.430964
v -0.021749 0.071657 1.450803
v -0.028150 0.091464 1.402722
v -0.042571 0.030733 1.453949
v 0.000000 0.083491 1.430154
v 0.000000 0.076399 1.450630
v 0.000000 0.093202 1.402076
v 0.000000 0.099862 1.370774
v 0.000000 0.102806 1.333068
v 0.030601 0.100919 1.296546
v 0.064765 0.101020 1.296938
v 0.099170 0.088334 1.297147
v 0.089005 0.106958 1.330955
v 0.063238 0.108739 1.331840
v 0.084279 0.101586 1.367702
v 0.060276 0.102983 1.368844
v 0.105638 0.054654 1.282582
v 0.112839 0.058548 1.306079
v 0.112346 0.026584 1.311885
v 0.107649 0.019996 1.286917
v 0.115104 0.085966 1.311955
v 0.031404 0.106578 1.332994
v 0.030010 0.101668 1.370359
v 0.083233 0.086158 1.401903
v 0.056882 0.088074 1.403205
v 0.084740 0.064581 1.426000
v 0.047988 0.065086 1.436498
v 0.057493 0.032849 1.443916
v 0.037410 0.052958 1.450908
v 0.080450 0.030442 1.434285
v 0.026726 0.079752 1.430964
v 0.021749 0.071657 1.450803
v 0.028150 0.091464 1.402722
v 0.042571 0.030733 1.453949
v 0.029449 0.077452 1.233235
v 0.030089 0.080392 1.228495
v 0.002826 0.076562 1.228511
v 0.002157 0.079564 1.224764
v 0.055125 0.074764 1.236953
v 0.056653 0.076641 1.232962
v 0.079507 0.065670 1.237944
v 0.077737 0.064078 1.242573
v 0.096745 0.048211 1.242713
v 0.093466 0.046508 1.247426
v 0.101415 0.020328 1.252455
v 0.108186 0.019604 1.248873
v 0.103200 -0.018307 1.256407
v 0.108688 -0.019055 1.253075
v 0.097535 -0.045493 1.255843
v 0.100711 -0.047222 1.252984
v 0.088080 -0.068022 1.251495
v 0.085142 -0.066783 1.254383
v 0.065650 -0.087094 1.247655
v 0.063727 -0.085795 1.249988
v 0.067124 -0.076100 1.217244
v 0.090776 -0.050426 1.219626
v 0.101348 -0.016672 1.220788
v 0.098295 0.017989 1.217849
v 0.082688 0.045296 1.212683
v 0.087349 -0.038886 1.178878
v 0.094847 -0.011523 1.178764
v 0.091158 0.013830 1.178591
v 0.078555 0.035155 1.179330
v 0.051836 0.064692 1.206112
v 0.019162 0.070608 1.200800
v 0.047879 0.059801 1.178312
v 0.096352 -0.043436 1.167930
v 0.105294 -0.011577 1.167492
v 0.100896 0.015519 1.167174
v 0.086998 0.041586 1.166728
v 0.064048 0.060228 1.166674
v 0.051347 0.067714 1.169226
v 0.068978 0.060567 1.140703
v 0.086137 0.042163 1.140922
v 0.099691 0.016796 1.141535
v 0.105139 -0.012979 1.140912
v 0.098043 -0.046100 1.139213
v 0.075144 -0.069810 1.165935
v 0.080363 -0.072960 1.137617
v 0.082737 0.037344 1.130439
v 0.055026 0.055354 1.127212
v 0.055317 0.056411 1.107335
v 0.089523 0.042492 1.105327
v 0.097033 0.015720 1.131221
v 0.111453 0.017989 1.105337
v 0.100678 -0.012481 1.130154
v 0.116184 -0.012578 1.105341
v 0.101280 -0.044117 1.105331
v 0.094814 -0.039439 1.128752
v 0.113227 -0.052999 1.085219
v 0.130468 -0.014290 1.086486
v 0.124931 0.020483 1.085661
v 0.099777 0.050643 1.085702
v 0.076335 -0.065763 1.103830
v 0.072877 -0.065013 1.126062
v 0.047569 -0.088308 1.136762
v 0.051019 -0.087686 1.162839
v 0.069368 -0.064738 1.177379
v 0.043358 -0.080111 1.175413
v 0.050744 -0.076905 1.102951
v 0.046268 -0.076703 1.124239
v 0.038017 -0.088739 1.212912
v 0.032951 -0.097506 1.241445
v 0.032604 -0.096557 1.243760
v 0.014461 -0.092642 1.211785
v 0.000189 -0.098078 1.234346
v 0.015836 -0.089513 1.203236
v 0.026894 -0.089507 1.203476
v -0.000503 -0.097511 1.236848
v -0.009531 -0.097773 1.234965
v -0.011034 -0.098273 1.231912
v 0.030093 -0.084548 1.182511
v 0.056719 -0.083722 1.070520
v 0.044881 -0.084056 1.084267
v 0.032458 -0.087395 1.072545
v 0.021387 -0.093524 1.058470
v 0.059935 -0.089009 1.035909
v 0.085085 -0.070299 1.070666
v 0.095840 -0.079608 1.037003
v 0.115050 -0.052032 1.071034
v 0.126812 -0.058416 1.039356
v 0.141835 -0.039625 1.040174
v 0.130747 -0.061430 0.997578
v 0.101679 -0.081705 0.995294
v 0.150051 -0.038618 1.000177
v 0.153487 -0.011700 1.041324
v 0.137237 -0.013910 1.071108
v 0.133604 0.022375 1.071108
v 0.147143 0.030690 1.044194
v 0.122891 0.068693 1.045192
v 0.107517 0.056741 1.071622
v 0.082591 0.091348 1.046111
v 0.062844 0.076515 1.083918
v 0.163489 -0.009217 1.001789
v 0.161957 0.035859 1.001359
v 0.135804 0.078708 0.999122
v 0.093422 0.106406 0.998655
v 0.136383 -0.066139 0.949696
v 0.155927 -0.041127 0.951835
v 0.170366 -0.007077 0.955011
v 0.170694 0.039501 0.955078
v 0.145666 0.087481 0.952137
v 0.102682 0.117670 0.948889
v 0.055245 0.129188 0.944834
v 0.048081 0.121805 0.994078
v 0.062427 0.133042 0.895587
v 0.107292 0.123129 0.896957
v 0.153130 0.093766 0.898489
v 0.179488 0.044245 0.901627
v 0.178530 -0.007812 0.903332
v 0.161886 -0.042955 0.900820
v 0.141063 -0.067460 0.897370
v 0.074122 0.133519 0.840628
v 0.071282 0.138878 0.840566
v 0.058749 0.136713 0.895807
v 0.045597 0.136337 0.838940
v 0.034712 0.135278 0.895731
v 0.051046 0.132778 0.947064
v 0.028935 0.133593 0.946042
v 0.113082 0.125065 0.842932
v 0.156949 0.098039 0.844338
v 0.063869 0.135563 0.779321
v 0.088272 0.137041 0.783379
v 0.091340 0.131882 0.787229
v 0.121842 0.124053 0.804694
v 0.168524 -0.042102 0.844373
v 0.143232 -0.068051 0.842016
v 0.120102 -0.082797 0.840940
v 0.114291 -0.087583 0.894552
v 0.108141 -0.088530 0.948113
v 0.063066 -0.097723 0.993364
v 0.067041 -0.103237 0.945221
v 0.070563 -0.103621 0.890114
v 0.074560 -0.100775 0.838948
v 0.168795 -0.040321 0.834177
v 0.185319 -0.008515 0.845538
v 0.183919 0.045333 0.845216
v 0.183758 0.045467 0.837346
v 0.157368 0.097915 0.821726
v 0.185503 -0.008854 0.839790
v 0.026303 -0.109443 0.943484
v 0.024800 -0.103983 0.991349
v 0.022586 -0.097368 1.029590
v -0.005656 -0.111363 1.025056
v -0.018613 -0.106654 0.989840
v -0.012083 -0.111014 0.941969
v 0.027474 -0.110170 0.887942
v -0.009868 -0.109823 0.886852
v 0.008257 -0.109270 0.839586
v 0.028599 -0.108129 0.838909
v 0.005318 -0.114435 0.839435
v -0.013152 -0.114041 0.886852
v -0.025161 -0.114016 0.840463
v -0.040213 -0.112420 0.887149
v -0.032515 -0.112492 0.941515
v -0.057099 -0.108960 0.941348
v -0.000813 -0.113205 0.770096
v 0.029176 -0.112347 0.781357
v 0.030690 -0.108677 0.784416
v 0.079201 -0.098252 0.800130
v 0.122028 -0.080431 0.816121
v 0.142964 -0.066131 0.824965
v -0.029482 -0.108320 0.941515
v -0.046177 -0.104187 0.990507
v -0.049534 -0.106850 0.989536
v -0.054921 -0.103076 1.006862
v -0.052400 -0.102261 1.007926
v -0.070724 -0.101865 0.988269
v -0.073678 -0.100327 0.998440
v -0.021433 -0.106130 1.023669
v -0.039530 -0.100127 1.022079
v 0.037740 0.107552 1.045397
v 0.027998 0.121741 1.051979
v 0.027199 0.093101 1.060422
v 0.010210 0.106019 1.057404
v 0.037327 0.101782 1.042593
v 0.031679 0.090031 1.058180
v 0.032621 0.133079 1.032783
v 0.042965 0.119683 1.024665
v 0.030818 0.134367 0.996083
v 0.045503 0.126927 0.994448
v 0.048081 0.121805 0.994078
v 0.004199 0.102696 1.056566
v 0.010210 0.106019 1.057404
v 0.023458 0.123019 1.050026
v 0.027998 0.121741 1.051979
v 0.032621 0.133079 1.032783
v 0.028710 0.133131 1.030768
v 0.030818 0.134367 0.996083
v 0.025826 0.133236 0.996632
v 0.028935 0.133593 0.946042
v 0.023444 0.128094 0.945016
v 0.028865 0.129923 0.895731
v 0.034712 0.135278 0.895731
v 0.040680 0.129066 0.838884
v 0.045597 0.136337 0.838940
v 0.059299 0.126735 0.777472
v 0.063869 0.135563 0.779321
v -0.057873 -0.097149 0.941348
v -0.041819 -0.101720 0.887149
v -0.057099 -0.108960 0.941348
v -0.040213 -0.112420 0.887149
v -0.028225 -0.101493 0.843382
v -0.025161 -0.114016 0.840463
v -0.003086 -0.103107 0.766310
v -0.000813 -0.113205 0.770096
v -0.070724 -0.101865 0.988269
v -0.070906 -0.090240 0.987808
v -0.073678 -0.100327 0.998440
v -0.073629 -0.088794 0.997518
v -0.081598 -0.080714 1.023947
v -0.000813 -0.113205 0.770096
v -0.003086 -0.103107 0.766310
v 0.029176 -0.112347 0.781357
v 0.030690 -0.108677 0.784416
v 0.032646 -0.099660 0.781021
v 0.079201 -0.098252 0.800130
v 0.077797 -0.090083 0.798381
v 0.122028 -0.080431 0.816121
v 0.119332 -0.074240 0.813689
v 0.142964 -0.066131 0.824965
v 0.141651 -0.060558 0.821790
v 0.168795 -0.040321 0.834177
v 0.165865 -0.036916 0.831068
v 0.181683 -0.008478 0.834937
v 0.185503 -0.008854 0.839790
v 0.183758 0.045467 0.837346
v 0.179066 0.044891 0.832525
v 0.157368 0.097915 0.821726
v 0.152756 0.094612 0.817259
v 0.121842 0.124053 0.804694
v 0.120115 0.119518 0.801288
v 0.091340 0.131882 0.787229
v 0.120115 0.119518 0.801288
v 0.089474 0.131335 0.789204
v 0.059299 0.126735 0.777472
v 0.063869 0.135563 0.779321
v 0.088272 0.137041 0.783379
v 0.065823 0.072039 1.127860
v 0.057309 0.068666 1.152145
v 0.110540 -0.049464 1.081228
v 0.082661 -0.072215 1.083404
v 0.127284 -0.011827 1.082512
v 0.122749 0.021497 1.082384
v 0.048523 0.075848 1.095126
v 0.043483 0.086327 1.066492
v 0.031679 0.090031 1.058180
v 0.037327 0.101782 1.042593
v -0.000503 -0.097511 1.236848
v -0.018324 -0.105525 1.243638
v -0.009531 -0.097773 1.234965
v 0.011309 0.077774 1.213961
v -0.003150 0.076996 1.213034
v -0.013846 0.078350 1.215097
v -0.021666 0.075819 1.220605
v -0.028774 0.069254 1.221763
v -0.011379 -0.091381 1.101386
v -0.038958 -0.088415 1.101394
v -0.015774 -0.098944 1.072204
v -0.048286 -0.091003 1.070185
v -0.058108 -0.094425 1.049588
v -0.036010 -0.087967 1.134333
v -0.066938 -0.073769 1.134576
v -0.072307 -0.073356 1.101417
v -0.038382 -0.089967 1.171156
v -0.013191 -0.092961 1.171156
v -0.018532 -0.098644 1.192082
v -0.045535 -0.096582 1.200864
v -0.009777 -0.090469 1.134479
v -0.068482 -0.075879 1.171156
v -0.082615 -0.076189 1.070382
v -0.103270 -0.045253 1.101448
v -0.118483 -0.048197 1.070431
v 0.018572 -0.093144 1.161522
v 0.015124 -0.095601 1.171454
v -0.102958 -0.079092 1.040271
v -0.088474 -0.043882 1.134566
v -0.098237 -0.009940 1.134535
v -0.116283 -0.008615 1.101443
v -0.093038 -0.042534 1.171159
v -0.098186 -0.008470 1.171154
v -0.096183 -0.041768 1.204694
v -0.102811 -0.001932 1.207603
v -0.079413 -0.075776 1.203439
v -0.065008 -0.089946 1.202619
v -0.135255 -0.009506 1.070425
v -0.135466 -0.052662 1.041595
v -0.152935 -0.010210 1.044865
v -0.108608 0.028246 1.101450
v -0.089744 0.021704 1.134456
v -0.090551 0.022899 1.171185
v -0.095352 0.029326 1.206279
v -0.145396 0.029870 1.044199
v -0.125901 0.034524 1.070433
v -0.080704 0.054233 1.101450
v -0.072171 0.045870 1.134430
v -0.049208 0.067305 1.101402
v -0.047781 0.059640 1.134427
v -0.071395 0.047856 1.171146
v -0.049449 0.062606 1.171115
v -0.016984 0.070495 1.171109
v -0.019816 0.075235 1.184260
v -0.053284 0.069405 1.194431
v -0.012880 0.068354 1.134399
v -0.077163 0.056735 1.201329
v -0.011672 0.073515 1.101373
v -0.012863 0.081197 1.080435
v -0.051721 0.076114 1.077322
v -0.091568 0.068563 1.070448
v 0.008058 0.073740 1.171829
v 0.025221 0.069372 1.136079
v 0.012997 0.076847 1.104255
v -0.056423 0.090023 1.054279
v -0.100829 0.081022 1.046564
v -0.123013 0.064108 1.045267
v -0.034614 0.084659 1.070763
v 0.019370 -0.096170 1.102203
v 0.019622 -0.090919 1.136374
v 0.060703 -0.091332 0.945274
v 0.056035 -0.085960 0.990887
v 0.102862 -0.077328 0.947915
v 0.099402 -0.074203 0.994481
v 0.129861 -0.058249 0.949860
v 0.126701 -0.055654 0.997274
v 0.148309 -0.035459 0.951992
v 0.143860 -0.034939 0.999873
v 0.161408 -0.007506 0.954865
v 0.156007 -0.008303 1.001485
v 0.155095 0.032215 1.001057
v 0.161127 0.036024 0.954703
v 0.132456 0.071804 0.999553
v 0.137786 0.080505 0.952285
v 0.088718 0.099455 1.000522
v 0.095651 0.108037 0.948984
v 0.053041 0.127825 0.947308
v 0.048541 0.118713 0.990075
v 0.063777 0.130587 0.895913
v 0.101140 0.114784 0.896315
v 0.144636 0.088021 0.899056
v 0.169782 0.040533 0.903328
v 0.170434 -0.007027 0.903328
v 0.155665 -0.036219 0.901813
v 0.134719 -0.060102 0.898768
v 0.110178 -0.076942 0.895987
v 0.063080 -0.093987 0.891301
v 0.068738 0.134337 0.845143
v 0.108390 0.118252 0.841380
v 0.150873 0.092651 0.842825
v 0.089474 0.131335 0.789204
v 0.120115 0.119518 0.801288
v 0.070687 -0.092028 0.840397
v 0.116782 -0.074948 0.841581
v 0.139684 -0.060734 0.842903
v 0.163815 -0.037061 0.843907
v 0.152756 0.094612 0.817259
v 0.179066 0.044891 0.832525
v 0.176916 0.043727 0.846657
v 0.179771 -0.007871 0.845585
v 0.181683 -0.008478 0.834937
v 0.165865 -0.036916 0.831068
v 0.141651 -0.060558 0.821790
v 0.119332 -0.074240 0.813689
v 0.077797 -0.090083 0.798381
v 0.032646 -0.099660 0.781021
v 0.028809 -0.099779 0.840131
v 0.027139 -0.099506 0.888410
v 0.006422 -0.097137 0.854113
v -0.004723 -0.096961 0.889247
v 0.024544 -0.096997 0.943648
v -0.006688 -0.098183 0.942330
v 0.021798 -0.094216 0.990273
v -0.007355 -0.097118 0.992869
v 0.006449 -0.100684 0.854347
v -0.028225 -0.101493 0.843382
v -0.003086 -0.103107 0.766310
v -0.032763 -0.094678 0.939958
v -0.037635 -0.090136 0.982505
v -0.089310 -0.079431 0.940725
v -0.088491 -0.072646 0.985996
v -0.131865 -0.051855 0.942180
v -0.127724 -0.048965 0.986508
v -0.133932 -0.054194 0.895326
v -0.087566 -0.083703 0.889164
v -0.034567 -0.097003 0.887203
v -0.035711 -0.098138 0.837141
v -0.084232 -0.086850 0.838416
v -0.128860 -0.060505 0.842852
v -0.159626 -0.020948 0.849239
v -0.155989 -0.022343 0.901233
v -0.166769 0.002357 0.865821
v -0.169761 0.011511 0.892419
v -0.170706 0.010788 0.904319
v -0.164086 0.008829 0.947917
v -0.153953 -0.024051 0.945863
v -0.158212 0.007774 0.987967
v -0.147078 -0.022810 0.987317
v -0.162217 0.041683 0.901322
v -0.159079 0.040870 0.948815
v -0.137799 0.077359 0.947710
v -0.149378 0.039216 0.988861
v -0.127905 0.075134 0.990823
v -0.098601 0.110589 0.947399
v -0.092599 0.101488 0.989848
v -0.052868 0.120723 0.945652
v -0.054107 0.113638 0.990761
v -0.156501 0.007774 0.987967
v -0.162374 0.008829 0.947917
v -0.054875 0.122408 0.895680
v -0.103178 0.109367 0.897179
v -0.141655 0.078974 0.899350
v -0.060616 0.119650 0.848473
v -0.110919 0.105035 0.847404
v 0.000000 0.122226 0.849285
v 0.000000 0.124976 0.894272
v -0.146116 0.079960 0.847495
v -0.160760 0.051097 0.851186
v -0.168012 0.025857 0.866426
v 0.000000 0.117189 0.988704
v 0.000000 0.120678 0.946102
v -0.116165 0.094169 1.331095
v -0.005123 -0.011845 1.434746
v 0.000000 -0.013173 1.434003
v 0.005774 -0.011676 1.434841
v 0.065823 0.072039 1.127860
v 0.055026 0.055354 1.127212
v 0.058050 0.077584 1.118153
v 0.055317 0.056411 1.107335
v 0.048523 0.075848 1.095126
v 0.050919 0.086410 1.113589
v 0.042705 0.094728 1.098254
v 0.036369 0.084857 1.114683
v 0.045256 0.075873 1.134103
v 0.025221 0.069372 1.136079
v 0.012997 0.076847 1.104255
v 0.057309 0.068666 1.152145
v 0.035508 0.095238 1.079599
v 0.043483 0.086327 1.066492
v 0.040199 0.085687 1.100360
v 0.031679 0.090031 1.058180
v 0.021484 0.109718 1.078668
v 0.016356 0.110420 1.071387
v 0.000526 0.111479 1.084730
v 0.003472 0.116797 1.063141
v -0.008108 0.086061 1.045372
v -0.005695 0.114204 1.056258
v -0.017060 0.124396 1.055680
v -0.029651 0.123752 1.044782
v -0.031355 0.110861 1.026649
v -0.045493 0.121045 1.038404
v -0.040327 0.109010 1.022963
v -0.042996 0.114924 1.051688
v -0.053147 0.113207 1.051275
v -0.057660 0.123002 1.037693
v -0.063077 0.114720 1.034010
v -0.064043 0.104561 1.046663
v -0.056423 0.090023 1.054279
v -0.100829 0.081022 1.046564
v -0.099954 0.098132 1.036532
v -0.130789 0.080747 1.032922
v -0.123013 0.064108 1.045267
v -0.147582 0.064450 1.031311
v -0.145396 0.029870 1.044199
v -0.161003 0.034443 1.032189
v -0.169864 0.004752 1.033636
v -0.152935 -0.010210 1.044865
v -0.168301 -0.022160 1.030002
v -0.163875 -0.038721 1.032882
v -0.135466 -0.052662 1.041595
v -0.151406 -0.070875 1.029135
v -0.122782 -0.093074 1.031289
v -0.102958 -0.079092 1.040271
v -0.093669 -0.103434 1.036724
v -0.058108 -0.094425 1.049588
v -0.054658 -0.113888 1.041834
v -0.068715 -0.120581 1.023906
v -0.049264 -0.117356 1.027202
v -0.036596 -0.125645 1.036646
v -0.027653 -0.112435 1.012956
v -0.100812 -0.114125 1.016100
v -0.095167 -0.110141 0.996804
v -0.078156 -0.110370 1.001044
v -0.058752 -0.114324 1.009709
v -0.073678 -0.100327 0.998440
v -0.054921 -0.103076 1.006862
v -0.052400 -0.102261 1.007926
v -0.039530 -0.100127 1.022079
v -0.018481 -0.115796 1.059320
v -0.015299 -0.124313 1.040655
v 0.019050 -0.114237 1.060218
v -0.005656 -0.111363 1.025056
v 0.017909 -0.106247 1.082246
v 0.027228 -0.101427 1.089478
v 0.019370 -0.096170 1.102203
v 0.034600 -0.098115 1.102812
v 0.044573 -0.095789 1.086639
v 0.051880 -0.090729 1.087525
v 0.044881 -0.084056 1.084267
v 0.050744 -0.076905 1.102951
v 0.038021 -0.095764 1.119512
v 0.034986 -0.100139 1.078452
v 0.032458 -0.087395 1.072545
v 0.021387 -0.093524 1.058470
v 0.040104 -0.101706 1.074126
v 0.044573 -0.095789 1.086639
v 0.019622 -0.090919 1.136374
v 0.038068 -0.093505 1.138234
v 0.018572 -0.093144 1.161522
v 0.032996 -0.098328 1.167595
v 0.051019 -0.087686 1.162839
v 0.047569 -0.088308 1.136762
v 0.049268 -0.088625 1.113574
v 0.046268 -0.076703 1.124239
v -0.028301 -0.091900 1.234674
v -0.045292 -0.078371 1.226492
v -0.041603 -0.106358 1.240465
v -0.061172 -0.105087 1.240188
v -0.018324 -0.105525 1.243638
v -0.066463 -0.101619 1.239276
v 0.032458 -0.087395 1.072545
v 0.040104 -0.101706 1.074126
v 0.034986 -0.100139 1.078452
v 0.040104 -0.101706 1.074126
v 0.032996 -0.098328 1.167595
v 0.051019 -0.087686 1.162839
v 0.042965 -0.094707 1.165828
v 0.043358 -0.080111 1.175413
v 0.042965 -0.094707 1.165828
v 0.051019 -0.087686 1.162839
v 0.042965 -0.094707 1.165828
v 0.043358 -0.080111 1.175413
v 0.030093 -0.084548 1.182511
v 0.032996 -0.098328 1.167595
v 0.018572 -0.093144 1.161522
v 0.015124 -0.095601 1.171454
v 0.017496 -0.103473 1.185891
v 0.029379 -0.097599 1.194245
v 0.006228 -0.103706 1.194900
v 0.015836 -0.089513 1.203236
v 0.026894 -0.089507 1.203476
v 0.014461 -0.092642 1.211785
v 0.010995 -0.106745 1.210978
v -0.005702 -0.107346 1.212208
v -0.018532 -0.098644 1.192082
v -0.025688 -0.109724 1.216490
v -0.045535 -0.096582 1.200864
v -0.001812 -0.108985 1.228782
v -0.051407 -0.107550 1.220809
v -0.041603 -0.106358 1.240465
v -0.018324 -0.105525 1.243638
v -0.011034 -0.098273 1.231912
v -0.065008 -0.089946 1.202619
v -0.071760 -0.096618 1.220731
v -0.061172 -0.105087 1.240188
v -0.066463 -0.101619 1.239276
v -0.085530 -0.087647 1.237952
v -0.090516 -0.076391 1.221331
v -0.079413 -0.075776 1.203439
v -0.096183 -0.041768 1.204694
v -0.106873 -0.066197 1.220871
v -0.105535 -0.066967 1.238803
v -0.099986 -0.047570 1.232100
v -0.107905 -0.038050 1.225002
v -0.114763 -0.017153 1.228185
v -0.102811 -0.001932 1.207603
v -0.112360 0.015110 1.229447
v -0.095352 0.029326 1.206279
v -0.101970 0.040599 1.228258
v -0.077163 0.056735 1.201329
v -0.082845 0.071899 1.219890
v -0.053284 0.069405 1.194431
v -0.054221 0.090632 1.210338
v -0.109343 0.005482 1.245799
v -0.110073 0.016815 1.252216
v -0.101718 0.022254 1.239414
v -0.099841 0.038475 1.244154
v -0.089488 0.040066 1.236074
v -0.094032 0.058372 1.244435
v -0.113958 -0.005654 1.252887
v -0.109233 -0.014717 1.245263
v -0.114514 -0.030038 1.247304
v -0.113031 -0.037864 1.247375
v -0.103838 -0.045325 1.247783
v -0.039216 0.093559 1.205342
v -0.027773 0.090171 1.224201
v -0.047115 0.083596 1.226406
v -0.056797 0.081968 1.231784
v -0.077355 0.076286 1.231404
v -0.087172 0.065835 1.234499
v -0.025527 0.091864 1.223022
v -0.010307 0.095405 1.216668
v -0.019785 0.088743 1.200883
v -0.019816 0.075235 1.184260
v -0.004168 0.088327 1.194852
v 0.008058 0.073740 1.171829
v 0.016299 0.085070 1.185474
v 0.032825 0.074669 1.172922
v 0.041031 0.071096 1.154665
v 0.025221 0.069372 1.136079
v 0.063164 0.077675 1.152231
v 0.052004 0.075305 1.174579
v 0.017021 0.082134 1.201913
v 0.052004 0.075305 1.174579
v -0.002943 0.086195 1.215788
v 0.010724 0.089310 1.209541
v 0.017021 0.082134 1.201913
v 0.026910 0.079378 1.203616
v -0.013846 0.078350 1.215097
v 0.045256 0.075873 1.134103
v 0.057309 0.068666 1.152145
v 0.011032 0.083245 1.215863
v 0.011309 0.077774 1.213961
v -0.003150 0.076996 1.213034
v -0.002943 0.086195 1.215788
v -0.013846 0.078350 1.215097
v 0.017021 0.082134 1.201913
v 0.019162 0.070608 1.200800
v 0.026910 0.079378 1.203616
v 0.019162 0.070608 1.200800
v 0.052004 0.075305 1.174579
v 0.047879 0.059801 1.178312
v 0.017021 0.082134 1.201913
v 0.051347 0.067714 1.169226
v -0.013846 0.078350 1.215097
v 0.063164 0.077675 1.152231
v 0.063164 0.077675 1.152231
v 0.057309 0.068666 1.152145
v 0.041031 0.071096 1.154665
v 0.014461 -0.092642 1.211785
v -0.011034 -0.098273 1.231912
v 0.012936 -0.105597 1.219804
v -0.001812 -0.108985 1.228782
v -0.049264 -0.117356 1.027202
v -0.039530 -0.100127 1.022079
v -0.027653 -0.112435 1.012956
v -0.022013 -0.114039 1.015481
v -0.021433 -0.106130 1.023669
v -0.005656 -0.111363 1.025056
v -0.022013 -0.114039 1.015481
v -0.025328 -0.122887 1.022240
v -0.015774 -0.098944 1.072204
v -0.130876 -0.099679 1.016791
v -0.116650 -0.106177 1.014727
v -0.110928 -0.098537 0.991489
v -0.118700 -0.102050 0.998612
v -0.123909 -0.091918 0.996385
v -0.131814 -0.093196 1.015530
v -0.132817 -0.087938 0.995829
v -0.142324 -0.090961 1.015270
v -0.144626 -0.079864 1.005736
v -0.135813 -0.086078 0.992243
v -0.158169 -0.068536 1.017792
v -0.151482 -0.073751 0.997367
v -0.156800 -0.053506 0.998955
v -0.161035 -0.057947 1.017699
v -0.170533 -0.041933 1.015437
v -0.156053 -0.035279 0.996847
v -0.172149 -0.027133 1.001992
v -0.172149 -0.027133 1.001992
v -0.172149 -0.027133 1.001992
v -0.165874 -0.016941 1.004493
v -0.170576 0.007485 1.017667
v -0.162756 0.010166 1.001152
v -0.169305 0.033456 1.017017
v -0.172096 0.022676 1.009767
v -0.165630 0.015200 1.006430
v -0.153222 0.066572 1.018000
v -0.156523 0.056240 1.000951
v -0.162828 0.038508 1.005718
v -0.164637 0.031916 1.004058
v -0.164637 0.031916 1.004058
v -0.131163 0.089738 1.015512
v -0.143592 0.067588 1.000245
v -0.146092 0.064524 1.003862
v -0.110746 0.105865 1.018536
v -0.121833 0.097337 1.002468
v -0.107860 0.101501 1.006639
v -0.104340 0.109443 1.003955
v -0.130742 0.085161 1.005252
v -0.099230 0.114227 1.017372
v -0.067214 0.111086 1.018797
v -0.058432 0.121791 1.020551
v -0.060327 0.108667 1.016328
v -0.078156 -0.110370 1.001044
v -0.095167 -0.110141 0.996804
v -0.073678 -0.100327 0.998440
v -0.081598 -0.080714 1.023947
v -0.098258 -0.075468 1.019933
v -0.110928 -0.098537 0.991489
v -0.123909 -0.091918 0.996385
v -0.112850 -0.064475 1.021974
v -0.132817 -0.087938 0.995829
v -0.135813 -0.086078 0.992243
v -0.144626 -0.079864 1.005736
v -0.123333 -0.058416 1.019485
v -0.151482 -0.073751 0.997367
v -0.156800 -0.053506 0.998955
v -0.130817 -0.046696 1.020161
v -0.156053 -0.035279 0.996847
v -0.147900 -0.021961 1.015643
v -0.165874 -0.016941 1.004493
v -0.162700 0.007995 1.000805
v -0.162756 0.010166 1.001152
v -0.165630 0.015200 1.006430
v -0.172149 -0.027133 1.001992
v -0.165630 0.015200 1.006430
v -0.152665 0.023016 1.013156
v -0.164637 0.031916 1.004058
v -0.162828 0.038508 1.005718
v -0.152665 0.023016 1.013156
v -0.146645 0.040634 1.006775
v -0.156523 0.056240 1.000951
v -0.137311 0.059021 1.009461
v -0.146092 0.064524 1.003862
v -0.143592 0.067588 1.000245
v -0.130742 0.085161 1.005252
v -0.124594 0.079046 1.006055
v -0.121833 0.097337 1.002468
v -0.097424 0.095727 1.013911
v -0.107860 0.101501 1.006639
v -0.104340 0.109443 1.003955
v -0.067214 0.111086 1.018797
v -0.066878 0.102242 1.021137
v -0.172096 0.022676 1.009767
v -0.165630 0.015200 1.006430
v 0.040199 0.085687 1.100360
v 0.036369 0.084857 1.114683
v 0.042705 0.094728 1.098254
v 0.048523 0.075848 1.095126
v -0.013846 0.078350 1.215097
v -0.010307 0.095405 1.216668
v -0.021666 0.075819 1.220605
v -0.025527 0.091864 1.223022
v -0.028774 0.069254 1.221763
v -0.031218 0.074002 1.225258
v -0.027773 0.090171 1.224201
v -0.047115 0.083596 1.226406
v -0.055860 0.072396 1.228710
v -0.056797 0.081968 1.231784
v -0.077355 0.076286 1.231404
v -0.072883 0.065957 1.232364
v -0.087172 0.065835 1.234499
v -0.084903 0.052920 1.236577
v -0.094032 0.058372 1.244435
v -0.084903 0.052920 1.236577
v -0.094032 0.058372 1.244435
v -0.101718 0.022254 1.239414
v -0.101718 0.022254 1.239414
v -0.110073 0.016815 1.252216
v -0.099728 0.009308 1.246654
v -0.109343 0.005482 1.245799
v -0.094622 0.000330 1.234569
v -0.113958 -0.005654 1.252887
v -0.109233 -0.014717 1.245263
v -0.096057 -0.018730 1.238105
v -0.114514 -0.030038 1.247304
v -0.113031 -0.037864 1.247375
v -0.103838 -0.045325 1.247783
v -0.099352 -0.045729 1.257806
v -0.082041 -0.054215 1.232308
v -0.099352 -0.045729 1.257806
v -0.099986 -0.047570 1.232100
v -0.103838 -0.045325 1.247783
v -0.082041 -0.054215 1.232308
v -0.099986 -0.047570 1.232100
v -0.105535 -0.066967 1.238803
v -0.082041 -0.054215 1.232308
v -0.090516 -0.076391 1.221331
v -0.091792 -0.081071 1.243431
v -0.075499 -0.063267 1.240456
v -0.082041 -0.054215 1.232308
v -0.091792 -0.081071 1.243431
v -0.069081 -0.071820 1.230702
v -0.091792 -0.081071 1.243431
v -0.090516 -0.076391 1.221331
v -0.069081 -0.071820 1.230702
v -0.090516 -0.076391 1.221331
v -0.085530 -0.087647 1.237952
v -0.069081 -0.071820 1.230702
v -0.073338 -0.096886 1.246710
v -0.045292 -0.078371 1.226492
v -0.073338 -0.096886 1.246710
v -0.066463 -0.101619 1.239276
v -0.045292 -0.078371 1.226492
v -0.073338 -0.096886 1.246710
v -0.009531 -0.097773 1.234965
v -0.165630 0.015200 1.006430
v -0.164637 0.031916 1.004058
v -0.044280 0.102263 1.063550
v -0.034614 0.084659 1.070763
v -0.028281 0.112205 1.074376
v -0.012863 0.081197 1.080435
v -0.082041 -0.054215 1.232308
v -0.105535 -0.066967 1.238803
v -0.090516 -0.076391 1.221331
v -0.094032 0.058372 1.244435
v 0.012936 -0.105597 1.219804
v 0.116165 0.094169 1.331095
v 0.005223 -0.012252 1.449327
v 0.010279 -0.009771 1.460358
v 0.003658 -0.011843 1.450345
v 0.008613 -0.010221 1.461869
v 0.005774 -0.011676 1.434841
v 0.000000 -0.013173 1.434003
v 0.005737 -0.003621 1.463855
v 0.000000 -0.004133 1.449073
v 0.019754 -0.008625 1.473680
v 0.014490 -0.002737 1.474207
v 0.028725 0.007060 1.484037
v 0.036433 0.002937 1.484072
v 0.034193 0.024980 1.491801
v 0.041675 0.025935 1.491571
v 0.041487 0.026941 1.487239
v 0.036297 0.003594 1.480160
v 0.035690 0.048450 1.495765
v 0.029815 0.046083 1.496114
v 0.021740 0.064246 1.498850
v 0.036613 0.049652 1.491498
v 0.020636 0.065796 1.493990
v 0.017806 0.059906 1.498899
v 0.000000 0.067062 1.499260
v 0.000000 0.061611 1.498714
v 0.021906 -0.008134 1.471283
v 0.039088 0.003128 1.478927
v 0.043857 0.026990 1.486044
v 0.021734 0.067408 1.492840
v 0.037408 0.050165 1.490643
v 0.000000 0.068849 1.494500
v 0.024026 -0.010006 1.471148
v 0.011806 -0.013412 1.460153
v 0.006808 -0.015651 1.449193
v 0.042047 0.028965 1.468679
v 0.034703 0.007231 1.462587
v 0.022985 -0.007217 1.437337
v 0.022550 -0.007492 1.454693
v 0.035269 0.009814 1.444102
v 0.042571 0.030733 1.453949
v 0.036384 0.051031 1.470690
v 0.037410 0.052958 1.450908
v 0.021146 0.067101 1.471677
v 0.021749 0.071657 1.450803
v 0.000000 0.071100 1.471935
v 0.000000 0.070852 1.493571
v 0.000000 0.076399 1.450630
v 0.000000 -0.013173 1.434003
v -0.005737 -0.003621 1.463855
v -0.003658 -0.011843 1.450345
v -0.008612 -0.010221 1.461869
v -0.010278 -0.009771 1.460358
v -0.005223 -0.012252 1.449327
v -0.005123 -0.011845 1.434746
v 0.000000 -0.013173 1.434003
v -0.019754 -0.008625 1.473680
v -0.014490 -0.002737 1.474207
v -0.028724 0.007060 1.484037
v -0.036433 0.002937 1.484072
v -0.034193 0.024980 1.491801
v -0.041675 0.025935 1.491571
v -0.041487 0.026941 1.487239
v -0.036297 0.003594 1.480160
v -0.035690 0.048450 1.495765
v -0.029815 0.046083 1.496114
v -0.021740 0.064246 1.498850
v -0.036613 0.049652 1.491498
v -0.020636 0.065796 1.493990
v -0.017805 0.059906 1.498899
v 0.000000 0.067062 1.499260
v 0.000000 0.061611 1.498714
v -0.021906 -0.008134 1.471283
v -0.039088 0.003128 1.478927
v -0.043857 0.026990 1.486044
v -0.021734 0.067408 1.492840
v -0.037408 0.050165 1.490643
v 0.000000 0.068849 1.494500
v -0.024026 -0.010006 1.471148
v -0.011807 -0.013412 1.460153
v -0.006808 -0.015651 1.449193
v -0.042046 0.028965 1.468679
v -0.034703 0.007231 1.462587
v -0.022985 -0.007217 1.437337
v -0.022550 -0.007492 1.454693
v -0.035269 0.009814 1.444102
v -0.042571 0.030733 1.453949
v -0.036384 0.051031 1.470690
v -0.037410 0.052958 1.450908
v -0.021146 0.067101 1.471677
v -0.021749 0.071657 1.450803
v 0.000000 0.071100 1.471935
v 0.000000 0.070852 1.493571
v 0.000000 0.076399 1.450630
v 0.000000 -0.013173 1.434003
v 0.118263 0.056244 1.294366
v 0.112839 0.058548 1.306079
v 0.126426 0.081705 1.305155
v 0.115104 0.085966 1.311955
v 0.112346 0.026584 1.311885
v 0.120081 0.025178 1.298734
v 0.116165 0.094169 1.331095
v 0.139448 0.091470 1.329154
v 0.136129 0.080375 1.293745
v 0.124549 0.057493 1.279650
v 0.152213 0.084651 1.307347
v 0.170258 0.065941 1.326272
v 0.152789 0.077778 1.353889
v 0.115403 0.092865 1.357786
v 0.136188 0.083922 1.378278
v 0.116921 0.086208 1.386980
v 0.144770 0.062758 1.398475
v 0.125333 0.062072 1.416492
v 0.145823 0.030576 1.399053
v 0.125294 0.027878 1.417536
v 0.115246 0.005107 1.401875
v 0.139878 0.009919 1.384978
v 0.113118 -0.006344 1.377948
v 0.132097 -0.000499 1.367359
v 0.113913 -0.013485 1.355274
v 0.127165 -0.003414 1.351735
v 0.114274 0.001740 1.328124
v 0.105667 -0.014412 1.324235
v 0.160139 0.058500 1.362751
v 0.160000 0.035046 1.364512
v 0.155772 0.017872 1.357704
v 0.148127 0.005144 1.344586
v 0.129692 0.002677 1.318137
v 0.169556 0.033223 1.332733
v 0.158811 0.011323 1.322067
v 0.140984 0.006525 1.303148
v 0.120081 0.025178 1.298734
v 0.112346 0.026584 1.311885
v 0.114274 0.001740 1.328124
v 0.125990 0.026555 1.284946
v 0.180543 0.037719 1.301075
v 0.180290 0.065142 1.297395
v 0.163722 0.083340 1.283905
v 0.146304 0.080927 1.271372
v 0.171740 0.018524 1.292747
v 0.153513 0.011030 1.278507
v 0.136469 0.027808 1.263835
v 0.133026 0.058548 1.260618
v 0.136469 0.027808 1.263835
v 0.125990 0.026555 1.284946
v 0.192152 0.066465 1.267082
v 0.177063 0.082698 1.255744
v 0.192891 0.042484 1.269394
v 0.184253 0.021528 1.265057
v 0.166047 0.013123 1.251539
v 0.148348 0.031158 1.237265
v 0.148348 0.031158 1.237265
v 0.144494 0.060474 1.235039
v 0.160178 0.081059 1.243712
v 0.205443 0.069054 1.244224
v 0.187982 0.082178 1.231123
v 0.206009 0.044466 1.246198
v 0.196719 0.023874 1.240246
v 0.178491 0.013910 1.227686
v 0.159236 0.033906 1.210778
v 0.159236 0.033906 1.210778
v 0.155603 0.061969 1.208154
v 0.170479 0.084067 1.219397
v 0.188413 0.090184 1.231623
v 0.187982 0.082178 1.231123
v 0.208862 0.069904 1.244323
v 0.205443 0.069054 1.244224
v 0.211240 0.044846 1.247172
v 0.206009 0.044466 1.246198
v 0.201325 0.019822 1.241053
v 0.196719 0.023874 1.240246
v 0.178491 0.013910 1.227686
v 0.178924 0.008348 1.225848
v 0.156660 0.022618 1.209046
v 0.159236 0.033906 1.210778
v 0.170479 0.084067 1.219397
v 0.169340 0.090683 1.218451
v 0.151971 0.065573 1.205592
v 0.155603 0.061969 1.208154
v 0.159236 0.033906 1.210778
v 0.156660 0.022618 1.209046
v 0.178733 0.089350 1.197400
v 0.161930 0.064315 1.185781
v 0.200327 0.090060 1.209399
v 0.218338 0.072473 1.226990
v 0.222283 0.047305 1.231061
v 0.212735 0.019197 1.224653
v 0.188182 0.007604 1.208674
v 0.164364 0.028163 1.190199
v 0.172010 0.075429 1.161129
v 0.189947 0.097581 1.168776
v 0.218274 0.104082 1.183477
v 0.232093 0.085442 1.211151
v 0.209750 0.005615 1.194150
v 0.223237 0.017196 1.213305
v 0.187829 0.007425 1.184452
v 0.235807 0.048164 1.223063
v 0.228485 0.025558 1.195435
v 0.242488 0.050573 1.200435
v 0.212558 0.007795 1.185087
v 0.192714 -0.002109 1.167606
v 0.171516 0.020626 1.173780
v 0.185492 0.019054 1.152560
v 0.227316 0.099079 1.164441
v 0.198118 0.100822 1.151108
v 0.176759 0.083354 1.139603
v 0.171148 0.044224 1.161408
v 0.164364 0.028163 1.190199
v 0.182940 0.041010 1.143480
v 0.185942 0.072634 1.118808
v 0.206568 0.106906 1.136046
v 0.183291 0.036875 1.121933
v 0.185254 0.016940 1.137974
v 0.185492 0.019054 1.152560
v 0.171516 0.020626 1.173780
v 0.199921 0.040651 1.096146
v 0.208189 0.066399 1.093607
v 0.217524 0.099934 1.119274
v 0.238838 0.106894 1.148526
v 0.260266 0.082547 1.169664
v 0.251892 0.081127 1.187984
v 0.259828 0.046656 1.181888
v 0.245047 0.017184 1.179511
v 0.241869 0.028504 1.159775
v 0.258690 0.047084 1.159595
v 0.226402 0.019979 1.155357
v 0.223865 0.002312 1.169253
v 0.206490 0.016930 1.145103
v 0.198123 -0.001061 1.156877
v 0.185254 0.016940 1.137974
v 0.259530 0.071145 1.149110
v 0.191060 0.020952 1.131824
v 0.269396 0.043339 1.136752
v 0.271236 0.066624 1.124929
v 0.255555 0.084469 1.112437
v 0.246479 0.096295 1.133946
v 0.231215 0.083763 1.100306
v 0.255643 0.025324 1.134269
v 0.242190 0.017783 1.127386
v 0.220813 0.016267 1.116869
v 0.207051 0.023623 1.105411
v 0.207051 0.023623 1.105411
v 0.191060 0.020952 1.131824
v 0.122259 0.028718 1.445415
v 0.103149 0.027527 1.437659
v 0.119462 -0.002685 1.437799
v 0.102619 -0.001393 1.428618
v 0.120404 -0.026156 1.410668
v 0.105911 -0.025692 1.403827
v 0.122485 -0.034998 1.379001
v 0.112999 -0.037550 1.370626
v 0.125765 0.064553 1.443516
v 0.105464 0.066046 1.428629
v 0.125066 0.101670 1.419186
v 0.105977 0.096078 1.410713
v 0.123734 0.112951 1.379356
v 0.108843 0.110657 1.373026
v 0.122068 0.111303 1.350051
v 0.112594 0.115128 1.338230
v 0.142999 0.113999 1.379001
v 0.141480 0.116239 1.405310
v 0.137999 0.098000 1.405999
v 0.144000 0.095407 1.435596
v 0.131461 0.089765 1.440916
v 0.139097 0.080704 1.454253
v 0.136139 0.078376 1.441201
v 0.140033 0.063426 1.455991
v 0.135778 0.046816 1.453765
v 0.140825 0.029275 1.456767
v 0.136882 0.011658 1.446160
v 0.146738 0.001085 1.441548
v 0.136575 -0.007847 1.415889
v 0.152240 -0.027271 1.423203
v 0.137023 -0.029833 1.394599
v 0.146102 -0.034111 1.377178
v 0.121458 -0.028908 1.356170
v 0.091998 -0.037422 1.363352
v 0.084045 -0.022680 1.391289
v 0.080747 0.000945 1.418038
v 0.080450 0.030442 1.434285
v 0.084740 0.064581 1.426000
v 0.083233 0.086158 1.401903
v 0.084279 0.101586 1.367702
v 0.089005 0.106958 1.330955
v 0.114084 0.102315 1.323298
v 0.099170 0.088334 1.297147
v 0.137881 0.116297 1.340881
v 0.142999 0.113999 1.379001
v 0.141480 0.116239 1.405310
v 0.137999 0.098000 1.405999
v 0.116921 0.086208 1.386980
v 0.115403 0.092865 1.357786
v 0.122068 0.111303 1.350051
v 0.125333 0.062072 1.416492
v 0.140900 0.084447 1.435567
v 0.136139 0.078376 1.441201
v 0.134999 0.057179 1.435433
v 0.140033 0.063426 1.455991
v 0.125294 0.027878 1.417536
v 0.130247 0.026255 1.435000
v 0.135778 0.046816 1.453765
v 0.140825 0.029275 1.456767
v 0.136575 -0.007847 1.415889
v 0.115246 0.005107 1.401875
v 0.113118 -0.006344 1.377948
v 0.136785 -0.018177 1.405885
v 0.136882 0.011658 1.446160
v 0.152240 -0.027271 1.423203
v 0.146738 0.001085 1.441548
v 0.139097 0.080704 1.454253
v 0.144000 0.095407 1.435596
v 0.137023 -0.029833 1.394599
v 0.146102 -0.034111 1.377178
v 0.121458 -0.028908 1.356170
v 0.113913 -0.013485 1.355274
v 0.105667 -0.014412 1.324235
v 0.129023 -0.037711 1.350375
v 0.116165 0.094169 1.331095
v 0.137881 0.116297 1.340881
v 0.114084 0.102315 1.323298
v 0.099170 0.088334 1.297147
v 0.105667 -0.014412 1.324235
v 0.129023 -0.037711 1.350375
v 0.101458 -0.033330 1.339419
v -0.115104 0.085966 1.311955
v -0.112839 0.058548 1.306079
v -0.126426 0.081705 1.305155
v -0.118263 0.056244 1.294366
v -0.112346 0.026584 1.311885
v -0.118514 0.025178 1.297781
v -0.116165 0.094169 1.331095
v -0.139450 0.091470 1.329154
v -0.136128 0.080375 1.293745
v -0.124549 0.057493 1.279650
v -0.152213 0.084651 1.307347
v -0.170357 0.065941 1.326272
v -0.154155 0.077778 1.353889
v -0.115396 0.092865 1.357786
v -0.136188 0.083922 1.378278
v -0.116780 0.086208 1.386980
v -0.144814 0.062758 1.398475
v -0.125327 0.062072 1.416492
v -0.145798 0.030576 1.399053
v -0.125287 0.027878 1.417536
v -0.115240 0.005107 1.401875
v -0.139880 0.009919 1.384978
v -0.113112 -0.006344 1.377948
v -0.132097 -0.000499 1.367359
v -0.113913 -0.013485 1.355274
v -0.127165 -0.003414 1.351735
v -0.105376 -0.012752 1.326601
v -0.114274 0.001740 1.328124
v -0.160000 0.058500 1.362751
v -0.160000 0.035046 1.364512
v -0.154678 0.017872 1.357704
v -0.148127 0.005144 1.344586
v -0.129691 0.002677 1.318137
v -0.112346 0.026584 1.311885
v -0.118514 0.025178 1.297781
v -0.169311 0.033223 1.332733
v -0.158800 0.011323 1.322067
v -0.140984 0.006525 1.303148
v -0.125990 0.026555 1.284946
v -0.180548 0.037719 1.301075
v -0.180292 0.065142 1.297395
v -0.163722 0.083340 1.283905
v -0.146304 0.080927 1.271372
v -0.171740 0.018524 1.292747
v -0.153513 0.011030 1.278507
v -0.136469 0.027808 1.263835
v -0.133026 0.058548 1.260618
v -0.136469 0.027808 1.263835
v -0.125990 0.026555 1.284946
v -0.192154 0.066465 1.267082
v -0.177063 0.082698 1.255744
v -0.192891 0.042484 1.269394
v -0.184253 0.021528 1.265057
v -0.166049 0.013123 1.251539
v -0.147863 0.031022 1.238351
v -0.147863 0.031022 1.238351
v -0.144494 0.060474 1.235039
v -0.160177 0.081059 1.243712
v -0.203812 0.066630 1.244111
v -0.187982 0.079756 1.228526
v -0.204380 0.042044 1.246084
v -0.195088 0.021451 1.240132
v -0.176863 0.011488 1.227572
v -0.157607 0.031482 1.210664
v -0.157607 0.031482 1.210664
v -0.153974 0.059545 1.208042
v -0.170479 0.084067 1.219397
v -0.203812 0.066630 1.244111
v -0.187982 0.079756 1.228526
v -0.207233 0.067483 1.244210
v -0.188413 0.087760 1.229028
v -0.209611 0.042422 1.247059
v -0.204380 0.042044 1.246084
v -0.199696 0.017399 1.240940
v -0.195088 0.021451 1.240132
v -0.176863 0.011488 1.227572
v -0.177295 0.005927 1.225735
v -0.155031 0.020194 1.208932
v -0.157607 0.031482 1.210664
v -0.170479 0.084067 1.219397
v -0.169340 0.088260 1.215856
v -0.150342 0.063148 1.205478
v -0.153974 0.059545 1.208042
v -0.157607 0.031482 1.210664
v -0.155031 0.020194 1.208932
v -0.161930 0.064315 1.185781
v -0.178733 0.089350 1.197400
v -0.200327 0.090060 1.209399
v -0.218338 0.072473 1.226990
v -0.222283 0.047305 1.231061
v -0.212735 0.019197 1.224653
v -0.188182 0.007604 1.208674
v -0.164364 0.028163 1.190199
v -0.173547 0.075429 1.161129
v -0.189949 0.097581 1.168776
v -0.218274 0.104082 1.183477
v -0.232093 0.085442 1.211151
v -0.209750 0.005615 1.194150
v -0.223237 0.017196 1.213305
v -0.187829 0.007425 1.184452
v -0.235807 0.048164 1.223063
v -0.228485 0.025558 1.195435
v -0.242488 0.050573 1.200435
v -0.212558 0.007795 1.185087
v -0.192714 -0.002109 1.167606
v -0.171516 0.020626 1.173780
v -0.184434 0.019054 1.152560
v -0.227316 0.099079 1.164441
v -0.198118 0.100822 1.151108
v -0.175704 0.083354 1.139603
v -0.174891 0.044224 1.161408
v -0.164364 0.028163 1.190199
v -0.181883 0.041010 1.143480
v -0.185942 0.072634 1.118808
v -0.206568 0.106906 1.136046
v -0.182236 0.036875 1.121933
v -0.184199 0.016940 1.137974
v -0.184434 0.019054 1.152560
v -0.171516 0.020626 1.173780
v -0.238838 0.106894 1.148526
v -0.217524 0.099934 1.119274
v -0.246478 0.096295 1.133946
v -0.260266 0.082547 1.169664
v -0.251890 0.081127 1.187984
v -0.259828 0.046656 1.181888
v -0.245047 0.017184 1.179511
v -0.241869 0.028504 1.159775
v -0.258690 0.047084 1.159595
v -0.226402 0.019979 1.155357
v -0.223865 0.002312 1.169253
v -0.206490 0.016930 1.145103
v -0.198122 -0.001061 1.156877
v -0.184199 0.016940 1.137974
v -0.191062 0.020952 1.131824
v -0.255643 0.025324 1.134269
v -0.269396 0.043339 1.136752
v -0.259532 0.071145 1.149110
v -0.255555 0.084469 1.112437
v -0.271236 0.066624 1.124929
v -0.231215 0.083763 1.100306
v -0.208189 0.066399 1.093607
v -0.199921 0.040651 1.096146
v -0.207051 0.023623 1.105411
v -0.191062 0.020952 1.131824
v -0.242193 0.017783 1.127386
v -0.220813 0.016267 1.116869
v -0.207051 0.023623 1.105411
v -0.102619 -0.001393 1.428618
v -0.103126 0.027527 1.438495
v -0.119454 -0.002685 1.437799
v -0.122253 0.028718 1.445415
v -0.120397 -0.026156 1.410668
v -0.105913 -0.025692 1.403827
v -0.122251 -0.034998 1.379001
v -0.112999 -0.037587 1.372772
v -0.105533 0.062530 1.429853
v -0.125759 0.064553 1.443516
v -0.124977 0.101670 1.419186
v -0.105977 0.096078 1.410713
v -0.123725 0.112951 1.379356
v -0.108842 0.110657 1.373026
v -0.122061 0.111303 1.350051
v -0.112594 0.115128 1.338230
v -0.142999 0.113999 1.379001
v -0.145355 0.113847 1.404972
v -0.137999 0.098000 1.405999
v -0.143666 0.099490 1.427508
v -0.127997 0.092535 1.435398
v -0.140774 0.083094 1.450275
v -0.135334 0.076971 1.436678
v -0.127997 0.092535 1.435398
v -0.139919 0.063426 1.457133
v -0.137283 0.042829 1.453258
v -0.136574 0.116180 1.339264
v -0.114260 0.103442 1.322226
v -0.084279 0.101586 1.367702
v -0.083233 0.086158 1.401903
v -0.084740 0.064581 1.426000
v -0.080450 0.030442 1.434285
v -0.080747 0.000945 1.418038
v -0.084048 -0.022680 1.391289
v -0.091998 -0.037422 1.363352
v -0.119939 -0.032796 1.361517
v -0.126029 -0.040758 1.350375
v -0.103610 -0.034212 1.339419
v -0.105376 -0.012752 1.326601
v -0.146094 -0.034111 1.377178
v -0.137014 -0.029833 1.394599
v -0.152000 -0.027271 1.423203
v -0.143967 -0.012130 1.421193
v -0.150887 -0.001835 1.447221
v -0.136874 0.011658 1.446160
v -0.140823 0.029275 1.456767
v -0.117007 -0.029911 1.355270
v -0.145355 0.113847 1.404972
v -0.142999 0.113999 1.379001
v -0.140718 0.105347 1.393029
v -0.137999 0.098000 1.405999
v -0.116780 0.086208 1.386980
v -0.115396 0.092865 1.357786
v -0.122061 0.111303 1.350051
v -0.125327 0.062072 1.416492
v -0.139008 0.087620 1.428990
v -0.135334 0.076971 1.436678
v -0.140774 0.083094 1.450275
v -0.143666 0.099490 1.427508
v -0.134991 0.057179 1.435433
v -0.139919 0.063426 1.457133
v -0.137283 0.042829 1.453258
v -0.130238 0.026255 1.435000
v -0.140823 0.029275 1.456767
v -0.136874 0.011658 1.446160
v -0.125287 0.027878 1.417536
v -0.135158 -0.006300 1.413232
v -0.115240 0.005107 1.401875
v -0.132394 -0.016577 1.403060
v -0.113112 -0.006344 1.377948
v -0.152000 -0.027271 1.423203
v -0.143967 -0.012130 1.421193
v -0.150887 -0.001835 1.447221
v -0.137014 -0.029833 1.394599
v -0.146094 -0.034111 1.377178
v -0.117007 -0.029911 1.355270
v -0.113913 -0.013485 1.355274
v -0.105376 -0.012752 1.326601
v -0.126029 -0.040758 1.350375
v -0.119939 -0.032796 1.361517
v -0.117007 -0.029911 1.355270
v -0.126029 -0.040758 1.350375
v -0.116165 0.094169 1.331095
v -0.136574 0.116180 1.339264
v -0.114260 0.103442 1.322226
v -0.099170 0.088334 1.297147
v -0.089005 0.106958 1.330955
v -0.099170 0.088334 1.297147
v 0.019160 -0.014963 1.444512
v 0.007147 -0.016057 1.442589
v 0.019245 -0.023592 1.438877
v 0.007437 -0.022230 1.438294
v 0.032007 -0.022760 1.437617
v 0.031399 -0.013772 1.444381
v -0.000187 -0.021052 1.445737
v 0.004942 -0.025915 1.437990
v 0.005029 -0.012708 1.446111
v 0.004808 -0.008637 1.439205
v 0.007863 -0.010710 1.436639
v 0.019160 -0.014963 1.444512
v 0.000000 -0.011798 1.446604
v -0.005654 -0.012983 1.445663
v -0.005937 -0.009015 1.438666
v 0.000000 -0.007171 1.437688
v -0.007863 -0.012221 1.437698
v -0.007147 -0.017143 1.443348
v 0.032007 -0.022760 1.437617
v 0.035137 -0.011416 1.440601
v 0.035694 -0.019637 1.434316
v 0.019185 -0.010983 1.436127
v 0.019160 -0.014963 1.444512
v 0.028586 -0.010248 1.436944
v 0.031399 -0.013772 1.444381
v 0.035137 -0.011416 1.440601
v -0.019160 -0.014963 1.444512
v -0.019244 -0.023592 1.438877
v -0.007437 -0.022882 1.438753
v -0.032007 -0.022760 1.437617
v -0.031399 -0.013772 1.444381
v -0.019185 -0.010983 1.436127
v -0.007147 -0.017143 1.443348
v -0.028586 -0.010248 1.436944
v -0.031399 -0.013772 1.444381
v -0.035137 -0.011416 1.440601
v 0.035137 -0.011416 1.440601
v 0.035694 -0.019637 1.434316
v 0.028586 -0.010248 1.436944
v 0.030587 -0.017025 1.430456
v 0.030587 -0.017025 1.430456
v 0.018970 -0.016629 1.429828
v 0.019185 -0.010983 1.436127
v 0.006899 -0.016961 1.431725
v 0.007863 -0.010710 1.436639
v -0.000187 -0.009959 1.430532
v 0.004808 -0.008637 1.439205
v 0.000000 -0.007171 1.437688
v -0.005937 -0.009015 1.438666
v 0.006899 -0.016961 1.431725
v 0.003451 -0.019354 1.428940
v -0.000035 -0.019771 1.428420
v -0.003767 -0.020147 1.428540
v -0.005536 -0.025279 1.437708
v 0.000000 -0.027635 1.438906
v 0.004942 -0.025915 1.437990
v 0.004942 -0.025915 1.437990
v 0.007437 -0.022230 1.438294
v 0.006899 -0.016961 1.431725
v 0.018970 -0.016629 1.429828
v 0.019245 -0.023592 1.438877
v 0.030587 -0.017025 1.430456
v 0.032007 -0.022760 1.437617
v 0.035694 -0.019637 1.434316
v -0.005885 -0.017213 1.431901
v -0.005536 -0.025279 1.437708
v -0.007437 -0.022882 1.438753
v -0.007147 -0.017143 1.443348
v -0.007437 -0.022882 1.438753
v -0.018970 -0.016629 1.429828
v -0.019244 -0.023592 1.438877
v -0.018970 -0.016629 1.429828
v -0.030589 -0.017025 1.430456
v -0.032007 -0.022760 1.437617
v -0.035694 -0.019637 1.434316
v -0.028586 -0.010248 1.436944
v -0.035137 -0.011416 1.440601
v -0.018970 -0.016629 1.429828
v -0.019185 -0.010983 1.436127
v -0.018970 -0.016629 1.429828
v -0.007863 -0.012221 1.437698
v -0.005885 -0.017213 1.431901
v -0.005885 -0.017213 1.431901
v -0.031399 -0.013772 1.444381
v -0.035137 -0.011416 1.440601
v -0.032007 -0.022760 1.437617
v -0.035694 -0.019637 1.434316
v -0.007437 -0.022882 1.438753
v -0.005536 -0.025279 1.437708
v 0.095895 -0.061828 1.116202
v 0.093549 -0.050587 1.130049
v 0.058907 -0.081236 1.145280
v 0.058170 -0.072778 1.158623
v 0.110058 -0.040360 1.120112
v 0.114842 -0.048829 1.104718
v 0.122165 -0.026146 1.113729
v 0.128271 -0.031039 1.097376
v 0.127409 -0.007207 1.110399
v 0.133736 -0.008299 1.093605
v 0.131033 0.015419 1.094137
v 0.125523 0.012741 1.111012
v 0.118867 0.040358 1.100230
v 0.115507 0.033060 1.116927
v 0.098200 0.058711 1.110186
v 0.098186 0.048043 1.125610
v 0.045337 0.073916 1.144149
v 0.050011 0.061393 1.155642
v 0.052736 -0.067673 1.153922
v 0.058170 -0.072778 1.158623
v 0.086565 -0.046954 1.126050
v 0.093549 -0.050587 1.130049
v 0.102131 -0.037697 1.116677
v 0.110058 -0.040360 1.120112
v 0.113719 -0.024649 1.110705
v 0.122165 -0.026146 1.113729
v 0.118723 -0.007938 1.107734
v 0.127409 -0.007207 1.110399
v 0.117356 0.009740 1.108328
v 0.125523 0.012741 1.111012
v 0.108161 0.028648 1.114074
v 0.115507 0.033060 1.116927
v 0.098186 0.048043 1.125610
v 0.092015 0.042651 1.122245
v 0.050011 0.061393 1.155642
v 0.044491 0.055740 1.151730
v 0.088910 -0.058193 1.112203
v 0.053471 -0.076133 1.140580
v 0.086565 -0.046954 1.126050
v 0.052736 -0.067673 1.153922
v 0.102131 -0.037697 1.116677
v 0.106918 -0.046173 1.101280
v 0.113719 -0.024649 1.110705
v 0.119825 -0.029544 1.094352
v 0.118723 -0.007938 1.107734
v 0.125057 -0.009036 1.090933
v 0.122866 0.012417 1.091451
v 0.117356 0.009740 1.108328
v 0.111517 0.035950 1.097378
v 0.108161 0.028648 1.114074
v 0.092027 0.053318 1.106819
v 0.092015 0.042651 1.122245
v 0.039817 0.068267 1.140237
v 0.044491 0.055740 1.151730
v 0.095895 -0.061828 1.116202
v 0.058907 -0.081236 1.145280
v 0.088910 -0.058193 1.112203
v 0.053471 -0.076133 1.140580
v 0.106918 -0.046173 1.101280
v 0.114842 -0.048829 1.104718
v 0.119825 -0.029544 1.094352
v 0.128271 -0.031039 1.097376
v 0.125057 -0.009036 1.090933
v 0.133736 -0.008299 1.093605
v 0.122866 0.012417 1.091451
v 0.131033 0.015419 1.094137
v 0.111517 0.035950 1.097378
v 0.118867 0.040358 1.100230
v 0.098200 0.058711 1.110186
v 0.092027 0.053318 1.106819
v 0.045337 0.073916 1.144149
v 0.039817 0.068267 1.140237
v 0.081854 -0.073627 1.123754
v 0.079750 -0.075202 1.124411
v 0.081100 -0.075687 1.119974
v 0.081232 -0.071988 1.129607
v 0.085658 -0.069221 1.126741
v 0.086135 -0.066723 1.132347
v 0.089348 -0.065293 1.128713
v 0.090258 -0.062179 1.134960
v 0.091408 -0.061591 1.133868
v 0.091802 -0.059746 1.137906
v 0.080832 -0.070962 1.122776
v 0.079694 -0.074003 1.117257
v 0.077184 -0.073722 1.123847
v 0.079694 -0.074003 1.117257
v 0.090306 -0.059145 1.132489
v 0.090337 -0.056818 1.138674
v 0.087772 -0.060481 1.134795
v 0.090337 -0.056818 1.138674
v 0.083708 -0.064929 1.132295
v 0.088187 -0.062941 1.127223
v 0.084601 -0.066688 1.125494
v 0.078699 -0.070377 1.129312
v -0.008290 -0.059687 1.394113
v -0.018348 -0.053391 1.397009
v -0.014637 -0.063631 1.387455
v -0.022981 -0.056697 1.392088
v 0.001538 -0.065284 1.389280
v -0.005472 -0.070654 1.381815
v -0.001220 -0.068410 1.377587
v -0.026242 -0.054415 1.402040
v -0.027224 -0.058063 1.392259
v -0.017027 -0.050980 1.401541
v -0.016181 -0.045253 1.395992
v -0.015789 -0.047540 1.392141
v -0.008290 -0.059687 1.394113
v -0.020085 -0.047771 1.404134
v -0.025250 -0.045306 1.405364
v -0.024536 -0.039592 1.399743
v -0.019178 -0.041010 1.396757
v -0.028204 -0.040654 1.399156
v -0.029497 -0.046840 1.403246
v 0.004950 -0.064117 1.384722
v -0.001220 -0.068410 1.377587
v -0.007652 -0.053622 1.387112
v -0.008290 -0.059687 1.394113
v -0.000010 -0.058395 1.384207
v 0.001538 -0.065284 1.389280
v 0.004950 -0.064117 1.384722
v -0.036803 -0.039167 1.409423
v -0.043562 -0.043659 1.403070
v -0.034358 -0.049396 1.398349
v -0.052817 -0.035733 1.407156
v -0.045191 -0.031654 1.414374
v -0.036202 -0.033076 1.402443
v -0.029497 -0.046840 1.403246
v -0.042550 -0.027779 1.407049
v -0.045191 -0.031654 1.414374
v -0.047338 -0.026487 1.412800
v 0.004950 -0.064117 1.384722
v -0.001220 -0.068410 1.377587
v -0.000010 -0.058395 1.384207
v -0.004244 -0.062285 1.376526
v -0.004244 -0.062285 1.376526
v -0.012781 -0.055532 1.380661
v -0.007652 -0.053622 1.387112
v -0.021544 -0.050007 1.387147
v -0.015789 -0.047540 1.392141
v -0.022678 -0.040440 1.389947
v -0.016181 -0.045253 1.395992
v -0.019178 -0.041010 1.396757
v -0.024536 -0.039592 1.399743
v -0.021544 -0.050007 1.387147
v -0.026241 -0.048979 1.385648
v -0.029214 -0.047241 1.386509
v -0.032201 -0.045573 1.388054
v -0.034687 -0.051863 1.396285
v -0.031778 -0.057059 1.394804
v -0.027224 -0.058063 1.392259
v -0.027224 -0.058063 1.392259
v -0.022981 -0.056697 1.392088
v -0.021544 -0.050007 1.387147
v -0.014637 -0.063631 1.387455
v -0.012781 -0.055532 1.380661
v -0.004244 -0.062285 1.376526
v -0.005472 -0.070654 1.381815
v -0.001220 -0.068410 1.377587
v -0.031177 -0.043417 1.392377
v -0.034687 -0.051863 1.396285
v -0.034358 -0.049396 1.398349
v -0.029497 -0.046840 1.403246
v -0.034358 -0.049396 1.398349
v -0.041010 -0.035217 1.395818
v -0.043562 -0.043659 1.403070
v -0.041010 -0.035217 1.395818
v -0.049763 -0.029524 1.400966
v -0.052817 -0.035733 1.407156
v -0.054336 -0.030182 1.406109
v -0.042550 -0.027779 1.407049
v -0.047338 -0.026487 1.412800
v -0.041010 -0.035217 1.395818
v -0.036202 -0.033076 1.402443
v -0.041010 -0.035217 1.395818
v -0.028204 -0.040654 1.399156
v -0.031177 -0.043417 1.392377
v -0.031177 -0.043417 1.392377
v -0.045191 -0.031654 1.414374
v -0.047338 -0.026487 1.412800
v -0.052817 -0.035733 1.407156
v -0.054336 -0.030182 1.406109
v -0.034358 -0.049396 1.398349
v -0.034687 -0.051863 1.396285
v -0.046568 -0.073825 1.367401
v -0.052819 -0.065321 1.373553
v -0.055961 -0.078018 1.366781
v -0.059631 -0.068426 1.372789
v -0.051733 -0.086442 1.358047
v -0.041539 -0.081918 1.359623
v -0.056613 -0.063980 1.382067
v -0.063143 -0.068899 1.375502
v -0.049026 -0.062512 1.375962
v -0.051009 -0.058027 1.369618
v -0.052998 -0.060941 1.366827
v -0.046568 -0.073825 1.367401
v -0.049879 -0.058397 1.378914
v -0.053284 -0.054817 1.382050
v -0.055422 -0.050333 1.375718
v -0.052757 -0.053219 1.370803
v -0.058860 -0.050748 1.377436
v -0.058089 -0.055825 1.382940
v -0.051733 -0.086442 1.358047
v -0.041175 -0.082184 1.353829
v -0.050564 -0.086298 1.352316
v -0.049510 -0.069209 1.359902
v -0.046568 -0.073825 1.367401
v -0.045156 -0.075772 1.354650
v -0.041539 -0.081918 1.359623
v -0.041175 -0.082184 1.353829
v -0.060133 -0.045991 1.389978
v -0.069589 -0.050063 1.389459
v -0.065024 -0.058152 1.382137
v -0.074397 -0.039947 1.395762
v -0.063773 -0.036303 1.396625
v -0.063093 -0.041341 1.382509
v -0.058089 -0.055825 1.382940
v -0.065396 -0.034245 1.388336
v -0.063773 -0.036303 1.396625
v -0.066056 -0.031142 1.395234
v -0.041175 -0.082184 1.353829
v -0.050564 -0.086298 1.352316
v -0.045156 -0.075772 1.354650
v -0.053217 -0.079958 1.351570
v -0.053217 -0.079958 1.351570
v -0.057487 -0.071110 1.357817
v -0.049510 -0.069209 1.359902
v -0.060720 -0.063026 1.366397
v -0.052998 -0.060941 1.366827
v -0.059411 -0.053094 1.366967
v -0.051009 -0.058027 1.369618
v -0.052757 -0.053219 1.370803
v -0.055422 -0.050333 1.375718
v -0.060720 -0.063026 1.366397
v -0.065365 -0.061366 1.367409
v -0.067219 -0.058973 1.369261
v -0.068709 -0.056533 1.371695
v -0.066624 -0.060811 1.381224
v -0.065416 -0.066639 1.379738
v -0.063143 -0.068899 1.375502
v -0.063143 -0.068899 1.375502
v -0.059631 -0.068426 1.372789
v -0.060720 -0.063026 1.366397
v -0.057487 -0.071110 1.357817
v -0.055961 -0.078018 1.366781
v -0.053217 -0.079958 1.351570
v -0.051733 -0.086442 1.358047
v -0.050564 -0.086298 1.352316
v -0.065293 -0.053944 1.374154
v -0.066624 -0.060811 1.381224
v -0.065024 -0.058152 1.382137
v -0.058089 -0.055825 1.382940
v -0.065024 -0.058152 1.382137
v -0.070920 -0.043556 1.380172
v -0.069589 -0.050063 1.389459
v -0.070920 -0.043556 1.380172
v -0.074878 -0.035525 1.387614
v -0.074397 -0.039947 1.395762
v -0.075838 -0.034449 1.394375
v -0.065396 -0.034245 1.388336
v -0.066056 -0.031142 1.395234
v -0.070920 -0.043556 1.380172
v -0.063093 -0.041341 1.382509
v -0.070920 -0.043556 1.380172
v -0.058860 -0.050748 1.377436
v -0.065293 -0.053944 1.374154
v -0.065293 -0.053944 1.374154
v -0.063773 -0.036303 1.396625
v -0.066056 -0.031142 1.395234
v -0.074397 -0.039947 1.395762
v -0.075838 -0.034449 1.394375
v -0.065024 -0.058152 1.382137
v -0.066624 -0.060811 1.381224
v 0.082861 0.025723 0.166596
v 0.070753 0.025873 0.163691
v 0.082946 0.021639 0.157009
v 0.071048 0.023097 0.157675
v 0.095807 0.023027 0.156407
v 0.095196 0.026790 0.167149
v 0.063362 0.019969 0.163576
v 0.068534 0.020190 0.155706
v 0.095807 0.023027 0.156407
v 0.098962 0.030841 0.165275
v 0.099521 0.027453 0.155365
v 0.057852 0.026738 0.167358
v 0.063552 0.027207 0.168596
v 0.057569 0.033910 0.164222
v 0.063552 0.035987 0.164393
v 0.055627 0.031771 0.162000
v 0.056349 0.024548 0.163719
v 0.068397 0.033927 0.164787
v 0.068620 0.026722 0.167810
v 0.070753 0.025873 0.163691
v 0.071476 0.033615 0.161959
v 0.082886 0.033671 0.161736
v 0.082861 0.025723 0.166596
v 0.070753 0.025873 0.163691
v 0.092360 0.033832 0.162839
v 0.095196 0.026790 0.167149
v 0.098962 0.030841 0.165275
v 0.044243 0.025723 0.166596
v 0.044156 0.021639 0.157009
v 0.056056 0.022298 0.157694
v 0.031296 0.023027 0.156407
v 0.031908 0.026790 0.167149
v 0.044218 0.033671 0.161736
v 0.056349 0.024548 0.163719
v 0.034743 0.033832 0.162839
v 0.031908 0.026790 0.167149
v 0.028142 0.030841 0.165275
v 0.098962 0.030841 0.165275
v 0.099521 0.027453 0.155365
v 0.092360 0.033832 0.162839
v 0.094377 0.031760 0.153565
v 0.094377 0.031760 0.153565
v 0.082667 0.032437 0.153255
v 0.082886 0.033671 0.161736
v 0.070503 0.031115 0.155462
v 0.071476 0.033615 0.161959
v 0.070503 0.031115 0.155462
v 0.063362 0.034121 0.157933
v 0.068397 0.033927 0.164787
v 0.063552 0.035987 0.164393
v 0.057569 0.033910 0.164222
v 0.067031 0.030657 0.152324
v 0.071048 0.023097 0.157675
v 0.082946 0.021639 0.157009
v 0.082667 0.032437 0.153255
v 0.094377 0.031760 0.153565
v 0.095807 0.023027 0.156407
v 0.099521 0.027453 0.155365
v 0.068534 0.020190 0.155706
v 0.063516 0.030595 0.151754
v 0.059756 0.030215 0.151662
v 0.068534 0.020190 0.155706
v 0.063552 0.018251 0.155545
v 0.057972 0.020877 0.155805
v 0.059756 0.030215 0.151662
v 0.057972 0.020877 0.155805
v 0.057619 0.030808 0.155468
v 0.056056 0.022298 0.157694
v 0.056056 0.022298 0.157694
v 0.044435 0.032437 0.153255
v 0.044156 0.021639 0.157009
v 0.044435 0.032437 0.153255
v 0.032728 0.031760 0.153565
v 0.031296 0.023027 0.156407
v 0.027581 0.027453 0.155365
v 0.034743 0.033832 0.162839
v 0.028142 0.030841 0.165275
v 0.044435 0.032437 0.153255
v 0.044218 0.033671 0.161736
v 0.044435 0.032437 0.153255
v 0.055627 0.031771 0.162000
v 0.057619 0.030808 0.155468
v 0.057619 0.030808 0.155468
v 0.059756 0.030215 0.151662
v 0.031908 0.026790 0.167149
v 0.028142 0.030841 0.165275
v 0.031296 0.023027 0.156407
v 0.027581 0.027453 0.155365
v 0.057972 0.020877 0.155805
v 0.068534 0.020190 0.155706
v 0.056056 0.022298 0.157694
v 0.056349 0.024548 0.163719
v -0.071063 0.023097 0.157675
v -0.070767 0.025873 0.163691
v -0.082983 0.021639 0.157009
v -0.082898 0.025723 0.166596
v -0.095869 0.023027 0.156407
v -0.095256 0.026790 0.167149
v -0.063362 0.019969 0.163576
v -0.068544 0.020190 0.155706
v -0.099027 0.030841 0.165275
v -0.095869 0.023027 0.156407
v -0.099591 0.027453 0.155365
v -0.057842 0.026738 0.167358
v -0.063552 0.027207 0.168596
v -0.057559 0.033910 0.164222
v -0.063552 0.035987 0.164393
v -0.055611 0.031771 0.162000
v -0.056337 0.024548 0.163719
v -0.068408 0.033927 0.164787
v -0.068631 0.026722 0.167810
v -0.070767 0.025873 0.163691
v -0.071492 0.033615 0.161959
v -0.082923 0.033671 0.161736
v -0.082898 0.025723 0.166596
v -0.070767 0.025873 0.163691
v -0.092415 0.033832 0.162839
v -0.095256 0.026790 0.167149
v -0.099027 0.030841 0.165275
v -0.056042 0.022298 0.157694
v -0.044121 0.021639 0.157009
v -0.044206 0.025723 0.166596
v -0.031234 0.023027 0.156407
v -0.031847 0.026790 0.167149
v -0.056337 0.024548 0.163719
v -0.044183 0.033671 0.161736
v -0.034689 0.033832 0.162839
v -0.031847 0.026790 0.167149
v -0.028076 0.030841 0.165275
v -0.094437 0.031760 0.153565
v -0.099591 0.027453 0.155365
v -0.092415 0.033832 0.162839
v -0.099027 0.030841 0.165275
v -0.082923 0.033671 0.161736
v -0.082703 0.032437 0.153255
v -0.094437 0.031760 0.153565
v -0.070518 0.031115 0.155462
v -0.071492 0.033615 0.161959
v -0.070518 0.031115 0.155462
v -0.063362 0.034121 0.157933
v -0.068408 0.033927 0.164787
v -0.063552 0.035987 0.164393
v -0.057559 0.033910 0.164222
v -0.067039 0.030657 0.152324
v -0.071063 0.023097 0.157675
v -0.082983 0.021639 0.157009
v -0.082703 0.032437 0.153255
v -0.094437 0.031760 0.153565
v -0.095869 0.023027 0.156407
v -0.099591 0.027453 0.155365
v -0.068544 0.020190 0.155706
v -0.063516 0.030595 0.151754
v -0.059749 0.030215 0.151662
v -0.068544 0.020190 0.155706
v -0.063552 0.018251 0.155545
v -0.057961 0.020877 0.155805
v -0.059749 0.030215 0.151662
v -0.057608 0.030808 0.155468
v -0.057961 0.020877 0.155805
v -0.056042 0.022298 0.157694
v -0.044400 0.032437 0.153255
v -0.056042 0.022298 0.157694
v -0.044121 0.021639 0.157009
v -0.044400 0.032437 0.153255
v -0.032669 0.031760 0.153565
v -0.031234 0.023027 0.156407
v -0.027514 0.027453 0.155365
v -0.034689 0.033832 0.162839
v -0.028076 0.030841 0.165275
v -0.044400 0.032437 0.153255
v -0.044183 0.033671 0.161736
v -0.044400 0.032437 0.153255
v -0.055611 0.031771 0.162000
v -0.057608 0.030808 0.155468
v -0.057608 0.030808 0.155468
v -0.059749 0.030215 0.151662
v -0.027514 0.027453 0.155365
v -0.028076 0.030841 0.165275
v -0.031234 0.023027 0.156407
v -0.031847 0.026790 0.167149
v -0.057961 0.020877 0.155805
v -0.068544 0.020190 0.155706
v -0.056042 0.022298 0.157694
v -0.056337 0.024548 0.163719
v 0.051752 -0.111196 1.174259
v 0.062844 -0.110339 1.164887
v 0.065133 -0.109501 1.182230
v 0.055325 -0.111058 1.156245
v 0.040145 -0.112507 1.173083
v 0.026290 -0.113923 1.169084
v 0.038337 -0.112335 1.145786
v 0.055511 -0.105593 1.152516
v 0.040455 -0.106821 1.143732
v 0.027453 -0.113238 1.129832
v 0.015966 -0.114573 1.155514
v 0.015687 -0.113898 1.140792
v 0.013790 -0.113599 1.133100
v 0.018576 -0.114196 1.126221
v 0.009556 -0.113962 1.129444
v 0.028254 -0.108704 1.128275
v 0.052631 -0.102253 1.137171
v 0.060545 -0.102344 1.150801
v 0.067425 -0.102742 1.165289
v 0.041773 -0.104420 1.131097
v 0.031470 -0.107635 1.129434
v 0.021747 -0.105160 1.116650
v 0.024612 -0.109319 1.126859
v 0.060545 -0.102344 1.150801
v 0.060545 -0.091453 1.154184
v 0.067425 -0.102742 1.165289
v 0.064540 -0.092738 1.167238
v 0.051366 -0.091536 1.137941
v 0.052631 -0.102253 1.137171
v 0.041016 -0.093309 1.130802
v 0.041773 -0.104420 1.131097
v 0.030987 -0.096181 1.128379
v 0.031470 -0.107635 1.129434
v 0.021747 -0.105160 1.116650
v 0.018755 -0.097810 1.117998
v 0.024612 -0.109319 1.126859
v 0.020448 -0.102690 1.125945
v 0.021747 -0.105160 1.116650
v 0.018755 -0.097810 1.117998
v 0.018576 -0.114196 1.126221
v 0.009556 -0.113962 1.129444
v 0.015310 -0.102806 1.125759
v 0.004983 -0.105692 1.129266
v 0.024612 -0.109319 1.126859
v 0.020448 -0.102690 1.125945
v 0.051752 -0.111196 1.174259
v 0.065133 -0.109501 1.182230
v 0.050476 -0.101588 1.177187
v 0.066327 -0.098921 1.184528
v 0.040145 -0.112507 1.173083
v 0.038349 -0.101446 1.176349
v 0.026290 -0.113923 1.169084
v 0.023229 -0.103116 1.171169
v 0.012769 -0.105358 1.156334
v 0.015966 -0.114573 1.155514
v 0.015687 -0.113898 1.140792
v 0.012106 -0.104716 1.137962
v 0.013790 -0.113599 1.133100
v 0.004983 -0.105692 1.129266
v 0.009556 -0.113962 1.129444
v 0.066327 -0.098921 1.184528
v 0.065133 -0.109501 1.182230
v 0.063957 -0.099267 1.169383
v 0.062844 -0.110339 1.164887
v 0.063015 -0.098877 1.165772
v 0.055325 -0.111058 1.156245
v 0.067425 -0.102742 1.165289
v 0.063015 -0.098877 1.165772
v 0.055325 -0.111058 1.156245
v 0.064540 -0.092738 1.167238
v 0.062055 0.092574 1.166150
v 0.050641 0.091530 1.175110
v 0.063833 0.089308 1.183267
v 0.054788 0.094199 1.157417
v 0.039026 0.092457 1.173683
v 0.025252 0.093794 1.169393
v 0.038097 0.096206 1.146600
v 0.055374 0.089356 1.152946
v 0.040562 0.091156 1.143852
v 0.027693 0.098929 1.130532
v 0.015343 0.095947 1.155669
v 0.015567 0.097426 1.141005
v 0.013935 0.098169 1.133282
v 0.018898 0.099992 1.126754
v 0.009806 0.098867 1.129555
v 0.028778 0.094715 1.128368
v 0.053162 0.088173 1.137179
v 0.060622 0.086631 1.150976
v 0.067010 0.085223 1.165628
v 0.042406 0.090698 1.131064
v 0.032007 0.093638 1.129483
v 0.022837 0.092614 1.116105
v 0.025157 0.095361 1.126913
v 0.064586 0.074915 1.165991
v 0.061081 0.075375 1.152743
v 0.067010 0.085223 1.165628
v 0.060622 0.086631 1.150976
v 0.052429 0.077411 1.136337
v 0.053162 0.088173 1.137179
v 0.042233 0.079729 1.129132
v 0.042406 0.090698 1.131064
v 0.032152 0.082454 1.126762
v 0.032007 0.093638 1.129483
v 0.022837 0.092614 1.116105
v 0.020190 0.085014 1.116256
v 0.020190 0.085014 1.116256
v 0.021371 0.088751 1.124886
v 0.022837 0.092614 1.116105
v 0.025157 0.095361 1.126913
v 0.005675 0.090508 1.128003
v 0.009806 0.098867 1.129555
v 0.016245 0.088652 1.124520
v 0.018898 0.099992 1.126754
v 0.025157 0.095361 1.126913
v 0.021371 0.088751 1.124886
v 0.065499 0.078573 1.184051
v 0.063833 0.089308 1.183267
v 0.049772 0.081546 1.176561
v 0.050641 0.091530 1.175110
v 0.039026 0.092457 1.173683
v 0.037703 0.080964 1.175238
v 0.025252 0.093794 1.169393
v 0.022688 0.082667 1.169769
v 0.012603 0.086573 1.155018
v 0.015343 0.095947 1.155669
v 0.015567 0.097426 1.141005
v 0.012558 0.088600 1.136736
v 0.013935 0.098169 1.133282
v 0.005675 0.090508 1.128003
v 0.009806 0.098867 1.129555
v 0.062055 0.092574 1.166150
v 0.063833 0.089308 1.183267
v 0.063598 0.081026 1.169034
v 0.065499 0.078573 1.184051
v 0.062792 0.081124 1.165372
v 0.054788 0.094199 1.157417
v 0.062792 0.081124 1.165372
v 0.067010 0.085223 1.165628
v 0.054788 0.094199 1.157417
v 0.064586 0.074915 1.165991
v 0.315667 -0.010714 0.983099
v 0.328411 -0.024315 0.959800
v 0.330699 0.004081 0.979131
v 0.350540 -0.005776 0.957942
v 0.365194 -0.012985 0.937554
v 0.339051 -0.042621 0.928813
v 0.375941 -0.018400 0.919060
v 0.315568 -0.046401 0.934932
v 0.316208 -0.026955 0.959408
v 0.305273 -0.038733 0.937751
v 0.308202 -0.023857 0.958373
v 0.360749 0.017880 0.921638
v 0.341613 0.022159 0.952568
v 0.328273 0.023206 0.975351
v 0.315099 0.022742 0.950415
v 0.303268 0.029631 0.972571
v 0.290611 0.012507 0.974532
v 0.297351 0.002080 0.949063
v 0.319119 0.024845 0.929052
v 0.338048 0.029623 0.925532
v 0.303132 0.009998 0.936560
v 0.372394 -0.017527 0.916698
v 0.337183 -0.039567 0.926340
v 0.315574 -0.042965 0.932266
v 0.336861 0.026055 0.924778
v 0.319722 0.020537 0.928993
v 0.357772 0.015056 0.920189
v 0.372394 -0.017527 0.916698
v 0.375941 -0.018400 0.919060
v 0.305444 0.007122 0.935655
v 0.301373 0.000637 0.947312
v 0.306893 -0.035533 0.935326
v 0.315568 -0.046401 0.934932
v 0.299187 -0.025833 0.940741
v 0.301740 -0.014839 0.955438
v 0.305465 -0.011187 0.980926
v 0.295631 -0.001474 0.976720
v 0.297351 0.002080 0.949063
v 0.290611 0.012507 0.974532
v 0.302178 -0.023413 0.938709
v 0.301373 0.000637 0.947312
v 0.299187 -0.025833 0.940741
v 0.303132 0.009998 0.936560
v 0.337183 -0.039567 0.926340
v 0.326799 -0.021247 0.957172
v 0.361680 -0.012287 0.935090
v 0.347254 -0.005184 0.955153
v 0.372394 -0.017527 0.916698
v 0.315574 -0.042965 0.932266
v 0.317111 -0.023479 0.956957
v 0.339252 0.018687 0.951424
v 0.357772 0.015056 0.920189
v 0.336861 0.026055 0.924778
v 0.319722 0.020537 0.928993
v 0.316536 0.018735 0.951315
v 0.305444 0.007122 0.935655
v 0.301373 0.000637 0.947312
v 0.306893 -0.035533 0.935326
v 0.310574 -0.020675 0.956462
v 0.302178 -0.023413 0.938709
v 0.305838 -0.015157 0.954971
v 0.301373 0.000637 0.947312
v -0.350540 -0.005776 0.957942
v -0.328411 -0.024315 0.959800
v -0.330698 0.004081 0.979131
v -0.315669 -0.010714 0.983099
v -0.365194 -0.012985 0.937554
v -0.339051 -0.042621 0.928813
v -0.375941 -0.018400 0.919060
v -0.315568 -0.046401 0.934932
v -0.316208 -0.026955 0.959408
v -0.305272 -0.038733 0.937751
v -0.308202 -0.023857 0.958373
v -0.360749 0.017880 0.921638
v -0.341613 0.022159 0.952568
v -0.328273 0.023206 0.975351
v -0.315101 0.022742 0.950415
v -0.303268 0.029631 0.972571
v -0.290611 0.012507 0.974532
v -0.297351 0.002080 0.949063
v -0.319119 0.024845 0.929052
v -0.338048 0.029623 0.925532
v -0.303132 0.009998 0.936560
v -0.372394 -0.017527 0.916698
v -0.336861 0.026055 0.924778
v -0.319722 0.020537 0.928993
v -0.357772 0.015056 0.920189
v -0.372394 -0.017527 0.916698
v -0.375941 -0.018400 0.919060
v -0.305444 0.007122 0.935655
v -0.301373 0.000637 0.947312
v -0.303132 0.009998 0.936560
v -0.337183 -0.039567 0.926340
v -0.315574 -0.042965 0.932266
v -0.315568 -0.046401 0.934932
v -0.306893 -0.035533 0.935326
v -0.299186 -0.025833 0.940741
v -0.301740 -0.014839 0.955438
v -0.305464 -0.011187 0.980926
v -0.295631 -0.001474 0.976720
v -0.297351 0.002080 0.949063
v -0.290611 0.012507 0.974532
v -0.302178 -0.023413 0.938709
v -0.301373 0.000637 0.947312
v -0.299186 -0.025833 0.940741
v -0.347253 -0.005184 0.955153
v -0.326799 -0.021247 0.957172
v -0.361680 -0.012287 0.935090
v -0.337183 -0.039567 0.926340
v -0.372394 -0.017527 0.916698
v -0.315574 -0.042965 0.932266
v -0.317111 -0.023479 0.956957
v -0.339252 0.018687 0.951424
v -0.357772 0.015056 0.920189
v -0.336861 0.026055 0.924778
v -0.319722 0.020537 0.928993
v -0.316536 0.018735 0.951315
v -0.305444 0.007122 0.935655
v -0.301373 0.000637 0.947312
v -0.306893 -0.035533 0.935326
v -0.310574 -0.020675 0.956462
v -0.302178 -0.023413 0.938709
v -0.305838 -0.015157 0.954971
v -0.301373 0.000637 0.947312
v -0.067214 0.111086 1.018797
v -0.060327 0.108667 1.016328
v -0.066878 0.102242 1.021137
v 0.023458 0.123019 1.050026
v 0.035587 0.094864 1.041396
v 0.004199 0.102696 1.056566
v 0.025372 0.082964 1.055897
v 0.028710 0.133131 1.030768
v 0.041848 0.105056 1.018587
v 0.025826 0.133236 0.996632
v 0.048541 0.118713 0.990075
v 0.053041 0.127825 0.947308
v 0.023444 0.128094 0.945016
v 0.028865 0.129923 0.895731
v 0.063777 0.130587 0.895913
v 0.040680 0.129066 0.838884
v 0.068738 0.134337 0.845143
v 0.059299 0.126735 0.777472
v 0.089474 0.131335 0.789204
v -0.152000 -0.024148 0.987312
v -0.164631 0.008146 0.987144
v -0.157998 -0.025894 0.945863
v -0.170376 0.009979 0.947471
v -0.172672 0.011878 0.901024
v -0.161338 -0.026691 0.897298
v -0.170326 -0.000881 0.869535
v -0.163024 -0.023757 0.853719
v -0.133957 -0.061108 0.893243
v -0.133903 -0.065941 0.845616
v -0.090916 -0.090390 0.889160
v -0.092525 -0.085167 0.940770
v -0.131516 -0.058845 0.943406
v -0.093311 -0.079111 0.986002
v -0.129145 -0.058922 0.986657
v -0.070906 -0.090240 0.987808
v -0.057873 -0.097149 0.941348
v -0.041819 -0.101720 0.887149
v -0.089554 -0.094202 0.841481
v -0.037048 -0.101699 0.840593
v -0.095128 -0.075192 1.006670
v -0.123333 -0.058416 1.019485
v -0.130817 -0.046696 1.020161
v -0.073629 -0.088794 0.997518
v -0.081598 -0.080714 1.023947
v -0.098258 -0.075468 1.019933
v -0.112850 -0.064475 1.021974
v -0.147900 -0.021961 1.015643
v -0.161069 0.007995 1.000805
v -0.028225 -0.101493 0.843382
v -0.159626 -0.020948 0.849239
v -0.128860 -0.060505 0.842852
v -0.163024 -0.023757 0.853719
v -0.133903 -0.065941 0.845616
v -0.089554 -0.094202 0.841481
v -0.084232 -0.086850 0.838416
v -0.037048 -0.101699 0.840593
v -0.035711 -0.098138 0.837141
v -0.028225 -0.101493 0.843382
v 0.006449 -0.100684 0.854347
v -0.166769 0.002357 0.865821
v -0.170326 -0.000881 0.869535
v -0.169761 0.011511 0.892419
v -0.172672 0.011878 0.901024
v 0.006449 -0.100684 0.854347
v -0.035711 -0.098138 0.837141
v 0.006422 -0.097137 0.854113
v -0.054601 0.119134 0.990003
v -0.054739 0.125852 0.945644
v -0.101200 0.106060 0.989964
v -0.107288 0.115924 0.947048
v -0.135813 0.080074 0.990384
v -0.144180 0.085518 0.947712
v -0.155086 0.040319 0.988723
v -0.166022 0.043783 0.947995
v -0.164631 0.008146 0.987144
v -0.170376 0.009979 0.947471
v -0.057181 0.128391 0.895688
v -0.110523 0.114592 0.897441
v -0.172672 0.011878 0.901024
v -0.170355 0.044662 0.900617
v -0.059215 0.125765 0.853143
v -0.113314 0.109780 0.852111
v 0.000000 0.127703 0.852097
v 0.000000 0.128434 0.895355
v -0.149395 0.086779 0.899396
v -0.150363 0.084019 0.851504
v -0.164345 0.054690 0.855786
v -0.171493 0.030159 0.871321
v -0.154928 0.025306 1.009779
v -0.161069 0.007995 1.000805
v 0.000000 0.127421 0.945735
v 0.000000 0.121215 0.991352
v -0.053546 0.105924 1.043023
v -0.097424 0.095727 1.013911
v -0.124594 0.079046 1.006055
v -0.139574 0.061310 1.006081
v -0.148908 0.042923 1.003396
v 0.000000 0.113440 1.044208
v 0.054601 0.115820 0.990003
v 0.054739 0.125852 0.945644
v 0.057181 0.128391 0.895688
v 0.059215 0.128762 0.853143
v 0.026664 0.088200 1.035470
v 0.000000 0.127703 0.852097
v 0.000000 0.122226 0.849285
v -0.059215 0.125765 0.853143
v -0.060616 0.119650 0.848473
v -0.113314 0.109780 0.852111
v -0.110919 0.105035 0.847404
v -0.146116 0.079960 0.847495
v -0.150363 0.084019 0.851504
v -0.164345 0.054690 0.855786
v -0.160760 0.051097 0.851186
v -0.171493 0.030159 0.871321
v -0.168012 0.025857 0.866426
v -0.169761 0.011511 0.892419
v -0.172672 0.011878 0.901024
v 0.000000 0.127703 0.852097
v 0.059215 0.128762 0.853143
v 0.000000 0.122226 0.849285
v 0.060616 0.122648 0.848473
v 0.060616 0.122648 0.848473
v 0.054875 0.122408 0.895680
v 0.000000 0.122226 0.849285
v 0.000000 0.124976 0.894272
v 0.052869 0.120723 0.945652
v 0.000000 0.120678 0.946102
v 0.000000 0.117189 0.988704
v 0.054107 0.113638 0.990761
v -0.114274 0.001740 1.328124
v -0.112346 0.026584 1.311885
v 0.080084 -0.070819 0.769976
v 0.031805 -0.049031 0.768194
v 0.076849 -0.061934 0.705800
v 0.035665 -0.042635 0.705381
v 0.014257 0.001234 0.767678
v 0.017490 0.000968 0.705065
v 0.073885 -0.051196 0.643519
v 0.039675 -0.035418 0.643911
v 0.109652 -0.036322 0.643851
v 0.116487 -0.045981 0.705885
v 0.136473 -0.002764 0.706822
v 0.126655 0.001835 0.645598
v 0.020828 0.005834 0.645328
v 0.122992 -0.052319 0.770701
v 0.042282 -0.024926 0.584339
v 0.025443 0.013163 0.587648
v 0.072361 -0.037550 0.584839
v 0.102523 -0.024028 0.585673
v 0.116074 0.008214 0.588303
v 0.106159 0.010832 0.552268
v 0.094284 -0.016992 0.548795
v 0.125544 0.037595 0.646808
v 0.118058 0.038774 0.591519
v 0.097593 0.066680 0.595076
v 0.100118 0.071758 0.646878
v 0.107010 0.075528 0.707208
v 0.065751 0.079651 0.706375
v 0.065151 0.073711 0.647307
v 0.030064 0.054245 0.705779
v 0.029588 0.055788 0.769695
v 0.067780 0.083061 0.770261
v 0.033535 0.049513 0.646936
v 0.017490 0.000968 0.705065
v 0.020828 0.005834 0.645328
v 0.134913 0.037701 0.708535
v 0.066628 0.070786 0.595770
v 0.037658 0.049532 0.592640
v 0.025443 0.013163 0.587648
v 0.094236 0.066110 0.546477
v 0.110230 0.045435 0.543229
v 0.066624 0.071641 0.546617
v 0.095093 0.078705 0.504126
v 0.068965 0.079820 0.502784
v 0.043830 0.053133 0.542629
v 0.108758 0.057416 0.498746
v 0.106083 0.019145 0.524552
v 0.108248 0.032957 0.489964
v 0.094048 0.003412 0.482292
v 0.094674 -0.008346 0.514808
v 0.073969 -0.010491 0.477338
v 0.071389 -0.022366 0.512415
v 0.048193 0.063805 0.497097
v 0.028359 0.022354 0.523053
v 0.030884 0.033611 0.489246
v 0.032228 0.042146 0.471064
v 0.044437 0.082919 0.477406
v 0.098351 0.012523 0.465371
v 0.108570 0.043087 0.470599
v 0.109094 0.072638 0.474926
v 0.092705 0.094467 0.477600
v 0.067811 0.099022 0.479631
v 0.071930 -0.029390 0.548399
v 0.043368 -0.015921 0.548019
v 0.045622 -0.006728 0.514756
v 0.026207 0.016953 0.549547
v 0.028359 0.022354 0.523053
v 0.047915 0.003705 0.481066
v 0.030884 0.033611 0.489246
v 0.045360 0.013922 0.465401
v 0.032228 0.042146 0.471064
v 0.076094 -0.004149 0.461924
v 0.010834 -0.002165 0.880458
v 0.020411 0.037207 0.881804
v 0.011616 0.002438 0.835498
v 0.028861 0.054303 0.840028
v 0.073685 0.081498 0.838797
v 0.113351 0.077710 0.773168
v 0.144502 0.039103 0.777198
v 0.145652 -0.006538 0.772383
v 0.120286 0.077529 0.839656
v 0.155118 0.041068 0.842041
v 0.129754 -0.054217 0.839445
v 0.083066 -0.074292 0.838494
v 0.029354 -0.051089 0.835637
v 0.011616 0.002438 0.835498
v 0.010834 -0.002165 0.880458
v 0.028875 -0.052165 0.882368
v 0.156736 -0.009374 0.841384
v 0.089164 -0.072970 0.894011
v 0.134116 -0.054596 0.900277
v 0.130346 0.088258 0.886331
v 0.078233 0.092552 0.874512
v 0.162249 -0.011687 0.901765
v 0.163029 0.041146 0.898155
v 0.044018 0.076812 0.873804
v 0.002072 -0.001808 0.887484
v 0.030770 0.107769 0.922687
v 0.081616 0.113599 0.927047
v 0.130319 0.094617 0.941011
v 0.090731 -0.069244 0.937460
v 0.031241 -0.055678 0.914064
v 0.162587 0.041262 0.951447
v 0.161014 -0.012916 0.954581
v 0.131263 -0.053539 0.950025
v 0.031684 -0.079354 0.989776
v 0.081883 -0.067663 0.992981
v 0.122136 -0.053639 0.997076
v 0.076137 0.105647 0.985393
v 0.025494 0.105934 0.984995
v 0.122115 0.088654 0.993405
v 0.149707 0.038694 1.000507
v 0.153611 -0.010402 1.000463
v 0.026664 0.088200 1.035470
v 0.069940 0.084405 1.039423
v 0.108983 0.071273 1.040558
v 0.132580 0.035323 1.040176
v 0.139324 -0.009719 1.040416
v 0.115292 -0.053913 1.039585
v 0.074267 -0.073889 1.037104
v 0.031817 -0.087981 1.035853
v 0.000000 -0.089401 1.035275
v 0.000000 0.100225 0.983077
v 0.000000 0.102638 0.923870
v 0.008026 0.045058 0.890937
v 0.002072 -0.001808 0.887484
v 0.000000 0.042125 0.894146
v 0.000000 0.102638 0.923870
v 0.102012 -0.051006 1.081325
v 0.121752 -0.011288 1.083350
v 0.114759 0.028561 1.081321
v 0.094092 0.048859 1.079954
v 0.058166 0.066370 1.077888
v 0.024325 0.069712 1.075377
v 0.000000 0.082165 1.035452
v 0.000000 0.072625 1.075153
v 0.067097 -0.069706 1.077729
v 0.029084 -0.083216 1.075782
v 0.000000 -0.084735 1.074872
v 0.000000 -0.081680 0.987255
v 0.000000 -0.052626 0.903819
v 0.000000 -0.001864 0.887339
v 0.026207 0.016953 0.549547
v 0.014257 0.001234 0.767678
v 0.000000 -0.001864 0.887339
v 0.000000 0.042125 0.894146
v 0.072287 0.097620 0.185546
v 0.074797 0.106683 0.202656
v 0.057962 0.099783 0.186270
v 0.054991 0.107905 0.202408
v 0.084729 0.089747 0.203779
v 0.084773 0.083912 0.183876
v 0.089414 0.064112 0.202241
v 0.085304 0.065369 0.182967
v 0.081057 0.037984 0.193851
v 0.075989 0.043252 0.178710
v 0.063660 0.031526 0.177267
v 0.063736 0.034470 0.177011
v 0.041184 0.088168 0.184379
v 0.036206 0.092161 0.204029
v 0.034241 0.060922 0.202074
v 0.037075 0.061112 0.182262
v 0.041303 0.039848 0.194555
v 0.043547 0.041896 0.179544
v 0.063660 0.031526 0.177267
v 0.063736 0.034470 0.177011
v 0.083697 0.035432 0.191396
v 0.091612 0.063891 0.200788
v 0.081057 0.037984 0.193851
v 0.089414 0.064112 0.202241
v 0.084729 0.089747 0.203779
v 0.086866 0.092322 0.202394
v 0.074797 0.106683 0.202656
v 0.076521 0.109798 0.200321
v 0.054054 0.111109 0.200115
v 0.054991 0.107905 0.202408
v 0.035618 0.095240 0.202340
v 0.036206 0.092161 0.204029
v 0.031121 0.061508 0.200984
v 0.034241 0.060922 0.202074
v 0.038461 0.038157 0.193835
v 0.041303 0.039848 0.194555
v 0.058294 0.028807 0.174402
v 0.063660 0.031526 0.177267
v 0.059743 0.030830 0.156992
v 0.063063 0.033910 0.154562
v 0.052117 0.028080 0.139219
v 0.084758 0.088966 0.176035
v 0.089162 0.063366 0.175438
v 0.082807 0.040861 0.176274
v 0.069093 0.029406 0.174788
v 0.063660 0.031526 0.177267
v 0.063063 0.033910 0.154562
v 0.067943 0.031303 0.154537
v 0.071416 0.037100 0.136674
v 0.074673 0.027428 0.137450
v 0.082217 0.038646 0.122868
v 0.082338 0.041056 0.151699
v 0.074673 0.027428 0.137450
v 0.087002 0.035818 0.124960
v 0.088012 0.062400 0.148550
v 0.092300 0.058046 0.119446
v 0.087987 0.059444 0.117653
v 0.082217 0.038646 0.122868
v 0.088540 0.090149 0.113508
v 0.093900 0.090268 0.115878
v 0.085654 0.090826 0.145827
v 0.077140 0.105781 0.148028
v 0.075763 0.103942 0.177426
v 0.054848 0.104373 0.177166
v 0.038981 0.088741 0.177851
v 0.034456 0.061190 0.179864
v 0.041722 0.039885 0.179005
v 0.052226 0.105267 0.148996
v 0.037951 0.089555 0.149808
v 0.034156 0.060282 0.150287
v 0.043505 0.037880 0.154370
v 0.041101 0.032362 0.128640
v 0.029128 0.056785 0.119187
v 0.044336 0.035360 0.126114
v 0.034332 0.058343 0.116689
v 0.031980 0.097116 0.121632
v 0.036648 0.090388 0.116972
v 0.043669 0.113456 0.126075
v 0.044941 0.111671 0.121890
v 0.063063 0.115535 0.127840
v 0.062933 0.114092 0.122648
v 0.084544 0.109982 0.124144
v 0.082541 0.107641 0.119410
v 0.054184 0.035186 0.136543
v 0.041101 0.032362 0.128640
v 0.052117 0.028080 0.139219
v 0.074673 0.027428 0.137450
v 0.082217 0.038646 0.122868
v 0.034790 0.047323 0.098624
v 0.043051 0.033485 0.107878
v 0.034332 0.058343 0.116689
v 0.044336 0.035360 0.126114
v 0.035329 0.079007 0.099538
v 0.035027 0.068449 0.083534
v 0.038198 0.077295 0.074050
v 0.037602 0.089277 0.088852
v 0.036648 0.090388 0.116972
v 0.040998 0.102894 0.096807
v 0.044941 0.111671 0.121890
v 0.047046 0.114974 0.102587
v 0.063313 0.121209 0.105122
v 0.062933 0.114092 0.122648
v 0.053403 0.027674 0.113682
v 0.054184 0.035186 0.136543
v 0.050218 0.116522 0.091872
v 0.064095 0.122951 0.095634
v 0.044555 0.107157 0.086234
v 0.039547 0.094138 0.080854
v 0.037957 0.080066 0.072076
v 0.032738 0.068053 0.082130
v 0.032251 0.043130 0.097306
v 0.041169 0.027692 0.107622
v 0.053754 0.024480 0.112840
v 0.054016 0.015791 0.092217
v 0.040509 0.022837 0.088286
v 0.034224 0.034228 0.081655
v 0.032911 0.053954 0.065947
v 0.035370 0.065947 0.060338
v 0.035711 0.081245 0.070208
v 0.070774 0.025443 0.112781
v 0.054904 0.032794 0.136830
v 0.070072 0.033165 0.138191
v 0.071248 0.031693 0.113537
v 0.071416 0.037100 0.136674
v 0.082217 0.038646 0.122868
v 0.082037 0.036008 0.107238
v 0.087987 0.059444 0.117653
v 0.089521 0.052696 0.094600
v 0.089612 0.064000 0.085231
v 0.088540 0.090149 0.113508
v 0.087946 0.095242 0.092201
v 0.082209 0.112416 0.101367
v 0.082541 0.107641 0.119410
v 0.063313 0.121209 0.105122
v 0.062933 0.114092 0.122648
v 0.088571 0.075369 0.074564
v 0.080325 0.114295 0.090330
v 0.064095 0.122951 0.095634
v 0.085322 0.098297 0.081346
v 0.086332 0.080887 0.066354
v 0.089672 0.050240 0.092735
v 0.082291 0.034038 0.105622
v 0.091939 0.063533 0.083724
v 0.090838 0.074153 0.072559
v 0.088464 0.080657 0.064967
v 0.082099 0.029055 0.086921
v 0.070755 0.017911 0.091001
v 0.090012 0.043463 0.077064
v 0.090660 0.056480 0.064824
v 0.089299 0.066808 0.052937
v 0.090588 0.055317 0.061430
v 0.087310 0.063465 0.052299
v 0.089408 0.043496 0.072941
v 0.081139 0.029208 0.082609
v 0.071273 0.021926 0.086164
v 0.072190 0.009195 0.067214
v 0.053785 0.005681 0.068920
v 0.053104 0.018834 0.088658
v 0.041875 0.023681 0.086164
v 0.035804 0.033743 0.078568
v 0.034980 0.052313 0.064260
v 0.035628 0.064112 0.059475
v 0.052918 0.010846 0.068230
v 0.081032 0.018635 0.064888
v 0.071449 0.012221 0.067053
v 0.072190 0.009195 0.067214
v 0.081059 0.016307 0.064761
v 0.090083 0.029949 0.058521
v 0.092153 0.043275 0.047941
v 0.089424 0.051068 0.039701
v 0.091885 0.051615 0.038161
v 0.093524 0.042980 0.047210
v 0.090390 0.029831 0.057621
v 0.095925 0.030959 0.031922
v 0.093413 0.038112 0.021722
v 0.093107 0.018189 0.040775
v 0.081810 0.005501 0.047204
v 0.073144 -0.002465 0.050069
v 0.053884 -0.005510 0.050961
v 0.040379 0.011843 0.065229
v 0.041185 0.013584 0.066095
v 0.032882 0.020948 0.061801
v 0.032907 0.040166 0.051136
v 0.035257 0.049513 0.045341
v 0.037800 -0.002306 0.049594
v 0.031456 0.019267 0.060749
v 0.030706 0.038791 0.049976
v 0.034133 0.051095 0.043019
v 0.028910 0.005693 0.045736
v 0.026187 0.026608 0.033454
v 0.030322 0.035269 0.025942
v 0.029881 0.005986 0.042928
v 0.039446 -0.000675 0.047086
v 0.053407 -0.002873 0.046910
v 0.061731 -0.008796 0.038750
v 0.062958 -0.011790 0.041349
v 0.070677 0.001016 0.046863
v 0.061731 -0.008796 0.038750
v 0.028575 0.025062 0.032317
v 0.050397 -0.008738 0.040405
v 0.038087 -0.008916 0.040081
v 0.061731 -0.008796 0.038750
v 0.070241 -0.003041 0.038502
v 0.027862 -0.001841 0.034107
v 0.026299 0.014548 0.024032
v 0.025405 0.021734 0.016014
v 0.081201 0.007663 0.043179
v 0.090413 0.018357 0.036858
v 0.094600 0.028535 0.029909
v 0.092878 0.035529 0.022153
v 0.095343 0.020165 0.021173
v 0.093733 0.028076 0.012203
v 0.090820 0.011750 0.030042
v 0.086890 0.009771 0.031245
v 0.096584 0.007825 0.010885
v 0.094135 0.002834 0.018278
v 0.092151 -0.002645 0.024053
v 0.081236 0.004521 0.035898
v 0.074841 0.000664 0.036495
v 0.085847 -0.003235 0.023580
v 0.084069 -0.011446 0.027525
v 0.079973 -0.013177 0.028289
v 0.092527 -0.009011 0.012397
v 0.092075 -0.009343 0.017329
v 0.088915 -0.010392 0.019160
v 0.085726 -0.010807 0.020027
v 0.089292 -0.012227 0.014061
v 0.085673 -0.012272 0.014164
v 0.084443 -0.019686 0.017929
v 0.080033 -0.022201 0.018677
v 0.085171 -0.022188 0.014073
v 0.079993 -0.024878 0.014230
v 0.076053 -0.020427 0.018805
v 0.075970 -0.024259 0.014199
v 0.086238 -0.025993 0.012188
v 0.078854 -0.036875 0.011790
v 0.076713 -0.033568 0.014120
v 0.075243 -0.029763 0.019825
v 0.076053 -0.020427 0.018805
v 0.073014 -0.018285 0.033603
v 0.067958 -0.020308 0.034071
v 0.075710 -0.013115 0.027948
v 0.076053 -0.020427 0.018805
v 0.070829 -0.035930 0.020116
v 0.071164 -0.039796 0.014063
v 0.064875 -0.037181 0.014156
v 0.064783 -0.034047 0.019275
v 0.063387 -0.019335 0.029771
v 0.064783 -0.034047 0.019275
v 0.060935 -0.041012 0.019841
v 0.060948 -0.042216 0.014127
v 0.054580 -0.043609 0.019804
v 0.054471 -0.044768 0.014094
v 0.048733 -0.041355 0.014143
v 0.048906 -0.040036 0.020297
v 0.059785 -0.025543 0.033632
v 0.063387 -0.019335 0.029771
v 0.054950 -0.027701 0.034965
v 0.049673 -0.025344 0.032598
v 0.041392 -0.046180 0.014007
v 0.041332 -0.047164 0.025217
v 0.032971 -0.045306 0.023171
v 0.034532 -0.045512 0.014698
v 0.038139 -0.025531 0.034012
v 0.027063 -0.024280 0.028029
v 0.026253 -0.019075 0.014102
v 0.022992 0.000679 0.015867
v 0.022527 -0.021707 0.012681
v 0.033818 -0.048793 0.012642
v 0.034532 -0.045512 0.014698
v 0.052831 -0.055422 0.014366
v 0.070972 -0.047928 0.013095
v 0.085322 0.098297 0.081346
v 0.086332 0.080887 0.066354
v 0.087403 0.099091 0.080505
v 0.088464 0.080657 0.064967
v 0.080325 0.114295 0.090330
v 0.082725 0.116463 0.089655
v 0.064095 0.122951 0.095634
v 0.064535 0.127583 0.095786
v 0.049016 0.118917 0.090638
v 0.050218 0.116522 0.091872
v 0.042011 0.109426 0.085956
v 0.044555 0.107157 0.086234
v 0.038252 0.096078 0.079562
v 0.039547 0.094138 0.080854
v 0.035711 0.081245 0.070208
v 0.037957 0.080066 0.072076
v 0.063063 0.033910 0.154562
v 0.093413 0.038112 0.021722
v 0.092878 0.035529 0.022153
v 0.093733 0.028076 0.012203
v 0.093413 0.038112 0.021722
v 0.093733 0.028076 0.012203
v 0.095395 0.045471 0.014135
v 0.096862 0.033968 -0.000000
v 0.097116 0.008734 -0.000002
v 0.096584 0.007825 0.010885
v 0.093958 -0.008947 -0.000002
v 0.092527 -0.009011 0.012397
v 0.086238 -0.025993 0.012188
v 0.086857 -0.027238 -0.000002
v 0.078854 -0.036875 0.011790
v 0.071523 -0.048329 0.001471
v 0.070972 -0.047928 0.013095
v 0.052831 -0.055422 0.014366
v 0.052788 -0.055962 0.003218
v 0.033778 -0.049622 0.001471
v 0.033818 -0.048793 0.012642
v 0.020875 -0.021600 0.000000
v 0.022527 -0.021707 0.012681
v 0.022992 0.000679 0.015867
v 0.019895 0.004275 -0.000002
v 0.025405 0.021734 0.016014
v 0.025021 0.033359 -0.000002
v 0.031590 0.045866 0.015193
v 0.030322 0.035269 0.025942
v 0.036347 0.060350 0.032715
v 0.034133 0.051095 0.043019
v 0.035628 0.064112 0.059475
v 0.037313 0.074543 0.045511
v 0.035370 0.065947 0.060338
v 0.037210 0.089007 0.059446
v 0.035711 0.081245 0.070208
v 0.037627 0.101070 0.068354
v 0.038252 0.096078 0.079562
v 0.040612 0.113500 0.074768
v 0.042011 0.109426 0.085956
v 0.049506 0.124318 0.080163
v 0.049016 0.118917 0.090638
v 0.064545 0.130362 0.084459
v 0.064535 0.127583 0.095786
v 0.082725 0.116463 0.089655
v 0.082238 0.120806 0.078336
v 0.087403 0.099091 0.080505
v 0.085795 0.104683 0.068333
v 0.088464 0.080657 0.064967
v 0.086963 0.088363 0.057282
v 0.089449 0.073044 0.045079
v 0.089299 0.066808 0.052937
v 0.091885 0.051615 0.038161
v 0.092804 0.058546 0.031090
v 0.089299 0.066808 0.052937
v 0.087310 0.063465 0.052299
v 0.091885 0.051615 0.038161
v 0.089424 0.051068 0.039701
v 0.035257 0.049513 0.045341
v 0.035628 0.064112 0.059475
v 0.034133 0.051095 0.043019
v 0.019895 0.004275 -0.000002
v 0.025021 0.033359 -0.000002
v 0.097116 0.008734 -0.000002
v 0.096862 0.033968 -0.000000
v 0.093958 -0.008947 -0.000002
v 0.020875 -0.021600 0.000000
v 0.086857 -0.027238 -0.000002
v 0.071523 -0.048329 0.001471
v 0.052788 -0.055962 0.003218
v 0.033778 -0.049622 0.001471
v 0.095395 0.045471 0.014135
v 0.096862 0.033968 -0.000000
v 0.031590 0.045866 0.015193
v 0.025021 0.033359 -0.000002
v 0.036347 0.060350 0.032715
v 0.092804 0.058546 0.031090
v 0.089449 0.073044 0.045079
v 0.037313 0.074543 0.045511
v 0.062225 0.096879 0.062396
v 0.086963 0.088363 0.057282
v 0.080178 0.106669 0.069151
v 0.085795 0.104683 0.068333
v 0.082238 0.120806 0.078336
v 0.037210 0.089007 0.059446
v 0.051684 0.098314 0.064828
v 0.037627 0.101070 0.068354
v 0.044491 0.105905 0.069388
v 0.040612 0.113500 0.074768
v 0.043471 0.114961 0.073373
v 0.049506 0.124318 0.080163
v 0.052187 0.117354 0.051126
v 0.049506 0.124318 0.080163
v 0.063982 0.122870 0.052150
v 0.064545 0.130362 0.084459
v 0.082238 0.120806 0.078336
v 0.073703 0.117094 0.051832
v 0.080178 0.106669 0.069151
v 0.073817 0.106243 0.050593
v 0.062225 0.096879 0.062396
v 0.062138 0.098673 0.049425
v 0.043471 0.114961 0.073373
v 0.044491 0.105905 0.069388
v 0.051349 0.104658 0.049613
v 0.051684 0.098314 0.064828
v 0.062138 0.098673 0.049425
v 0.062225 0.096879 0.062396
v 0.055769 0.114910 0.023710
v 0.054440 0.105618 0.023764
v 0.063236 0.118312 0.023766
v 0.069975 0.114173 0.023788
v 0.070400 0.106768 0.023580
v 0.062020 0.100783 0.023778
v 0.062020 0.100783 0.023778
v 0.056050 0.112738 -0.000002
v 0.055069 0.104893 -0.000002
v 0.062256 0.116287 -0.000002
v 0.068812 0.112807 -0.000002
v 0.069469 0.105527 -0.000002
v 0.061960 0.100440 -0.000002
v 0.061960 0.100440 -0.000002
v 0.056050 0.112738 -0.000002
v 0.062245 0.108491 -0.000002
v 0.055069 0.104893 -0.000002
v 0.062256 0.116287 -0.000002
v 0.068812 0.112807 -0.000002
v 0.069469 0.105527 -0.000002
v 0.061960 0.100440 -0.000002
v -0.035665 -0.042635 0.705381
v -0.031805 -0.049031 0.768194
v -0.076849 -0.061934 0.705800
v -0.080084 -0.070819 0.769976
v -0.014257 0.001234 0.767678
v -0.017490 0.000968 0.705065
v -0.073885 -0.051196 0.643519
v -0.039674 -0.035418 0.643911
v -0.109652 -0.036322 0.643851
v -0.116487 -0.045981 0.705885
v -0.136473 -0.002764 0.706822
v -0.126655 0.001835 0.645598
v -0.020828 0.005834 0.645328
v -0.122992 -0.052319 0.770701
v -0.042282 -0.024926 0.584339
v -0.025443 0.013163 0.587648
v -0.072361 -0.037550 0.584839
v -0.102523 -0.024028 0.585673
v -0.116074 0.008214 0.588303
v -0.107364 0.010832 0.552268
v -0.095489 -0.016992 0.548795
v -0.125544 0.037595 0.646808
v -0.118058 0.038774 0.591519
v -0.097593 0.066680 0.595076
v -0.100118 0.071758 0.646878
v -0.107010 0.075528 0.707208
v -0.065751 0.079651 0.706375
v -0.065151 0.073711 0.647307
v -0.030064 0.054245 0.705779
v -0.029587 0.055788 0.769695
v -0.067780 0.083061 0.770261
v -0.033535 0.049513 0.646936
v -0.017490 0.000968 0.705065
v -0.020828 0.005834 0.645328
v -0.134915 0.037701 0.708535
v -0.066628 0.070786 0.595770
v -0.037657 0.049532 0.592640
v -0.025443 0.013163 0.587648
v -0.092300 0.066110 0.546477
v -0.066624 0.071641 0.546617
v -0.087267 0.078705 0.504126
v -0.068965 0.079820 0.502784
v -0.043830 0.053133 0.542629
v -0.106640 0.057416 0.498746
v -0.111435 0.045435 0.543229
v -0.107290 0.019145 0.524552
v -0.108456 0.032957 0.489964
v -0.094249 0.003412 0.482292
v -0.095880 -0.008346 0.514808
v -0.073969 -0.010491 0.477338
v -0.071389 -0.022366 0.512415
v -0.048192 0.063805 0.497097
v -0.028359 0.022354 0.523053
v -0.030884 0.033611 0.489246
v -0.032228 0.042146 0.471064
v -0.044437 0.082919 0.477406
v -0.098553 0.012523 0.465371
v -0.108778 0.043087 0.470599
v -0.109301 0.072638 0.474926
v -0.092905 0.094467 0.477600
v -0.067811 0.099022 0.479631
v -0.045622 -0.006728 0.514756
v -0.043368 -0.015921 0.548019
v -0.071930 -0.029390 0.548399
v -0.026207 0.016953 0.549547
v -0.028359 0.022354 0.523053
v -0.047915 0.003705 0.481066
v -0.030884 0.033611 0.489246
v -0.045360 0.013922 0.465401
v -0.032228 0.042146 0.471064
v -0.076094 -0.004149 0.461924
v -0.028861 0.054303 0.840028
v -0.020411 0.037207 0.881804
v -0.011616 0.002438 0.835498
v -0.010834 -0.002165 0.880458
v -0.073684 0.081498 0.838797
v -0.113351 0.077710 0.773168
v -0.144502 0.039103 0.777198
v -0.145652 -0.006538 0.772383
v -0.120286 0.077529 0.839656
v -0.155117 0.041068 0.842041
v -0.129751 -0.054217 0.839445
v -0.083065 -0.074292 0.838494
v -0.029354 -0.051089 0.835637
v -0.011616 0.002438 0.835498
v -0.010834 -0.002165 0.880458
v -0.028877 -0.052165 0.882368
v -0.156738 -0.009374 0.841384
v -0.089164 -0.072970 0.894011
v -0.134118 -0.054596 0.900277
v -0.130346 0.088258 0.886331
v -0.078232 0.092552 0.874512
v -0.162249 -0.011687 0.901765
v -0.163029 0.041146 0.898155
v -0.044018 0.076812 0.873804
v -0.002072 -0.001808 0.887484
v -0.030770 0.107769 0.922687
v -0.081616 0.113599 0.927047
v -0.130319 0.094617 0.941011
v -0.090731 -0.069244 0.937460
v -0.031241 -0.055678 0.914064
v -0.162587 0.041262 0.951447
v -0.161014 -0.012916 0.954581
v -0.131263 -0.053539 0.950025
v -0.031684 -0.079354 0.989776
v -0.081882 -0.067663 0.992981
v -0.122136 -0.053639 0.997076
v -0.076137 0.105647 0.985393
v -0.025494 0.105934 0.984995
v -0.122115 0.086615 0.993405
v -0.149706 0.038694 1.000507
v -0.153610 -0.010402 1.000463
v -0.026664 0.088200 1.035470
v -0.069940 0.084405 1.039423
v -0.108983 0.071273 1.040558
v -0.132580 0.035323 1.040176
v -0.139324 -0.009719 1.040416
v -0.115292 -0.053913 1.039585
v -0.074267 -0.073889 1.037104
v -0.031817 -0.087981 1.035853
v 0.000000 -0.089401 1.035275
v 0.000000 -0.081680 0.987255
v 0.000000 -0.052626 0.903819
v 0.000000 -0.001864 0.887339
v -0.058166 0.066370 1.077888
v -0.024325 0.069712 1.075377
v -0.094093 0.048859 1.079954
v -0.114761 0.028561 1.081321
v -0.102012 -0.051006 1.081325
v -0.121752 -0.011288 1.083350
v -0.067097 -0.069706 1.077729
v -0.029084 -0.083216 1.075782
v 0.000000 -0.084735 1.074872
v 0.000000 0.082165 1.035452
v 0.000000 0.100225 0.983077
v 0.000000 0.102638 0.923870
v -0.008026 0.045058 0.890937
v -0.002072 -0.001808 0.887484
v 0.000000 -0.001864 0.887339
v 0.000000 0.072625 1.075153
v -0.026207 0.016953 0.549547
v -0.014257 0.001234 0.767678
v -0.068785 0.102092 0.478496
v -0.067811 0.099022 0.479631
v -0.041105 0.084676 0.475494
v -0.044437 0.082919 0.477406
v -0.092905 0.094467 0.477600
v -0.094297 0.098712 0.476219
v -0.109986 0.075113 0.474599
v -0.109301 0.072638 0.474926
v -0.113781 0.043215 0.468896
v -0.108778 0.043087 0.470599
v -0.098553 0.012523 0.465371
v -0.103012 0.007825 0.462642
v -0.076255 -0.005991 0.458751
v -0.076094 -0.004149 0.461924
v -0.042210 0.010603 0.462754
v -0.045360 0.013922 0.465401
v -0.028260 0.041745 0.468268
v -0.032228 0.042146 0.471064
v -0.092333 0.103285 0.446011
v -0.067227 0.107298 0.447029
v -0.113904 0.080524 0.442368
v -0.116140 0.048778 0.436703
v -0.075249 0.003449 0.429013
v -0.104193 0.019327 0.432456
v -0.040954 0.018293 0.431975
v -0.027259 0.047704 0.436013
v -0.040166 0.089546 0.443726
v -0.028260 0.041745 0.468268
v -0.032228 0.042146 0.471064
v -0.027259 0.047704 0.436013
v -0.039036 0.016217 0.430059
v -0.075142 0.000200 0.427301
v -0.024296 0.046043 0.435125
v -0.037581 0.091418 0.442962
v -0.024296 0.046043 0.435125
v -0.066880 0.110157 0.445755
v -0.093658 0.106268 0.444636
v -0.113508 0.082380 0.441224
v -0.119908 0.048073 0.434832
v -0.106520 0.015956 0.429634
v -0.041084 0.025116 0.364050
v -0.026639 0.052330 0.367248
v -0.091098 0.104573 0.375768
v -0.064145 0.107854 0.376344
v -0.112185 0.084799 0.373423
v -0.116925 0.055837 0.369294
v -0.100395 0.025231 0.363999
v -0.075200 0.012427 0.363034
v -0.070404 0.024476 0.299744
v -0.045211 0.034765 0.301292
v -0.033347 0.055860 0.303637
v -0.084405 0.099975 0.310688
v -0.062148 0.102913 0.310560
v -0.036640 0.091912 0.373575
v -0.026639 0.052330 0.367248
v -0.039819 0.088794 0.309756
v -0.033347 0.055860 0.303637
v -0.104020 0.060272 0.304979
v -0.100956 0.083218 0.307985
v -0.077976 0.096359 0.228703
v -0.059910 0.098117 0.229389
v -0.084566 0.082543 0.227328
v -0.087888 0.064285 0.226174
v -0.093303 0.035015 0.301641
v -0.080785 0.043351 0.222718
v -0.064919 0.032791 0.220126
v -0.046782 0.042684 0.222692
v -0.038058 0.060352 0.225355
v -0.072751 0.097620 0.185546
v -0.057955 0.099783 0.186270
v -0.084009 0.083912 0.183876
v -0.085782 0.065369 0.182967
v -0.076457 0.043252 0.178710
v -0.063736 0.034470 0.177011
v -0.043529 0.041896 0.179544
v -0.037050 0.061112 0.182262
v -0.042821 0.085380 0.227462
v -0.038058 0.060352 0.225355
v -0.041163 0.088168 0.184379
v -0.037050 0.061112 0.182262
v 0.044437 0.082919 0.477406
v 0.067811 0.099022 0.479631
v 0.041105 0.084676 0.475494
v 0.068784 0.102092 0.478496
v 0.092705 0.094467 0.477600
v 0.094096 0.098712 0.476219
v 0.109778 0.075113 0.474599
v 0.109094 0.072638 0.474926
v 0.113572 0.043215 0.468896
v 0.108570 0.043087 0.470599
v 0.098351 0.012523 0.465371
v 0.102810 0.007825 0.462642
v 0.076255 -0.005991 0.458751
v 0.076094 -0.004149 0.461924
v 0.042210 0.010603 0.462754
v 0.045360 0.013922 0.465401
v 0.028260 0.041745 0.468268
v 0.032228 0.042146 0.471064
v 0.092133 0.103285 0.446011
v 0.067227 0.107298 0.447029
v 0.111330 0.080524 0.442368
v 0.118304 0.048778 0.436703
v 0.103993 0.019327 0.432456
v 0.075249 0.003449 0.429013
v 0.040954 0.018293 0.431975
v 0.027259 0.047704 0.436013
v 0.039037 0.016217 0.430059
v 0.075140 0.000200 0.427301
v 0.024296 0.046043 0.435125
v 0.066880 0.110157 0.445755
v 0.040166 0.089546 0.443726
v 0.028260 0.041745 0.468268
v 0.032228 0.042146 0.471064
v 0.027259 0.047704 0.436013
v 0.037581 0.091418 0.442962
v 0.024296 0.046043 0.435125
v 0.106318 0.015956 0.429634
v 0.122070 0.048073 0.434832
v 0.110946 0.082380 0.441224
v 0.093456 0.106268 0.444636
v 0.036640 0.091912 0.373575
v 0.026639 0.052330 0.367248
v 0.064145 0.107854 0.376344
v 0.090896 0.104573 0.375768
v 0.110808 0.084799 0.373423
v 0.117901 0.055837 0.369294
v 0.100194 0.025231 0.363999
v 0.075200 0.012427 0.363034
v 0.041085 0.025116 0.364050
v 0.026639 0.052330 0.367248
v 0.070404 0.024476 0.299744
v 0.045211 0.034765 0.301292
v 0.033347 0.055860 0.303637
v 0.084203 0.099975 0.310688
v 0.100753 0.083218 0.307985
v 0.103820 0.060272 0.304979
v 0.093101 0.035015 0.301641
v 0.084317 0.082543 0.227328
v 0.077948 0.096359 0.228703
v 0.062146 0.102913 0.310560
v 0.039819 0.088794 0.309756
v 0.033347 0.055860 0.303637
v 0.059917 0.098117 0.229389
v 0.087634 0.064285 0.226174
v 0.080545 0.043351 0.222718
v 0.064915 0.032791 0.220126
v 0.046813 0.042684 0.222692
v 0.036250 0.060352 0.225355
v 0.044710 0.085380 0.227462
v 0.036250 0.060352 0.225355
v 0.075989 0.043252 0.178710
v 0.063736 0.034470 0.177011
v 0.043547 0.041896 0.179544
v 0.037075 0.061112 0.182262
v 0.041184 0.088168 0.184379
v 0.037075 0.061112 0.182262
v 0.057962 0.099783 0.186270
v 0.072287 0.097620 0.185546
v 0.084773 0.083912 0.183876
v 0.085304 0.065369 0.182967
v 0.011102 0.071909 1.518941
v 0.014003 0.073172 1.505943
v 0.004638 0.072326 1.515074
v 0.009197 0.072642 1.504141
v 0.014343 0.069041 1.497026
v 0.016380 0.066665 1.517814
v 0.017488 0.069425 1.505904
v 0.013074 0.062351 1.514977
v 0.015142 0.065811 1.505315
v 0.006127 0.064200 1.513196
v 0.010452 0.066351 1.503771
v 0.014343 0.069041 1.497026
v 0.006127 0.064200 1.513196
v 0.010452 0.066351 1.503771
v 0.014343 0.069041 1.497026
v 0.007413 0.057660 1.525537
v 0.001251 0.058796 1.524876
v 0.010097 0.059737 1.526804
v 0.005867 0.063674 1.529633
v 0.000811 0.064910 1.527244
v 0.001251 0.058796 1.524876
v 0.023737 0.067733 1.519942
v 0.028136 0.063061 1.520619
v 0.027904 0.067951 1.508722
v 0.030744 0.064926 1.509052
v 0.017256 0.066942 1.515460
v 0.022288 0.066760 1.506077
v 0.027316 0.062092 1.498061
v 0.024651 0.058647 1.517324
v 0.028043 0.060786 1.508524
v 0.018538 0.059638 1.514052
v 0.022649 0.061682 1.506265
v 0.027316 0.062092 1.498061
v 0.022649 0.061682 1.506265
v 0.018538 0.059638 1.514052
v 0.010537 0.062949 1.524344
v 0.010809 0.057516 1.523408
v 0.015128 0.063971 1.527800
v 0.016340 0.055583 1.525454
v 0.010809 0.057516 1.523408
v 0.019106 0.059120 1.528880
v -0.011102 0.071909 1.518941
v -0.004640 0.072326 1.515074
v -0.014003 0.073172 1.505943
v -0.009197 0.072642 1.504141
v -0.014343 0.069041 1.497026
v -0.016380 0.066665 1.517814
v -0.017488 0.069425 1.505904
v -0.013074 0.062351 1.514977
v -0.015142 0.065811 1.505315
v -0.006127 0.064200 1.513196
v -0.010452 0.066351 1.503771
v -0.014343 0.069041 1.497026
v -0.006127 0.064200 1.513196
v -0.010452 0.066351 1.503771
v -0.014343 0.069041 1.497026
v -0.007413 0.057660 1.525537
v -0.001251 0.058796 1.524876
v -0.010099 0.059737 1.526804
v -0.005867 0.063674 1.529633
v -0.000811 0.064910 1.527244
v -0.001251 0.058796 1.524876
v -0.023737 0.067733 1.519942
v -0.027904 0.067951 1.508722
v -0.028136 0.063061 1.520619
v -0.030744 0.064926 1.509052
v -0.017256 0.066942 1.515460
v -0.022287 0.066760 1.506077
v -0.027316 0.062092 1.498061
v -0.024651 0.058647 1.517324
v -0.028043 0.060786 1.508524
v -0.018538 0.059638 1.514052
v -0.022649 0.061682 1.506265
v -0.027316 0.062092 1.498061
v -0.022649 0.061682 1.506265
v -0.018538 0.059638 1.514052
v -0.010536 0.062949 1.524344
v -0.010809 0.057516 1.523408
v -0.015128 0.063971 1.527800
v -0.016340 0.055583 1.525454
v -0.010809 0.057516 1.523408
v -0.019106 0.059120 1.528880
v 0.187009 0.011517 0.548277
v 0.175905 -0.013794 0.644093
v 0.170694 -0.012995 0.560647
v 0.198151 -0.045397 0.578100
v 0.188626 -0.046349 0.644130
v 0.217747 0.019480 0.644025
v 0.220819 0.033533 0.532711
v 0.211589 -0.073732 0.581950
v 0.205930 -0.074230 0.643591
v 0.199961 -0.074440 0.710833
v 0.184377 -0.047726 0.711184
v 0.180145 -0.020933 0.710744
v 0.213249 0.011304 0.710468
v 0.194072 -0.075097 0.782811
v 0.180052 -0.046277 0.782375
v 0.185800 -0.074775 0.846343
v 0.173881 -0.042825 0.844247
v 0.178425 -0.029992 0.845369
v 0.182976 -0.026933 0.782010
v 0.204679 -0.001011 0.844605
v 0.210012 0.003749 0.781587
v 0.176419 -0.071816 0.898574
v 0.169889 -0.036619 0.899049
v 0.165624 -0.068610 0.952500
v 0.163136 -0.036307 0.952915
v 0.185597 -0.002485 0.954888
v 0.196108 -0.003299 0.901819
v 0.150677 -0.067283 1.002198
v 0.157044 -0.035541 1.002405
v 0.172919 -0.000836 1.003757
v 0.135354 -0.059299 1.043514
v 0.122406 -0.077948 0.999619
v 0.132270 -0.085258 0.948811
v 0.160530 -0.078596 0.952091
v 0.138544 -0.089052 0.896813
v 0.169546 -0.086250 0.898607
v 0.114245 -0.074058 1.042660
v 0.149750 -0.030690 1.043614
v 0.157060 0.000396 1.043219
v 0.144634 -0.091449 0.843341
v 0.175849 -0.092032 0.845133
v 0.148024 -0.091734 0.782375
v 0.180323 -0.094932 0.782681
v 0.149044 -0.089282 0.710808
v 0.185399 -0.094063 0.711155
v 0.151377 -0.084899 0.643977
v 0.190527 -0.091376 0.643603
v 0.194897 -0.094732 0.582440
v 0.151639 -0.081067 0.569211
v 0.139227 0.001228 1.077039
v 0.133787 -0.023838 1.077421
v 0.123265 0.003245 1.085983
v 0.119064 -0.020046 1.088522
v 0.116429 -0.051507 1.078530
v 0.104815 -0.043632 1.091474
v 0.100576 -0.065237 1.076370
v 0.089193 -0.054950 1.092426
v 0.181718 0.018600 0.549536
v 0.161895 -0.011587 0.561211
v 0.167230 -0.011713 0.644423
v 0.190519 -0.050001 0.577553
v 0.180574 -0.050143 0.643432
v 0.212204 0.026451 0.644640
v 0.216034 0.040969 0.533939
v 0.197074 -0.073466 0.642739
v 0.202730 -0.073218 0.580943
v 0.191072 -0.073926 0.710175
v 0.175927 -0.050585 0.710757
v 0.171609 -0.018344 0.711141
v 0.207186 0.017826 0.711095
v 0.185207 -0.074432 0.781964
v 0.171237 -0.047538 0.781715
v 0.176991 -0.074005 0.845092
v 0.165004 -0.042788 0.843292
v 0.174822 -0.023289 0.781912
v 0.170754 -0.025475 0.844683
v 0.198048 0.004950 0.844172
v 0.203405 0.009750 0.781872
v 0.167665 -0.070708 0.897193
v 0.161257 -0.034513 0.898147
v 0.157122 -0.066717 0.950541
v 0.154544 -0.034280 0.951556
v 0.178411 0.002572 0.953307
v 0.189242 0.002326 0.900831
v 0.144407 -0.061519 0.999514
v 0.148627 -0.033217 1.000538
v 0.165246 0.003112 1.001472
v 0.129372 -0.053657 1.040034
v 0.119135 -0.069890 0.997584
v 0.130220 -0.076697 0.947322
v 0.155396 -0.071591 0.950012
v 0.137601 -0.080214 0.895944
v 0.164608 -0.078959 0.897123
v 0.109388 -0.067115 1.039840
v 0.141820 -0.028101 1.040432
v 0.149062 0.002696 1.039978
v 0.144663 -0.082529 0.842924
v 0.171542 -0.084269 0.844163
v 0.148798 -0.082838 0.782400
v 0.176611 -0.086823 0.782262
v 0.150217 -0.080437 0.711172
v 0.181919 -0.085840 0.711091
v 0.153061 -0.076135 0.644273
v 0.187464 -0.082997 0.643265
v 0.192412 -0.086158 0.582200
v 0.154201 -0.072524 0.569657
v 0.132650 0.002351 1.071106
v 0.127361 -0.021477 1.071686
v 0.118894 0.003183 1.078195
v 0.114101 -0.018340 1.081296
v 0.111200 -0.046770 1.073059
v 0.100137 -0.039625 1.085008
v 0.096092 -0.059409 1.071302
v 0.085140 -0.049871 1.086298
v 0.187009 0.011517 0.548277
v 0.170694 -0.012995 0.560647
v 0.181718 0.018600 0.549536
v 0.161895 -0.011587 0.561211
v 0.190519 -0.050001 0.577553
v 0.198151 -0.045397 0.578100
v 0.216034 0.040969 0.533939
v 0.220819 0.033533 0.532711
v 0.202730 -0.073218 0.580943
v 0.211589 -0.073732 0.581950
v 0.192412 -0.086158 0.582200
v 0.194897 -0.094732 0.582440
v 0.151639 -0.081067 0.569211
v 0.154201 -0.072524 0.569657
v 0.220819 0.033533 0.532711
v 0.216034 0.040969 0.533939
v 0.217747 0.019480 0.644025
v 0.212204 0.026451 0.644640
v 0.213249 0.011304 0.710468
v 0.207186 0.017826 0.711095
v 0.210012 0.003749 0.781587
v 0.203405 0.009750 0.781872
v 0.204679 -0.001011 0.844605
v 0.198048 0.004950 0.844172
v 0.196108 -0.003299 0.901819
v 0.189242 0.002326 0.900831
v 0.185597 -0.002485 0.954888
v 0.178411 0.002572 0.953307
v 0.172919 -0.000836 1.003757
v 0.165246 0.003112 1.001472
v 0.157060 0.000396 1.043219
v 0.149062 0.002696 1.039978
v 0.132650 0.002351 1.071106
v 0.139227 0.001228 1.077039
v 0.123265 0.003245 1.085983
v 0.118894 0.003183 1.078195
v 0.151377 -0.084899 0.643977
v 0.153061 -0.076135 0.644273
v 0.151639 -0.081067 0.569211
v 0.154201 -0.072524 0.569657
v 0.150217 -0.080437 0.711172
v 0.149044 -0.089282 0.710808
v 0.148798 -0.082838 0.782400
v 0.148024 -0.091734 0.782375
v 0.144663 -0.082529 0.842924
v 0.144634 -0.091449 0.843341
v 0.137601 -0.080214 0.895944
v 0.138544 -0.089052 0.896813
v 0.130220 -0.076697 0.947322
v 0.132270 -0.085258 0.948811
v 0.119135 -0.069890 0.997584
v 0.122406 -0.077948 0.999619
v 0.109388 -0.067115 1.039840
v 0.114245 -0.074058 1.042660
v 0.096092 -0.059409 1.071302
v 0.100576 -0.065237 1.076370
v 0.089193 -0.054950 1.092426
v 0.085140 -0.049871 1.086298
v 0.331901 0.024321 0.946401
v 0.308468 0.001139 0.961057
v 0.341036 0.012562 0.953514
v 0.347158 0.012399 0.940865
v 0.347090 -0.007219 0.945076
v 0.339615 -0.007312 0.957314
v 0.308468 0.001139 0.961057
v 0.339295 -0.026452 0.944851
v 0.330663 -0.021017 0.958221
v 0.308468 0.001139 0.961057
v 0.324330 -0.036256 0.944191
v 0.318712 -0.028275 0.955601
v 0.308468 0.001139 0.961057
v 0.306264 -0.027746 0.949874
v 0.337013 0.024740 0.937960
v 0.324724 0.022263 0.929443
v 0.314726 0.016817 0.941656
v 0.308468 0.001139 0.961057
v 0.317017 0.014269 0.924347
v 0.346172 0.024560 0.918498
v 0.335525 0.023010 0.912061
v 0.354783 0.012801 0.920910
v 0.358459 -0.007825 0.924528
v 0.330227 0.013348 0.907889
v 0.337451 0.014624 0.896266
v 0.330449 -0.008193 0.908597
v 0.341103 -0.008532 0.894473
v 0.345590 0.007138 0.882688
v 0.343635 0.017832 0.884597
v 0.345870 -0.001141 0.883336
v 0.350222 -0.010605 0.884042
v 0.351707 -0.017841 0.884825
v 0.343098 -0.022868 0.895898
v 0.355656 -0.028099 0.887845
v 0.350987 -0.035688 0.887886
v 0.341772 -0.033384 0.898721
v 0.343841 0.024408 0.898363
v 0.349192 0.024560 0.886546
v 0.351713 0.024781 0.900893
v 0.355641 0.023970 0.888438
v 0.349406 -0.000082 0.872838
v 0.353972 0.008218 0.873763
v 0.355125 -0.005252 0.873338
v 0.353505 0.024517 0.872481
v 0.348781 0.023852 0.872557
v 0.358192 0.020663 0.871754
v 0.361886 0.020547 0.889017
v 0.357486 0.014963 0.871680
v 0.362045 0.011350 0.888188
v 0.362854 0.012072 0.900149
v 0.359225 0.020087 0.901039
v 0.368956 0.002898 0.891755
v 0.367704 0.002671 0.902110
v 0.367884 -0.007081 0.889897
v 0.368705 -0.008226 0.904980
v 0.373751 -0.017048 0.894629
v 0.370504 -0.017027 0.905608
v 0.366714 -0.028239 0.894152
v 0.366482 -0.029354 0.905044
v 0.367593 -0.039854 0.897104
v 0.362638 -0.039701 0.909437
v 0.365669 0.002372 0.876556
v 0.363349 -0.003730 0.875861
v 0.360658 0.007766 0.876150
v 0.345590 0.007138 0.882688
v 0.355324 -0.026984 0.926570
v 0.347530 -0.037358 0.924444
v 0.334374 -0.043341 0.926506
v 0.349112 -0.044189 0.907053
v 0.334931 -0.045218 0.916064
v 0.341962 -0.040674 0.902509
v 0.332517 -0.039129 0.909357
v 0.326578 -0.047586 0.914850
v 0.325459 -0.043721 0.909229
v 0.352497 -0.043630 0.891392
v 0.359579 -0.045953 0.895027
v 0.363844 -0.046021 0.886055
v 0.369488 -0.039685 0.888027
v 0.369151 -0.046716 0.874863
v 0.374385 -0.039900 0.876385
v 0.368610 -0.030481 0.886610
v 0.371817 -0.031551 0.874013
v 0.359160 -0.029961 0.882727
v 0.365667 -0.031994 0.870483
v 0.356566 -0.043814 0.882381
v 0.362339 -0.044373 0.870363
v 0.376548 -0.040130 0.872190
v 0.373158 -0.031865 0.869921
v 0.371034 -0.047008 0.870908
v 0.377861 -0.040453 0.867056
v 0.372695 -0.047119 0.865615
v 0.375557 -0.047844 0.854603
v 0.381299 -0.040589 0.855519
v 0.377298 -0.033376 0.854237
v 0.374211 -0.032327 0.865523
v 0.370284 -0.046045 0.850757
v 0.364139 -0.044900 0.864762
v 0.367339 -0.032272 0.865299
v 0.372085 -0.034045 0.850513
v 0.376752 -0.047914 0.850973
v 0.382722 -0.040618 0.851752
v 0.372473 -0.045499 0.846533
v 0.378113 -0.047823 0.847342
v 0.376783 -0.044724 0.830595
v 0.383251 -0.046997 0.831937
v 0.382497 -0.043843 0.825027
v 0.383409 -0.045984 0.826720
v 0.383423 -0.040577 0.847610
v 0.378481 -0.033729 0.850038
v 0.379889 -0.034299 0.846211
v 0.386815 -0.041095 0.832926
v 0.383409 -0.045984 0.826720
v 0.387853 -0.041336 0.825333
v 0.381800 -0.041044 0.824621
v 0.382497 -0.043843 0.825027
v 0.386004 -0.037127 0.826706
v 0.382098 -0.037391 0.825824
v 0.383376 -0.035385 0.832348
v 0.379610 -0.035275 0.830684
v 0.374195 -0.034433 0.846339
v 0.303299 -0.000960 0.943166
v 0.308468 0.001139 0.961057
v 0.299703 -0.011924 0.944387
v 0.300190 -0.017748 0.927091
v 0.312752 -0.006990 0.921556
v 0.300388 -0.033285 0.935893
v 0.306264 -0.027746 0.949874
v 0.308468 0.001139 0.961057
v 0.304940 -0.026262 0.916126
v 0.302667 -0.041231 0.921194
v 0.317201 -0.026108 0.911353
v 0.330975 -0.028433 0.906782
v 0.312143 -0.038750 0.907212
v 0.321233 -0.038754 0.908196
v 0.332517 -0.039129 0.909357
v 0.341962 -0.040674 0.902509
v 0.305609 -0.047138 0.912786
v 0.352497 -0.043630 0.891392
v 0.356566 -0.043814 0.882381
v 0.354801 -0.037143 0.880596
v 0.362339 -0.044373 0.870363
v 0.361606 -0.037620 0.869455
v 0.359160 -0.029961 0.882727
v 0.365667 -0.031994 0.870483
v 0.364139 -0.044900 0.864762
v 0.363358 -0.038072 0.863876
v 0.369067 -0.039510 0.849877
v 0.370284 -0.046045 0.850757
v 0.372085 -0.034045 0.850513
v 0.367339 -0.032272 0.865299
v 0.372473 -0.045499 0.846533
v 0.371528 -0.039654 0.845645
v 0.376783 -0.044724 0.830595
v 0.376342 -0.040515 0.829800
v 0.382497 -0.043843 0.825027
v 0.381800 -0.041044 0.824621
v 0.382098 -0.037391 0.825824
v 0.379610 -0.035275 0.830684
v 0.374195 -0.034433 0.846339
v 0.359861 -0.025485 0.881918
v 0.354833 -0.017824 0.878971
v 0.361383 -0.025670 0.864880
v 0.357919 -0.017892 0.863986
v 0.359576 -0.010687 0.879564
v 0.364015 -0.012083 0.864979
v 0.364246 -0.012632 0.859180
v 0.359098 -0.017609 0.858721
v 0.365181 -0.014372 0.839606
v 0.360921 -0.018720 0.838128
v 0.362931 -0.025847 0.838894
v 0.362023 -0.026152 0.859363
v 0.365283 -0.014715 0.835589
v 0.361059 -0.018681 0.834129
v 0.364389 -0.015363 0.823227
v 0.361211 -0.019903 0.822737
v 0.365621 -0.016945 0.818400
v 0.364603 -0.021111 0.817095
v 0.364729 -0.024030 0.818510
v 0.363338 -0.025359 0.823840
v 0.363373 -0.025597 0.834326
v 0.300388 -0.033285 0.935893
v 0.308923 -0.038613 0.940526
v 0.302667 -0.041231 0.921194
v 0.313213 -0.048177 0.925678
v 0.326208 -0.044621 0.926457
v 0.315288 -0.051772 0.916140
v 0.305609 -0.047138 0.912786
v 0.308687 -0.051013 0.905063
v 0.317322 -0.054384 0.907893
v 0.312670 -0.056103 0.894515
v 0.319967 -0.059797 0.895853
v 0.326068 -0.054223 0.896887
v 0.324330 -0.050383 0.907949
v 0.327086 -0.055715 0.891986
v 0.320783 -0.060503 0.891520
v 0.322222 -0.061362 0.886647
v 0.315465 -0.059685 0.884251
v 0.314462 -0.057326 0.889480
v 0.328715 -0.057159 0.887876
v 0.329931 -0.060199 0.882182
v 0.323622 -0.063069 0.880981
v 0.317118 -0.061845 0.879308
v 0.329860 -0.054958 0.880630
v 0.328376 -0.051950 0.888656
v 0.320199 -0.064053 0.874812
v 0.325577 -0.065579 0.875375
v 0.329559 -0.062767 0.877388
v 0.329037 -0.059413 0.874965
v 0.325822 -0.061797 0.872386
v 0.325577 -0.065579 0.875375
v 0.321776 -0.061593 0.872206
v 0.325577 -0.065579 0.875375
v 0.325822 -0.061797 0.872386
v 0.326426 -0.050674 0.894495
v 0.324220 -0.045719 0.905026
v 0.314286 -0.049541 0.890766
v 0.312670 -0.056103 0.894515
v 0.312860 -0.042699 0.900886
v 0.308687 -0.051013 0.905063
v 0.320594 -0.047482 0.891996
v 0.320709 -0.042546 0.903209
v 0.322540 -0.049452 0.885357
v 0.315038 -0.052497 0.883730
v 0.324278 -0.053367 0.877370
v 0.329860 -0.054958 0.880630
v 0.328376 -0.051950 0.888656
v 0.318008 -0.056622 0.875825
v 0.315465 -0.059685 0.884251
v 0.317118 -0.061845 0.879308
v 0.320199 -0.064053 0.874812
v 0.321776 -0.061593 0.872206
v 0.329037 -0.059413 0.874965
v 0.325822 -0.061797 0.872386
v 0.314462 -0.057326 0.889480
v 0.326426 -0.050674 0.894495
v 0.324220 -0.045719 0.905026
v 0.325459 -0.043721 0.909229
v 0.321233 -0.038754 0.908196
v 0.353972 0.008218 0.873763
v 0.345590 0.007138 0.882688
v 0.360536 0.007399 0.865669
v 0.354217 0.007421 0.864413
v 0.364378 0.002012 0.865935
v 0.360831 0.007052 0.861628
v 0.364044 0.002080 0.861583
v 0.363003 -0.003371 0.865712
v 0.362679 -0.003524 0.861985
v 0.360696 0.006698 0.857294
v 0.363486 0.001649 0.857421
v 0.359876 0.005450 0.843401
v 0.361533 0.000736 0.843176
v 0.360024 -0.003604 0.843691
v 0.362103 -0.003548 0.858014
v 0.353653 0.005448 0.844223
v 0.354068 0.006903 0.859114
v 0.355103 -0.005327 0.859058
v 0.355503 -0.005287 0.843201
v 0.359244 -0.003344 0.840556
v 0.360713 0.000528 0.840096
v 0.355454 -0.005156 0.864012
v 0.355125 -0.005252 0.873338
v 0.350222 -0.010605 0.884042
v 0.367884 -0.007081 0.889897
v 0.359236 0.005239 0.840703
v 0.357939 0.004799 0.837744
v 0.359362 0.000301 0.837693
v 0.355654 0.003214 0.830094
v 0.356589 0.000078 0.829340
v 0.354459 0.002588 0.825735
v 0.355220 -0.000685 0.825688
v 0.354347 -0.003381 0.827030
v 0.355718 -0.003301 0.830071
v 0.351913 -0.000276 0.823850
v 0.351897 0.003137 0.825492
v 0.351587 -0.002879 0.825448
v 0.351530 0.004609 0.830304
v 0.351391 -0.004731 0.830056
v 0.352846 0.005553 0.839099
v 0.354531 -0.005299 0.839532
v 0.358059 -0.003222 0.837918
v 0.353344 0.005315 0.841525
v 0.364015 -0.012083 0.864979
v 0.359576 -0.010687 0.879564
v 0.370042 -0.012023 0.866909
v 0.368759 -0.010425 0.882172
v 0.373002 -0.017756 0.868027
v 0.372933 -0.017339 0.884116
v 0.368383 -0.025244 0.884182
v 0.369281 -0.025343 0.867382
v 0.359861 -0.025485 0.881918
v 0.361383 -0.025670 0.864880
v 0.370514 -0.012215 0.862662
v 0.374096 -0.017927 0.862823
v 0.370246 -0.025421 0.862885
v 0.370570 -0.025403 0.857883
v 0.373968 -0.018002 0.857437
v 0.373714 -0.019645 0.840866
v 0.369665 -0.013580 0.840284
v 0.370384 -0.012514 0.857790
v 0.370012 -0.026020 0.840302
v 0.365181 -0.014372 0.839606
v 0.364246 -0.012632 0.859180
v 0.362931 -0.025847 0.838894
v 0.362023 -0.026152 0.859363
v 0.373330 -0.019827 0.837239
v 0.370184 -0.025817 0.837422
v 0.363373 -0.025597 0.834326
v 0.372686 -0.019996 0.833904
v 0.369657 -0.014251 0.834856
v 0.369696 -0.013914 0.837307
v 0.369360 -0.015712 0.824621
v 0.365283 -0.014715 0.835589
v 0.364389 -0.015363 0.823227
v 0.369362 -0.017031 0.819191
v 0.371548 -0.020653 0.825137
v 0.370208 -0.021092 0.817572
v 0.365621 -0.016945 0.818400
v 0.364603 -0.021111 0.817095
v 0.368117 -0.024283 0.819732
v 0.364729 -0.024030 0.818510
v 0.368833 -0.025225 0.825266
v 0.363338 -0.025359 0.823840
v 0.369694 -0.025824 0.834544
v 0.345590 0.007138 0.882688
v 0.349215 0.013802 0.870819
v 0.356893 0.015326 0.868348
v 0.357708 0.020745 0.868538
v 0.353235 0.024721 0.869395
v 0.356791 0.020854 0.864859
v 0.355883 0.015868 0.864399
v 0.353313 0.020317 0.853017
v 0.352920 0.024732 0.865627
v 0.350747 0.023768 0.853254
v 0.352827 0.017038 0.853341
v 0.349068 0.014500 0.866096
v 0.347704 0.014727 0.853273
v 0.345536 0.023625 0.853476
v 0.348300 0.023679 0.867621
v 0.346255 0.018338 0.867442
v 0.343758 0.017869 0.853717
v 0.349068 0.014500 0.866096
v 0.347704 0.014727 0.853273
v 0.349215 0.013802 0.870819
v 0.346471 0.018278 0.872136
v 0.351996 0.016885 0.850668
v 0.346770 0.014883 0.849824
v 0.346770 0.014883 0.849824
v 0.343211 0.017863 0.850288
v 0.345156 0.014554 0.843946
v 0.341859 0.017552 0.844035
v 0.344933 0.015343 0.838770
v 0.343215 0.017865 0.837602
v 0.343317 0.021982 0.839086
v 0.343804 0.023225 0.844203
v 0.344890 0.023330 0.849565
v 0.347433 0.022671 0.843789
v 0.343317 0.021982 0.839086
v 0.346502 0.021476 0.838692
v 0.349229 0.019707 0.843241
v 0.347220 0.019385 0.837358
v 0.347582 0.016794 0.839251
v 0.349071 0.016602 0.843727
v 0.345156 0.014554 0.843946
v 0.344933 0.015343 0.838770
v 0.343215 0.017865 0.837602
v 0.348994 0.023363 0.848298
v 0.350695 0.016740 0.848133
v 0.351044 0.020312 0.848087
v 0.349832 0.023623 0.850889
v 0.352305 0.020374 0.850474
v 0.354068 0.006903 0.859114
v 0.353653 0.005448 0.844223
v 0.350856 0.000900 0.859778
v 0.350394 -0.000317 0.843401
v 0.355103 -0.005327 0.859058
v 0.355503 -0.005287 0.843201
v 0.353344 0.005315 0.841525
v 0.354531 -0.005299 0.839532
v 0.348779 -0.000456 0.839637
v 0.351391 -0.004731 0.830056
v 0.348168 -0.000165 0.829672
v 0.351587 -0.002879 0.825448
v 0.351913 -0.000276 0.823850
v 0.351897 0.003137 0.825492
v 0.351530 0.004609 0.830304
v 0.352846 0.005553 0.839099
v 0.354217 0.007421 0.864413
v 0.350028 0.000670 0.864357
v 0.355454 -0.005156 0.864012
v 0.355656 -0.028099 0.887845
v 0.367884 -0.007081 0.889897
v 0.350222 -0.010605 0.884042
v 0.367884 -0.007081 0.889897
v 0.366714 -0.028239 0.894152
v 0.355656 -0.028099 0.887845
v -0.308468 0.001139 0.961057
v -0.331901 0.024321 0.946401
v -0.341036 0.012562 0.953514
v -0.347158 0.012399 0.940865
v -0.347090 -0.007219 0.945076
v -0.339615 -0.007312 0.957314
v -0.308468 0.001139 0.961057
v -0.339295 -0.026452 0.944851
v -0.330665 -0.021017 0.958221
v -0.308468 0.001139 0.961057
v -0.324330 -0.036256 0.944191
v -0.318712 -0.028275 0.955601
v -0.308468 0.001139 0.961057
v -0.306263 -0.027746 0.949874
v -0.337013 0.024740 0.937960
v -0.324724 0.022263 0.929443
v -0.314726 0.016817 0.941656
v -0.308468 0.001139 0.961057
v -0.317019 0.014269 0.924347
v -0.346172 0.024560 0.918498
v -0.335525 0.023010 0.912061
v -0.354783 0.012801 0.920910
v -0.358459 -0.007825 0.924528
v -0.330227 0.013348 0.907889
v -0.337451 0.014624 0.896266
v -0.330449 -0.008193 0.908597
v -0.341103 -0.008532 0.894473
v -0.345588 0.007138 0.882688
v -0.343634 0.017832 0.884597
v -0.345870 -0.001141 0.883336
v -0.350222 -0.010605 0.884042
v -0.351707 -0.017841 0.884825
v -0.343098 -0.022868 0.895898
v -0.355656 -0.028099 0.887845
v -0.350987 -0.035688 0.887886
v -0.341772 -0.033384 0.898721
v -0.343841 0.024408 0.898363
v -0.349192 0.024560 0.886546
v -0.351713 0.024781 0.900893
v -0.355641 0.023970 0.888438
v -0.349406 -0.000082 0.872838
v -0.353972 0.008218 0.873763
v -0.355125 -0.005252 0.873338
v -0.353505 0.024517 0.872481
v -0.348783 0.023852 0.872557
v -0.358192 0.020663 0.871754
v -0.361886 0.020547 0.889017
v -0.357486 0.014963 0.871680
v -0.362045 0.011350 0.888188
v -0.362854 0.012072 0.900149
v -0.359225 0.020087 0.901039
v -0.368956 0.002898 0.891755
v -0.367704 0.002671 0.902110
v -0.367884 -0.007081 0.889897
v -0.368705 -0.008226 0.904980
v -0.373751 -0.017048 0.894629
v -0.370503 -0.017027 0.905608
v -0.366714 -0.028239 0.894152
v -0.366482 -0.029354 0.905044
v -0.367593 -0.039854 0.897104
v -0.362638 -0.039701 0.909437
v -0.365669 0.002372 0.876556
v -0.363349 -0.003730 0.875861
v -0.360658 0.007766 0.876150
v -0.345588 0.007138 0.882688
v -0.355323 -0.026984 0.926570
v -0.347530 -0.037358 0.924444
v -0.334374 -0.043341 0.926506
v -0.349111 -0.044189 0.907053
v -0.334931 -0.045218 0.916064
v -0.341962 -0.040674 0.902509
v -0.332517 -0.039129 0.909357
v -0.326578 -0.047586 0.914850
v -0.325459 -0.043721 0.909229
v -0.352499 -0.043630 0.891392
v -0.359579 -0.045953 0.895027
v -0.363843 -0.046021 0.886055
v -0.369488 -0.039685 0.888027
v -0.369151 -0.046716 0.874863
v -0.374385 -0.039900 0.876385
v -0.368610 -0.030481 0.886610
v -0.371816 -0.031551 0.874013
v -0.359160 -0.029961 0.882727
v -0.365666 -0.031994 0.870483
v -0.356566 -0.043814 0.882381
v -0.362339 -0.044373 0.870363
v -0.376548 -0.040130 0.872190
v -0.373158 -0.031865 0.869921
v -0.371034 -0.047008 0.870908
v -0.377861 -0.040453 0.867056
v -0.372695 -0.047119 0.865615
v -0.375557 -0.047844 0.854603
v -0.381299 -0.040589 0.855519
v -0.377298 -0.033376 0.854237
v -0.374211 -0.032327 0.865523
v -0.370284 -0.046045 0.850757
v -0.364141 -0.044900 0.864762
v -0.367339 -0.032272 0.865299
v -0.372085 -0.034045 0.850513
v -0.376752 -0.047914 0.850973
v -0.382722 -0.040618 0.851752
v -0.372473 -0.045499 0.846533
v -0.378113 -0.047823 0.847342
v -0.376783 -0.044724 0.830595
v -0.383254 -0.046997 0.831937
v -0.382497 -0.043843 0.825027
v -0.383408 -0.045984 0.826720
v -0.383423 -0.040577 0.847610
v -0.378481 -0.033729 0.850038
v -0.379889 -0.034299 0.846211
v -0.386815 -0.041095 0.832926
v -0.383408 -0.045984 0.826720
v -0.387853 -0.041336 0.825333
v -0.381800 -0.041044 0.824621
v -0.382497 -0.043843 0.825027
v -0.386003 -0.037127 0.826706
v -0.382100 -0.037391 0.825824
v -0.383375 -0.035385 0.832348
v -0.379612 -0.035275 0.830684
v -0.374195 -0.034433 0.846339
v -0.303299 -0.000960 0.943166
v -0.308468 0.001139 0.961057
v -0.299703 -0.011924 0.944387
v -0.300190 -0.017748 0.927091
v -0.312752 -0.006990 0.921556
v -0.300388 -0.033285 0.935893
v -0.306263 -0.027746 0.949874
v -0.308468 0.001139 0.961057
v -0.304940 -0.026262 0.916126
v -0.302667 -0.041231 0.921194
v -0.317201 -0.026108 0.911353
v -0.330975 -0.028433 0.906782
v -0.312143 -0.038750 0.907212
v -0.321233 -0.038754 0.908196
v -0.332517 -0.039129 0.909357
v -0.341962 -0.040674 0.902509
v -0.305609 -0.047138 0.912786
v -0.352499 -0.043630 0.891392
v -0.356566 -0.043814 0.882381
v -0.354801 -0.037143 0.880596
v -0.362339 -0.044373 0.870363
v -0.361606 -0.037620 0.869455
v -0.359160 -0.029961 0.882727
v -0.365666 -0.031994 0.870483
v -0.364141 -0.044900 0.864762
v -0.363358 -0.038072 0.863876
v -0.369067 -0.039510 0.849877
v -0.370284 -0.046045 0.850757
v -0.372085 -0.034045 0.850513
v -0.367339 -0.032272 0.865299
v -0.372473 -0.045499 0.846533
v -0.371530 -0.039654 0.845645
v -0.376783 -0.044724 0.830595
v -0.376342 -0.040515 0.829800
v -0.382497 -0.043843 0.825027
v -0.381800 -0.041044 0.824621
v -0.382100 -0.037391 0.825824
v -0.379612 -0.035275 0.830684
v -0.374195 -0.034433 0.846339
v -0.359861 -0.025485 0.881918
v -0.354833 -0.017824 0.878971
v -0.361383 -0.025670 0.864880
v -0.357918 -0.017892 0.863986
v -0.359576 -0.010687 0.879564
v -0.364015 -0.012083 0.864979
v -0.364246 -0.012632 0.859180
v -0.359098 -0.017609 0.858721
v -0.365181 -0.014372 0.839606
v -0.360921 -0.018720 0.838128
v -0.362931 -0.025847 0.838894
v -0.362023 -0.026152 0.859363
v -0.365282 -0.014715 0.835589
v -0.361059 -0.018681 0.834129
v -0.364390 -0.015363 0.823227
v -0.361211 -0.019903 0.822737
v -0.365621 -0.016945 0.818400
v -0.364603 -0.021111 0.817095
v -0.364729 -0.024030 0.818510
v -0.363338 -0.025359 0.823840
v -0.363373 -0.025597 0.834326
v -0.308922 -0.038613 0.940526
v -0.300388 -0.033285 0.935893
v -0.302667 -0.041231 0.921194
v -0.313212 -0.048177 0.925678
v -0.326208 -0.044621 0.926457
v -0.315288 -0.051772 0.916140
v -0.305609 -0.047138 0.912786
v -0.308687 -0.051013 0.905063
v -0.317325 -0.054384 0.907893
v -0.312669 -0.056103 0.894515
v -0.319969 -0.059797 0.895853
v -0.326068 -0.054223 0.896887
v -0.324330 -0.050383 0.907949
v -0.327086 -0.055715 0.891986
v -0.320783 -0.060503 0.891520
v -0.322222 -0.061362 0.886647
v -0.315465 -0.059685 0.884251
v -0.314461 -0.057326 0.889480
v -0.328714 -0.057159 0.887876
v -0.329930 -0.060199 0.882182
v -0.323624 -0.063069 0.880981
v -0.317118 -0.061845 0.879308
v -0.329860 -0.054958 0.880630
v -0.328378 -0.051950 0.888656
v -0.320199 -0.064053 0.874812
v -0.325577 -0.065579 0.875375
v -0.329559 -0.062767 0.877388
v -0.329039 -0.059413 0.874965
v -0.325822 -0.061797 0.872386
v -0.325577 -0.065579 0.875375
v -0.325577 -0.065579 0.875375
v -0.321776 -0.061593 0.872206
v -0.325822 -0.061797 0.872386
v -0.326426 -0.050674 0.894495
v -0.324220 -0.045719 0.905026
v -0.308687 -0.051013 0.905063
v -0.312669 -0.056103 0.894515
v -0.312859 -0.042699 0.900886
v -0.314286 -0.049541 0.890766
v -0.320594 -0.047482 0.891996
v -0.320708 -0.042546 0.903209
v -0.322542 -0.049452 0.885357
v -0.315037 -0.052497 0.883730
v -0.324278 -0.053367 0.877370
v -0.329860 -0.054958 0.880630
v -0.328378 -0.051950 0.888656
v -0.318008 -0.056622 0.875825
v -0.315465 -0.059685 0.884251
v -0.317118 -0.061845 0.879308
v -0.320199 -0.064053 0.874812
v -0.321776 -0.061593 0.872206
v -0.329039 -0.059413 0.874965
v -0.325822 -0.061797 0.872386
v -0.314461 -0.057326 0.889480
v -0.326426 -0.050674 0.894495
v -0.324220 -0.045719 0.905026
v -0.325459 -0.043721 0.909229
v -0.321233 -0.038754 0.908196
v -0.353972 0.008218 0.873763
v -0.345588 0.007138 0.882688
v -0.360536 0.007399 0.865669
v -0.354217 0.007421 0.864413
v -0.364378 0.002012 0.865935
v -0.360831 0.007052 0.861628
v -0.364044 0.002080 0.861583
v -0.363003 -0.003371 0.865712
v -0.362679 -0.003524 0.861985
v -0.360696 0.006698 0.857294
v -0.363487 0.001649 0.857421
v -0.359876 0.005450 0.843401
v -0.361533 0.000736 0.843176
v -0.360024 -0.003604 0.843691
v -0.362103 -0.003548 0.858014
v -0.353653 0.005448 0.844223
v -0.354068 0.006903 0.859114
v -0.355103 -0.005327 0.859058
v -0.355503 -0.005287 0.843201
v -0.359244 -0.003344 0.840556
v -0.360713 0.000528 0.840096
v -0.355452 -0.005156 0.864012
v -0.355125 -0.005252 0.873338
v -0.350222 -0.010605 0.884042
v -0.367884 -0.007081 0.889897
v -0.359236 0.005239 0.840703
v -0.357939 0.004799 0.837744
v -0.359362 0.000301 0.837693
v -0.355654 0.003214 0.830094
v -0.356589 0.000078 0.829340
v -0.354458 0.002588 0.825735
v -0.355220 -0.000685 0.825688
v -0.354347 -0.003381 0.827030
v -0.355718 -0.003301 0.830071
v -0.351913 -0.000276 0.823850
v -0.351896 0.003137 0.825492
v -0.351587 -0.002879 0.825448
v -0.351533 0.004609 0.830304
v -0.351391 -0.004731 0.830056
v -0.352846 0.005553 0.839099
v -0.354531 -0.005299 0.839532
v -0.358059 -0.003222 0.837918
v -0.353344 0.005315 0.841525
v -0.368759 -0.010425 0.882172
v -0.359576 -0.010687 0.879564
v -0.370042 -0.012023 0.866909
v -0.364015 -0.012083 0.864979
v -0.373001 -0.017756 0.868027
v -0.372933 -0.017339 0.884116
v -0.368383 -0.025244 0.884182
v -0.369281 -0.025343 0.867382
v -0.359861 -0.025485 0.881918
v -0.361383 -0.025670 0.864880
v -0.370514 -0.012215 0.862662
v -0.374096 -0.017927 0.862823
v -0.370245 -0.025421 0.862885
v -0.370570 -0.025403 0.857883
v -0.373968 -0.018002 0.857437
v -0.373714 -0.019645 0.840866
v -0.369665 -0.013580 0.840284
v -0.370386 -0.012514 0.857790
v -0.370012 -0.026020 0.840302
v -0.365181 -0.014372 0.839606
v -0.364246 -0.012632 0.859180
v -0.362931 -0.025847 0.838894
v -0.362023 -0.026152 0.859363
v -0.373330 -0.019827 0.837239
v -0.370183 -0.025817 0.837422
v -0.363373 -0.025597 0.834326
v -0.372686 -0.019996 0.833904
v -0.369657 -0.014251 0.834856
v -0.369696 -0.013914 0.837307
v -0.369360 -0.015712 0.824621
v -0.365282 -0.014715 0.835589
v -0.364390 -0.015363 0.823227
v -0.369362 -0.017031 0.819191
v -0.371548 -0.020653 0.825137
v -0.370208 -0.021092 0.817572
v -0.365621 -0.016945 0.818400
v -0.364603 -0.021111 0.817095
v -0.368117 -0.024283 0.819732
v -0.364729 -0.024030 0.818510
v -0.368833 -0.025225 0.825266
v -0.363338 -0.025359 0.823840
v -0.369694 -0.025824 0.834544
v -0.349215 0.013802 0.870819
v -0.345588 0.007138 0.882688
v -0.356892 0.015326 0.868348
v -0.357708 0.020745 0.868538
v -0.353235 0.024721 0.869395
v -0.356791 0.020854 0.864859
v -0.355883 0.015868 0.864399
v -0.353313 0.020317 0.853017
v -0.352920 0.024732 0.865627
v -0.350747 0.023768 0.853254
v -0.352827 0.017038 0.853341
v -0.349068 0.014500 0.866096
v -0.347703 0.014727 0.853273
v -0.345536 0.023625 0.853476
v -0.348300 0.023679 0.867621
v -0.346255 0.018338 0.867442
v -0.343758 0.017869 0.853717
v -0.349068 0.014500 0.866096
v -0.347703 0.014727 0.853273
v -0.349215 0.013802 0.870819
v -0.346471 0.018278 0.872136
v -0.351996 0.016885 0.850668
v -0.346770 0.014883 0.849824
v -0.346770 0.014883 0.849824
v -0.343211 0.017863 0.850288
v -0.345156 0.014554 0.843946
v -0.341859 0.017552 0.844035
v -0.344933 0.015343 0.838770
v -0.343215 0.017865 0.837602
v -0.343315 0.021982 0.839086
v -0.343804 0.023225 0.844203
v -0.344890 0.023330 0.849565
v -0.347433 0.022671 0.843789
v -0.343315 0.021982 0.839086
v -0.346502 0.021476 0.838692
v -0.349229 0.019707 0.843241
v -0.347220 0.019385 0.837358
v -0.347582 0.016794 0.839251
v -0.349071 0.016602 0.843727
v -0.345156 0.014554 0.843946
v -0.344933 0.015343 0.838770
v -0.343215 0.017865 0.837602
v -0.348994 0.023363 0.848298
v -0.350695 0.016740 0.848133
v -0.351044 0.020312 0.848087
v -0.349832 0.023623 0.850889
v -0.352305 0.020374 0.850474
v -0.350393 -0.000317 0.843401
v -0.353653 0.005448 0.844223
v -0.350856 0.000900 0.859778
v -0.354068 0.006903 0.859114
v -0.355103 -0.005327 0.859058
v -0.355503 -0.005287 0.843201
v -0.353344 0.005315 0.841525
v -0.354531 -0.005299 0.839532
v -0.348779 -0.000456 0.839637
v -0.351391 -0.004731 0.830056
v -0.348168 -0.000165 0.829672
v -0.351587 -0.002879 0.825448
v -0.351913 -0.000276 0.823850
v -0.351896 0.003137 0.825492
v -0.351533 0.004609 0.830304
v -0.352846 0.005553 0.839099
v -0.354217 0.007421 0.864413
v -0.350028 0.000670 0.864357
v -0.355452 -0.005156 0.864012
v -0.355656 -0.028099 0.887845
v -0.367884 -0.007081 0.889897
v -0.350222 -0.010605 0.884042
v -0.367884 -0.007081 0.889897
v -0.355656 -0.028099 0.887845
v -0.366714 -0.028239 0.894152
v -0.251656 0.108570 1.196843
v -0.258899 0.096798 1.193669
v -0.258911 0.088594 1.228322
v -0.264743 0.076961 1.223045
v -0.252873 0.108240 1.173656
v -0.244964 0.118153 1.171357
v -0.263494 0.073653 1.214739
v -0.271434 0.054025 1.218567
v -0.278637 0.054427 1.230659
v -0.259076 0.091303 1.189970
v -0.254570 0.100378 1.173679
v -0.256906 0.095708 1.174379
v -0.260465 0.086862 1.188789
v -0.267179 0.070594 1.207373
v -0.274774 0.052472 1.212347
v -0.272447 0.069731 1.205515
v -0.266692 0.084723 1.189157
v -0.262633 0.095607 1.171470
v -0.237407 0.114227 1.175246
v -0.242742 0.105890 1.196632
v -0.233623 0.121778 1.141713
v -0.226571 0.119578 1.140206
v -0.274021 0.085530 1.175463
v -0.274295 0.085596 1.163503
v -0.262810 0.099226 1.155811
v -0.255568 0.108750 1.171384
v -0.254570 0.100378 1.173679
v -0.252873 0.108240 1.173656
v -0.248159 0.122937 1.145386
v -0.243141 0.130468 1.167058
v -0.244964 0.118153 1.171357
v -0.235566 0.137797 1.145035
v -0.244569 0.124318 1.135398
v -0.223974 0.151509 1.158095
v -0.252013 0.122431 1.144969
v -0.265573 0.101692 1.153926
v -0.256392 0.106464 1.126781
v -0.252013 0.122431 1.144969
v -0.260153 0.107441 1.129989
v -0.274027 0.088976 1.121190
v -0.270280 0.087350 1.116580
v -0.250806 0.097789 1.095339
v -0.224956 0.119564 1.112777
v -0.239428 0.119342 1.129756
v -0.241369 0.093082 1.091359
v -0.211370 0.115317 1.108873
v -0.226571 0.119578 1.140206
v -0.233623 0.121778 1.141713
v -0.291381 0.064851 1.105845
v -0.295759 0.065796 1.110409
v -0.310351 0.053824 1.088629
v -0.305844 0.054318 1.086536
v -0.268075 0.075714 1.059306
v -0.275792 0.080481 1.064386
v -0.285966 0.070966 1.039186
v -0.302892 0.062767 1.050627
v -0.289942 0.072359 1.080939
v -0.274685 0.066913 1.036607
v -0.309998 0.056578 1.028108
v -0.286839 0.063906 1.015202
v -0.274931 0.058308 1.011266
v -0.320659 0.048483 1.063992
v -0.315985 0.049759 1.061510
v -0.327973 0.046144 1.039487
v -0.328004 0.028074 1.088179
v -0.333841 0.030828 1.065491
v -0.341031 0.015904 1.049935
v -0.325316 0.023854 1.083540
v -0.312647 0.051320 1.007207
v -0.338453 0.038733 0.999213
v -0.377971 0.000286 0.991801
v -0.334099 0.036229 0.991330
v -0.304515 0.047268 1.001297
v -0.375120 -0.000621 0.981916
v -0.311427 0.031516 1.117561
v -0.315921 0.034268 1.118172
v -0.307760 0.040116 1.139859
v -0.301918 0.036718 1.140563
v -0.301546 0.047656 1.154936
v -0.289558 0.067997 1.163194
v -0.296763 0.043874 1.154985
v -0.277922 0.086139 1.162304
v -0.293540 0.052621 1.163925
v -0.288226 0.064843 1.167129
v -0.288464 0.061130 1.176408
v -0.283957 0.065553 1.185195
v -0.273513 0.081375 1.188168
v -0.277051 0.068038 1.202852
v -0.282324 0.061960 1.193643
v -0.279087 0.057565 1.207745
v -0.282664 0.062616 1.185092
v -0.281046 0.059921 1.191380
v -0.282479 0.053184 1.200817
v -0.279514 0.050688 1.199877
v -0.279493 0.049607 1.199016
v -0.284169 0.046770 1.185810
v -0.285443 0.058447 1.176095
v -0.292392 0.046539 1.169744
v -0.290803 0.043056 1.169185
v -0.277799 0.051803 1.204052
v -0.292285 0.050872 1.161028
v -0.234682 0.131044 1.168367
v -0.223974 0.151509 1.158095
v -0.215590 0.152655 1.157089
v -0.215590 0.152655 1.157089
v -0.234682 0.131044 1.168367
v -0.226106 0.137076 1.143903
v -0.236251 0.123777 1.142694
v -0.244964 0.118153 1.171357
v -0.239428 0.119342 1.129756
v -0.233623 0.121778 1.141713
v -0.223974 0.151509 1.158095
v -0.226106 0.137076 1.143903
v -0.215590 0.152655 1.157089
v -0.239428 0.119342 1.129756
v -0.248687 0.086008 1.229911
v -0.253486 0.063275 1.258106
v -0.264677 0.061694 1.261904
v -0.247800 0.030498 1.236871
v -0.239302 0.036937 1.237131
v -0.224812 0.012141 1.210425
v -0.232153 0.006591 1.211845
v -0.242981 0.013567 1.205914
v -0.257151 0.037278 1.228883
v -0.232173 0.000000 1.189582
v -0.221104 -0.006606 1.189712
v -0.256743 0.038363 1.219932
v -0.271434 0.054025 1.218567
v -0.278637 0.054427 1.230659
v -0.244934 0.017366 1.200848
v -0.236596 0.006387 1.187509
v -0.240494 0.009892 1.187005
v -0.247771 0.020487 1.198554
v -0.260888 0.037705 1.212213
v -0.274774 0.052472 1.212347
v -0.266006 0.036053 1.210470
v -0.254359 0.020242 1.198643
v -0.245706 0.007105 1.184491
v -0.260160 0.013068 1.186124
v -0.259757 0.009583 1.174687
v -0.243729 -0.000532 1.170488
v -0.234373 -0.002060 1.187685
v -0.236596 0.006387 1.187509
v -0.232173 0.000000 1.189582
v -0.220966 -0.019236 1.166303
v -0.214725 -0.018101 1.188917
v -0.221104 -0.006606 1.189712
v -0.203855 -0.028006 1.169428
v -0.216595 -0.021945 1.156916
v -0.188801 -0.032389 1.185149
v -0.224715 -0.020295 1.165966
v -0.245310 -0.004250 1.169513
v -0.233596 -0.012727 1.144316
v -0.224715 -0.020295 1.165966
v -0.236914 -0.014063 1.147865
v -0.256035 -0.005093 1.135030
v -0.252889 -0.003573 1.129958
v -0.229859 -0.011728 1.111452
v -0.198851 -0.016916 1.132856
v -0.213307 -0.017228 1.149847
v -0.222564 -0.005237 1.105822
v -0.187534 -0.009308 1.127210
v -0.201810 -0.009882 1.159253
v -0.207660 -0.013972 1.161685
v -0.280094 0.005838 1.114526
v -0.284070 0.004684 1.119400
v -0.300824 0.004007 1.095958
v -0.296337 0.004616 1.093846
v -0.251997 -0.008344 1.071672
v -0.257730 -0.013964 1.078280
v -0.269297 -0.016181 1.052008
v -0.288625 -0.011823 1.061599
v -0.274716 -0.007248 1.092651
v -0.260125 -0.009213 1.047807
v -0.296282 -0.015142 1.038661
v -0.271386 -0.016883 1.027089
v -0.262117 -0.008689 1.021124
v -0.311039 -0.001816 1.071391
v -0.306094 -0.001953 1.069120
v -0.317389 -0.009193 1.047629
v -0.326541 0.020416 1.089306
v -0.329769 0.009550 1.068620
v -0.341031 0.015904 1.049935
v -0.325316 0.023854 1.083540
v -0.299535 -0.017232 1.017294
v -0.327681 -0.017583 1.007498
v -0.324115 -0.015969 0.999010
v -0.293115 -0.012331 1.010066
v -0.311427 0.031516 1.117561
v -0.314647 0.027612 1.119150
v -0.306144 0.031673 1.141476
v -0.301918 0.036718 1.140563
v -0.298383 0.031117 1.157370
v -0.280309 0.019643 1.170308
v -0.295301 0.036225 1.156111
v -0.262874 0.007453 1.173880
v -0.289613 0.032092 1.166947
v -0.280418 0.024024 1.173134
v -0.282477 0.029825 1.181014
v -0.277150 0.029961 1.190430
v -0.261866 0.020480 1.197125
v -0.270761 0.035155 1.207691
v -0.277377 0.036097 1.197447
v -0.276702 0.045100 1.209580
v -0.277002 0.033012 1.189448
v -0.276806 0.037744 1.194642
v -0.281075 0.045844 1.201896
v -0.279167 0.048878 1.200144
v -0.279493 0.049607 1.199016
v -0.284169 0.046770 1.185810
v -0.280617 0.033217 1.179807
v -0.291052 0.039538 1.170774
v -0.290803 0.043056 1.169185
v -0.277390 0.049666 1.204368
v -0.288922 0.033295 1.163615
v -0.259220 0.048903 1.167870
v -0.248687 0.086008 1.229911
v -0.253486 0.063275 1.258106
v -0.242742 0.105890 1.196632
v -0.237407 0.114227 1.175246
v -0.226571 0.119578 1.140206
v -0.211370 0.115317 1.108873
v -0.241369 0.093082 1.091359
v -0.285538 0.034678 1.105405
v -0.268075 0.075714 1.059306
v -0.316374 0.019438 1.041896
v -0.316374 0.019438 1.041896
v -0.274685 0.066913 1.036607
v -0.274931 0.058308 1.011266
v -0.304515 0.047268 1.001297
v -0.334099 0.036229 0.991330
v -0.375120 -0.000621 0.981916
v -0.285538 0.034678 1.105405
v -0.251997 -0.008344 1.071672
v -0.260125 -0.009213 1.047807
v -0.262117 -0.008689 1.021124
v -0.293115 -0.012331 1.010066
v -0.324115 -0.015969 0.999010
v -0.375120 -0.000621 0.981916
v -0.222564 -0.005237 1.105822
v -0.259220 0.048903 1.167870
v -0.187534 -0.009308 1.127210
v -0.201810 -0.009882 1.159253
v -0.215693 0.000703 1.191950
v -0.224812 0.012141 1.210425
v -0.239302 0.036937 1.237131
v -0.253486 0.063275 1.258106
v -0.180531 -0.030657 1.184059
v -0.206713 -0.015190 1.189881
v -0.188801 -0.032389 1.185149
v -0.206713 -0.015190 1.189881
v -0.180531 -0.030657 1.184059
v -0.195249 -0.024261 1.167639
v -0.209436 -0.016429 1.163320
v -0.221104 -0.006606 1.189712
v -0.213307 -0.017228 1.149847
v -0.207660 -0.013972 1.161685
v -0.180531 -0.030657 1.184059
v -0.188801 -0.032389 1.185149
v -0.195249 -0.024261 1.167639
v -0.213307 -0.017228 1.149847
v -0.215693 0.000703 1.191950
v -0.207660 -0.013972 1.161685
v -0.201810 -0.009882 1.159253
v -0.264677 0.061694 1.261904
v 0.264743 0.076961 1.223045
v 0.258899 0.096798 1.193669
v 0.258911 0.088594 1.228322
v 0.251656 0.108570 1.196843
v 0.252873 0.108240 1.173656
v 0.244964 0.118153 1.171357
v 0.263494 0.073653 1.214739
v 0.271432 0.054025 1.218567
v 0.278637 0.054427 1.230659
v 0.259076 0.091303 1.189970
v 0.254570 0.100378 1.173679
v 0.256906 0.095708 1.174379
v 0.260465 0.086862 1.188789
v 0.267179 0.070594 1.207373
v 0.274774 0.052472 1.212347
v 0.272448 0.069731 1.205515
v 0.266692 0.084723 1.189157
v 0.262633 0.095607 1.171470
v 0.237407 0.114227 1.175246
v 0.242742 0.105890 1.196632
v 0.233623 0.121778 1.141713
v 0.226571 0.119578 1.140206
v 0.274021 0.085530 1.175463
v 0.274295 0.085596 1.163503
v 0.262811 0.099226 1.155811
v 0.255568 0.108750 1.171384
v 0.254570 0.100378 1.173679
v 0.252873 0.108240 1.173656
v 0.248159 0.122937 1.145386
v 0.243141 0.130468 1.167058
v 0.244964 0.118153 1.171357
v 0.235566 0.137797 1.145035
v 0.244569 0.124318 1.135398
v 0.223974 0.151509 1.158095
v 0.252013 0.122431 1.144969
v 0.265573 0.101692 1.153926
v 0.256392 0.106464 1.126781
v 0.252013 0.122431 1.144969
v 0.260154 0.107441 1.129989
v 0.274027 0.088976 1.121190
v 0.270280 0.087350 1.116580
v 0.250806 0.097789 1.095339
v 0.224956 0.119564 1.112777
v 0.239428 0.119342 1.129756
v 0.241369 0.093082 1.091359
v 0.211370 0.115317 1.108873
v 0.226571 0.119578 1.140206
v 0.233623 0.121778 1.141713
v 0.291381 0.064851 1.105845
v 0.295759 0.065796 1.110409
v 0.310351 0.053824 1.088629
v 0.305844 0.054318 1.086536
v 0.268075 0.075714 1.059306
v 0.275792 0.080481 1.064386
v 0.285966 0.070966 1.039186
v 0.302892 0.062767 1.050627
v 0.289942 0.072359 1.080939
v 0.274685 0.066913 1.036607
v 0.309998 0.056578 1.028108
v 0.286839 0.063906 1.015202
v 0.274931 0.058308 1.011266
v 0.320659 0.048483 1.063992
v 0.315985 0.049759 1.061510
v 0.327973 0.046144 1.039487
v 0.328004 0.028074 1.088179
v 0.333839 0.030828 1.065491
v 0.341031 0.015904 1.049935
v 0.325316 0.023854 1.083540
v 0.312647 0.051320 1.007207
v 0.338453 0.038733 0.999213
v 0.377969 0.000286 0.991801
v 0.334099 0.036229 0.991330
v 0.304515 0.047268 1.001297
v 0.375120 -0.000621 0.981916
v 0.311427 0.031516 1.117561
v 0.315921 0.034268 1.118172
v 0.307760 0.040116 1.139859
v 0.301918 0.036718 1.140563
v 0.301546 0.047656 1.154936
v 0.289556 0.067997 1.163194
v 0.296763 0.043874 1.154985
v 0.277922 0.086139 1.162304
v 0.293540 0.052621 1.163925
v 0.288226 0.064843 1.167129
v 0.288464 0.061130 1.176408
v 0.283957 0.065553 1.185195
v 0.273513 0.081375 1.188168
v 0.277051 0.068038 1.202852
v 0.282324 0.061960 1.193643
v 0.279087 0.057565 1.207745
v 0.282665 0.062616 1.185092
v 0.281046 0.059921 1.191380
v 0.282479 0.053184 1.200817
v 0.279514 0.050688 1.199877
v 0.279494 0.049607 1.199016
v 0.284170 0.046770 1.185810
v 0.285443 0.058447 1.176095
v 0.292392 0.046539 1.169744
v 0.290803 0.043056 1.169185
v 0.277799 0.051803 1.204052
v 0.292285 0.050872 1.161028
v 0.215590 0.152655 1.157089
v 0.234682 0.131044 1.168367
v 0.223974 0.151509 1.158095
v 0.234682 0.131044 1.168367
v 0.215590 0.152655 1.157089
v 0.226106 0.137076 1.143903
v 0.236251 0.123777 1.142694
v 0.244964 0.118153 1.171357
v 0.239428 0.119342 1.129756
v 0.233623 0.121778 1.141713
v 0.215590 0.152655 1.157089
v 0.223974 0.151509 1.158095
v 0.226106 0.137076 1.143903
v 0.239428 0.119342 1.129756
v 0.248688 0.086008 1.229911
v 0.253486 0.063275 1.258106
v 0.264677 0.061694 1.261904
v 0.247800 0.030498 1.236871
v 0.239302 0.036937 1.237131
v 0.224812 0.012141 1.210425
v 0.232153 0.006591 1.211845
v 0.242981 0.013567 1.205914
v 0.257151 0.037278 1.228883
v 0.232172 0.000000 1.189582
v 0.221104 -0.006606 1.189712
v 0.256743 0.038363 1.219932
v 0.271432 0.054025 1.218567
v 0.278637 0.054427 1.230659
v 0.244934 0.017366 1.200848
v 0.236596 0.006387 1.187509
v 0.240494 0.009892 1.187005
v 0.247771 0.020487 1.198554
v 0.260889 0.037705 1.212213
v 0.274774 0.052472 1.212347
v 0.266006 0.036053 1.210470
v 0.254359 0.020242 1.198643
v 0.245706 0.007105 1.184491
v 0.260160 0.013068 1.186124
v 0.259757 0.009583 1.174687
v 0.243729 -0.000532 1.170488
v 0.234375 -0.002060 1.187685
v 0.236596 0.006387 1.187509
v 0.232172 0.000000 1.189582
v 0.220966 -0.019236 1.166303
v 0.214725 -0.018101 1.188917
v 0.221104 -0.006606 1.189712
v 0.203852 -0.028006 1.169428
v 0.216595 -0.021945 1.156916
v 0.188801 -0.032389 1.185149
v 0.224715 -0.020295 1.165966
v 0.245310 -0.004250 1.169513
v 0.233596 -0.012727 1.144316
v 0.224715 -0.020295 1.165966
v 0.236914 -0.014063 1.147865
v 0.256035 -0.005093 1.135030
v 0.252889 -0.003573 1.129958
v 0.229859 -0.011728 1.111452
v 0.198851 -0.016916 1.132856
v 0.213307 -0.017228 1.149847
v 0.222564 -0.005237 1.105822
v 0.187534 -0.009308 1.127210
v 0.201810 -0.009882 1.159253
v 0.207658 -0.013972 1.161685
v 0.280094 0.005838 1.114526
v 0.284070 0.004684 1.119400
v 0.300824 0.004007 1.095958
v 0.296338 0.004616 1.093846
v 0.251997 -0.008344 1.071672
v 0.257730 -0.013964 1.078280
v 0.269297 -0.016181 1.052008
v 0.288625 -0.011823 1.061599
v 0.274716 -0.007248 1.092651
v 0.260125 -0.009213 1.047807
v 0.296280 -0.015142 1.038661
v 0.271386 -0.016883 1.027089
v 0.262117 -0.008689 1.021124
v 0.311039 -0.001816 1.071391
v 0.306094 -0.001953 1.069120
v 0.317389 -0.009193 1.047629
v 0.326541 0.020416 1.089306
v 0.329770 0.009550 1.068620
v 0.341031 0.015904 1.049935
v 0.325316 0.023854 1.083540
v 0.299535 -0.017232 1.017294
v 0.327680 -0.017583 1.007498
v 0.324113 -0.015969 0.999010
v 0.293115 -0.012331 1.010066
v 0.311427 0.031516 1.117561
v 0.314647 0.027612 1.119150
v 0.306144 0.031673 1.141476
v 0.301918 0.036718 1.140563
v 0.298383 0.031117 1.157370
v 0.280309 0.019643 1.170308
v 0.295301 0.036225 1.156111
v 0.262873 0.007453 1.173880
v 0.289614 0.032092 1.166947
v 0.280418 0.024024 1.173134
v 0.282477 0.029825 1.181014
v 0.277150 0.029961 1.190430
v 0.261866 0.020480 1.197125
v 0.270761 0.035155 1.207691
v 0.277377 0.036097 1.197447
v 0.276702 0.045100 1.209580
v 0.277002 0.033012 1.189448
v 0.276806 0.037744 1.194642
v 0.281075 0.045844 1.201896
v 0.279167 0.048878 1.200144
v 0.279494 0.049607 1.199016
v 0.284170 0.046770 1.185810
v 0.280617 0.033217 1.179807
v 0.291053 0.039538 1.170774
v 0.290803 0.043056 1.169185
v 0.277390 0.049666 1.204368
v 0.288922 0.033295 1.163615
v 0.248688 0.086008 1.229911
v 0.259220 0.048903 1.167870
v 0.253486 0.063275 1.258106
v 0.242742 0.105890 1.196632
v 0.237407 0.114227 1.175246
v 0.226571 0.119578 1.140206
v 0.211370 0.115317 1.108873
v 0.241369 0.093082 1.091359
v 0.285538 0.034678 1.105405
v 0.268075 0.075714 1.059306
v 0.316374 0.019438 1.041896
v 0.274685 0.066913 1.036607
v 0.316374 0.019438 1.041896
v 0.274931 0.058308 1.011266
v 0.304515 0.047268 1.001297
v 0.334099 0.036229 0.991330
v 0.375120 -0.000621 0.981916
v 0.251997 -0.008344 1.071672
v 0.285538 0.034678 1.105405
v 0.260125 -0.009213 1.047807
v 0.262117 -0.008689 1.021124
v 0.293115 -0.012331 1.010066
v 0.324113 -0.015969 0.999010
v 0.375120 -0.000621 0.981916
v 0.222564 -0.005237 1.105822
v 0.259220 0.048903 1.167870
v 0.187534 -0.009308 1.127210
v 0.201810 -0.009882 1.159253
v 0.215693 0.000703 1.191950
v 0.224812 0.012141 1.210425
v 0.239302 0.036937 1.237131
v 0.253486 0.063275 1.258106
v 0.206713 -0.015190 1.189881
v 0.188801 -0.032389 1.185149
v 0.180529 -0.030657 1.184059
v 0.180529 -0.030657 1.184059
v 0.206713 -0.015190 1.189881
v 0.195247 -0.024261 1.167639
v 0.209436 -0.016429 1.163320
v 0.221104 -0.006606 1.189712
v 0.213307 -0.017228 1.149847
v 0.207658 -0.013972 1.161685
v 0.188801 -0.032389 1.185149
v 0.195247 -0.024261 1.167639
v 0.180529 -0.030657 1.184059
v 0.213307 -0.017228 1.149847
v 0.215693 0.000703 1.191950
v 0.207658 -0.013972 1.161685
v 0.201810 -0.009882 1.159253
v 0.264677 0.061694 1.261904
v -0.344989 0.013123 1.042480
v -0.316118 -0.001589 1.074209
v -0.336039 0.022628 1.091117
v -0.371505 -0.000609 0.987433
v -0.360454 -0.030876 0.989945
v -0.268733 0.007202 1.114470
v -0.244548 -0.005159 1.102436
v -0.251801 0.011984 1.149616
v -0.221108 -0.003740 1.136005
v -0.269439 0.044712 1.149269
v -0.283833 0.036408 1.114997
v -0.298363 0.028722 1.084659
v -0.284622 0.002163 1.082832
v -0.262412 -0.008116 1.072873
v -0.279875 -0.012304 1.043139
v -0.301011 -0.002667 1.053030
v -0.313431 0.020958 1.054469
v -0.318991 -0.008615 1.020939
v -0.330129 0.012587 1.022420
v -0.298778 -0.018208 1.011800
v -0.279539 -0.012062 0.999475
v -0.347279 0.004254 0.991143
v -0.335746 -0.016034 0.989974
v -0.316202 -0.026453 0.981020
v -0.299271 -0.024197 0.971972
v -0.359388 -0.001635 0.969001
v -0.347237 -0.022529 0.967186
v -0.328522 -0.032998 0.960035
v -0.305702 -0.029534 0.957155
v -0.344782 -0.017936 0.963091
v -0.355047 -0.001478 0.964961
v -0.328035 -0.027878 0.957133
v -0.307874 -0.024482 0.955597
v -0.287634 -0.014905 0.964311
v -0.292233 -0.009601 0.964286
v -0.269929 -0.002696 0.990322
v -0.274128 0.017300 0.986849
v -0.248388 0.007134 1.023273
v -0.249641 0.027226 1.019441
v -0.244381 0.006061 1.023093
v -0.252828 0.000039 1.028720
v -0.247046 -0.003519 1.028970
v -0.238997 0.003813 1.050759
v -0.236491 0.001354 1.046908
v -0.233520 0.012421 1.043787
v -0.232353 0.010303 1.041083
v -0.229565 0.014118 1.049545
v -0.243190 0.027802 1.015548
v -0.236777 0.018243 1.047109
v -0.231542 0.020317 1.059293
v -0.221944 0.015881 1.061946
v -0.230923 0.033196 1.034454
v -0.234020 0.033064 1.037215
v -0.240795 0.032556 1.041901
v -0.221187 0.003631 1.086061
v -0.234327 0.035213 1.050726
v -0.221517 0.025463 1.053527
v -0.225716 0.036472 1.048527
v -0.214446 0.020234 1.063515
v -0.208459 0.018138 1.079492
v -0.194883 0.021135 1.099670
v -0.201448 0.004126 1.113110
v -0.212547 0.025560 1.086088
v -0.199638 0.026107 1.102271
v -0.189340 0.010997 1.127875
v -0.207084 0.023526 1.075547
v -0.214002 0.041570 1.066255
v -0.203556 0.033613 1.081158
v -0.212547 0.025560 1.086088
v -0.203903 0.033931 1.085122
v -0.203730 0.046167 1.082580
v -0.206389 0.046508 1.087727
v -0.203556 0.033613 1.081158
v -0.187602 0.006005 1.126841
v -0.189340 0.010997 1.127875
v -0.187602 0.006005 1.126841
v -0.223034 0.003267 1.137312
v -0.248861 0.016544 1.147665
v -0.263419 0.045556 1.147514
v -0.189340 0.010997 1.127875
v -0.292233 -0.009601 0.964286
v -0.307874 -0.024482 0.955597
v -0.305089 -0.014341 0.976611
v -0.328035 -0.027878 0.957133
v -0.321322 -0.017647 0.983731
v -0.344782 -0.017936 0.963091
v -0.333178 0.006102 0.986237
v -0.355047 -0.001478 0.964961
v -0.311786 -0.015163 0.942043
v -0.310343 0.002163 0.935852
v -0.293014 0.009482 0.960714
v -0.314095 -0.014106 0.942062
v -0.312337 0.001833 0.936120
v -0.305089 -0.014341 0.976611
v -0.319910 -0.020487 0.948679
v -0.292233 -0.009601 0.964286
v -0.311786 -0.015163 0.942043
v -0.331178 -0.019255 0.955539
v -0.321322 -0.017647 0.983731
v -0.338209 -0.012816 0.958177
v -0.333178 0.006102 0.986237
v -0.343352 -0.000481 0.957638
v -0.314095 -0.014106 0.942062
v -0.320923 -0.018642 0.947460
v -0.330877 -0.017717 0.953844
v -0.337071 -0.012165 0.956168
v -0.341537 -0.000503 0.955411
v -0.192922 0.051935 1.105455
v -0.198521 0.035740 1.103194
v -0.206389 0.046508 1.087727
v -0.203903 0.033931 1.085122
v -0.209663 0.023202 1.101146
v -0.212547 0.025560 1.086088
v -0.211873 0.025320 1.101920
v -0.200521 0.037160 1.104908
v -0.195139 0.051851 1.107497
v -0.224554 0.016697 1.103078
v -0.249647 0.007872 1.068111
v -0.224339 0.019744 1.102389
v -0.224554 0.016697 1.103078
v -0.231453 0.022975 1.117522
v -0.229967 0.025832 1.116673
v -0.261836 0.010877 1.070309
v -0.234459 0.034451 1.128059
v -0.231959 0.036212 1.126715
v -0.272964 0.020815 1.067309
v -0.235849 0.048576 1.134287
v -0.232909 0.048909 1.132933
v -0.277202 0.029137 1.062861
v -0.192922 0.051935 1.105455
v -0.205214 0.062128 1.100830
v -0.203748 0.063562 1.098648
v -0.206389 0.046508 1.087727
v -0.208368 0.057695 1.081241
v -0.218469 0.070063 1.093491
v -0.219457 0.062326 1.080082
v -0.219828 0.067648 1.095006
v -0.234785 0.071133 1.094187
v -0.259309 0.059289 1.059712
v -0.233466 0.068304 1.094457
v -0.234785 0.071133 1.094187
v -0.239838 0.067586 1.110234
v -0.237389 0.065330 1.110222
v -0.269751 0.052996 1.063428
v -0.239191 0.059630 1.123946
v -0.236156 0.058544 1.123067
v -0.276448 0.039359 1.064281
v -0.235849 0.048576 1.134287
v -0.277202 0.029137 1.062861
v -0.203556 0.033613 1.081158
v -0.212547 0.025560 1.086088
v -0.314095 -0.014106 0.942062
v -0.302657 -0.006249 0.962083
v -0.312337 0.001833 0.936120
v -0.301905 0.007310 0.957647
v -0.308272 -0.011166 0.966972
v -0.320923 -0.018642 0.947460
v -0.330877 -0.017717 0.953844
v -0.317654 -0.010722 0.972917
v -0.323297 -0.005532 0.974565
v -0.337071 -0.012165 0.956168
v -0.341537 -0.000503 0.955411
v -0.327263 0.005220 0.974038
v -0.239802 0.004075 1.106117
v -0.256785 0.012272 1.119728
v -0.223034 0.003267 1.137312
v -0.248861 0.016544 1.147665
v -0.270816 0.040583 1.125573
v -0.263419 0.045556 1.147514
v -0.216932 0.013340 1.099978
v -0.189340 0.010997 1.127875
v -0.297112 0.026864 1.071849
v -0.282823 0.003788 1.069335
v -0.267208 -0.002182 1.059392
v -0.249647 0.007872 1.068111
v -0.199638 0.026107 1.102271
v -0.212547 0.025560 1.086088
v -0.200521 0.037160 1.104908
v -0.218995 0.033654 1.085363
v -0.211873 0.025320 1.101920
v -0.223425 0.026522 1.089562
v -0.218053 0.043459 1.082481
v -0.195139 0.051851 1.107497
v -0.224339 0.019744 1.102389
v -0.230074 0.023528 1.094249
v -0.238115 0.026478 1.099234
v -0.229967 0.025832 1.116673
v -0.243198 0.032775 1.101322
v -0.231959 0.036212 1.126715
v -0.246739 0.041204 1.101677
v -0.232909 0.048909 1.132933
v -0.240704 0.100531 1.118973
v -0.261148 0.083162 1.088010
v -0.264578 0.079967 1.138511
v -0.280045 0.067386 1.104639
v -0.269439 0.044712 1.149269
v -0.283833 0.036408 1.114997
v -0.298363 0.028722 1.084659
v -0.294830 0.056480 1.073959
v -0.277161 0.070361 1.060055
v -0.293226 0.058729 1.031536
v -0.310118 0.045779 1.045117
v -0.313431 0.020958 1.054469
v -0.327150 0.034800 1.013847
v -0.330129 0.012587 1.022420
v -0.311148 0.047614 1.001048
v -0.290303 0.045203 0.990121
v -0.347279 0.004254 0.991143
v -0.343626 0.025896 0.983124
v -0.328553 0.039264 0.970285
v -0.311425 0.040477 0.961408
v -0.359388 -0.001635 0.969001
v -0.355334 0.020555 0.960149
v -0.341157 0.034226 0.949054
v -0.318460 0.038357 0.946065
v -0.351180 0.016108 0.957531
v -0.355047 -0.001478 0.964961
v -0.338723 0.028984 0.947843
v -0.318611 0.032646 0.946265
v -0.296831 0.034032 0.956317
v -0.299246 0.027713 0.958192
v -0.277487 0.037517 0.983753
v -0.274128 0.017300 0.986849
v -0.255804 0.046595 1.016829
v -0.249641 0.027226 1.019441
v -0.252431 0.048905 1.016096
v -0.262775 0.052965 1.020077
v -0.258652 0.058231 1.018883
v -0.249802 0.061306 1.041367
v -0.248108 0.063180 1.036809
v -0.241239 0.053495 1.037076
v -0.240743 0.054946 1.033790
v -0.237281 0.055168 1.042839
v -0.243190 0.027802 1.015548
v -0.242411 0.048222 1.042212
v -0.237494 0.051991 1.054120
v -0.230260 0.060123 1.054718
v -0.230923 0.033196 1.034454
v -0.234020 0.033064 1.037215
v -0.240795 0.032556 1.041901
v -0.235281 0.078629 1.073811
v -0.234327 0.035213 1.050726
v -0.225982 0.049221 1.049646
v -0.225716 0.036472 1.048527
v -0.221807 0.059414 1.057117
v -0.217888 0.068300 1.071300
v -0.205319 0.076663 1.090599
v -0.218245 0.093497 1.098512
v -0.219457 0.062326 1.080082
v -0.208147 0.071389 1.094874
v -0.205363 0.096257 1.113948
v -0.214467 0.062815 1.069130
v -0.214002 0.041570 1.066255
v -0.207929 0.056882 1.077357
v -0.219457 0.062326 1.080082
v -0.208368 0.057695 1.081241
v -0.203730 0.046167 1.082580
v -0.206389 0.046508 1.087727
v -0.207929 0.056882 1.077357
v -0.205447 0.100964 1.111328
v -0.205363 0.096257 1.113948
v -0.205447 0.100964 1.111328
v -0.240097 0.094063 1.122480
v -0.260106 0.076379 1.137892
v -0.263419 0.045556 1.147514
v -0.205363 0.096257 1.113948
v -0.318611 0.032646 0.946265
v -0.299246 0.027713 0.958192
v -0.313638 0.031142 0.969181
v -0.338723 0.028984 0.947843
v -0.330372 0.030504 0.975866
v -0.351180 0.016108 0.957531
v -0.333178 0.006102 0.986237
v -0.355047 -0.001478 0.964961
v -0.293014 0.009482 0.960714
v -0.310343 0.002163 0.935852
v -0.318180 0.018863 0.936486
v -0.319965 0.017118 0.936961
v -0.312337 0.001833 0.936120
v -0.318180 0.018863 0.936486
v -0.328033 0.022730 0.941618
v -0.299246 0.027713 0.958192
v -0.313638 0.031142 0.969181
v -0.338512 0.019765 0.949165
v -0.330372 0.030504 0.975866
v -0.342947 0.012401 0.954056
v -0.333178 0.006102 0.986237
v -0.343352 -0.000481 0.957638
v -0.319965 0.017118 0.936961
v -0.328254 0.020370 0.941088
v -0.337590 0.017991 0.948012
v -0.341539 0.011612 0.952285
v -0.341537 -0.000503 0.955411
v -0.219457 0.062326 1.080082
v -0.207929 0.056882 1.077357
v -0.301905 0.007310 0.957647
v -0.307663 0.020384 0.957732
v -0.312337 0.001833 0.936120
v -0.319965 0.017118 0.936961
v -0.314925 0.024245 0.961189
v -0.328254 0.020370 0.941088
v -0.337590 0.017991 0.948012
v -0.323873 0.022360 0.967513
v -0.327397 0.016286 0.971002
v -0.341539 0.011612 0.952285
v -0.341537 -0.000503 0.955411
v -0.327263 0.005220 0.974038
v -0.260106 0.076379 1.137892
v -0.267400 0.068752 1.110504
v -0.240097 0.094063 1.122480
v -0.253661 0.077820 1.094071
v -0.270816 0.040583 1.125573
v -0.263419 0.045556 1.147514
v -0.228677 0.075842 1.089769
v -0.205363 0.096257 1.113948
v -0.297112 0.026864 1.071849
v -0.291796 0.051531 1.061537
v -0.278758 0.059272 1.049353
v -0.259309 0.059289 1.059712
v -0.208147 0.071389 1.094874
v -0.219457 0.062326 1.080082
v -0.229471 0.058696 1.084306
v -0.222570 0.052672 1.082258
v -0.219828 0.067648 1.095006
v -0.205214 0.062128 1.100830
v -0.218053 0.043459 1.082481
v -0.195139 0.051851 1.107497
v -0.233466 0.068304 1.094457
v -0.237009 0.060429 1.088221
v -0.243760 0.056510 1.094329
v -0.237389 0.065330 1.110222
v -0.246396 0.049792 1.098541
v -0.236156 0.058544 1.123067
v -0.246739 0.041204 1.101677
v -0.232909 0.048909 1.132933
v 0.221108 -0.003740 1.136005
v 0.244548 -0.005159 1.102436
v 0.251801 0.011984 1.149616
v 0.268734 0.007202 1.114470
v 0.269440 0.044712 1.149269
v 0.283833 0.036408 1.114997
v 0.298363 0.028722 1.084659
v 0.284622 0.002163 1.082832
v 0.262412 -0.008116 1.072873
v 0.279875 -0.012304 1.043139
v 0.301011 -0.002667 1.053030
v 0.313431 0.020958 1.054469
v 0.318991 -0.008615 1.020939
v 0.330129 0.012587 1.022420
v 0.298778 -0.018208 1.011800
v 0.279539 -0.012062 0.999475
v 0.347279 0.004254 0.991143
v 0.335746 -0.016034 0.989974
v 0.316202 -0.026453 0.981020
v 0.299269 -0.024197 0.971972
v 0.359388 -0.001635 0.969001
v 0.347237 -0.022529 0.967186
v 0.328522 -0.032998 0.960035
v 0.305702 -0.029534 0.957155
v 0.344782 -0.017936 0.963091
v 0.355047 -0.001478 0.964961
v 0.328035 -0.027878 0.957133
v 0.307874 -0.024482 0.955597
v 0.287634 -0.014905 0.964311
v 0.292233 -0.009601 0.964286
v 0.269929 -0.002696 0.990322
v 0.274128 0.017300 0.986849
v 0.248388 0.007134 1.023273
v 0.249639 0.027226 1.019441
v 0.244381 0.006061 1.023093
v 0.252828 0.000039 1.028720
v 0.247046 -0.003519 1.028970
v 0.238997 0.003813 1.050759
v 0.236491 0.001354 1.046908
v 0.233520 0.012421 1.043787
v 0.232353 0.010303 1.041083
v 0.229565 0.014118 1.049545
v 0.243190 0.027802 1.015548
v 0.236777 0.018243 1.047109
v 0.231542 0.020317 1.059293
v 0.221944 0.015881 1.061946
v 0.230923 0.033196 1.034454
v 0.234020 0.033064 1.037215
v 0.240795 0.032556 1.041901
v 0.221187 0.003631 1.086061
v 0.234327 0.035213 1.050726
v 0.221517 0.025463 1.053527
v 0.225716 0.036472 1.048527
v 0.214446 0.020234 1.063515
v 0.208459 0.018138 1.079492
v 0.194883 0.021135 1.099670
v 0.201448 0.004126 1.113110
v 0.212547 0.025560 1.086088
v 0.199638 0.026107 1.102271
v 0.189340 0.010997 1.127875
v 0.207084 0.023526 1.075547
v 0.214002 0.041570 1.066255
v 0.203556 0.033613 1.081158
v 0.212547 0.025560 1.086088
v 0.203903 0.033931 1.085122
v 0.203730 0.046167 1.082580
v 0.206389 0.046508 1.087727
v 0.203556 0.033613 1.081158
v 0.187602 0.006005 1.126841
v 0.189340 0.010997 1.127875
v 0.187602 0.006005 1.126841
v 0.223034 0.003267 1.137312
v 0.248861 0.016544 1.147665
v 0.263420 0.045556 1.147514
v 0.189340 0.010997 1.127875
v 0.307874 -0.024482 0.955597
v 0.292233 -0.009601 0.964286
v 0.305089 -0.014341 0.976611
v 0.328035 -0.027878 0.957133
v 0.321322 -0.017647 0.983731
v 0.344782 -0.017936 0.963091
v 0.333178 0.006102 0.986237
v 0.355047 -0.001478 0.964961
v 0.293014 0.009482 0.960714
v 0.310343 0.002163 0.935852
v 0.311786 -0.015163 0.942043
v 0.314095 -0.014106 0.942062
v 0.312337 0.001833 0.936120
v 0.311786 -0.015163 0.942043
v 0.319910 -0.020487 0.948679
v 0.292233 -0.009601 0.964286
v 0.305089 -0.014341 0.976611
v 0.331180 -0.019255 0.955539
v 0.321322 -0.017647 0.983731
v 0.338209 -0.012816 0.958177
v 0.333178 0.006102 0.986237
v 0.343352 -0.000481 0.957638
v 0.314095 -0.014106 0.942062
v 0.320921 -0.018642 0.947460
v 0.330877 -0.017717 0.953844
v 0.337072 -0.012165 0.956168
v 0.341537 -0.000503 0.955411
v 0.203903 0.033931 1.085122
v 0.198521 0.035740 1.103194
v 0.206389 0.046508 1.087727
v 0.192922 0.051935 1.105455
v 0.209663 0.023202 1.101146
v 0.212547 0.025560 1.086088
v 0.211873 0.025320 1.101920
v 0.200521 0.037160 1.104908
v 0.195139 0.051851 1.107497
v 0.224554 0.016697 1.103078
v 0.249648 0.007872 1.068111
v 0.224339 0.019744 1.102389
v 0.224554 0.016697 1.103078
v 0.231453 0.022975 1.117522
v 0.229965 0.025832 1.116673
v 0.261836 0.010877 1.070309
v 0.234459 0.034451 1.128059
v 0.231959 0.036212 1.126715
v 0.272964 0.020815 1.067309
v 0.235849 0.048576 1.134287
v 0.232909 0.048909 1.132933
v 0.277202 0.029137 1.062861
v 0.205214 0.062128 1.100830
v 0.192922 0.051935 1.105455
v 0.203748 0.063562 1.098648
v 0.206389 0.046508 1.087727
v 0.208368 0.057695 1.081241
v 0.218469 0.070063 1.093491
v 0.219457 0.062326 1.080082
v 0.219828 0.067648 1.095006
v 0.234785 0.071133 1.094187
v 0.259309 0.059289 1.059712
v 0.233464 0.068304 1.094457
v 0.234785 0.071133 1.094187
v 0.239837 0.067586 1.110234
v 0.237389 0.065330 1.110222
v 0.269751 0.052996 1.063428
v 0.239191 0.059630 1.123946
v 0.236156 0.058544 1.123067
v 0.276448 0.039359 1.064281
v 0.235849 0.048576 1.134287
v 0.277202 0.029137 1.062861
v 0.212547 0.025560 1.086088
v 0.203556 0.033613 1.081158
v 0.301905 0.007310 0.957647
v 0.302657 -0.006249 0.962083
v 0.312337 0.001833 0.936120
v 0.314095 -0.014106 0.942062
v 0.308272 -0.011166 0.966972
v 0.320921 -0.018642 0.947460
v 0.330877 -0.017717 0.953844
v 0.317654 -0.010722 0.972917
v 0.323295 -0.005532 0.974565
v 0.337072 -0.012165 0.956168
v 0.341537 -0.000503 0.955411
v 0.327263 0.005220 0.974038
v 0.248861 0.016544 1.147665
v 0.256785 0.012272 1.119728
v 0.223034 0.003267 1.137312
v 0.239802 0.004075 1.106117
v 0.270817 0.040583 1.125573
v 0.263420 0.045556 1.147514
v 0.216932 0.013340 1.099978
v 0.189340 0.010997 1.127875
v 0.297112 0.026864 1.071849
v 0.282824 0.003788 1.069335
v 0.267208 -0.002182 1.059392
v 0.249648 0.007872 1.068111
v 0.199638 0.026107 1.102271
v 0.212547 0.025560 1.086088
v 0.223425 0.026522 1.089562
v 0.218995 0.033654 1.085363
v 0.211873 0.025320 1.101920
v 0.200521 0.037160 1.104908
v 0.218053 0.043459 1.082481
v 0.195139 0.051851 1.107497
v 0.224339 0.019744 1.102389
v 0.230074 0.023528 1.094249
v 0.238115 0.026478 1.099234
v 0.229965 0.025832 1.116673
v 0.243198 0.032775 1.101322
v 0.231959 0.036212 1.126715
v 0.246739 0.041204 1.101677
v 0.232909 0.048909 1.132933
v 0.280045 0.067386 1.104639
v 0.261147 0.083162 1.088010
v 0.264578 0.079967 1.138511
v 0.240704 0.100531 1.118973
v 0.269440 0.044712 1.149269
v 0.283833 0.036408 1.114997
v 0.298363 0.028722 1.084659
v 0.294830 0.056480 1.073959
v 0.277161 0.070361 1.060055
v 0.293226 0.058729 1.031536
v 0.310118 0.045779 1.045117
v 0.313431 0.020958 1.054469
v 0.327150 0.034800 1.013847
v 0.330129 0.012587 1.022420
v 0.311148 0.047614 1.001048
v 0.290303 0.045203 0.990121
v 0.347279 0.004254 0.991143
v 0.343626 0.025896 0.983124
v 0.328552 0.039264 0.970285
v 0.311425 0.040477 0.961408
v 0.359388 -0.001635 0.969001
v 0.355334 0.020555 0.960149
v 0.341157 0.034226 0.949054
v 0.318460 0.038357 0.946065
v 0.351180 0.016108 0.957531
v 0.355047 -0.001478 0.964961
v 0.338723 0.028984 0.947843
v 0.318611 0.032646 0.946265
v 0.296831 0.034032 0.956317
v 0.299246 0.027713 0.958192
v 0.277487 0.037517 0.983753
v 0.274128 0.017300 0.986849
v 0.255804 0.046595 1.016829
v 0.249639 0.027226 1.019441
v 0.252431 0.048905 1.016096
v 0.262775 0.052965 1.020077
v 0.258652 0.058231 1.018883
v 0.249802 0.061306 1.041367
v 0.248110 0.063180 1.036809
v 0.241239 0.053495 1.037076
v 0.240743 0.054946 1.033790
v 0.237281 0.055168 1.042839
v 0.243190 0.027802 1.015548
v 0.242412 0.048222 1.042212
v 0.237494 0.051991 1.054120
v 0.230257 0.060123 1.054718
v 0.230923 0.033196 1.034454
v 0.234020 0.033064 1.037215
v 0.240795 0.032556 1.041901
v 0.235281 0.078629 1.073811
v 0.234327 0.035213 1.050726
v 0.225983 0.049221 1.049646
v 0.225716 0.036472 1.048527
v 0.221807 0.059414 1.057117
v 0.217888 0.068300 1.071300
v 0.205319 0.076663 1.090599
v 0.218245 0.093497 1.098512
v 0.219457 0.062326 1.080082
v 0.208148 0.071389 1.094874
v 0.205363 0.096257 1.113948
v 0.214467 0.062815 1.069130
v 0.214002 0.041570 1.066255
v 0.207929 0.056882 1.077357
v 0.219457 0.062326 1.080082
v 0.208368 0.057695 1.081241
v 0.203730 0.046167 1.082580
v 0.206389 0.046508 1.087727
v 0.207929 0.056882 1.077357
v 0.205447 0.100964 1.111328
v 0.205363 0.096257 1.113948
v 0.205447 0.100964 1.111328
v 0.240097 0.094063 1.122480
v 0.260106 0.076379 1.137892
v 0.263420 0.045556 1.147514
v 0.205363 0.096257 1.113948
v 0.299246 0.027713 0.958192
v 0.318611 0.032646 0.946265
v 0.313638 0.031142 0.969181
v 0.338723 0.028984 0.947843
v 0.330372 0.030504 0.975866
v 0.351180 0.016108 0.957531
v 0.333178 0.006102 0.986237
v 0.355047 -0.001478 0.964961
v 0.318180 0.018863 0.936486
v 0.310343 0.002163 0.935852
v 0.293014 0.009482 0.960714
v 0.319965 0.017118 0.936961
v 0.312337 0.001833 0.936120
v 0.313638 0.031142 0.969181
v 0.328033 0.022730 0.941618
v 0.299246 0.027713 0.958192
v 0.318180 0.018863 0.936486
v 0.338513 0.019765 0.949165
v 0.330372 0.030504 0.975866
v 0.342947 0.012401 0.954056
v 0.333178 0.006102 0.986237
v 0.343352 -0.000481 0.957638
v 0.319965 0.017118 0.936961
v 0.328254 0.020370 0.941088
v 0.337590 0.017991 0.948012
v 0.341539 0.011612 0.952285
v 0.341537 -0.000503 0.955411
v 0.207929 0.056882 1.077357
v 0.219457 0.062326 1.080082
v 0.319965 0.017118 0.936961
v 0.307663 0.020384 0.957732
v 0.312337 0.001833 0.936120
v 0.301905 0.007310 0.957647
v 0.314925 0.024245 0.961189
v 0.328254 0.020370 0.941088
v 0.337590 0.017991 0.948012
v 0.323873 0.022360 0.967513
v 0.327397 0.016286 0.971002
v 0.341539 0.011612 0.952285
v 0.341537 -0.000503 0.955411
v 0.327263 0.005220 0.974038
v 0.253661 0.077820 1.094071
v 0.267400 0.068752 1.110504
v 0.240097 0.094063 1.122480
v 0.260106 0.076379 1.137892
v 0.270817 0.040583 1.125573
v 0.263420 0.045556 1.147514
v 0.228677 0.075842 1.089769
v 0.205363 0.096257 1.113948
v 0.297112 0.026864 1.071849
v 0.291796 0.051531 1.061537
v 0.278757 0.059272 1.049353
v 0.259309 0.059289 1.059712
v 0.208148 0.071389 1.094874
v 0.219457 0.062326 1.080082
v 0.205214 0.062128 1.100830
v 0.222570 0.052672 1.082258
v 0.219828 0.067648 1.095006
v 0.229471 0.058696 1.084306
v 0.218053 0.043459 1.082481
v 0.195139 0.051851 1.107497
v 0.233464 0.068304 1.094457
v 0.237009 0.060429 1.088221
v 0.243760 0.056510 1.094329
v 0.237389 0.065330 1.110222
v 0.246396 0.049792 1.098541
v 0.236156 0.058544 1.123067
v 0.246739 0.041204 1.101677
v 0.232909 0.048909 1.132933
v -0.052287 0.068794 1.672816
v -0.036968 0.078932 1.668006
v -0.055965 0.096654 1.650095
v -0.041163 0.098285 1.645218
v -0.045348 0.105700 1.618417
v -0.065771 0.095060 1.632088
v -0.069118 0.101898 1.661635
v -0.065261 0.080964 1.684018
v -0.080951 0.101142 1.646129
v -0.082254 0.079915 1.614470
v -0.070520 0.090689 1.595382
v -0.077661 0.077458 1.571550
v -0.090460 0.055764 1.604817
v -0.055480 0.105593 1.589288
v -0.057276 0.092731 1.556614
v -0.076129 0.049561 1.545418
v -0.056471 0.063952 1.527092
v -0.059900 0.019758 1.537252
v -0.091003 0.032591 1.572947
v -0.094174 0.029119 1.612077
v -0.072196 0.004847 1.559084
v -0.040040 0.035463 1.519114
v -0.103956 0.057860 1.618713
v -0.109759 0.030081 1.626979
v -0.088033 0.011819 1.633810
v -0.090739 0.009812 1.595685
v -0.084989 -0.003709 1.624483
v -0.077933 -0.008821 1.577138
v -0.075363 -0.022994 1.606408
v -0.079531 -0.013425 1.650502
v -0.081757 0.004411 1.657079
v -0.067332 -0.035420 1.624906
v -0.072927 0.007306 1.682143
v -0.064999 -0.021177 1.677354
v -0.055909 -0.043591 1.647846
v -0.040535 -0.049250 1.662957
v -0.043075 -0.027296 1.694850
v -0.097669 0.005214 1.668751
v -0.087124 0.011265 1.689575
v -0.072452 0.027826 1.704056
v -0.057580 0.025130 1.696271
v -0.061009 0.006909 1.687113
v -0.107470 0.013171 1.637906
v -0.062194 0.056337 1.704517
v -0.052623 0.052567 1.690579
v -0.038601 0.029949 1.699470
v -0.041444 0.002087 1.703306
v -0.037461 0.053574 1.690765
v -0.052287 0.068794 1.672816
v -0.036968 0.078932 1.668006
v -0.065261 0.080964 1.684018
v -0.017335 0.057452 1.686576
v -0.016810 0.085081 1.664783
v 0.000000 0.085332 1.664368
v 0.000000 0.055771 1.683805
v -0.018101 0.031014 1.703341
v 0.000000 0.029699 1.702509
v 0.000000 0.002685 1.709079
v -0.020454 0.001098 1.708907
v 0.000000 -0.031109 1.701878
v -0.021555 -0.031066 1.700269
v 0.000000 -0.058692 1.677137
v -0.020822 -0.054906 1.672502
v -0.016810 0.085081 1.664783
v 0.000000 0.085332 1.664368
v -0.019492 0.102168 1.642235
v 0.000000 0.103290 1.640939
v -0.021171 0.114218 1.613227
v 0.000000 0.115098 1.611078
v -0.026191 0.114533 1.583938
v 0.000000 0.114299 1.578806
v 0.000000 0.101670 1.546751
v -0.030283 0.101807 1.552379
v 0.000000 0.077962 1.524071
v -0.028307 0.072619 1.519100
v -0.024855 0.047160 1.512409
v 0.000000 0.048547 1.509238
v -0.097063 0.084911 1.627025
v -0.095384 0.087062 1.713274
v -0.120168 0.059213 1.714473
v -0.092927 0.049751 1.721661
v -0.123023 0.093305 1.697111
v -0.140838 0.066426 1.693603
v -0.098609 0.106710 1.692352
v -0.066946 0.063768 1.713226
v -0.071804 0.098086 1.695538
v -0.065261 0.080964 1.684018
v -0.072452 0.027826 1.704056
v -0.062194 0.056337 1.704517
v -0.103708 0.024459 1.714977
v -0.087124 0.011265 1.689575
v -0.115875 0.010492 1.693314
v -0.134392 0.035655 1.698560
v -0.114255 0.108110 1.670027
v -0.083745 0.109874 1.668534
v -0.099550 0.102069 1.643302
v -0.127478 0.095626 1.644651
v -0.080951 0.101142 1.646129
v -0.139626 0.086154 1.670004
v -0.141684 0.061979 1.638847
v -0.147000 0.047612 1.670314
v -0.141558 0.035731 1.645968
v -0.069118 0.101898 1.661635
v -0.097669 0.005214 1.668751
v -0.131459 0.018648 1.670435
v -0.119945 0.017882 1.641261
v -0.097063 0.084911 1.627025
v -0.114798 0.075836 1.625721
v -0.123814 0.040686 1.623754
v -0.109759 0.030081 1.626979
v -0.107470 0.013171 1.637906
v -0.103956 0.057860 1.618713
v -0.069118 0.101898 1.661635
v -0.069118 0.101898 1.661635
v -0.066467 0.013249 1.679067
v -0.069675 0.010768 1.671922
v -0.061089 0.026546 1.666676
v -0.064636 0.021119 1.660155
v -0.080266 -0.000569 1.677936
v -0.078575 0.002580 1.689881
v -0.095716 -0.004727 1.696935
v -0.098740 -0.011724 1.681404
v -0.116097 -0.008629 1.705360
v -0.123475 -0.017323 1.688556
v -0.064584 0.020985 1.686320
v -0.059694 0.032610 1.673923
v -0.079341 0.012066 1.699503
v -0.093070 0.004366 1.709939
v -0.107065 0.003610 1.718963
v -0.120676 0.002266 1.701597
v -0.123475 -0.017323 1.688556
v -0.129549 -0.007282 1.683937
v -0.108432 0.007392 1.691756
v -0.114569 0.000631 1.675283
v -0.089744 0.007518 1.669307
v -0.087795 0.015316 1.681965
v -0.111621 0.012531 1.717919
v -0.102143 0.015828 1.706845
v -0.083165 0.021464 1.692410
v -0.110665 -0.003808 1.674590
v -0.088185 0.005194 1.669893
v -0.121207 -0.007248 1.679994
v -0.103613 -0.002281 1.685587
v -0.121207 -0.007248 1.679994
v -0.082593 0.007382 1.680011
v -0.077908 0.012708 1.667535
v -0.077828 0.015527 1.665764
v -0.067629 0.020221 1.661796
v -0.065912 0.023541 1.658379
v -0.076352 0.023241 1.676792
v -0.064903 0.031165 1.667777
v -0.072945 0.028764 1.685252
v -0.062726 0.033512 1.674870
v -0.061089 0.026546 1.666676
v -0.064636 0.021119 1.660155
v -0.059694 0.032610 1.673923
v -0.064636 0.021119 1.660155
v -0.072450 0.012103 1.671237
v -0.062439 0.030198 1.679957
v -0.070414 0.025694 1.687245
v -0.082489 0.019372 1.694747
v -0.099909 0.012620 1.708917
v -0.111621 0.012531 1.717919
v -0.106664 0.008813 1.719291
v -0.097457 0.010182 1.704718
v -0.080669 0.016618 1.691570
v -0.106664 0.008813 1.719291
v -0.062439 0.030198 1.679957
v -0.070414 0.025694 1.687245
v -0.067933 0.023567 1.688089
v -0.080080 0.014893 1.698428
v -0.095006 0.007749 1.709519
v -0.097457 0.010182 1.704718
v -0.106664 0.008813 1.719291
v -0.080669 0.016618 1.691570
v -0.106664 0.008813 1.719291
v -0.095006 0.007749 1.709519
v -0.106664 0.008813 1.719291
v -0.072450 0.012103 1.671237
v -0.067629 0.020221 1.661796
v -0.082357 0.001459 1.676585
v -0.101918 -0.008871 1.678747
v -0.117404 -0.012306 1.682554
v -0.103613 -0.002281 1.685587
v -0.082593 0.007382 1.680011
v -0.117404 -0.012306 1.682554
v -0.117404 -0.012306 1.682554
v -0.129549 -0.007282 1.683937
v -0.121207 -0.007248 1.679994
v -0.129549 -0.007282 1.683937
v -0.114569 0.000631 1.675283
v -0.117404 -0.012306 1.682554
v -0.069225 -0.035657 1.588462
v -0.075784 -0.025399 1.589335
v -0.074465 -0.031912 1.559435
v -0.080633 -0.021198 1.561733
v -0.079411 -0.023084 1.535095
v -0.082929 -0.014147 1.536850
v -0.078687 -0.021787 1.523953
v -0.082191 -0.014944 1.521668
v -0.076802 -0.019432 1.511544
v -0.073292 -0.023914 1.513445
v -0.067528 -0.028343 1.505658
v -0.058957 -0.029965 1.510243
v -0.073724 -0.015045 1.510176
v -0.077824 -0.007688 1.521199
v -0.066182 -0.023914 1.504987
v -0.058957 -0.029965 1.510243
v -0.078575 -0.005188 1.537320
v -0.073011 -0.003014 1.563105
v -0.070986 -0.005082 1.593402
v -0.068168 -0.019300 1.513726
v -0.071005 -0.015149 1.524707
v -0.071539 -0.014977 1.535787
v -0.063314 -0.018101 1.558929
v -0.059064 -0.024796 1.587715
v -0.065094 -0.021408 1.507252
v -0.069134 -0.013988 1.512942
v -0.071482 -0.008309 1.523256
v -0.072407 -0.005915 1.536772
v -0.063824 -0.006913 1.560967
v -0.063314 -0.018101 1.558929
v -0.071539 -0.014977 1.535787
v -0.071005 -0.015149 1.524707
v -0.068168 -0.019300 1.513726
v -0.062289 -0.010706 1.589484
v -0.059064 -0.024796 1.587715
v -0.072844 -0.014025 1.561190
v -0.074246 -0.006321 1.562679
v -0.074634 -0.009407 1.537418
v -0.073870 -0.002857 1.538344
v -0.069469 -0.013373 1.536923
v -0.068703 -0.017742 1.560327
v -0.071616 -0.006511 1.516670
v -0.070899 -0.000642 1.516990
v -0.065606 -0.011703 1.516798
v -0.065627 -0.002704 1.500214
v -0.067869 -0.008658 1.500076
v -0.063327 -0.013404 1.502627
v -0.053987 -0.011536 1.486983
v -0.055962 -0.015262 1.486717
v -0.054285 -0.018194 1.490872
v -0.041498 -0.020826 1.483354
v -0.052431 -0.012890 1.493876
v -0.058924 -0.008097 1.504187
v -0.041498 -0.020826 1.483354
v -0.062569 -0.006624 1.517525
v -0.066442 -0.008997 1.537682
v -0.064630 -0.011662 1.561353
v -0.051537 -0.010877 1.489857
v -0.059522 -0.003579 1.503156
v -0.052431 -0.012890 1.493876
v -0.058924 -0.008097 1.504187
v -0.062569 -0.006624 1.517525
v -0.065621 -0.000309 1.518014
v -0.068486 -0.002564 1.538772
v -0.066442 -0.008997 1.537682
v -0.067594 -0.005299 1.564592
v -0.064630 -0.011662 1.561353
v -0.083210 -0.001050 1.640001
v -0.105019 0.000844 1.627592
v -0.093328 0.002766 1.607950
v -0.105824 0.004015 1.627575
v -0.093633 0.006038 1.606788
v -0.082207 0.002101 1.639279
v -0.130468 0.001321 1.616960
v -0.077260 0.004236 1.663770
v -0.077314 0.001775 1.664393
v -0.096532 0.000203 1.671538
v -0.111951 -0.000976 1.648718
v -0.097566 0.003833 1.671885
v -0.083505 0.007246 1.692519
v -0.082349 0.004944 1.692835
v -0.112259 0.003241 1.647991
v -0.130468 0.001321 1.616960
v -0.130863 0.005020 1.617476
v -0.072093 0.007130 1.690895
v -0.072080 0.009062 1.690759
v -0.130863 0.005020 1.617476
v -0.130468 0.001321 1.616960
v -0.097566 0.003833 1.671885
v -0.083505 0.007246 1.692519
v -0.077260 0.004236 1.663770
v -0.072080 0.009062 1.690759
v -0.112259 0.003241 1.647991
v -0.082207 0.002101 1.639279
v -0.105824 0.004015 1.627575
v -0.093633 0.006038 1.606788
v -0.130863 0.005020 1.617476
v -0.106817 0.007572 1.632530
v -0.111894 0.012948 1.578660
v -0.082499 0.004969 1.627575
v -0.074184 0.009296 1.659878
v -0.095539 0.011053 1.668287
v -0.097025 0.012801 1.566659
v -0.125259 0.018346 1.575509
v -0.071420 0.026305 1.686066
v -0.084275 0.027713 1.693254
v -0.094828 0.014882 1.666691
v -0.106237 0.012378 1.631669
v -0.073270 0.011356 1.658499
v -0.080690 0.006759 1.627098
v -0.111103 0.015929 1.577440
v -0.095167 0.015382 1.565003
v -0.125333 0.021555 1.574552
v -0.069979 0.028377 1.684158
v -0.084812 0.028983 1.691834
v -0.080690 0.006759 1.627098
v -0.111103 0.015929 1.577440
v -0.106237 0.012378 1.631669
v -0.073270 0.011356 1.658499
v -0.094828 0.014882 1.666691
v -0.095167 0.015382 1.565003
v -0.125333 0.021555 1.574552
v -0.069979 0.028377 1.684158
v -0.084812 0.028983 1.691834
v -0.080574 -0.030948 1.685934
v -0.076362 -0.030124 1.685011
v -0.079901 -0.022912 1.696890
v -0.070388 -0.021076 1.691954
v -0.074393 -0.029724 1.682434
v -0.066095 -0.020828 1.679693
v -0.074973 -0.030090 1.677903
v -0.069033 -0.022283 1.669435
v -0.077830 -0.024761 1.665700
v -0.078682 -0.031165 1.675638
v -0.088365 -0.027102 1.667036
v -0.082281 -0.032038 1.676739
v -0.095710 -0.028211 1.674976
v -0.084192 -0.032387 1.680667
v -0.096431 -0.027568 1.685808
v -0.084108 -0.032255 1.682449
v -0.070026 -0.006878 1.694270
v -0.064423 -0.006554 1.677659
v -0.068261 -0.008454 1.664183
v -0.079742 -0.011687 1.659998
v -0.093495 -0.014744 1.661740
v -0.103085 -0.016191 1.672108
v -0.104024 -0.015355 1.686247
v -0.072192 0.005493 1.680000
v -0.076484 0.005245 1.689990
v -0.082446 -0.009275 1.700713
v -0.090347 -0.025523 1.694355
v -0.096728 -0.012863 1.696971
v -0.096445 0.000800 1.692389
v -0.085999 0.003410 1.694923
v -0.075134 0.004040 1.669633
v -0.083926 0.001562 1.663737
v -0.094463 -0.000780 1.665070
v -0.101811 -0.001886 1.673012
v -0.102529 -0.001244 1.683844
v -0.089702 0.008662 1.682870
v -0.085586 0.009690 1.682038
v -0.083557 0.009832 1.679482
v -0.084090 0.009265 1.674965
v -0.087820 0.008276 1.672694
v -0.091470 0.007634 1.673778
v -0.093324 0.007514 1.676315
v -0.093394 0.007833 1.679455
v -0.100054 -0.000295 1.688896
v -0.100337 -0.013959 1.693479
v -0.093955 -0.026619 1.690860
v -0.081538 -0.027092 1.684953
v -0.077756 -0.026352 1.684247
v -0.080574 -0.030948 1.685934
v -0.076362 -0.030124 1.685011
v -0.074393 -0.029724 1.682434
v -0.075984 -0.025973 1.682034
v -0.074973 -0.030090 1.677903
v -0.076434 -0.026266 1.678006
v -0.079731 -0.027224 1.676024
v -0.078682 -0.031165 1.675638
v -0.082878 -0.028000 1.677063
v -0.082281 -0.032038 1.676739
v -0.084429 -0.028301 1.680500
v -0.084192 -0.032387 1.680667
v -0.090347 -0.025523 1.694355
v -0.089213 -0.022859 1.691543
v -0.096728 -0.012863 1.696971
v -0.084337 -0.028184 1.682065
v -0.092056 -0.023722 1.688789
v -0.093955 -0.026619 1.690860
v -0.084108 -0.032255 1.682449
v -0.084337 -0.028184 1.682065
v -0.084429 -0.028301 1.680500
v -0.097160 -0.013404 1.691049
v -0.094534 -0.012606 1.693593
v -0.089213 -0.022859 1.691543
v -0.096445 0.000800 1.692389
v -0.097160 -0.013404 1.691049
v -0.100337 -0.013959 1.693479
v -0.097013 -0.002326 1.687191
v -0.094169 -0.001463 1.689945
v -0.094534 -0.012606 1.693593
v -0.088902 0.004665 1.682474
v -0.089702 0.008662 1.682870
v -0.097013 -0.002326 1.687191
v -0.100054 -0.000295 1.688896
v -0.091810 0.004054 1.679513
v -0.093394 0.007833 1.679455
v -0.093324 0.007514 1.676315
v -0.091805 0.003761 1.676941
v -0.091470 0.007634 1.673778
v -0.090252 0.003833 1.674686
v -0.087820 0.008276 1.672694
v -0.087049 0.004374 1.673665
v -0.083734 0.005245 1.675654
v -0.084090 0.009265 1.674965
v -0.083334 0.005748 1.679666
v -0.083557 0.009832 1.679482
v -0.085163 0.005621 1.681858
v -0.088902 0.004665 1.682474
v -0.085586 0.009690 1.682038
v -0.090252 0.003833 1.674686
v -0.084429 -0.028301 1.680500
v -0.010954 -0.085235 1.581953
v -0.022335 -0.082452 1.597901
v -0.020673 -0.082267 1.580747
v -0.030386 -0.080885 1.585010
v -0.043271 -0.072161 1.597554
v -0.045009 -0.073625 1.586519
v -0.024441 -0.074545 1.576622
v -0.033043 -0.073672 1.580699
v 0.000000 -0.085405 1.595818
v 0.000000 -0.085545 1.582962
v -0.056620 -0.058919 1.591569
v -0.056371 -0.063009 1.581827
v -0.044608 -0.069898 1.580208
v -0.053054 -0.064489 1.574940
v -0.062051 -0.050742 1.571117
v -0.056141 -0.059066 1.564987
v -0.063564 -0.042550 1.584936
v -0.065307 -0.038364 1.570625
v -0.063915 -0.023658 1.572309
v -0.064939 -0.031280 1.592306
v -0.026536 -0.075095 1.575082
v -0.020361 -0.073511 1.568210
v -0.027201 -0.073018 1.573506
v -0.021484 -0.071628 1.566938
v -0.017859 -0.068466 1.559338
v -0.015324 -0.072105 1.555841
v -0.033696 -0.074380 1.578759
v -0.034484 -0.072215 1.576717
v -0.044511 -0.070518 1.577520
v -0.044018 -0.069322 1.575167
v -0.051516 -0.066250 1.573387
v -0.050571 -0.065873 1.571657
v -0.013565 -0.076311 1.556324
v -0.017397 -0.073716 1.569729
v -0.011600 -0.077675 1.567387
v -0.008790 -0.078648 1.556320
v -0.004913 -0.081501 1.557109
v -0.006851 -0.080813 1.567015
v 0.000000 -0.081971 1.557961
v 0.000000 -0.081734 1.567822
v -0.004537 -0.087839 1.547127
v -0.009110 -0.082615 1.545341
v -0.008220 -0.088902 1.538613
v -0.003623 -0.093181 1.540771
v 0.000000 -0.093626 1.541016
v 0.000000 -0.088244 1.547375
v -0.007758 -0.091881 1.536247
v -0.003536 -0.097206 1.535948
v -0.003538 -0.096999 1.533725
v -0.010188 -0.083286 1.536144
v -0.013864 -0.077704 1.542486
v -0.021474 -0.072727 1.549465
v -0.028111 -0.074905 1.542449
v -0.033068 -0.070367 1.549448
v -0.042998 -0.069591 1.542412
v -0.032922 -0.072392 1.531253
v -0.022880 -0.078328 1.535075
v -0.044875 -0.066789 1.550525
v -0.051692 -0.060726 1.551724
v -0.045011 -0.066923 1.553772
v -0.051052 -0.063553 1.556645
v -0.044887 -0.066133 1.555544
v -0.049743 -0.063302 1.558304
v -0.052598 -0.060701 1.561281
v -0.054150 -0.060672 1.560094
v -0.039635 -0.067937 1.554669
v -0.039478 -0.068713 1.553023
v -0.054146 -0.060020 1.564570
v -0.056671 -0.054850 1.557485
v -0.060021 -0.045868 1.553108
v -0.054336 -0.057053 1.542717
v -0.055947 -0.045439 1.529592
v -0.061368 -0.035500 1.545085
v -0.048857 -0.062404 1.530983
v -0.051557 -0.052856 1.522248
v -0.063973 -0.027224 1.558035
v -0.040562 -0.068164 1.523770
v -0.050259 -0.043240 1.514261
v -0.041842 -0.051629 1.506868
v -0.045632 -0.027009 1.506575
v -0.042932 -0.060307 1.514376
v -0.033277 -0.065714 1.509374
v -0.030188 -0.058819 1.499774
v -0.022475 -0.067421 1.503360
v -0.035735 -0.040876 1.497887
v -0.029286 -0.034986 1.493135
v -0.041033 -0.019630 1.502824
v -0.020559 -0.021615 1.491192
v -0.018278 -0.033399 1.488215
v -0.025723 -0.051880 1.491732
v -0.018586 -0.061395 1.488410
v -0.018559 -0.045255 1.486646
v 0.000000 -0.021934 1.487668
v 0.000000 -0.032359 1.485612
v 0.000000 -0.044801 1.482534
v -0.047732 -0.009643 1.515196
v -0.055432 -0.015167 1.518031
v -0.058960 -0.003255 1.531547
v -0.061448 -0.005561 1.532123
v -0.009159 -0.056940 1.482202
v -0.009205 -0.063204 1.483102
v -0.009306 -0.067968 1.485030
v -0.009240 -0.071244 1.490676
v -0.020861 -0.064925 1.496577
v -0.008709 -0.071490 1.497508
v 0.000000 -0.072475 1.496880
v -0.006178 -0.073792 1.502648
v 0.000000 -0.073831 1.501533
v 0.000000 -0.072828 1.490516
v -0.011905 -0.072694 1.505489
v -0.006162 -0.079123 1.507433
v -0.012514 -0.075571 1.509419
v 0.000000 -0.069708 1.483570
v 0.000000 -0.065652 1.481324
v 0.000000 -0.065652 1.481324
v -0.011924 -0.076160 1.511839
v -0.017777 -0.072334 1.511891
v -0.017508 -0.072161 1.513734
v -0.011589 -0.075997 1.513625
v -0.005871 -0.078290 1.513098
v -0.011962 -0.079758 1.516443
v -0.005543 -0.083588 1.517066
v 0.000000 -0.079678 1.511957
v 0.000000 -0.084785 1.515958
v -0.005980 -0.079545 1.510753
v 0.000000 -0.080498 1.509979
v 0.000000 -0.079816 1.506614
v -0.017729 -0.074787 1.515559
v -0.022465 -0.072291 1.515450
v -0.024053 -0.070315 1.512826
v -0.018980 -0.075458 1.518064
v -0.022645 -0.074560 1.521142
v -0.026511 -0.071988 1.518887
v -0.014075 -0.078798 1.522622
v -0.017907 -0.077576 1.527531
v -0.026538 -0.074005 1.524732
v -0.012694 -0.079349 1.519335
v -0.004969 -0.082594 1.522331
v -0.005708 -0.082762 1.519531
v 0.000000 -0.083836 1.519187
v 0.000000 -0.083853 1.521899
v -0.004954 -0.083681 1.525316
v 0.000000 -0.085058 1.525368
v -0.032775 -0.070280 1.520060
v -0.010570 -0.080871 1.527019
v -0.004667 -0.083833 1.526928
v -0.009370 -0.081707 1.530211
v -0.012989 -0.079622 1.530531
v -0.005858 -0.082690 1.530300
v -0.003734 -0.084424 1.529051
v -0.002518 -0.086996 1.528582
v -0.001616 -0.087874 1.527467
v 0.000000 -0.085058 1.525368
v 0.000000 -0.092550 1.528285
v -0.003116 -0.092106 1.528760
v -0.003358 -0.089833 1.528879
v -0.006806 -0.090960 1.531381
v -0.006178 -0.089022 1.530062
v -0.007785 -0.086032 1.530176
v -0.009263 -0.087126 1.531412
v -0.010937 -0.081389 1.532628
v -0.014704 -0.078685 1.534821
v -0.010799 -0.081011 1.534806
v -0.009349 -0.086825 1.535331
v -0.003557 -0.085500 1.530752
v -0.019024 -0.070809 1.508530
v -0.003658 -0.095139 1.530655
v 0.000000 -0.095855 1.530151
v 0.000000 -0.092550 1.528285
v 0.000000 -0.097825 1.532944
v 0.000000 -0.098173 1.535128
v -0.019597 -0.071628 1.556291
v -0.021614 -0.069190 1.558898
v -0.023964 -0.071145 1.555627
v -0.025463 -0.069917 1.557342
v -0.033898 -0.070503 1.553112
v -0.034338 -0.069743 1.554621
v -0.040255 -0.042352 1.565116
v -0.053723 -0.062716 1.568542
v -0.054239 -0.061481 1.566719
v -0.055296 -0.061760 1.568781
v -0.072747 0.001172 1.569425
v -0.066952 -0.006726 1.558052
v -0.070239 0.000592 1.572510
v -0.067235 0.006286 1.552635
v -0.074293 0.007010 1.574002
v -0.069861 0.006794 1.577326
v -0.078715 0.018815 1.573693
v -0.080142 0.024203 1.562402
v -0.064862 -0.008340 1.546113
v -0.076461 0.020293 1.573990
v -0.076891 0.026441 1.562625
v -0.076548 0.022882 1.548230
v -0.072875 0.025118 1.546491
v -0.067838 0.024769 1.563062
v -0.061609 0.020258 1.542492
v -0.068575 0.018095 1.535981
v -0.071151 0.015105 1.536972
v -0.065920 0.004075 1.530554
v -0.062809 0.004748 1.528714
v -0.061448 -0.005561 1.532123
v -0.058960 -0.003255 1.531547
v -0.062809 0.004748 1.528714
v -0.069861 0.006794 1.577326
v -0.068635 0.022141 1.573843
v -0.076461 0.020293 1.573990
v -0.064694 -0.017106 1.550420
v -0.066952 -0.006726 1.558052
v -0.064862 -0.008340 1.546113
v -0.061234 -0.025215 1.535929
v -0.056324 -0.035060 1.523493
v -0.068379 -0.004069 1.582648
v -0.067991 -0.011313 1.611049
v -0.070239 0.000592 1.572510
v -0.069861 0.006794 1.577326
v -0.058564 -0.038890 1.623910
v -0.057767 -0.048428 1.609562
v -0.041322 -0.064871 1.621896
v -0.020386 -0.077562 1.626026
v 0.000000 -0.081923 1.626890
v -0.039753 -0.051814 1.644512
v -0.060222 -0.022653 1.639849
v -0.043042 -0.030779 1.660888
v -0.017954 -0.061079 1.652151
v 0.000000 -0.065059 1.653425
v -0.019971 -0.036413 1.672007
v 0.000000 -0.038364 1.674255
v -0.061609 0.020258 1.542492
v -0.056108 0.005609 1.529904
v -0.068575 0.018095 1.535981
v -0.062809 0.004748 1.528714
v -0.043878 0.033134 1.523877
v -0.047707 0.008586 1.519533
v -0.058960 -0.003255 1.531547
v -0.062809 0.004748 1.528714
v -0.047732 -0.009643 1.515196
v -0.039650 0.031879 1.502644
v -0.025897 0.058738 1.518761
v -0.024887 0.058005 1.506161
v 0.000000 0.065245 1.523536
v 0.000000 0.064058 1.504316
v -0.037676 0.033495 1.481694
v -0.038361 0.007421 1.497553
v -0.041033 -0.019630 1.502824
v -0.025180 -0.006942 1.488296
v -0.020559 -0.021615 1.491192
v 0.000000 -0.012872 1.480860
v 0.000000 -0.021934 1.487668
v -0.035058 0.013743 1.474026
v -0.025161 0.058896 1.485328
v -0.018431 -0.003212 1.464976
v 0.000000 -0.012872 1.480860
v 0.000000 -0.011461 1.462490
v 0.000000 -0.011521 1.439853
v 0.000000 0.064751 1.486413
v 0.000000 -0.060091 1.480571
v 0.000000 -0.054687 1.480911
v 0.009160 -0.056940 1.482202
v 0.009205 -0.063204 1.483102
v 0.000000 -0.065652 1.481324
v 0.009306 -0.067968 1.485030
v 0.018586 -0.061395 1.488410
v 0.009240 -0.071244 1.490676
v 0.020861 -0.064925 1.496577
v 0.008710 -0.071490 1.497508
v 0.000000 -0.072475 1.496880
v 0.006179 -0.073792 1.502648
v 0.000000 -0.073831 1.501533
v 0.000000 -0.072828 1.490516
v 0.022475 -0.067421 1.503360
v 0.011905 -0.072694 1.505489
v 0.006162 -0.079123 1.507433
v 0.012514 -0.075571 1.509419
v 0.000000 -0.069708 1.483570
v 0.000000 -0.065652 1.481324
v 0.011924 -0.076160 1.511839
v 0.017777 -0.072334 1.511891
v 0.017508 -0.072161 1.513734
v 0.011589 -0.075997 1.513625
v 0.005871 -0.078290 1.513098
v 0.011961 -0.079758 1.516443
v 0.005543 -0.083588 1.517066
v 0.000000 -0.079678 1.511957
v 0.000000 -0.084785 1.515958
v 0.005980 -0.079545 1.510753
v 0.000000 -0.080498 1.509979
v 0.000000 -0.079816 1.506614
v 0.017729 -0.074787 1.515559
v 0.022465 -0.072291 1.515450
v 0.024053 -0.070315 1.512826
v 0.018980 -0.075458 1.518064
v 0.022645 -0.074560 1.521142
v 0.026511 -0.071988 1.518887
v 0.014075 -0.078798 1.522622
v 0.017907 -0.077576 1.527531
v 0.026538 -0.074005 1.524732
v 0.012694 -0.079349 1.519335
v 0.004967 -0.082594 1.522331
v 0.005708 -0.082762 1.519531
v 0.000000 -0.083836 1.519187
v 0.000000 -0.083853 1.521899
v 0.004954 -0.083681 1.525316
v 0.000000 -0.085058 1.525368
v 0.032775 -0.070280 1.520060
v 0.010570 -0.080871 1.527019
v 0.004667 -0.083833 1.526928
v 0.009370 -0.081707 1.530211
v 0.012989 -0.079622 1.530531
v 0.005859 -0.082690 1.530300
v 0.003734 -0.084424 1.529051
v 0.002518 -0.086996 1.528582
v 0.001616 -0.087874 1.527467
v 0.000000 -0.085058 1.525368
v 0.000000 -0.092550 1.528285
v 0.003116 -0.092106 1.528760
v 0.003358 -0.089833 1.528879
v 0.006806 -0.090960 1.531381
v 0.006179 -0.089022 1.530062
v 0.007785 -0.086032 1.530176
v 0.009263 -0.087126 1.531412
v 0.010937 -0.081389 1.532628
v 0.014704 -0.078685 1.534821
v 0.010799 -0.081011 1.534806
v 0.022880 -0.078328 1.535075
v 0.013862 -0.077704 1.542486
v 0.028111 -0.074905 1.542449
v 0.032922 -0.072392 1.531253
v 0.042996 -0.069591 1.542412
v 0.033068 -0.070367 1.549448
v 0.021474 -0.072727 1.549465
v 0.013565 -0.076311 1.556324
v 0.009110 -0.082615 1.545341
v 0.008790 -0.078648 1.556320
v 0.004537 -0.087839 1.547127
v 0.004913 -0.081501 1.557109
v 0.011600 -0.077675 1.567387
v 0.006852 -0.080813 1.567015
v 0.000000 -0.081971 1.557961
v 0.000000 -0.081734 1.567822
v 0.010954 -0.085235 1.581953
v 0.000000 -0.085545 1.582962
v 0.000000 -0.085405 1.595818
v 0.022335 -0.082452 1.597901
v 0.020673 -0.082267 1.580747
v 0.030384 -0.080885 1.585010
v 0.043271 -0.072161 1.597554
v 0.045009 -0.073625 1.586519
v 0.024441 -0.074545 1.576622
v 0.033043 -0.073672 1.580699
v 0.056620 -0.058919 1.591569
v 0.056371 -0.063009 1.581827
v 0.044609 -0.069898 1.580208
v 0.053054 -0.064489 1.574940
v 0.062051 -0.050742 1.571117
v 0.056141 -0.059066 1.564987
v 0.063565 -0.042550 1.584936
v 0.065307 -0.038364 1.570625
v 0.063915 -0.023658 1.572309
v 0.064939 -0.031280 1.592306
v 0.026536 -0.075095 1.575082
v 0.020361 -0.073511 1.568210
v 0.027201 -0.073018 1.573506
v 0.021484 -0.071628 1.566938
v 0.017859 -0.068466 1.559338
v 0.015324 -0.072105 1.555841
v 0.033696 -0.074380 1.578759
v 0.034484 -0.072215 1.576717
v 0.044512 -0.070518 1.577520
v 0.044016 -0.069322 1.575167
v 0.051516 -0.066250 1.573387
v 0.050571 -0.065873 1.571657
v 0.017397 -0.073716 1.569729
v 0.055296 -0.061760 1.568781
v 0.040255 -0.042352 1.565116
v 0.021615 -0.069190 1.558898
v 0.025463 -0.069917 1.557342
v 0.023964 -0.071145 1.555627
v 0.019598 -0.071628 1.556291
v 0.033898 -0.070503 1.553112
v 0.034338 -0.069743 1.554621
v 0.054239 -0.061481 1.566719
v 0.053723 -0.062716 1.568542
v 0.054146 -0.060020 1.564570
v 0.054151 -0.060672 1.560094
v 0.052598 -0.060701 1.561281
v 0.051052 -0.063553 1.556645
v 0.049743 -0.063302 1.558304
v 0.044887 -0.066133 1.555544
v 0.045011 -0.066923 1.553772
v 0.039635 -0.067937 1.554669
v 0.039478 -0.068713 1.553023
v 0.056671 -0.054850 1.557485
v 0.051692 -0.060726 1.551724
v 0.044875 -0.066789 1.550525
v 0.054336 -0.057053 1.542717
v 0.060021 -0.045868 1.553108
v 0.055947 -0.045439 1.529592
v 0.061368 -0.035500 1.545085
v 0.048857 -0.062404 1.530983
v 0.051558 -0.052856 1.522248
v 0.063973 -0.027224 1.558035
v 0.040562 -0.068164 1.523770
v 0.050259 -0.043240 1.514261
v 0.041842 -0.051629 1.506868
v 0.045633 -0.027009 1.506575
v 0.042932 -0.060307 1.514376
v 0.033277 -0.065714 1.509374
v 0.030188 -0.058819 1.499774
v 0.035736 -0.040876 1.497887
v 0.029286 -0.034986 1.493135
v 0.041033 -0.019630 1.502824
v 0.020560 -0.021615 1.491192
v 0.018276 -0.033399 1.488215
v 0.025723 -0.051880 1.491732
v 0.018559 -0.045255 1.486646
v 0.047732 -0.009643 1.515196
v 0.058960 -0.003255 1.531547
v 0.055432 -0.015167 1.518031
v 0.061446 -0.005561 1.532123
v 0.056324 -0.035060 1.523493
v 0.061234 -0.025215 1.535929
v 0.064861 -0.008340 1.546113
v 0.064694 -0.017106 1.550420
v 0.066952 -0.006726 1.558052
v 0.068379 -0.004069 1.582648
v 0.067991 -0.011313 1.611049
v 0.070239 0.000592 1.572510
v 0.069861 0.006794 1.577326
v 0.058564 -0.038890 1.623910
v 0.057765 -0.048428 1.609562
v 0.041322 -0.064871 1.621896
v 0.020384 -0.077562 1.626026
v 0.000000 -0.081923 1.626890
v 0.039753 -0.051814 1.644512
v 0.060222 -0.022653 1.639849
v 0.043042 -0.030779 1.660888
v 0.017952 -0.061079 1.652151
v 0.000000 -0.065059 1.653425
v 0.019971 -0.036413 1.672007
v 0.000000 -0.038364 1.674255
v -0.002518 -0.086996 1.528582
v -0.001616 -0.087874 1.527467
v -0.003358 -0.089833 1.528879
v -0.026357 -0.071765 1.579915
v -0.032246 -0.071120 1.582374
v -0.032458 -0.072452 1.569440
v -0.021943 -0.071866 1.574791
v -0.020114 -0.071120 1.567753
v -0.021196 -0.070495 1.561764
v -0.033194 -0.071670 1.560282
v -0.045895 -0.068036 1.561847
v -0.046211 -0.068459 1.569353
v -0.044285 -0.069137 1.576201
v -0.038679 -0.069977 1.581191
v -0.032837 -0.064970 1.585985
v -0.022973 -0.065920 1.583292
v -0.015844 -0.066036 1.577291
v -0.012824 -0.065259 1.567301
v -0.014191 -0.063856 1.557315
v -0.022358 -0.062130 1.552009
v -0.026536 -0.069529 1.556752
v -0.033607 -0.060676 1.549800
v -0.033138 -0.069130 1.554528
v -0.039635 -0.067937 1.554669
v -0.041127 -0.059723 1.552692
v -0.044887 -0.066133 1.555544
v -0.054349 -0.061003 1.569304
v -0.050907 -0.061682 1.579492
v -0.043281 -0.063242 1.584168
v -0.032182 -0.055457 1.588350
v -0.013115 -0.056717 1.578511
v -0.021052 -0.056570 1.585592
v -0.043343 -0.049320 1.550799
v -0.051050 -0.060621 1.557751
v -0.051116 -0.049510 1.556946
v -0.055608 -0.050395 1.570408
v -0.053757 -0.060819 1.566680
v -0.051816 -0.051696 1.581112
v -0.043184 -0.053672 1.585986
v -0.053626 -0.060534 1.564328
v -0.049743 -0.063302 1.558304
v -0.053626 -0.060534 1.564328
v -0.031780 -0.050455 1.547887
v -0.020889 -0.052239 1.549607
v -0.012333 -0.054215 1.556964
v -0.010027 -0.055854 1.567693
v -0.051097 -0.070371 1.572708
v -0.047116 -0.074019 1.577935
v -0.053420 -0.071950 1.574832
v -0.056942 -0.069254 1.573761
v -0.056213 -0.066948 1.570563
v -0.060090 -0.065443 1.570862
v -0.063092 -0.067283 1.573707
v -0.058849 -0.059832 1.565728
v -0.062448 -0.063459 1.569508
v -0.063418 -0.059078 1.566859
v -0.065860 -0.061203 1.568949
v -0.053169 -0.064225 1.568678
v -0.054739 -0.060633 1.565546
v -0.049161 -0.067398 1.572132
v -0.038077 -0.070309 1.575097
v -0.038502 -0.074471 1.577178
v -0.027961 -0.074310 1.574089
v -0.028388 -0.071343 1.573472
v -0.021924 -0.072242 1.567698
v -0.021160 -0.073711 1.567774
v -0.027692 -0.077136 1.574424
v -0.019465 -0.070553 1.564116
v -0.021914 -0.069981 1.566789
v -0.032660 -0.076701 1.577679
v -0.039587 -0.076567 1.578796
v -0.019465 -0.070553 1.564116
v -0.021180 -0.071094 1.568849
v -0.021160 -0.073711 1.567774
v -0.027692 -0.077136 1.574424
v -0.029029 -0.070809 1.575788
v -0.032660 -0.076701 1.577679
v -0.039352 -0.069446 1.578322
v -0.039587 -0.076567 1.578796
v -0.047116 -0.074019 1.577935
v -0.053420 -0.071950 1.574832
v -0.052191 -0.063816 1.572058
v -0.056942 -0.069254 1.573761
v -0.063092 -0.067283 1.573707
v -0.060090 -0.065443 1.570862
v -0.063092 -0.067283 1.573707
v -0.052191 -0.063816 1.572058
v -0.052191 -0.063816 1.572058
v -0.054739 -0.060633 1.565546
v -0.060090 -0.065443 1.570862
v -0.062448 -0.063459 1.569508
v -0.065860 -0.061203 1.568949
v -0.063418 -0.059078 1.566859
v -0.054739 -0.060633 1.565546
v -0.058849 -0.059832 1.565728
v -0.034338 -0.069743 1.554621
v 0.041163 0.098285 1.645218
v 0.036968 0.078932 1.668006
v 0.055965 0.096654 1.650095
v 0.052287 0.068794 1.672816
v 0.045348 0.105700 1.618417
v 0.065771 0.095060 1.632088
v 0.069118 0.101898 1.661635
v 0.065261 0.080964 1.684018
v 0.080949 0.101142 1.646129
v 0.082254 0.079915 1.614470
v 0.070520 0.090689 1.595382
v 0.077661 0.077458 1.571550
v 0.090460 0.055764 1.604817
v 0.055480 0.105593 1.589288
v 0.057276 0.092731 1.556614
v 0.076129 0.049561 1.545418
v 0.056471 0.063952 1.527092
v 0.059900 0.019758 1.537252
v 0.091003 0.032591 1.572947
v 0.094174 0.029119 1.612077
v 0.072196 0.004847 1.559084
v 0.040040 0.035463 1.519114
v 0.103956 0.057860 1.618713
v 0.109759 0.030081 1.626979
v 0.088033 0.011819 1.633810
v 0.090739 0.009812 1.595685
v 0.084990 -0.003709 1.624483
v 0.077933 -0.008821 1.577138
v 0.075363 -0.022994 1.606408
v 0.079531 -0.013425 1.650502
v 0.081757 0.004411 1.657079
v 0.067332 -0.035420 1.624906
v 0.072927 0.007306 1.682143
v 0.064999 -0.021177 1.677354
v 0.055909 -0.043591 1.647846
v 0.040535 -0.049250 1.662957
v 0.043075 -0.027296 1.694850
v 0.097670 0.005214 1.668751
v 0.087124 0.011265 1.689575
v 0.072452 0.027826 1.704056
v 0.057580 0.025130 1.696271
v 0.061009 0.006909 1.687113
v 0.107470 0.013171 1.637906
v 0.062194 0.056337 1.704517
v 0.052623 0.052567 1.690579
v 0.038601 0.029949 1.699470
v 0.041444 0.002087 1.703306
v 0.037461 0.053574 1.690765
v 0.052287 0.068794 1.672816
v 0.036968 0.078932 1.668006
v 0.065261 0.080964 1.684018
v 0.017335 0.057452 1.686576
v 0.016811 0.085081 1.664783
v 0.000000 0.085332 1.664368
v 0.000000 0.055771 1.683805
v 0.018101 0.031014 1.703341
v 0.000000 0.029699 1.702509
v 0.000000 0.002685 1.709079
v 0.020454 0.001098 1.708907
v 0.000000 -0.031109 1.701878
v 0.021555 -0.031066 1.700269
v 0.000000 -0.058692 1.677137
v 0.020822 -0.054906 1.672502
v 0.000000 0.103290 1.640939
v 0.000000 0.085332 1.664368
v 0.019492 0.102168 1.642235
v 0.016811 0.085081 1.664783
v 0.021171 0.114218 1.613227
v 0.000000 0.115098 1.611078
v 0.026191 0.114533 1.583938
v 0.000000 0.114299 1.578806
v 0.000000 0.101670 1.546751
v 0.030283 0.101807 1.552379
v 0.000000 0.077962 1.524071
v 0.028308 0.072619 1.519100
v 0.024855 0.047160 1.512409
v 0.000000 0.048547 1.509238
v 0.097063 0.084911 1.627025
v 0.120168 0.059213 1.714473
v 0.095384 0.087062 1.713274
v 0.092925 0.049751 1.721661
v 0.123023 0.093305 1.697111
v 0.140838 0.066426 1.693603
v 0.098609 0.106710 1.692352
v 0.066946 0.063768 1.713226
v 0.071804 0.098086 1.695538
v 0.065261 0.080964 1.684018
v 0.072452 0.027826 1.704056
v 0.062194 0.056337 1.704517
v 0.103708 0.024459 1.714977
v 0.087124 0.011265 1.689575
v 0.115875 0.010492 1.693314
v 0.134392 0.035655 1.698560
v 0.114256 0.108110 1.670027
v 0.083745 0.109874 1.668534
v 0.099550 0.102069 1.643302
v 0.127476 0.095626 1.644651
v 0.080949 0.101142 1.646129
v 0.139626 0.086154 1.670004
v 0.141684 0.061979 1.638847
v 0.147000 0.047612 1.670314
v 0.141558 0.035731 1.645968
v 0.069118 0.101898 1.661635
v 0.097670 0.005214 1.668751
v 0.131459 0.018648 1.670435
v 0.119945 0.017882 1.641261
v 0.097063 0.084911 1.627025
v 0.114799 0.075836 1.625721
v 0.123814 0.040686 1.623754
v 0.109759 0.030081 1.626979
v 0.107470 0.013171 1.637906
v 0.103956 0.057860 1.618713
v 0.069118 0.101898 1.661635
v 0.069118 0.101898 1.661635
v 0.064636 0.021119 1.660155
v 0.069675 0.010768 1.671922
v 0.061089 0.026546 1.666676
v 0.066467 0.013249 1.679067
v 0.080266 -0.000569 1.677936
v 0.078575 0.002580 1.689881
v 0.095717 -0.004727 1.696935
v 0.098740 -0.011724 1.681404
v 0.116097 -0.008629 1.705360
v 0.123475 -0.017323 1.688556
v 0.064581 0.020985 1.686320
v 0.059694 0.032610 1.673923
v 0.079341 0.012066 1.699503
v 0.093070 0.004366 1.709939
v 0.107065 0.003610 1.718963
v 0.120676 0.002266 1.701597
v 0.123475 -0.017323 1.688556
v 0.129549 -0.007282 1.683937
v 0.108432 0.007392 1.691756
v 0.114569 0.000631 1.675283
v 0.089744 0.007518 1.669307
v 0.087795 0.015316 1.681965
v 0.111621 0.012531 1.717919
v 0.102143 0.015828 1.706845
v 0.083165 0.021464 1.692410
v 0.110665 -0.003808 1.674590
v 0.088185 0.005194 1.669893
v 0.121207 -0.007248 1.679994
v 0.103613 -0.002281 1.685587
v 0.121207 -0.007248 1.679994
v 0.082593 0.007382 1.680011
v 0.077908 0.012708 1.667535
v 0.077828 0.015527 1.665764
v 0.067629 0.020221 1.661796
v 0.065912 0.023541 1.658379
v 0.076352 0.023241 1.676792
v 0.064903 0.031165 1.667777
v 0.072945 0.028764 1.685252
v 0.062726 0.033512 1.674870
v 0.061089 0.026546 1.666676
v 0.064636 0.021119 1.660155
v 0.059694 0.032610 1.673923
v 0.064636 0.021119 1.660155
v 0.072450 0.012103 1.671237
v 0.062439 0.030198 1.679957
v 0.070414 0.025694 1.687245
v 0.082490 0.019372 1.694747
v 0.099909 0.012620 1.708917
v 0.111621 0.012531 1.717919
v 0.106664 0.008813 1.719291
v 0.097457 0.010182 1.704718
v 0.080669 0.016618 1.691570
v 0.106664 0.008813 1.719291
v 0.070414 0.025694 1.687245
v 0.062439 0.030198 1.679957
v 0.067931 0.023567 1.688089
v 0.080080 0.014893 1.698428
v 0.095006 0.007749 1.709519
v 0.097457 0.010182 1.704718
v 0.106664 0.008813 1.719291
v 0.080669 0.016618 1.691570
v 0.106664 0.008813 1.719291
v 0.095006 0.007749 1.709519
v 0.106664 0.008813 1.719291
v 0.067629 0.020221 1.661796
v 0.072450 0.012103 1.671237
v 0.082357 0.001459 1.676585
v 0.101918 -0.008871 1.678747
v 0.117404 -0.012306 1.682554
v 0.103613 -0.002281 1.685587
v 0.082593 0.007382 1.680011
v 0.117404 -0.012306 1.682554
v 0.117404 -0.012306 1.682554
v 0.129549 -0.007282 1.683937
v 0.121207 -0.007248 1.679994
v 0.129549 -0.007282 1.683937
v 0.114569 0.000631 1.675283
v 0.080634 -0.021198 1.561733
v 0.075784 -0.025399 1.589335
v 0.074465 -0.031912 1.559435
v 0.069225 -0.035657 1.588462
v 0.079411 -0.023084 1.535095
v 0.082929 -0.014147 1.536850
v 0.078687 -0.021787 1.523953
v 0.082191 -0.014944 1.521668
v 0.076802 -0.019432 1.511544
v 0.073292 -0.023914 1.513445
v 0.067528 -0.028343 1.505658
v 0.058957 -0.029965 1.510243
v 0.073724 -0.015045 1.510176
v 0.077824 -0.007688 1.521199
v 0.066180 -0.023914 1.504987
v 0.058957 -0.029965 1.510243
v 0.078575 -0.005188 1.537320
v 0.073012 -0.003014 1.563105
v 0.070986 -0.005082 1.593402
v 0.068168 -0.019300 1.513726
v 0.071005 -0.015149 1.524707
v 0.071540 -0.014977 1.535787
v 0.063314 -0.018101 1.558929
v 0.059064 -0.024796 1.587715
v 0.065094 -0.021408 1.507252
v 0.069134 -0.013988 1.512942
v 0.068168 -0.019300 1.513726
v 0.071005 -0.015149 1.524707
v 0.072407 -0.005915 1.536772
v 0.071480 -0.008309 1.523256
v 0.071540 -0.014977 1.535787
v 0.063314 -0.018101 1.558929
v 0.063824 -0.006913 1.560967
v 0.062289 -0.010706 1.589484
v 0.059064 -0.024796 1.587715
v 0.073870 -0.002857 1.538344
v 0.074246 -0.006321 1.562679
v 0.074634 -0.009407 1.537418
v 0.072844 -0.014025 1.561190
v 0.069469 -0.013373 1.536923
v 0.068701 -0.017742 1.560327
v 0.071616 -0.006511 1.516670
v 0.070900 -0.000642 1.516990
v 0.065606 -0.011703 1.516798
v 0.065627 -0.002704 1.500214
v 0.067869 -0.008658 1.500076
v 0.063327 -0.013404 1.502627
v 0.053987 -0.011536 1.486983
v 0.055961 -0.015262 1.486717
v 0.054285 -0.018194 1.490872
v 0.041500 -0.020826 1.483354
v 0.052431 -0.012890 1.493876
v 0.058924 -0.008097 1.504187
v 0.041500 -0.020826 1.483354
v 0.062569 -0.006624 1.517525
v 0.066440 -0.008997 1.537682
v 0.051537 -0.010877 1.489857
v 0.059522 -0.003579 1.503156
v 0.052431 -0.012890 1.493876
v 0.058924 -0.008097 1.504187
v 0.062569 -0.006624 1.517525
v 0.065621 -0.000309 1.518014
v 0.068486 -0.002564 1.538772
v 0.066440 -0.008997 1.537682
v 0.067594 -0.005299 1.564592
v 0.064627 -0.011662 1.561353
v 0.064627 -0.011662 1.561353
v 0.105019 0.000844 1.627592
v 0.083210 -0.001050 1.640001
v 0.093326 0.002766 1.607950
v 0.105824 0.004015 1.627575
v 0.093633 0.006038 1.606788
v 0.082207 0.002101 1.639279
v 0.130468 0.001321 1.616960
v 0.077260 0.004236 1.663770
v 0.077314 0.001775 1.664393
v 0.096532 0.000203 1.671538
v 0.111951 -0.000976 1.648718
v 0.097566 0.003833 1.671885
v 0.083505 0.007246 1.692519
v 0.082349 0.004944 1.692835
v 0.112257 0.003241 1.647991
v 0.130468 0.001321 1.616960
v 0.130863 0.005020 1.617476
v 0.072093 0.007130 1.690895
v 0.072080 0.009062 1.690759
v 0.130863 0.005020 1.617476
v 0.130468 0.001321 1.616960
v 0.072080 0.009062 1.690759
v 0.083505 0.007246 1.692519
v 0.077260 0.004236 1.663770
v 0.097566 0.003833 1.671885
v 0.112257 0.003241 1.647991
v 0.082207 0.002101 1.639279
v 0.105824 0.004015 1.627575
v 0.093633 0.006038 1.606788
v 0.130863 0.005020 1.617476
v 0.111894 0.012948 1.578660
v 0.106817 0.007572 1.632530
v 0.082499 0.004969 1.627575
v 0.074184 0.009296 1.659878
v 0.095539 0.011053 1.668287
v 0.097025 0.012801 1.566659
v 0.125259 0.018346 1.575509
v 0.071420 0.026305 1.686066
v 0.084275 0.027713 1.693254
v 0.094828 0.014882 1.666691
v 0.106237 0.012378 1.631669
v 0.073270 0.011356 1.658499
v 0.080690 0.006759 1.627098
v 0.111103 0.015929 1.577440
v 0.095167 0.015382 1.565003
v 0.125336 0.021555 1.574552
v 0.069979 0.028377 1.684158
v 0.084812 0.028983 1.691834
v 0.111103 0.015929 1.577440
v 0.080690 0.006759 1.627098
v 0.106237 0.012378 1.631669
v 0.073270 0.011356 1.658499
v 0.094828 0.014882 1.666691
v 0.095167 0.015382 1.565003
v 0.125336 0.021555 1.574552
v 0.069979 0.028377 1.684158
v 0.084812 0.028983 1.691834
v 0.070388 -0.021076 1.691954
v 0.076362 -0.030124 1.685011
v 0.079901 -0.022912 1.696890
v 0.080574 -0.030948 1.685934
v 0.074393 -0.029724 1.682434
v 0.066096 -0.020828 1.679693
v 0.074973 -0.030090 1.677903
v 0.069033 -0.022283 1.669435
v 0.077830 -0.024761 1.665700
v 0.078682 -0.031165 1.675638
v 0.088365 -0.027102 1.667036
v 0.082281 -0.032038 1.676739
v 0.095710 -0.028211 1.674976
v 0.084192 -0.032387 1.680667
v 0.096431 -0.027568 1.685808
v 0.084108 -0.032255 1.682449
v 0.070026 -0.006878 1.694270
v 0.082446 -0.009275 1.700713
v 0.090347 -0.025523 1.694355
v 0.096728 -0.012863 1.696971
v 0.068261 -0.008454 1.664183
v 0.064423 -0.006554 1.677659
v 0.103085 -0.016191 1.672108
v 0.093495 -0.014744 1.661740
v 0.104024 -0.015355 1.686247
v 0.096445 0.000800 1.692389
v 0.085999 0.003410 1.694923
v 0.076484 0.005245 1.689990
v 0.072192 0.005493 1.680000
v 0.075132 0.004040 1.669633
v 0.083926 0.001562 1.663737
v 0.079742 -0.011687 1.659998
v 0.094463 -0.000780 1.665070
v 0.101808 -0.001886 1.673012
v 0.102529 -0.001244 1.683844
v 0.089702 0.008662 1.682870
v 0.085586 0.009690 1.682038
v 0.083557 0.009832 1.679482
v 0.084089 0.009265 1.674965
v 0.087820 0.008276 1.672694
v 0.091470 0.007634 1.673778
v 0.093324 0.007514 1.676315
v 0.093394 0.007833 1.679455
v 0.100054 -0.000295 1.688896
v 0.100337 -0.013959 1.693479
v 0.093956 -0.026619 1.690860
v 0.076362 -0.030124 1.685011
v 0.077756 -0.026352 1.684247
v 0.080574 -0.030948 1.685934
v 0.081538 -0.027092 1.684953
v 0.074393 -0.029724 1.682434
v 0.075984 -0.025973 1.682034
v 0.074973 -0.030090 1.677903
v 0.076434 -0.026266 1.678006
v 0.079731 -0.027224 1.676024
v 0.078682 -0.031165 1.675638
v 0.082878 -0.028000 1.677063
v 0.082281 -0.032038 1.676739
v 0.084429 -0.028301 1.680500
v 0.084192 -0.032387 1.680667
v 0.090347 -0.025523 1.694355
v 0.089214 -0.022859 1.691543
v 0.096728 -0.012863 1.696971
v 0.084429 -0.028301 1.680500
v 0.084337 -0.028184 1.682065
v 0.084429 -0.028301 1.680500
v 0.084337 -0.028184 1.682065
v 0.084108 -0.032255 1.682449
v 0.093956 -0.026619 1.690860
v 0.092056 -0.023722 1.688789
v 0.097158 -0.013404 1.691049
v 0.094534 -0.012606 1.693593
v 0.089214 -0.022859 1.691543
v 0.096445 0.000800 1.692389
v 0.097158 -0.013404 1.691049
v 0.100337 -0.013959 1.693479
v 0.097013 -0.002326 1.687191
v 0.094168 -0.001463 1.689945
v 0.094534 -0.012606 1.693593
v 0.088902 0.004665 1.682474
v 0.089702 0.008662 1.682870
v 0.097013 -0.002326 1.687191
v 0.100054 -0.000295 1.688896
v 0.091811 0.004054 1.679513
v 0.093394 0.007833 1.679455
v 0.093324 0.007514 1.676315
v 0.091805 0.003761 1.676941
v 0.091470 0.007634 1.673778
v 0.090252 0.003833 1.674686
v 0.087820 0.008276 1.672694
v 0.087049 0.004374 1.673665
v 0.083732 0.005245 1.675654
v 0.084089 0.009265 1.674965
v 0.083334 0.005748 1.679666
v 0.083557 0.009832 1.679482
v 0.085163 0.005621 1.681858
v 0.085586 0.009690 1.682038
v 0.090252 0.003833 1.674686
v 0.088902 0.004665 1.682474
v 0.066952 -0.006726 1.558052
v 0.072747 0.001172 1.569425
v 0.070239 0.000592 1.572510
v 0.067235 0.006286 1.552635
v 0.074294 0.007010 1.574002
v 0.069861 0.006794 1.577326
v 0.078715 0.018815 1.573693
v 0.080142 0.024203 1.562402
v 0.064861 -0.008340 1.546113
v 0.076461 0.020293 1.573990
v 0.076891 0.026441 1.562625
v 0.076546 0.022882 1.548230
v 0.072875 0.025118 1.546491
v 0.067838 0.024769 1.563062
v 0.061609 0.020258 1.542492
v 0.068575 0.018095 1.535981
v 0.071151 0.015105 1.536972
v 0.065918 0.004075 1.530554
v 0.062809 0.004748 1.528714
v 0.061446 -0.005561 1.532123
v 0.058960 -0.003255 1.531547
v 0.062809 0.004748 1.528714
v 0.069861 0.006794 1.577326
v 0.068635 0.022141 1.573843
v 0.076461 0.020293 1.573990
v 0.062809 0.004748 1.528714
v 0.056106 0.005609 1.529904
v 0.068575 0.018095 1.535981
v 0.061609 0.020258 1.542492
v 0.043878 0.033134 1.523877
v 0.047707 0.008586 1.519533
v 0.058960 -0.003255 1.531547
v 0.062809 0.004748 1.528714
v 0.047732 -0.009643 1.515196
v 0.039650 0.031879 1.502644
v 0.025897 0.058738 1.518761
v 0.024887 0.058005 1.506161
v 0.000000 0.065245 1.523536
v 0.000000 0.064058 1.504316
v 0.037676 0.033495 1.481694
v 0.038362 0.007421 1.497553
v 0.041033 -0.019630 1.502824
v 0.025180 -0.006942 1.488296
v 0.020560 -0.021615 1.491192
v 0.000000 -0.012872 1.480860
v 0.000000 -0.021934 1.487668
v 0.035058 0.013743 1.474026
v 0.025161 0.058896 1.485328
v 0.018431 -0.003212 1.464976
v 0.000000 -0.012872 1.480860
v 0.000000 -0.011461 1.462490
v 0.000000 -0.011521 1.439853
v 0.000000 0.064751 1.486413
v 0.003623 -0.093181 1.540771
v 0.000000 -0.093626 1.541016
v 0.000000 -0.088244 1.547375
v 0.008220 -0.088902 1.538613
v 0.007758 -0.091881 1.536247
v 0.003536 -0.097206 1.535948
v 0.003538 -0.096999 1.533725
v 0.010188 -0.083286 1.536144
v 0.000000 -0.098173 1.535128
v 0.000000 -0.097825 1.532944
v 0.009350 -0.086825 1.535331
v 0.000000 -0.095855 1.530151
v 0.003658 -0.095139 1.530655
v 0.000000 -0.092550 1.528285
v 0.019024 -0.070809 1.508530
v 0.002518 -0.086996 1.528582
v 0.003358 -0.089833 1.528879
v 0.001616 -0.087874 1.527467
v 0.003557 -0.085500 1.530752
v 0.032247 -0.071120 1.582374
v 0.026357 -0.071765 1.579915
v 0.032458 -0.072452 1.569440
v 0.021943 -0.071866 1.574791
v 0.020114 -0.071120 1.567753
v 0.021198 -0.070495 1.561764
v 0.033194 -0.071670 1.560282
v 0.045895 -0.068036 1.561847
v 0.046211 -0.068459 1.569353
v 0.044287 -0.069137 1.576201
v 0.038679 -0.069977 1.581191
v 0.032837 -0.064970 1.585985
v 0.022973 -0.065920 1.583292
v 0.015844 -0.066036 1.577291
v 0.012824 -0.065259 1.567301
v 0.014188 -0.063856 1.557315
v 0.022358 -0.062130 1.552009
v 0.026536 -0.069529 1.556752
v 0.033607 -0.060676 1.549800
v 0.033138 -0.069130 1.554528
v 0.039635 -0.067937 1.554669
v 0.041127 -0.059723 1.552692
v 0.044887 -0.066133 1.555544
v 0.054347 -0.061003 1.569304
v 0.050907 -0.061682 1.579492
v 0.043281 -0.063242 1.584168
v 0.021052 -0.056570 1.585592
v 0.032183 -0.055457 1.588350
v 0.031780 -0.050455 1.547887
v 0.020889 -0.052239 1.549607
v 0.012333 -0.054215 1.556964
v 0.010027 -0.055854 1.567693
v 0.013115 -0.056717 1.578511
v 0.043184 -0.053672 1.585986
v 0.051816 -0.051696 1.581112
v 0.055608 -0.050395 1.570408
v 0.053757 -0.060819 1.566680
v 0.053626 -0.060534 1.564328
v 0.051116 -0.049510 1.556946
v 0.051050 -0.060621 1.557751
v 0.049743 -0.063302 1.558304
v 0.043343 -0.049320 1.550799
v 0.053626 -0.060534 1.564328
v 0.047116 -0.074019 1.577935
v 0.051097 -0.070371 1.572708
v 0.053420 -0.071950 1.574832
v 0.056942 -0.069254 1.573761
v 0.056213 -0.066948 1.570563
v 0.060090 -0.065443 1.570862
v 0.063092 -0.067283 1.573707
v 0.058849 -0.059832 1.565728
v 0.062448 -0.063459 1.569508
v 0.063418 -0.059078 1.566859
v 0.065858 -0.061203 1.568949
v 0.053169 -0.064225 1.568678
v 0.054739 -0.060633 1.565546
v 0.049161 -0.067398 1.572132
v 0.038077 -0.070309 1.575097
v 0.038502 -0.074471 1.577178
v 0.027961 -0.074310 1.574089
v 0.028388 -0.071343 1.573472
v 0.021924 -0.072242 1.567698
v 0.021160 -0.073711 1.567774
v 0.027692 -0.077136 1.574424
v 0.019465 -0.070553 1.564116
v 0.021914 -0.069981 1.566789
v 0.032662 -0.076701 1.577679
v 0.039587 -0.076567 1.578796
v 0.021180 -0.071094 1.568849
v 0.019465 -0.070553 1.564116
v 0.021160 -0.073711 1.567774
v 0.027692 -0.077136 1.574424
v 0.029029 -0.070809 1.575788
v 0.032662 -0.076701 1.577679
v 0.039352 -0.069446 1.578322
v 0.039587 -0.076567 1.578796
v 0.047116 -0.074019 1.577935
v 0.053420 -0.071950 1.574832
v 0.052191 -0.063816 1.572058
v 0.056942 -0.069254 1.573761
v 0.063092 -0.067283 1.573707
v 0.063092 -0.067283 1.573707
v 0.060090 -0.065443 1.570862
v 0.052191 -0.063816 1.572058
v 0.054739 -0.060633 1.565546
v 0.052191 -0.063816 1.572058
v 0.060090 -0.065443 1.570862
v 0.062448 -0.063459 1.569508
v 0.065858 -0.061203 1.568949
v 0.063418 -0.059078 1.566859
v 0.054739 -0.060633 1.565546
v 0.058849 -0.059832 1.565728
v 0.034338 -0.069743 1.554621
v 0.040174 -0.079773 1.649223
v 0.045496 -0.070357 1.662611
v 0.027234 -0.073303 1.672830
v 0.045781 -0.054074 1.674086
v 0.022374 -0.056050 1.685180
v 0.039317 -0.045691 1.670553
v 0.019833 -0.049029 1.680488
v -0.000848 -0.058438 1.686151
v 0.013386 -0.068874 1.682783
v -0.000848 -0.051679 1.682918
v 0.062031 -0.046902 1.655404
v 0.060290 -0.064622 1.644634
v 0.048921 -0.075815 1.634524
v 0.073140 -0.055951 1.621047
v 0.057404 -0.067648 1.610003
v 0.043085 -0.078532 1.630804
v 0.068437 -0.051826 1.584872
v 0.085427 -0.041706 1.597341
v 0.092925 -0.023627 1.575730
v 0.081024 -0.029978 1.561659
v 0.092830 -0.000483 1.549829
v 0.099779 0.002673 1.563529
v 0.059776 -0.052918 1.580770
v 0.071800 -0.029016 1.555702
v 0.081783 -0.001172 1.544383
v 0.090217 0.032380 1.549454
v 0.100232 0.032548 1.552466
v 0.096753 0.049152 1.562972
v 0.104299 0.046704 1.562072
v 0.107333 0.058284 1.578707
v 0.105528 0.061192 1.581145
v 0.105981 0.033925 1.563645
v 0.097798 0.009147 1.576680
v 0.103636 0.035172 1.571979
v 0.090463 0.012760 1.578563
v 0.082834 -0.005171 1.591654
v 0.090836 -0.010724 1.589527
v 0.075633 -0.019447 1.610462
v 0.084045 -0.026918 1.607884
v 0.097849 0.037934 1.574659
v 0.107333 0.058284 1.578707
v 0.107333 0.058284 1.578707
v 0.105528 0.061192 1.581145
v 0.067291 -0.029425 1.630327
v 0.074717 -0.037959 1.630860
v 0.054149 -0.039433 1.654945
v 0.067291 -0.029425 1.630327
v 0.075633 -0.019447 1.610462
v 0.049241 -0.067262 1.605504
v 0.059776 -0.052918 1.580770
v 0.082834 -0.005171 1.591654
v 0.071800 -0.029016 1.555702
v 0.081783 -0.001172 1.544383
v 0.090463 0.012760 1.578563
v 0.090217 0.032380 1.549454
v 0.097849 0.037934 1.574659
v 0.096753 0.049152 1.562972
v 0.105528 0.061192 1.581145
v 0.043085 -0.078532 1.630804
v 0.054149 -0.039433 1.654945
v 0.039317 -0.045691 1.670553
v 0.049241 -0.067262 1.605504
v -0.047195 -0.070357 1.662611
v -0.041873 -0.079773 1.649223
v -0.028933 -0.073303 1.672830
v -0.047480 -0.054074 1.674086
v -0.024072 -0.056050 1.685180
v -0.041016 -0.045691 1.670553
v -0.021532 -0.049029 1.680488
v -0.000848 -0.058438 1.686151
v -0.015085 -0.068874 1.682783
v -0.000848 -0.051679 1.682918
v -0.063730 -0.046902 1.655404
v -0.061989 -0.064622 1.644634
v -0.050618 -0.075815 1.634524
v -0.073309 -0.055951 1.622373
v -0.058614 -0.067648 1.610395
v -0.042338 -0.079087 1.631576
v -0.069304 -0.051826 1.585794
v -0.084716 -0.041706 1.599540
v -0.095068 -0.023627 1.575730
v -0.083165 -0.029978 1.561659
v -0.094973 -0.000483 1.549829
v -0.101922 0.002673 1.563529
v -0.061414 -0.052918 1.580912
v -0.074345 -0.029016 1.555263
v -0.083926 -0.001172 1.544383
v -0.092360 0.032380 1.549454
v -0.102374 0.032548 1.552466
v -0.098896 0.049152 1.562972
v -0.106439 0.046704 1.562072
v -0.109476 0.058284 1.578707
v -0.108124 0.033925 1.563645
v -0.099940 0.009147 1.576680
v -0.105777 0.035172 1.571979
v -0.092604 0.012760 1.578563
v -0.084977 -0.005171 1.591654
v -0.092977 -0.010724 1.589527
v -0.075778 -0.019447 1.612193
v -0.083883 -0.026918 1.609693
v -0.099992 0.037934 1.574659
v -0.109476 0.058284 1.578707
v -0.109476 0.058284 1.578707
v -0.109377 0.058487 1.583541
v -0.109476 0.058284 1.578707
v -0.067095 -0.029425 1.632253
v -0.074558 -0.037959 1.632486
v -0.055843 -0.039433 1.654945
v -0.109377 0.058487 1.583541
v -0.109476 0.058284 1.578707
v -0.061414 -0.052918 1.580912
v -0.075778 -0.019447 1.612193
v -0.050750 -0.067262 1.605615
v -0.067095 -0.029425 1.632253
v -0.084977 -0.005171 1.591654
v -0.074345 -0.029016 1.555263
v -0.083926 -0.001172 1.544383
v -0.092604 0.012760 1.578563
v -0.092360 0.032380 1.549454
v -0.099992 0.037934 1.574659
v -0.098896 0.049152 1.562972
v -0.109377 0.058487 1.583541
v -0.042338 -0.079087 1.631576
v -0.055843 -0.039433 1.654945
v -0.041016 -0.045691 1.670553
v -0.050750 -0.067262 1.605615
v 0.040174 -0.079773 1.649223
v 0.027234 -0.073303 1.672830
v 0.035075 -0.089329 1.655148
v 0.017560 -0.082880 1.674340
v 0.021030 -0.095496 1.657828
v 0.013386 -0.068874 1.682783
v 0.001106 -0.097184 1.658501
v 0.000980 -0.084814 1.674967
v -0.000848 -0.058438 1.686151
v -0.018078 -0.083344 1.673547
v -0.020349 -0.094233 1.657535
v -0.015085 -0.068874 1.682783
v -0.035812 -0.085813 1.655673
v -0.028933 -0.073303 1.672830
v -0.041873 -0.079773 1.649223
v 0.038712 -0.094719 1.637982
v 0.043085 -0.078532 1.630804
v -0.038052 -0.093534 1.639070
v -0.042338 -0.079087 1.631576
v -0.039794 -0.096501 1.621134
v -0.043211 -0.084358 1.618840
v -0.025254 -0.102680 1.622462
v -0.022859 -0.100847 1.640043
v 0.001197 -0.105791 1.639597
v 0.022589 -0.102017 1.639505
v 0.040583 -0.096856 1.619441
v 0.043075 -0.080753 1.617360
v 0.041165 -0.096518 1.604684
v 0.042730 -0.082095 1.603912
v 0.039470 -0.093115 1.587907
v 0.041834 -0.082506 1.586226
v 0.022285 -0.101863 1.587564
v 0.023349 -0.105593 1.605217
v 0.023266 -0.104984 1.621277
v 0.001955 -0.105962 1.587250
v 0.001500 -0.110201 1.605673
v 0.001362 -0.108956 1.622464
v 0.001858 -0.096794 1.585852
v -0.015737 -0.102825 1.587632
v -0.021323 -0.104687 1.603367
v -0.024810 -0.096452 1.613461
v -0.022225 -0.096957 1.599790
v -0.017432 -0.096470 1.586536
v 0.021414 -0.094596 1.585260
v -0.027356 -0.101902 1.604495
v -0.024810 -0.096452 1.613461
v -0.025443 -0.095593 1.603421
v -0.026980 -0.096106 1.587260
v -0.024916 -0.090977 1.585960
v -0.027356 -0.101902 1.604495
v -0.038964 -0.096464 1.604030
v -0.036673 -0.092405 1.588130
v -0.042992 -0.086691 1.604094
v -0.038723 -0.085363 1.585423
v -0.024916 -0.090977 1.585960
v -0.026980 -0.096106 1.587260
v -0.024916 -0.090977 1.585960
v -0.038723 -0.085363 1.585423
v -0.025443 -0.095593 1.603421
v -0.042992 -0.086691 1.604094
v -0.024810 -0.096452 1.613461
v -0.043211 -0.084358 1.618840
v -0.029236 -0.080155 1.629725
v -0.011061 -0.082776 1.631337
v -0.006403 -0.088493 1.617015
v -0.003422 -0.092306 1.603611
v -0.022225 -0.096957 1.599790
v 0.015308 -0.078266 1.631618
v 0.017081 -0.083310 1.617474
v -0.042338 -0.079087 1.631576
v 0.043085 -0.078532 1.630804
v 0.043075 -0.080753 1.617360
v 0.018840 -0.087222 1.603979
v 0.001858 -0.096794 1.585852
v 0.021414 -0.094596 1.585260
v 0.041834 -0.082506 1.586226
v 0.042730 -0.082095 1.603912
v -0.017432 -0.096470 1.586536
v -0.054991 0.107905 0.202408
v -0.074797 0.106683 0.202656
v -0.057955 0.099783 0.186270
v -0.072751 0.097620 0.185546
v -0.084729 0.089747 0.203779
v -0.084009 0.083912 0.183876
v -0.089414 0.064112 0.202241
v -0.085782 0.065369 0.182967
v -0.081057 0.037984 0.193851
v -0.076457 0.043252 0.178710
v -0.063658 0.031526 0.177267
v -0.063736 0.034470 0.177011
v -0.041163 0.088168 0.184379
v -0.036206 0.092161 0.204029
v -0.034241 0.060922 0.202074
v -0.037050 0.061112 0.182262
v -0.041303 0.039848 0.194555
v -0.043529 0.041896 0.179544
v -0.063658 0.031526 0.177267
v -0.063736 0.034470 0.177011
v -0.089414 0.064112 0.202241
v -0.091612 0.063891 0.200788
v -0.081057 0.037984 0.193851
v -0.083697 0.035432 0.191396
v -0.084729 0.089747 0.203779
v -0.086866 0.092322 0.202394
v -0.074797 0.106683 0.202656
v -0.076521 0.109798 0.200321
v -0.054053 0.111109 0.200115
v -0.054991 0.107905 0.202408
v -0.035618 0.095240 0.202340
v -0.036206 0.092161 0.204029
v -0.031121 0.061508 0.200984
v -0.034241 0.060922 0.202074
v -0.038461 0.038157 0.193835
v -0.041303 0.039848 0.194555
v -0.058294 0.028807 0.174402
v -0.063658 0.031526 0.177267
v -0.059743 0.030830 0.156992
v -0.063063 0.033910 0.154562
v -0.052117 0.028080 0.139219
v -0.084758 0.088966 0.176035
v -0.089162 0.063366 0.175438
v -0.082807 0.040861 0.176274
v -0.069093 0.029406 0.174788
v -0.063658 0.031526 0.177267
v -0.063063 0.033910 0.154562
v -0.067943 0.031303 0.154537
v -0.071416 0.037100 0.136674
v -0.074673 0.027428 0.137450
v -0.082217 0.038646 0.122868
v -0.082338 0.041056 0.151699
v -0.074673 0.027428 0.137450
v -0.087002 0.035818 0.124960
v -0.088012 0.062400 0.148550
v -0.092300 0.058046 0.119446
v -0.087987 0.059444 0.117653
v -0.082217 0.038646 0.122868
v -0.088540 0.090149 0.113508
v -0.093900 0.090268 0.115878
v -0.085656 0.090826 0.145827
v -0.077140 0.105781 0.148028
v -0.075763 0.103942 0.177426
v -0.054848 0.104373 0.177166
v -0.038981 0.088741 0.177851
v -0.034455 0.061190 0.179864
v -0.041722 0.039885 0.179005
v -0.052226 0.105267 0.148996
v -0.037951 0.089555 0.149808
v -0.034156 0.060282 0.150287
v -0.043505 0.037880 0.154370
v -0.041101 0.032362 0.128640
v -0.029128 0.056785 0.119187
v -0.044336 0.035360 0.126114
v -0.034332 0.058343 0.116689
v -0.031980 0.097116 0.121632
v -0.036648 0.090388 0.116972
v -0.043671 0.113456 0.126075
v -0.044941 0.111671 0.121890
v -0.063063 0.115535 0.127840
v -0.062933 0.114092 0.122648
v -0.084544 0.109982 0.124144
v -0.082541 0.107641 0.119410
v -0.041101 0.032362 0.128640
v -0.054183 0.035186 0.136543
v -0.052117 0.028080 0.139219
v -0.082217 0.038646 0.122868
v -0.074673 0.027428 0.137450
v -0.044336 0.035360 0.126114
v -0.043051 0.033485 0.107878
v -0.034332 0.058343 0.116689
v -0.034790 0.047323 0.098624
v -0.035329 0.079007 0.099538
v -0.035027 0.068449 0.083534
v -0.038198 0.077295 0.074050
v -0.037602 0.089277 0.088852
v -0.036648 0.090388 0.116972
v -0.040998 0.102894 0.096807
v -0.044941 0.111671 0.121890
v -0.047046 0.114974 0.102587
v -0.063314 0.121209 0.105122
v -0.062933 0.114092 0.122648
v -0.053403 0.027674 0.113682
v -0.054183 0.035186 0.136543
v -0.050218 0.116522 0.091872
v -0.064095 0.122951 0.095634
v -0.044555 0.107157 0.086234
v -0.039546 0.094138 0.080854
v -0.037957 0.080066 0.072076
v -0.032738 0.068053 0.082130
v -0.032251 0.043130 0.097306
v -0.041171 0.027692 0.107622
v -0.053754 0.024480 0.112840
v -0.054016 0.015791 0.092217
v -0.040507 0.022837 0.088286
v -0.034224 0.034228 0.081655
v -0.032911 0.053954 0.065947
v -0.035370 0.065947 0.060338
v -0.035713 0.081245 0.070208
v -0.070774 0.025443 0.112781
v -0.054904 0.032794 0.136830
v -0.070072 0.033165 0.138191
v -0.071248 0.031693 0.113537
v -0.071416 0.037100 0.136674
v -0.082217 0.038646 0.122868
v -0.082037 0.036008 0.107238
v -0.087987 0.059444 0.117653
v -0.089521 0.052696 0.094600
v -0.089612 0.064000 0.085231
v -0.088540 0.090149 0.113508
v -0.087946 0.095242 0.092201
v -0.082209 0.112416 0.101367
v -0.082541 0.107641 0.119410
v -0.063314 0.121209 0.105122
v -0.062933 0.114092 0.122648
v -0.088571 0.075369 0.074564
v -0.080325 0.114295 0.090330
v -0.064095 0.122951 0.095634
v -0.085323 0.098297 0.081346
v -0.086331 0.080887 0.066354
v -0.089672 0.050240 0.092735
v -0.082291 0.034038 0.105622
v -0.091938 0.063533 0.083724
v -0.090838 0.074153 0.072559
v -0.088464 0.080657 0.064967
v -0.082099 0.029055 0.086921
v -0.070755 0.017911 0.091001
v -0.090012 0.043463 0.077064
v -0.090660 0.056480 0.064824
v -0.089299 0.066808 0.052937
v -0.090590 0.055317 0.061430
v -0.087310 0.063465 0.052299
v -0.089407 0.043496 0.072941
v -0.081139 0.029208 0.082609
v -0.071273 0.021926 0.086164
v -0.072190 0.009195 0.067214
v -0.053785 0.005681 0.068920
v -0.081032 0.018635 0.064888
v -0.071449 0.012221 0.067053
v -0.072190 0.009195 0.067214
v -0.090083 0.029949 0.058521
v -0.092153 0.043275 0.047941
v -0.089424 0.051068 0.039701
v -0.091885 0.051615 0.038161
v -0.093524 0.042980 0.047210
v -0.090390 0.029831 0.057621
v -0.081059 0.016307 0.064761
v -0.095925 0.030959 0.031922
v -0.093413 0.038112 0.021722
v -0.093107 0.018189 0.040775
v -0.081810 0.005501 0.047204
v -0.073144 -0.002465 0.050069
v -0.053884 -0.005510 0.050961
v -0.062955 -0.011790 0.041349
v -0.061731 -0.008796 0.038750
v -0.053407 -0.002873 0.046910
v -0.070677 0.001016 0.046863
v -0.061731 -0.008796 0.038750
v -0.081201 0.007663 0.043179
v -0.090413 0.018357 0.036858
v -0.094600 0.028535 0.029909
v -0.092878 0.035529 0.022153
v -0.095343 0.020165 0.021173
v -0.093733 0.028076 0.012203
v -0.090820 0.011750 0.030042
v -0.086890 0.009771 0.031245
v -0.037800 -0.002306 0.049594
v -0.040378 0.011843 0.065229
v -0.052918 0.010846 0.068230
v -0.041185 0.013584 0.066095
v -0.041875 0.023681 0.086164
v -0.053104 0.018834 0.088658
v -0.035804 0.033743 0.078568
v -0.034980 0.052313 0.064260
v -0.035628 0.064112 0.059475
v -0.053785 0.005681 0.068920
v -0.032882 0.020948 0.061801
v -0.032909 0.040166 0.051136
v -0.035256 0.049513 0.045341
v -0.031456 0.019267 0.060749
v -0.030706 0.038791 0.049976
v -0.034133 0.051095 0.043019
v -0.028910 0.005693 0.045736
v -0.026187 0.026608 0.033454
v -0.030322 0.035269 0.025942
v -0.029881 0.005986 0.042928
v -0.039446 -0.000675 0.047086
v -0.028575 0.025062 0.032317
v -0.050397 -0.008738 0.040405
v -0.038087 -0.008916 0.040081
v -0.061731 -0.008796 0.038750
v -0.027862 -0.001841 0.034107
v -0.026299 0.014548 0.024032
v -0.025405 0.021734 0.016014
v -0.054949 -0.027701 0.034965
v -0.059784 -0.025543 0.033632
v -0.060935 -0.041012 0.019841
v -0.064783 -0.034047 0.019275
v -0.064875 -0.037181 0.014156
v -0.070829 -0.035930 0.020116
v -0.071164 -0.039796 0.014063
v -0.076713 -0.033568 0.014120
v -0.075243 -0.029763 0.019825
v -0.075970 -0.024259 0.014199
v -0.076052 -0.020427 0.018805
v -0.073014 -0.018285 0.033603
v -0.067958 -0.020308 0.034071
v -0.070241 -0.003041 0.038502
v -0.075710 -0.013115 0.027948
v -0.074841 0.000664 0.036495
v -0.081236 0.004521 0.035898
v -0.085847 -0.003235 0.023580
v -0.092151 -0.002645 0.024053
v -0.094135 0.002834 0.018278
v -0.096584 0.007825 0.010885
v -0.084069 -0.011446 0.027525
v -0.079973 -0.013177 0.028289
v -0.092527 -0.009011 0.012397
v -0.092075 -0.009343 0.017329
v -0.088915 -0.010392 0.019160
v -0.085726 -0.010807 0.020027
v -0.089292 -0.012227 0.014061
v -0.085673 -0.012272 0.014164
v -0.084441 -0.019686 0.017929
v -0.080033 -0.022201 0.018677
v -0.085171 -0.022188 0.014073
v -0.079993 -0.024878 0.014230
v -0.076052 -0.020427 0.018805
v -0.086238 -0.025993 0.012188
v -0.078854 -0.036875 0.011790
v -0.070972 -0.047928 0.013095
v -0.060948 -0.042216 0.014127
v -0.054580 -0.043609 0.019804
v -0.054470 -0.044768 0.014094
v -0.048733 -0.041355 0.014143
v -0.048906 -0.040036 0.020297
v -0.049673 -0.025344 0.032598
v -0.041392 -0.046180 0.014007
v -0.041334 -0.047164 0.025217
v -0.032971 -0.045306 0.023171
v -0.034532 -0.045512 0.014698
v -0.038138 -0.025531 0.034012
v -0.027063 -0.024280 0.028029
v -0.026253 -0.019075 0.014102
v -0.022994 0.000679 0.015867
v -0.022527 -0.021707 0.012681
v -0.033818 -0.048793 0.012642
v -0.052831 -0.055422 0.014366
v -0.034532 -0.045512 0.014698
v -0.088464 0.080657 0.064967
v -0.086331 0.080887 0.066354
v -0.087403 0.099091 0.080505
v -0.085323 0.098297 0.081346
v -0.080325 0.114295 0.090330
v -0.082725 0.116463 0.089655
v -0.064095 0.122951 0.095634
v -0.064535 0.127583 0.095786
v -0.049016 0.118917 0.090638
v -0.050218 0.116522 0.091872
v -0.042011 0.109426 0.085956
v -0.044555 0.107157 0.086234
v -0.038252 0.096078 0.079562
v -0.039546 0.094138 0.080854
v -0.035713 0.081245 0.070208
v -0.037957 0.080066 0.072076
v -0.063063 0.033910 0.154562
v -0.092878 0.035529 0.022153
v -0.093413 0.038112 0.021722
v -0.093733 0.028076 0.012203
v -0.096862 0.033968 -0.000000
v -0.093733 0.028076 0.012203
v -0.095394 0.045471 0.014135
v -0.093413 0.038112 0.021722
v -0.097116 0.008734 -0.000002
v -0.096584 0.007825 0.010885
v -0.093958 -0.008947 -0.000002
v -0.092527 -0.009011 0.012397
v -0.086238 -0.025993 0.012188
v -0.086857 -0.027238 -0.000002
v -0.078854 -0.036875 0.011790
v -0.071523 -0.048329 0.001471
v -0.070972 -0.047928 0.013095
v -0.052831 -0.055422 0.014366
v -0.052790 -0.055962 0.003218
v -0.033778 -0.049622 0.001471
v -0.033818 -0.048793 0.012642
v -0.020875 -0.021600 0.000000
v -0.022527 -0.021707 0.012681
v -0.022994 0.000679 0.015867
v -0.019895 0.004275 -0.000002
v -0.025405 0.021734 0.016014
v -0.025021 0.033359 -0.000002
v -0.031590 0.045866 0.015193
v -0.030322 0.035269 0.025942
v -0.036346 0.060350 0.032715
v -0.034133 0.051095 0.043019
v -0.035628 0.064112 0.059475
v -0.037313 0.074543 0.045511
v -0.035370 0.065947 0.060338
v -0.037209 0.089007 0.059446
v -0.035713 0.081245 0.070208
v -0.037626 0.101070 0.068354
v -0.038252 0.096078 0.079562
v -0.040612 0.113500 0.074768
v -0.042011 0.109426 0.085956
v -0.049505 0.124318 0.080163
v -0.049016 0.118917 0.090638
v -0.064545 0.130362 0.084459
v -0.064535 0.127583 0.095786
v -0.082725 0.116463 0.089655
v -0.082238 0.120806 0.078336
v -0.087403 0.099091 0.080505
v -0.085795 0.104683 0.068333
v -0.088464 0.080657 0.064967
v -0.086963 0.088363 0.057282
v -0.089449 0.073044 0.045079
v -0.089299 0.066808 0.052937
v -0.091885 0.051615 0.038161
v -0.092804 0.058546 0.031090
v -0.076052 -0.020427 0.018805
v -0.063387 -0.019335 0.029771
v -0.064783 -0.034047 0.019275
v -0.063387 -0.019335 0.029771
v -0.089424 0.051068 0.039701
v -0.087310 0.063465 0.052299
v -0.091885 0.051615 0.038161
v -0.089299 0.066808 0.052937
v -0.035628 0.064112 0.059475
v -0.035256 0.049513 0.045341
v -0.034133 0.051095 0.043019
v -0.096862 0.033968 -0.000000
v -0.025021 0.033359 -0.000002
v -0.097116 0.008734 -0.000002
v -0.019895 0.004275 -0.000002
v -0.093958 -0.008947 -0.000002
v -0.020875 -0.021600 0.000000
v -0.086857 -0.027238 -0.000002
v -0.071523 -0.048329 0.001471
v -0.052790 -0.055962 0.003218
v -0.033778 -0.049622 0.001471
v -0.025021 0.033359 -0.000002
v -0.096862 0.033968 -0.000000
v -0.031590 0.045866 0.015193
v -0.095394 0.045471 0.014135
v -0.036346 0.060350 0.032715
v -0.092804 0.058546 0.031090
v -0.089449 0.073044 0.045079
v -0.037313 0.074543 0.045511
v -0.062225 0.096879 0.062396
v -0.086963 0.088363 0.057282
v -0.080181 0.106669 0.069151
v -0.085795 0.104683 0.068333
v -0.082238 0.120806 0.078336
v -0.037209 0.089007 0.059446
v -0.051683 0.098314 0.064828
v -0.037626 0.101070 0.068354
v -0.044491 0.105905 0.069388
v -0.040612 0.113500 0.074768
v -0.043471 0.114961 0.073373
v -0.049505 0.124318 0.080163
v -0.064545 0.130362 0.084459
v -0.049505 0.124318 0.080163
v -0.063980 0.122870 0.052150
v -0.052187 0.117354 0.051126
v -0.082238 0.120806 0.078336
v -0.073703 0.117094 0.051832
v -0.080181 0.106669 0.069151
v -0.073817 0.106243 0.050593
v -0.062225 0.096879 0.062396
v -0.062138 0.098673 0.049425
v -0.043471 0.114961 0.073373
v -0.044491 0.105905 0.069388
v -0.051349 0.104658 0.049613
v -0.051683 0.098314 0.064828
v -0.062138 0.098673 0.049425
v -0.062225 0.096879 0.062396
v -0.055769 0.114910 0.023710
v -0.054439 0.105618 0.023764
v -0.063238 0.118312 0.023766
v -0.069975 0.114173 0.023788
v -0.070400 0.106768 0.023580
v -0.062020 0.100783 0.023778
v -0.062020 0.100783 0.023778
v -0.056050 0.112738 -0.000002
v -0.055069 0.104893 -0.000002
v -0.062256 0.116287 -0.000002
v -0.068812 0.112807 -0.000002
v -0.069469 0.105527 -0.000002
v -0.061960 0.100440 -0.000002
v -0.061960 0.100440 -0.000002
v -0.062245 0.108491 -0.000002
v -0.056050 0.112738 -0.000002
v -0.055069 0.104893 -0.000002
v -0.062256 0.116287 -0.000002
v -0.068812 0.112807 -0.000002
v -0.069469 0.105527 -0.000002
v -0.061960 0.100440 -0.000002
vn 0.0632 -0.9242 -0.3766
vn 0.0960 -0.8771 -0.4707
vn 0.0096 -0.9800 -0.1986
vn 0.1232 -0.9883 -0.0902
vn 0.5620 -0.7850 -0.2607
vn 0.4995 -0.6180 -0.6071
vn 0.8631 -0.3945 -0.3154
vn 0.1650 -0.7918 -0.5881
vn 0.4278 -0.4628 -0.7764
vn 0.7832 -0.4468 -0.4324
vn 0.9408 -0.2816 -0.1887
vn 0.9287 -0.3524 -0.1154
vn -0.1494 -0.8889 -0.4331
vn -0.0777 -0.9906 -0.1129
vn -0.4195 -0.8629 -0.2819
vn -0.4310 -0.7232 -0.5397
vn -0.7854 -0.5206 -0.3348
vn -0.7183 -0.5591 -0.4140
vn -0.9530 -0.2601 -0.1554
vn -0.6468 -0.5726 -0.5038
vn -0.5434 -0.5151 -0.6629
vn -0.4647 -0.6403 -0.6116
vn -0.9502 -0.2933 -0.1057
vn -0.3096 -0.7456 -0.5901
vn -0.3598 -0.7616 -0.5391
vn -0.9852 -0.0383 -0.1668
vn -0.9748 -0.0050 -0.2228
vn -0.9611 -0.0366 -0.2737
vn -0.9737 -0.0613 -0.2192
vn -0.9134 -0.4040 -0.0500
vn -0.9824 -0.1744 -0.0673
vn -0.6132 -0.7608 0.2126
vn -0.1293 -0.9466 0.2954
vn 0.0069 -0.9670 0.2545
vn 0.0886 -0.9512 0.2955
vn -0.9753 -0.0058 -0.2207
vn -0.9771 -0.0548 -0.2058
vn 0.5177 -0.8083 0.2804
vn 0.9025 -0.4306 -0.0015
vn 0.9759 -0.2072 -0.0688
vn 0.9876 -0.0686 -0.1414
vn 0.9842 -0.0838 -0.1559
vn 0.9831 0.0311 -0.1802
vn 0.9868 0.0293 -0.1595
vn 0.8884 -0.3926 0.2377
vn 0.5272 -0.6204 0.5806
vn 0.1524 -0.7665 0.6240
vn -0.0000 -0.7604 0.6495
vn -0.1481 -0.7645 0.6273
vn -0.5268 -0.6167 0.5849
vn -0.8903 -0.3926 0.2305
vn -0.1429 -0.6729 0.7258
vn -0.4964 -0.5712 0.6537
vn -0.3550 -0.6825 0.6389
vn -0.6736 -0.5269 0.5183
vn -0.4120 -0.6924 0.5924
vn -0.3462 -0.6048 0.7172
vn -0.1706 -0.7427 0.6475
vn -0.2226 -0.6688 0.7094
vn -0.4343 -0.4927 0.7540
vn -0.1638 -0.7410 0.6513
vn -0.3458 -0.5266 0.7766
vn -0.4018 -0.4614 0.7910
vn -0.5296 -0.5055 0.6811
vn -0.3028 -0.4575 0.8361
vn -0.0000 -0.7627 0.6467
vn -0.0000 -0.7495 0.6621
vn -0.0000 -0.7086 0.7056
vn -0.8288 -0.4193 0.3705
vn -0.9417 -0.2503 0.2247
vn -0.9766 -0.1799 0.1175
vn -0.9712 -0.2265 0.0737
vn -0.9949 -0.0960 -0.0294
vn -0.9817 -0.0414 -0.1857
vn -0.9717 -0.2172 -0.0933
vn 0.1638 -0.7410 0.6513
vn 0.1704 -0.7425 0.6478
vn 0.3552 -0.6825 0.6388
vn 0.3462 -0.6048 0.7171
vn 0.2226 -0.6688 0.7094
vn 0.4343 -0.4927 0.7540
vn 0.4120 -0.6924 0.5923
vn 0.3458 -0.5268 0.7765
vn 0.4018 -0.4614 0.7910
vn 0.5296 -0.5055 0.6811
vn 0.3028 -0.4575 0.8361
vn 0.6930 -0.5108 0.5088
vn 0.4964 -0.5712 0.6537
vn 0.1428 -0.6729 0.7258
vn 0.8416 -0.3857 0.3781
vn 0.9442 -0.1867 0.2714
vn 0.9730 -0.1684 0.1579
vn 0.9836 -0.1581 0.0870
vn 0.9982 -0.0500 0.0323
vn 0.9949 -0.0040 -0.1005
vn 0.9826 -0.1573 -0.0992
vn 0.9616 -0.1370 -0.2379
vn 0.9230 -0.2882 -0.2549
vn 0.0439 0.9463 -0.3202
vn -0.0147 0.9328 -0.3600
vn 0.1983 0.8761 -0.4395
vn 0.2142 0.8749 -0.4344
vn -0.0035 0.9495 -0.3138
vn 0.0025 0.8760 -0.4822
vn -0.0225 0.8870 -0.4613
vn 0.0309 0.6028 -0.7973
vn 0.0209 0.9337 -0.3573
vn -0.1599 0.8976 -0.4108
vn -0.2099 0.8934 -0.3972
vn 0.5278 0.6580 -0.5370
vn 0.6671 0.5832 -0.4636
vn 0.8436 0.3442 -0.4122
vn 0.9343 0.1879 -0.3028
vn 0.9541 0.1689 -0.2475
vn 0.9767 0.1168 -0.1799
vn -0.5293 0.7160 -0.4551
vn -0.6374 0.6328 -0.4396
vn -0.7259 0.4461 -0.5234
vn -0.9184 0.2016 -0.3404
vn -0.9547 0.1562 -0.2532
vn -0.6193 0.2500 -0.7443
vn -0.9737 -0.0903 -0.2093
vn -0.9956 0.0041 0.0935
vn -0.9688 -0.0833 -0.2334
vn -0.9438 0.1856 -0.2736
vn -0.9846 -0.0480 -0.1684
vn -0.9097 0.1426 -0.3900
vn -0.6343 0.6124 -0.4719
vn -0.6301 0.4947 -0.5985
vn -0.1956 0.9233 -0.3304
vn -0.1571 0.9758 -0.1519
vn -0.0107 0.9997 -0.0204
vn -0.0708 0.9674 0.2432
vn -0.0178 0.9605 0.2776
vn 0.0822 0.9964 0.0204
vn 0.0305 0.9742 0.2238
vn 0.0601 0.9681 -0.2434
vn -0.0000 0.9636 -0.2672
vn -0.0826 0.8636 0.4974
vn -0.1289 0.8650 0.4850
vn -0.2459 0.5268 0.8136
vn -0.4074 0.5882 0.6986
vn -0.4504 0.2621 0.8535
vn -0.5455 0.3382 0.7669
vn -0.3963 0.1692 0.9024
vn -0.2262 0.8657 0.4464
vn -0.3306 0.8026 0.4966
vn -0.0631 0.9456 0.3190
vn -0.5196 0.2331 0.8220
vn -0.0000 0.9322 0.3620
vn -0.0000 0.9449 0.3273
vn -0.0000 0.9634 0.2680
vn -0.0000 0.9807 0.1954
vn -0.0000 0.9998 -0.0203
vn -0.0601 0.9681 -0.2434
vn 0.1940 0.9243 -0.3287
vn 0.6418 0.5936 -0.4856
vn 0.1571 0.9758 -0.1519
vn 0.0107 0.9997 -0.0204
vn 0.0708 0.9674 0.2432
vn 0.0186 0.9608 0.2768
vn 0.9276 0.1607 -0.3373
vn 0.8793 0.1193 -0.4610
vn 0.9711 -0.0166 -0.2382
vn 0.9684 0.0528 -0.2436
vn 0.6300 0.4947 -0.5987
vn -0.0822 0.9964 0.0204
vn -0.0303 0.9742 0.2238
vn 0.0826 0.8636 0.4974
vn 0.1289 0.8650 0.4850
vn 0.2459 0.5268 0.8136
vn 0.4074 0.5882 0.6986
vn 0.4504 0.2621 0.8535
vn 0.5455 0.3382 0.7669
vn 0.3963 0.1692 0.9024
vn 0.2263 0.8657 0.4464
vn 0.3305 0.8026 0.4965
vn 0.0631 0.9456 0.3190
vn 0.5196 0.2331 0.8220
vn -0.0535 0.8518 0.5211
vn 0.0606 0.9929 0.1027
vn -0.1887 0.7189 0.6690
vn -0.0894 0.9840 0.1540
vn 0.1652 0.8649 0.4739
vn 0.2841 0.9585 0.0228
vn 0.5441 0.8389 0.0106
vn 0.4700 0.7338 0.4905
vn 0.7978 0.5576 0.2293
vn 0.6244 0.4873 0.6105
vn 0.5614 0.2739 0.7809
vn 0.9127 0.1940 0.3597
vn 0.5041 0.0292 0.8632
vn 0.8635 -0.1150 0.4911
vn 0.5488 -0.2616 0.7940
vn 0.9035 -0.3745 0.2084
vn 0.7225 -0.6285 0.2882
vn 0.4628 -0.5404 0.7026
vn 0.4506 -0.8639 0.2253
vn 0.2658 -0.7850 0.5596
vn 0.5832 -0.7813 -0.2226
vn 0.8424 -0.4937 -0.2158
vn 0.9660 -0.1413 -0.2163
vn 0.9234 0.2780 -0.2645
vn 0.7120 0.5920 -0.3776
vn 0.8688 -0.4281 0.2487
vn 0.9375 -0.0310 0.3467
vn 0.8767 0.3371 0.3431
vn 0.7326 0.6624 0.1567
vn 0.4095 0.8377 -0.3614
vn 0.2031 0.9213 -0.3315
vn 0.5012 0.8251 0.2609
vn 0.8459 -0.3590 0.3943
vn 0.9296 -0.0483 0.3655
vn 0.9040 0.2569 0.3417
vn 0.7601 0.5737 0.3052
vn 0.5584 0.7117 0.4263
vn 0.5166 0.7170 0.4679
vn 0.7759 0.6002 -0.1942
vn 0.7906 0.5599 -0.2480
vn 0.9062 0.3829 -0.1792
vn 0.9837 -0.0235 -0.1785
vn 0.8672 -0.4470 -0.2195
vn 0.6631 -0.6368 0.3934
vn 0.6273 -0.7468 -0.2206
vn 0.6969 0.6904 -0.1938
vn 0.7395 0.4265 -0.5208
vn 0.4491 0.7796 0.4364
vn 0.5558 0.6781 0.4808
vn 0.9225 0.3808 0.0625
vn 0.7694 0.3539 0.5318
vn 0.9779 -0.0763 0.1947
vn 0.8086 -0.1147 0.5771
vn 0.7064 -0.5357 0.4628
vn 0.8834 -0.4571 -0.1033
vn 0.7938 -0.6029 0.0798
vn 0.9641 -0.1668 -0.2066
vn 0.9407 0.3345 0.0564
vn 0.6399 0.6346 0.4334
vn 0.5518 -0.7884 0.2719
vn 0.5586 -0.7507 -0.3526
vn 0.3849 -0.7893 -0.4784
vn 0.4717 -0.8099 0.3486
vn 0.6523 -0.7275 0.2127
vn 0.4055 -0.9138 0.0242
vn 0.3530 -0.9108 0.2140
vn 0.4002 -0.8631 -0.3081
vn 0.2476 -0.9490 -0.1950
vn 0.1310 -0.9824 0.1332
vn 0.0891 -0.9168 0.3892
vn 0.1152 -0.9630 -0.2436
vn 0.0109 -0.9991 0.0419
vn 0.0867 -0.9890 -0.1198
vn 0.1152 -0.9918 -0.0551
vn -0.0324 -0.9628 0.2681
vn -0.0184 -0.9808 0.1939
vn 0.0203 -0.9997 -0.0135
vn 0.2235 -0.9560 -0.1900
vn 0.2871 -0.9426 0.1702
vn 0.2388 -0.9538 0.1825
vn 0.1628 -0.9668 0.1971
vn 0.2501 -0.9510 0.1817
vn 0.2473 -0.9468 0.2057
vn 0.4551 -0.8653 0.2103
vn 0.4296 -0.8729 0.2311
vn 0.6480 -0.6112 0.4546
vn 0.6507 -0.7188 0.2448
vn 0.8036 -0.5185 0.2923
vn 0.6807 -0.7208 0.1311
vn 0.4973 -0.8546 0.1494
vn 0.8586 -0.4906 0.1483
vn 0.9257 -0.1479 0.3481
vn 0.8036 -0.2129 0.5558
vn 0.7647 0.2577 0.5907
vn 0.8757 0.2948 0.3825
vn 0.6121 0.6437 0.4592
vn 0.5533 0.5971 0.5809
vn 0.2635 0.8497 0.4567
vn 0.3628 0.7627 0.5353
vn 0.9677 -0.1318 0.2149
vn 0.9422 0.2249 0.2481
vn 0.7103 0.6409 0.2911
vn 0.3844 0.8751 0.2939
vn 0.6740 -0.7293 0.1180
vn 0.8422 -0.5227 0.1326
vn 0.9675 -0.2033 0.1502
vn 0.9494 0.2437 0.1979
vn 0.7559 0.6175 0.2175
vn 0.4069 0.8927 0.1937
vn 0.4874 0.8536 0.1839
vn 0.2496 0.9157 0.3149
vn 0.5173 0.8435 0.1443
vn 0.3451 0.9340 0.0923
vn 0.7042 0.6988 0.1255
vn 0.9607 0.2419 0.1364
vn 0.9654 -0.2209 0.1386
vn 0.8335 -0.5432 0.1013
vn 0.6636 -0.7464 0.0495
vn 0.4694 0.8756 0.1140
vn 0.4874 0.8638 0.1277
vn 0.3435 0.9328 0.1086
vn -0.0849 0.9964 -0.0062
vn -0.0281 0.9989 0.0374
vn 0.4309 0.8943 0.1207
vn 0.0363 0.9993 0.0105
vn 0.4320 0.8996 0.0645
vn 0.7705 0.6359 0.0437
vn -0.0741 0.9962 -0.0449
vn 0.4035 0.9105 0.0906
vn 0.6586 0.7300 0.1827
vn 0.3361 0.9401 0.0578
vn 0.8041 -0.5944 0.0114
vn 0.6506 -0.7580 -0.0458
vn 0.5010 -0.8647 -0.0360
vn 0.4840 -0.8750 0.0133
vn 0.4379 -0.8929 0.1045
vn 0.2579 -0.9522 0.1636
vn 0.2230 -0.9712 0.0844
vn 0.2344 -0.9721 -0.0031
vn 0.2996 -0.9533 -0.0383
vn 0.8119 -0.5819 -0.0475
vn 0.9636 -0.2595 0.0642
vn 0.9670 0.2509 0.0436
vn 0.9474 0.3199 -0.0055
vn 0.6789 0.7329 0.0429
vn 0.9891 -0.1452 0.0231
vn 0.1043 -0.9930 0.0556
vn 0.1479 -0.9845 0.0946
vn 0.2741 -0.9467 0.1693
vn 0.1558 -0.9870 0.0391
vn -0.0932 -0.9955 0.0197
vn -0.0303 -0.9987 0.0412
vn 0.0633 -0.9979 -0.0141
vn 0.4169 -0.8947 0.1602
vn 0.4007 -0.9060 0.1366
vn 0.1308 -0.9912 -0.0226
vn 0.5178 -0.8329 0.1954
vn 0.4074 -0.8972 0.1707
vn -0.0291 -0.9996 0.0004
vn -0.0872 -0.9961 0.0136
vn 0.3300 -0.9257 0.1849
vn -0.1726 -0.9835 0.0545
vn 0.0110 -0.9998 -0.0187
vn 0.4530 -0.8780 0.1545
vn 0.5139 -0.8385 0.1815
vn 0.2517 -0.9677 -0.0137
vn 0.4460 -0.8943 -0.0358
vn 0.6139 -0.7858 -0.0754
vn 0.3701 -0.9092 0.1908
vn 0.3395 -0.9135 0.2244
vn 0.0996 -0.9756 0.1955
vn 0.0886 -0.9759 0.1995
vn -0.0772 -0.9810 0.1781
vn -0.2177 -0.9705 0.1032
vn -0.1856 -0.9781 0.0940
vn -0.2597 -0.9554 0.1408
vn -0.3189 -0.8505 0.4182
vn 0.8931 0.1120 0.4357
vn 0.5823 0.3058 0.7532
vn 0.6441 0.1983 0.7388
vn 0.0437 0.2814 0.9586
vn 0.9371 -0.0181 0.3485
vn 0.6346 0.4889 0.5985
vn 0.8360 0.4690 0.2848
vn 0.9066 0.3652 0.2113
vn 0.4602 0.8824 0.0979
vn 0.7062 0.6808 0.1942
vn 0.9107 0.3702 0.1830
vn -0.4344 0.6215 0.6519
vn -0.3263 0.5786 0.7475
vn -0.2127 0.7508 0.6253
vn -0.0970 0.7143 0.6931
vn -0.0631 0.9422 0.3291
vn -0.1445 0.9765 0.1598
vn -0.1492 0.9887 0.0167
vn -0.3938 0.9191 -0.0080
vn -0.5927 0.8045 -0.0383
vn -0.7027 0.7101 -0.0451
vn -0.6822 0.7262 -0.0845
vn -0.7254 0.6783 -0.1172
vn -0.7674 0.6131 -0.1877
vn -0.8186 0.5288 -0.2241
vn -0.8164 0.5144 -0.2623
vn -0.8336 0.4864 -0.2618
vn -0.9611 -0.0504 -0.2715
vn -0.9511 -0.1157 -0.2865
vn -0.9564 -0.0893 -0.2782
vn -0.9447 -0.1482 -0.2927
vn -0.9419 -0.1539 -0.2984
vn -0.9279 -0.2135 -0.3056
vn -0.9202 -0.2399 -0.3092
vn -0.8946 -0.3188 -0.3132
vn -0.9620 -0.0382 -0.2704
vn -0.9629 -0.0234 -0.2690
vn -0.9609 -0.0207 -0.2762
vn -0.9611 -0.0179 -0.2755
vn -0.9588 -0.0186 -0.2834
vn 0.3459 -0.2601 -0.9015
vn 0.4337 -0.0804 -0.8975
vn 0.4431 0.0957 -0.8913
vn 0.4435 -0.1296 -0.8868
vn 0.3767 -0.3106 -0.8727
vn 0.3805 -0.2199 -0.8982
vn 0.3909 -0.1458 -0.9088
vn 0.4196 -0.1492 -0.8954
vn 0.4565 -0.2204 -0.8620
vn 0.5145 -0.2611 -0.8168
vn 0.5407 -0.2971 -0.7870
vn 0.6154 -0.2653 -0.7422
vn 0.5662 -0.2342 -0.7903
vn 0.7162 -0.1269 -0.6862
vn 0.7719 -0.1457 -0.6189
vn 0.7369 0.0486 -0.6742
vn 0.6903 0.0869 -0.7183
vn 0.6415 0.1738 -0.7471
vn 0.6089 0.2327 -0.7583
vn 0.5679 0.3181 -0.7592
vn 0.5673 0.3455 -0.7476
vn 0.2626 -0.5210 -0.8121
vn -0.1795 -0.8913 -0.4164
vn 0.0033 -0.9645 -0.2639
vn 0.2633 -0.5212 -0.8118
vn 0.3175 -0.6263 -0.7120
vn 0.2378 -0.2443 -0.9401
vn 0.1706 -0.5222 -0.8356
vn 0.9833 0.1004 -0.1517
vn 0.6465 0.7252 0.2371
vn 0.7420 -0.6180 -0.2600
vn 0.4918 -0.8614 0.1271
vn 0.9859 -0.1179 0.1187
vn 0.8675 0.4240 0.2602
vn 0.3555 0.7889 0.5012
vn 0.1161 0.9290 0.3514
vn 0.0936 0.8668 0.4898
vn 0.1529 0.8394 0.5216
vn 0.1725 -0.8822 -0.4382
vn -0.0184 -0.9054 -0.4242
vn 0.1433 -0.8056 -0.5748
vn 0.0430 0.9663 -0.2537
vn 0.0174 0.9750 -0.2213
vn -0.0567 0.9979 -0.0313
vn -0.2476 0.7683 0.5903
vn -0.2857 0.4578 0.8419
vn -0.1238 -0.9843 0.1256
vn -0.2846 -0.9505 0.1248
vn -0.1870 -0.9526 0.2400
vn -0.3318 -0.9146 0.2313
vn -0.3287 -0.8924 0.3090
vn -0.2107 -0.9774 -0.0184
vn -0.5651 -0.8250 0.0024
vn -0.5620 -0.8024 0.2010
vn -0.2840 -0.9382 -0.1978
vn -0.0880 -0.9806 -0.1750
vn -0.1179 -0.9548 -0.2730
vn -0.2443 -0.9324 -0.2664
vn -0.0679 -0.9977 -0.0027
vn -0.6702 -0.7200 -0.1797
vn -0.4889 -0.8088 0.3267
vn -0.7632 -0.5181 0.3861
vn -0.7054 -0.5384 0.4609
vn -0.0416 -0.9889 -0.1426
vn -0.0864 -0.9577 -0.2745
vn -0.4955 -0.7676 0.4064
vn -0.8491 -0.5183 0.1016
vn -0.9633 -0.0479 0.2642
vn -0.8657 -0.0706 0.4955
vn -0.9227 -0.3714 -0.1031
vn -0.9968 0.0467 -0.0646
vn -0.9642 -0.2505 -0.0874
vn -0.9840 0.1013 -0.1465
vn -0.7969 -0.5730 -0.1911
vn -0.4818 -0.8277 -0.2878
vn -0.8301 -0.0914 0.5501
vn -0.7172 -0.4776 0.5075
vn -0.8170 -0.1002 0.5679
vn -0.7483 0.4277 0.5070
vn -0.8697 0.4416 0.2204
vn -0.8993 0.4239 -0.1079
vn -0.8659 0.4426 -0.2330
vn -0.7976 0.2718 0.5385
vn -0.7566 0.3750 0.5356
vn -0.4997 0.7573 0.4205
vn -0.6418 0.7547 0.1357
vn -0.2744 0.9187 0.2839
vn -0.3813 0.9241 0.0249
vn -0.6572 0.7288 -0.1919
vn -0.3662 0.8988 -0.2408
vn -0.1886 0.9621 -0.1971
vn -0.1946 0.9174 -0.3472
vn -0.4371 0.8398 -0.3220
vn -0.1407 0.9876 0.0693
vn -0.6829 0.6552 -0.3232
vn -0.1580 0.9556 0.2488
vn -0.1557 0.8941 0.4199
vn -0.2267 0.8460 0.4826
vn -0.4438 0.7206 0.5327
vn -0.0863 0.9783 -0.1886
vn -0.0292 0.9980 0.0566
vn -0.1176 0.9619 0.2470
vn -0.2351 0.8131 0.5325
vn -0.3970 0.7416 0.5408
vn -0.6174 0.5685 0.5436
vn -0.1773 0.7976 0.5766
vn -0.1123 -0.9818 0.1531
vn -0.0173 -0.9993 0.0319
vn -0.2298 0.9684 -0.0974
vn -0.2351 0.9660 -0.1071
vn -0.3955 0.9146 -0.0839
vn -0.4654 0.8806 -0.0887
vn -0.6533 0.7515 -0.0921
vn -0.7023 0.7070 -0.0827
vn -0.8238 0.5574 -0.1029
vn -0.8614 0.5002 -0.0884
vn -0.9598 0.2486 -0.1306
vn -0.9731 0.2026 -0.1092
vn -0.9742 -0.1803 -0.1361
vn -0.9534 -0.2493 -0.1702
vn -0.7695 -0.6107 -0.1869
vn -0.7175 -0.6678 -0.1980
vn -0.4581 -0.8628 -0.2138
vn -0.4617 -0.8695 -0.1752
vn -0.3971 -0.8980 -0.1896
vn -0.3712 -0.8995 -0.2307
vn -0.3943 -0.9094 -0.1322
vn -0.4366 -0.8901 -0.1310
vn -0.6890 -0.7082 -0.1542
vn -0.9413 -0.2956 -0.1632
vn -0.9691 0.1917 -0.1549
vn -0.8077 0.5778 -0.1176
vn -0.6316 0.7721 -0.0696
vn -0.4551 0.8894 -0.0428
vn -0.2323 0.9721 -0.0319
vn -0.3832 -0.9181 -0.1012
vn -0.4523 -0.8834 -0.1229
vn -0.7486 -0.6498 -0.1317
vn -0.3486 -0.9311 -0.1070
vn -0.4301 -0.8896 -0.1538
vn -0.2924 0.9563 -0.0035
vn -0.4727 0.8807 -0.0296
vn -0.6491 0.7571 -0.0739
vn -0.8167 0.5611 -0.1348
vn -0.6566 -0.7425 -0.1329
vn -0.9264 -0.3472 -0.1454
vn -0.9601 -0.2331 -0.1545
vn -0.9596 0.2231 -0.1716
vn -0.9597 0.2261 -0.1669
vn -0.7533 0.6503 -0.0983
vn -0.5785 0.8146 -0.0419
vn -0.4063 0.9136 -0.0165
vn -0.2463 0.9692 -0.0042
vn -0.2729 0.9578 -0.0898
vn -0.0806 0.9967 0.0019
vn -0.0047 0.9998 -0.0171
vn -0.1285 0.9894 -0.0675
vn 0.0419 0.9991 -0.0035
vn -0.0968 0.9937 -0.0561
vn 0.0548 0.9982 -0.0237
vn -0.1234 0.9910 -0.0519
vn 0.0655 0.9976 -0.0201
vn -0.6857 0.6888 -0.2353
vn -0.0510 0.9985 -0.0204
vn -0.0771 0.9960 -0.0460
vn 0.1728 0.9837 -0.0503
vn 0.2363 0.9682 -0.0817
vn 0.4108 0.9071 -0.0916
vn 0.4566 0.8803 -0.1289
vn 0.6701 0.7376 -0.0833
vn 0.7027 0.7007 -0.1236
vn 0.6833 0.7287 -0.0461
vn 0.3909 0.9191 -0.0486
vn 0.1166 0.9926 -0.0326
vn 0.1063 0.9940 -0.0248
vn 0.3280 0.9442 -0.0308
vn 0.6185 0.7854 -0.0230
vn 0.8590 0.5110 -0.0324
vn 0.8914 0.4522 -0.0319
vn 0.9357 0.3506 -0.0402
vn 0.9970 0.0747 0.0197
vn 0.9982 0.0389 -0.0466
vn 0.9369 0.3368 -0.0941
vn 0.8764 0.4707 -0.1017
vn 0.9359 0.3201 -0.1472
vn 0.8680 0.4708 -0.1580
vn 0.9307 -0.3631 -0.0446
vn 0.9457 -0.2837 -0.1585
vn 0.7724 -0.6218 -0.1299
vn 0.8861 -0.4028 -0.2293
vn 0.6949 -0.6845 -0.2205
vn 0.4352 -0.8911 -0.1285
vn 0.3655 -0.9067 -0.2104
vn 0.1184 -0.9868 -0.1105
vn 0.1813 -0.9723 -0.1477
vn 0.9692 -0.1530 -0.1931
vn 0.9809 -0.0961 -0.1691
vn 0.1462 -0.9892 0.0102
vn 0.4565 -0.8896 -0.0134
vn 0.7570 -0.6498 -0.0690
vn 0.1948 -0.9800 0.0396
vn 0.4996 -0.8661 -0.0178
vn 0.0451 -0.9973 0.0572
vn 0.0313 -0.9993 -0.0191
vn 0.7522 -0.6544 -0.0771
vn 0.9084 -0.4138 -0.0596
vn 0.9651 -0.2585 -0.0430
vn 0.0294 -0.9926 -0.1175
vn -0.0001 -0.9966 -0.0821
vn -0.4640 0.8046 -0.3706
vn -0.0914 -0.7618 0.6413
vn -0.0000 -0.7755 0.6314
vn 0.0913 -0.7616 0.6415
vn 0.5982 0.7958 -0.0940
vn 0.8829 -0.2751 -0.3805
vn 0.9195 0.3667 -0.1417
vn 0.9806 -0.0272 -0.1943
vn 0.8818 0.4341 -0.1845
vn 0.5370 0.8208 0.1950
vn 0.5724 0.8092 0.1323
vn -0.1049 0.9069 0.4081
vn 0.1572 0.8980 0.4109
vn -0.3363 0.8375 0.4307
vn -0.1901 0.6915 0.6969
vn 0.2420 0.9459 0.2162
vn 0.5703 0.8090 0.1424
vn 0.6563 0.7467 -0.1082
vn 0.8814 0.4355 -0.1827
vn 0.7073 0.6892 0.1573
vn 0.5493 0.6957 -0.4630
vn 0.5184 0.8243 0.2276
vn 0.4290 0.8948 -0.1239
vn -0.1317 0.8244 0.5504
vn 0.3308 0.8414 -0.4274
vn 0.5216 0.3716 -0.7680
vn 0.2874 0.9289 -0.2334
vn 0.2260 0.9712 -0.0754
vn 0.2328 0.9394 -0.2516
vn 0.3528 0.7430 -0.5687
vn 0.0877 0.9956 -0.0325
vn 0.3421 0.6437 -0.6846
vn -0.3518 0.8008 0.4847
vn -0.4625 0.5863 0.6650
vn -0.4388 0.8437 0.3091
vn -0.8329 0.4976 0.2421
vn -0.5414 0.5415 0.6432
vn -0.5254 0.1847 0.8306
vn -0.3237 0.4424 0.8363
vn -0.3098 0.7089 0.6337
vn -0.5297 0.5921 0.6074
vn -0.4344 0.3675 0.8223
vn -0.6151 0.4082 0.6746
vn -0.5144 0.2150 0.8301
vn -0.8027 0.2775 0.5278
vn -0.8131 0.0892 0.5752
vn -0.5522 -0.0797 0.8299
vn -0.9511 -0.0041 0.3090
vn -0.7205 -0.2695 0.6390
vn -0.3289 -0.2795 0.9020
vn -0.7191 -0.4777 0.5046
vn -0.4296 -0.5740 0.6971
vn -0.2476 -0.2597 0.9334
vn -0.3201 -0.6063 0.7279
vn -0.3448 -0.3869 0.8552
vn -0.3089 -0.7633 0.5674
vn -0.0476 -0.9988 -0.0075
vn 0.2063 -0.9274 -0.3121
vn -0.2931 -0.9552 -0.0411
vn -0.1962 -0.7367 -0.6472
vn -0.3437 -0.9285 0.1404
vn -0.2342 -0.9075 -0.3486
vn 0.1456 -0.7759 -0.6138
vn 0.3786 -0.6226 -0.6849
vn 0.3297 -0.3532 -0.8755
vn 0.4024 -0.3510 -0.8455
vn 0.6354 -0.4615 -0.6190
vn 0.6650 -0.5317 -0.5245
vn -0.2269 -0.7502 0.6211
vn 0.3070 -0.9464 -0.1001
vn 0.6020 -0.7930 -0.0931
vn 0.5912 -0.6315 -0.5017
vn -0.0639 -0.8673 0.4937
vn 0.1901 -0.9710 0.1450
vn -0.1182 -0.9440 0.3080
vn 0.2130 -0.9630 0.1652
vn 0.5537 -0.7835 -0.2822
vn 0.8264 -0.5212 -0.2134
vn 0.6456 0.0004 -0.7636
vn 0.9773 0.2070 -0.0450
vn 0.2490 -0.9618 0.1142
vn 0.5702 0.2457 -0.7839
vn 0.8447 -0.2593 -0.4682
vn 0.8456 -0.2601 -0.4662
vn 0.8061 -0.1395 -0.5751
vn 0.9292 0.0669 -0.3635
vn -0.0654 0.9109 -0.4074
vn 0.9296 0.0649 -0.3627
vn 0.5702 0.2458 -0.7839
vn -0.1334 -0.9893 0.0595
vn 0.1651 -0.9858 -0.0300
vn -0.1931 -0.9702 -0.1466
vn 0.1303 -0.9817 -0.1387
vn 0.4855 -0.8728 -0.0491
vn 0.7215 -0.6904 0.0527
vn 0.9367 -0.3265 0.1265
vn 0.9827 0.1241 0.1376
vn -0.1098 0.4551 0.8837
vn 0.0131 0.4304 0.9025
vn -0.0678 0.4536 0.8886
vn 0.0618 0.4259 0.9026
vn -0.1356 0.4734 0.8704
vn 0.1071 0.4024 0.9092
vn 0.1893 -0.9713 0.1441
vn -0.5676 -0.2154 0.7947
vn -0.6940 -0.4342 -0.5742
vn 0.6574 0.4203 0.6255
vn -0.5691 -0.2164 0.7933
vn -0.0362 -0.3560 -0.9338
vn 0.6237 -0.4407 0.6455
vn 0.4480 -0.5672 0.6911
vn 0.5334 -0.4743 0.7004
vn 0.6638 -0.7139 0.2231
vn -0.0671 -0.7394 0.6700
vn 0.0713 -0.9362 0.3442
vn 0.2473 -0.9048 -0.3466
vn 0.3908 -0.8602 -0.3277
vn 0.5620 -0.7377 0.3740
vn 0.2579 -0.9616 -0.0935
vn 0.3967 -0.7377 0.5463
vn 0.6739 -0.4561 0.5812
vn 0.9253 -0.3291 -0.1886
vn 0.6188 -0.7646 -0.1803
vn 0.0283 -0.9840 -0.1760
vn -0.1244 -0.9135 -0.3874
vn -0.0042 -0.9967 -0.0805
vn -0.2300 -0.8353 -0.4993
vn -0.0523 -0.9791 0.1966
vn -0.2641 -0.9313 -0.2509
vn -0.0394 -0.9929 0.1123
vn 0.4359 -0.8998 -0.0207
vn 0.3640 -0.9015 0.2342
vn -0.4633 -0.7412 -0.4858
vn -0.5913 -0.7608 -0.2674
vn -0.3681 -0.9291 -0.0360
vn -0.5721 -0.8186 -0.0512
vn -0.6369 -0.7638 -0.1046
vn -0.6389 -0.6340 -0.4357
vn -0.7015 -0.5354 -0.4703
vn -0.8170 -0.2805 -0.5038
vn -0.9322 -0.2210 -0.2868
vn -0.9368 -0.3455 0.0550
vn -0.9257 -0.3654 -0.0975
vn -0.8598 -0.4385 -0.2617
vn -0.9888 -0.0587 -0.1373
vn -0.8592 0.0556 -0.5086
vn -0.9572 0.2776 -0.0816
vn -0.8274 0.3147 -0.4652
vn -0.9096 0.4152 0.0119
vn -0.6982 0.4630 -0.5459
vn -0.6599 0.7131 -0.2366
vn -0.4355 0.5457 -0.7159
vn -0.3368 0.9415 -0.0128
vn -0.9936 0.0873 0.0716
vn -0.9068 0.4172 0.0598
vn -0.8492 0.4598 0.2597
vn -0.6855 0.7039 0.1858
vn 0.0137 0.1759 0.9843
vn -0.7769 0.2042 0.5956
vn -0.9750 -0.1876 0.1191
vn -0.9305 -0.1685 0.3253
vn -0.9976 -0.0429 -0.0539
vn -0.8018 -0.5796 -0.1459
vn -0.6284 -0.7767 -0.0432
vn -0.2003 0.9330 -0.2991
vn -0.2549 0.8910 0.3757
vn -0.0907 0.8969 0.4328
vn -0.2333 0.9602 0.1535
vn -0.5091 0.8566 -0.0836
vn -0.6805 0.7260 0.0997
vn -0.2805 0.9103 0.3044
vn 0.4173 0.8397 -0.3475
vn 0.0990 0.9340 -0.3432
vn -0.1851 0.7215 -0.6673
vn -0.0130 0.9552 -0.2956
vn -0.0775 0.8929 -0.4436
vn 0.0921 0.9378 -0.3348
vn 0.0248 0.9232 -0.3835
vn -0.0870 0.9952 -0.0437
vn -0.1372 0.9902 0.0248
vn -0.3021 0.9008 -0.3121
vn 0.0398 0.6873 -0.7252
vn 0.2960 0.9530 -0.0643
vn 0.3042 0.9400 0.1545
vn -0.1192 0.9006 0.4179
vn 0.3012 0.9487 0.0962
vn 0.3845 0.8093 -0.4440
vn 0.2964 0.9528 -0.0654
vn 0.7834 0.6188 -0.0582
vn -0.4751 0.6039 0.6400
vn -0.0560 0.9750 0.2149
vn 0.1816 0.9490 0.2578
vn 0.2828 0.1114 0.9527
vn 0.3487 -0.4235 0.8361
vn 0.0128 -0.3019 0.9532
vn 0.0407 -0.2874 0.9569
vn 0.1463 -0.2867 0.9468
vn 0.2038 0.1315 -0.9701
vn 0.7837 0.6182 -0.0605
vn 0.4766 -0.6209 0.6224
vn 0.3497 -0.4252 0.8348
vn 0.6058 -0.1967 0.7709
vn 0.7820 -0.0529 0.6211
vn 0.6056 -0.1956 0.7714
vn 0.8487 -0.1008 0.5192
vn 0.6200 0.0395 0.7836
vn 0.9691 0.2168 0.1174
vn 0.8738 -0.1384 -0.4662
vn 0.3775 0.6602 0.6494
vn 0.6215 -0.3974 -0.6751
vn 0.9689 0.2179 0.1171
vn 0.6207 -0.3969 -0.6761
vn -0.1378 0.0990 -0.9855
vn 0.5079 0.4094 0.7579
vn 0.5006 0.2903 0.8155
vn 0.4846 0.1663 0.8588
vn -0.5602 0.0711 -0.8253
vn 0.0622 0.6079 -0.7916
vn -0.0822 0.5410 -0.8370
vn 0.3360 0.7143 -0.6139
vn 0.2848 0.6793 -0.6763
vn 0.4308 -0.7067 -0.5613
vn 0.1110 -0.8306 -0.5457
vn -0.3793 -0.6382 0.6699
vn -0.8031 -0.5959 0.0073
vn -0.3516 -0.9337 0.0685
vn -0.2890 -0.8049 -0.5183
vn -0.4255 -0.7772 -0.4636
vn -0.6849 -0.5429 -0.4860
vn -0.6418 -0.7648 -0.0560
vn -0.2800 -0.9283 -0.2448
vn -0.5701 -0.8196 -0.0563
vn -0.7794 -0.6201 -0.0896
vn -0.5827 -0.7458 -0.3229
vn -0.8637 -0.5036 0.0177
vn -0.8416 -0.5209 -0.1425
vn -0.8887 -0.2674 -0.3724
vn -0.9140 -0.3854 0.1265
vn -0.9318 -0.3415 -0.1231
vn -0.6777 -0.3428 -0.6506
vn -0.5042 -0.6102 -0.6111
vn -0.9909 0.0133 0.1338
vn -0.8540 0.5196 0.0251
vn -0.9706 0.1579 -0.1819
vn -0.9957 -0.0227 -0.0900
vn -0.9037 -0.0024 -0.4282
vn -0.9547 0.2975 -0.0024
vn -0.9190 0.1646 -0.3583
vn -0.8987 -0.0572 -0.4348
vn -0.8236 0.5655 0.0425
vn -0.8090 0.4993 -0.3102
vn -0.8828 0.2668 -0.3867
vn -0.8752 0.3294 -0.3544
vn -0.8228 0.4482 -0.3496
vn -0.7237 0.6895 -0.0303
vn -0.7877 0.4839 -0.3813
vn -0.7409 0.5018 -0.4464
vn -0.6085 0.7841 0.1223
vn -0.5658 0.7933 -0.2246
vn -0.6065 0.6876 -0.3993
vn -0.5405 0.7878 -0.2954
vn -0.7669 0.5737 -0.2874
vn -0.2602 0.9380 0.2289
vn -0.4583 0.8880 -0.0363
vn -0.1898 0.8252 -0.5320
vn 0.0444 0.3001 -0.9529
vn 0.2235 -0.3368 -0.9147
vn 0.2582 0.4151 -0.8724
vn -0.0353 0.2391 -0.9703
vn 0.0408 0.6672 -0.7438
vn 0.3537 0.5963 -0.7206
vn 0.3668 0.6359 -0.6791
vn 0.2556 0.6361 -0.7281
vn 0.3551 0.5058 -0.7862
vn 0.5820 0.3319 -0.7424
vn 0.3949 0.5708 -0.7198
vn 0.3537 0.3571 -0.8645
vn 0.5378 0.1566 -0.8284
vn 0.6195 -0.0050 -0.7850
vn 0.5811 0.1600 -0.7980
vn 0.6499 0.2256 -0.7258
vn 0.4921 0.3187 -0.8101
vn 0.6196 0.2683 -0.7377
vn -0.0023 0.2466 -0.9691
vn 0.2755 0.2502 -0.9282
vn -0.4872 -0.1515 0.8601
vn 0.8508 -0.0615 0.5219
vn -0.1398 0.3163 -0.9383
vn 0.2767 0.2503 -0.9278
vn 0.3121 0.2668 -0.9118
vn 0.2536 0.0389 -0.9665
vn 0.5742 -0.0622 -0.8164
vn 0.5752 -0.0602 -0.8158
vn 0.2897 -0.2221 -0.9310
vn 0.6180 0.0282 -0.7856
vn 0.2114 -0.2512 -0.9446
vn 0.2526 0.0385 -0.9668
vn 0.2889 -0.2230 -0.9310
vn 0.3166 -0.1999 -0.9272
vn 0.3083 -0.3191 -0.8962
vn 0.2025 -0.5207 -0.8294
vn 0.3368 -0.5640 -0.7539
vn 0.2043 -0.2193 -0.9540
vn 0.1097 -0.1950 -0.9747
vn 0.2446 -0.2784 -0.9288
vn 0.3486 -0.3470 -0.8707
vn 0.3552 -0.4137 -0.8382
vn 0.3472 -0.4299 -0.8334
vn 0.3136 -0.3340 -0.8889
vn 0.2712 -0.2366 -0.9330
vn -0.9958 -0.0221 -0.0891
vn -0.7278 -0.3723 -0.5760
vn -0.8132 0.0915 -0.5747
vn -0.9481 0.2065 -0.2416
vn -0.8133 0.0915 -0.5746
vn -0.5625 -0.0365 -0.8260
vn 0.6064 -0.1968 0.7705
vn 0.5057 -0.1216 0.8541
vn 0.4201 -0.1114 0.9006
vn 0.4690 -0.0818 0.8794
vn 0.4944 -0.1189 0.8611
vn 0.3756 -0.0116 0.9267
vn 0.3022 -0.0020 0.9532
vn 0.2513 -0.0259 0.9676
vn 0.2202 -0.0681 0.9731
vn 0.2911 -0.2665 0.9188
vn 0.1231 0.0034 0.9924
vn 0.1466 0.1628 0.9757
vn 0.3497 0.1985 0.9156
vn 0.4514 0.2185 0.8652
vn 0.7104 0.2317 0.6645
vn 0.5530 -0.2286 0.8012
vn 0.0128 0.1765 0.9842
vn -0.9532 0.0222 0.3016
vn 0.6524 0.4438 0.6143
vn 0.4598 -0.0239 0.8877
vn 0.4052 -0.3118 0.8594
vn 0.3722 -0.3783 0.8475
vn 0.5723 -0.1665 0.8029
vn 0.6873 0.0022 0.7263
vn 0.5688 -0.0424 0.8214
vn 0.1767 0.2017 0.9634
vn 0.4357 0.0207 0.8999
vn 0.2997 0.1873 0.9355
vn -0.3985 0.4141 0.8184
vn -0.8359 0.3864 0.3897
vn -0.3470 -0.9348 0.0755
vn -0.3015 -0.9505 0.0755
vn -0.3014 -0.9505 0.0758
vn -0.2551 -0.9640 0.0753
vn 0.0998 0.2993 0.9489
vn -0.9371 0.3484 0.0197
vn 0.1327 0.0439 0.9902
vn -0.3615 0.4658 0.8077
vn 0.5665 -0.3979 0.7216
vn 0.2810 -0.9420 -0.1833
vn -0.4073 0.6948 0.5927
vn -0.2932 0.6329 0.7166
vn -0.1044 0.6074 0.7875
vn 0.0565 0.5305 0.8458
vn 0.2798 0.4825 0.8300
vn -0.5894 -0.8073 -0.0311
vn 0.6550 -0.1951 0.7300
vn 0.5684 -0.8095 -0.1473
vn -0.5349 -0.0875 -0.8404
vn -0.9193 0.1649 -0.3573
vn -0.5801 0.3070 0.7545
vn -0.5305 -0.0023 0.8477
vn -0.3406 0.5381 0.7710
vn -0.4736 0.0586 0.8788
vn 0.4807 -0.5296 0.6989
vn -0.8611 0.4940 -0.1202
vn -0.7767 0.2021 0.5966
vn 0.4615 -0.8838 -0.0776
vn 0.4640 0.8046 -0.3706
vn -0.6610 -0.7105 0.2414
vn -0.2645 -0.9001 0.3462
vn -0.4190 -0.8821 0.2153
vn -0.1854 -0.9535 0.2376
vn -0.1963 -0.9749 -0.1049
vn 0.2477 -0.9685 0.0234
vn -0.7285 -0.4733 0.4953
vn -0.0012 -0.7877 0.6160
vn -0.0891 -0.8233 0.5606
vn -0.4782 -0.4926 0.7271
vn -0.2543 -0.3866 0.8865
vn 0.5573 -0.5659 0.6076
vn 0.0159 -0.2548 0.9669
vn 0.7349 -0.1541 0.6604
vn 0.8581 -0.1005 0.5036
vn 0.5069 -0.6694 0.5431
vn 0.6341 0.1194 0.7639
vn 0.1157 -0.1245 0.9854
vn 0.4001 0.4485 0.7993
vn 0.7494 0.3957 0.5309
vn 0.3068 0.7229 0.6190
vn 0.0390 -0.0671 0.9970
vn 0.0858 0.5591 0.8247
vn -0.0199 -0.0996 0.9948
vn -0.0984 -0.8477 0.5213
vn 0.7804 -0.5091 0.3629
vn 0.9296 -0.0045 0.3685
vn 0.4308 0.7678 0.4743
vn 0.8084 0.3925 0.4387
vn 0.1241 0.7265 0.6759
vn 0.3309 -0.8634 0.3810
vn -0.4144 -0.7760 0.4755
vn -0.1431 -0.9894 0.0242
vn 0.9949 -0.0434 -0.0911
vn 0.8761 -0.4573 -0.1527
vn 0.5404 -0.8363 -0.0930
vn 0.6412 -0.7639 -0.0723
vn 0.8571 -0.5147 -0.0226
vn 0.9986 -0.0427 0.0302
vn 0.9127 0.4081 0.0220
vn 0.8394 0.5311 0.1155
vn 0.5803 0.8111 0.0740
vn 0.4012 0.8907 0.2140
vn 0.1841 0.9765 0.1116
vn 0.1339 0.7338 0.6660
vn 0.2052 0.9498 0.2362
vn -0.8932 -0.3856 0.2313
vn 0.0012 -0.7868 0.6173
vn 0.7286 -0.4732 0.4952
vn 0.4163 -0.8824 0.2193
vn 0.1854 -0.9535 0.2376
vn 0.2644 -0.9001 0.3462
vn 0.6558 -0.7100 0.2565
vn 0.1924 -0.9777 -0.0843
vn -0.2477 -0.9686 0.0234
vn 0.0891 -0.8233 0.5606
vn 0.4782 -0.4926 0.7271
vn 0.2542 -0.3867 0.8865
vn -0.5573 -0.5659 0.6076
vn -0.0159 -0.2548 0.9669
vn -0.7349 -0.1541 0.6604
vn -0.8581 -0.1005 0.5036
vn -0.5070 -0.6694 0.5431
vn -0.6341 0.1194 0.7639
vn -0.1157 -0.1246 0.9854
vn -0.4001 0.4485 0.7993
vn -0.7494 0.3957 0.5309
vn -0.3068 0.7229 0.6190
vn -0.0390 -0.0671 0.9970
vn -0.0858 0.5590 0.8247
vn 0.0199 -0.0996 0.9948
vn 0.0984 -0.8476 0.5214
vn -0.7805 -0.5092 0.3628
vn -0.9295 -0.0049 0.3689
vn -0.4308 0.7678 0.4743
vn -0.8084 0.3924 0.4387
vn -0.1241 0.7265 0.6759
vn -0.3309 -0.8634 0.3809
vn 0.4143 -0.7761 0.4755
vn 0.1431 -0.9890 0.0371
vn -0.9949 -0.0434 -0.0910
vn -0.8761 -0.4573 -0.1527
vn -0.5404 -0.8362 -0.0930
vn -0.6412 -0.7639 -0.0726
vn -0.8571 -0.5147 -0.0226
vn -0.9986 -0.0427 0.0302
vn -0.9127 0.4082 0.0213
vn -0.8394 0.5311 0.1155
vn -0.5812 0.8104 0.0739
vn -0.4012 0.8907 0.2140
vn -0.1841 0.9765 0.1116
vn -0.1339 0.7338 0.6660
vn -0.2052 0.9498 0.2362
vn 0.8932 -0.3856 0.2313
vn -0.8741 0.1612 -0.4582
vn -0.7592 0.2143 -0.6146
vn -0.3031 0.7913 -0.5309
vn -0.1919 0.6556 -0.7303
vn -0.8872 -0.0902 -0.4524
vn -0.8867 -0.1149 -0.4479
vn 0.1009 0.9610 -0.2574
vn 0.3209 0.9464 -0.0362
vn -0.4653 0.8372 -0.2875
vn -0.8892 0.2437 -0.3873
vn 0.2837 0.9588 -0.0143
vn 0.8576 0.4460 0.2563
vn 0.6314 0.7395 0.2334
vn 0.2753 0.9508 0.1422
vn 0.5338 0.7820 0.3218
vn 0.3396 0.8290 0.4444
vn 0.7522 0.3935 0.5285
vn 0.6402 0.2925 0.7103
vn 0.7562 -0.2767 0.5929
vn 0.6569 -0.3190 0.6831
vn 0.5127 -0.6874 0.5143
vn 0.6489 -0.6643 0.3709
vn 0.4231 -0.8479 0.3195
vn 0.5344 -0.8262 0.1784
vn 0.6369 -0.7634 -0.1077
vn 0.3620 -0.9191 -0.1553
vn 0.4871 -0.8157 -0.3122
vn 0.8817 -0.4164 -0.2218
vn 0.9008 0.2743 0.3366
vn 0.9203 -0.1814 0.3466
vn 0.7915 -0.5576 0.2503
vn 0.5060 -0.8609 0.0534
vn -0.1301 -0.9285 -0.3479
vn 0.9385 -0.2157 0.2695
vn 0.6414 -0.7621 0.0887
vn -0.1161 -0.9581 -0.2618
vn -0.6037 -0.6823 -0.4123
vn -0.5950 -0.5778 -0.5586
vn -0.4441 -0.5141 -0.7338
vn -0.5444 -0.7644 -0.3454
vn 0.9142 -0.2623 0.3088
vn 0.8367 0.4430 0.3221
vn 0.2683 0.9576 0.1053
vn -0.4555 0.8669 -0.2026
vn 0.5742 -0.8104 0.1167
vn -0.0939 -0.9824 -0.1617
vn -0.5231 -0.7925 -0.3136
vn -0.8835 0.2543 -0.3933
vn -0.8948 -0.1353 -0.4254
vn -0.9026 -0.1127 -0.4155
vn 0.7935 0.4447 0.4155
vn 0.2495 0.9599 0.1278
vn 0.8985 -0.1913 0.3951
vn 0.6377 -0.7396 0.2152
vn -0.0954 -0.9889 -0.1142
vn -0.5386 -0.7810 -0.3162
vn -0.9013 -0.1476 -0.4072
vn -0.8940 0.2705 -0.3571
vn -0.4167 0.8970 -0.1474
vn 0.6841 0.6096 0.4004
vn 0.1546 0.9832 0.0974
vn 0.8666 -0.1159 0.4854
vn 0.6274 -0.7275 0.2776
vn -0.2701 -0.9476 -0.1703
vn -0.5441 -0.7817 -0.3048
vn -0.9096 -0.1514 -0.3869
vn -0.8976 0.2593 -0.3564
vn -0.5295 0.8377 -0.1336
vn -0.1495 0.6198 0.7704
vn -0.4494 0.1872 0.8735
vn 0.2990 0.3805 0.8751
vn -0.1410 0.2626 0.9546
vn 0.3871 -0.1303 0.9128
vn -0.2173 -0.0801 0.9728
vn -0.0505 -0.4597 0.8866
vn -0.3578 -0.2263 0.9059
vn -0.5529 -0.2218 0.8032
vn -0.2361 -0.8559 0.4600
vn -0.7101 -0.6465 0.2791
vn -0.6423 0.0291 0.7659
vn -0.5795 -0.0021 0.8149
vn -0.5283 0.7726 0.3521
vn -0.9418 0.1775 0.2857
vn -0.5811 -0.0072 0.8138
vn -0.5722 0.0029 0.8201
vn -0.9597 -0.0832 0.2683
vn -0.5607 0.8167 -0.1365
vn -0.9175 0.2193 -0.3317
vn 0.0332 0.9572 0.2875
vn 0.5506 0.5534 0.6250
vn 0.7229 -0.1101 0.6822
vn 0.4940 -0.7458 0.4469
vn -0.2009 -0.9796 0.0036
vn -0.5878 -0.8012 -0.1123
vn -0.9037 0.4013 -0.1491
vn -0.4186 0.9078 0.0276
vn 0.1683 0.9683 0.1847
vn 0.5666 0.5569 0.6073
vn 0.3174 -0.9326 0.1717
vn 0.6732 -0.6223 0.3995
vn -0.4939 -0.8570 0.1471
vn 0.8160 -0.1230 0.5649
vn 0.7303 -0.6126 0.3022
vn 0.7920 -0.1879 0.5809
vn 0.4173 -0.8440 0.3369
vn -0.3786 -0.9250 0.0308
vn -0.7155 -0.6960 -0.0604
vn -0.8771 -0.4385 -0.1958
vn 0.1426 0.9643 0.2230
vn -0.3513 0.9319 0.0906
vn -0.8674 0.4104 -0.2815
vn -0.9090 -0.1425 -0.3917
vn -0.9223 -0.1319 -0.3633
vn -0.9643 -0.1314 -0.2299
vn -0.7971 0.3013 -0.5232
vn -0.3465 0.9248 -0.1572
vn -0.8435 -0.3326 -0.4217
vn -0.9103 -0.3163 -0.2672
vn -0.9116 -0.2364 -0.3363
vn -0.8767 -0.2339 -0.4202
vn -0.7833 -0.1316 -0.6076
vn -0.5218 0.4882 -0.6996
vn -0.0943 0.8138 -0.5734
vn 0.3175 0.9478 0.0306
vn 0.8813 0.4471 0.1527
vn 0.7333 0.5168 0.4419
vn 0.9354 -0.2480 0.2519
vn 0.6793 -0.7015 0.2157
vn 0.6490 -0.7605 0.0235
vn 0.9208 -0.3286 0.2101
vn 0.4034 -0.8839 -0.2366
vn 0.4096 -0.8890 -0.2047
vn 0.2129 -0.8597 -0.4642
vn 0.0713 -0.8546 -0.5143
vn -0.3504 -0.8086 -0.4726
vn 0.9349 0.3206 0.1520
vn -0.1102 -0.9577 -0.2658
vn 0.8916 -0.1092 0.4395
vn 0.8322 0.4542 0.3179
vn 0.6278 0.7767 -0.0512
vn 0.6197 0.7356 -0.2738
vn 0.0882 0.8225 -0.5619
vn 0.5834 -0.7099 0.3945
vn 0.2612 -0.9371 0.2316
vn -0.0850 -0.9955 -0.0418
vn -0.2769 -0.9247 -0.2611
vn -0.6579 -0.5782 -0.4824
vn -0.5065 -0.6196 -0.5996
vn -0.4499 -0.0991 0.8876
vn -0.3292 0.0079 0.9442
vn -0.1527 -0.5503 0.8209
vn -0.3723 -0.5289 0.7627
vn -0.1211 -0.8149 0.5668
vn -0.2737 -0.8436 0.4620
vn 0.0676 -0.9918 0.1082
vn 0.0289 -0.9969 0.0728
vn -0.5394 0.2380 0.8078
vn -0.3742 0.3890 0.8418
vn -0.2818 0.8173 0.5026
vn -0.3952 0.7423 0.5411
vn -0.2065 0.9592 0.1932
vn -0.2477 0.9477 0.2014
vn -0.0150 0.9943 0.1059
vn -0.1151 0.9864 -0.1173
vn -0.0554 0.9960 -0.0705
vn -0.5739 0.7637 0.2956
vn -0.0251 0.9289 0.3694
vn 0.0101 0.9163 0.4003
vn -0.5179 0.4290 0.7401
vn -0.7174 0.3121 0.6228
vn -0.5608 0.0983 0.8221
vn -0.6144 0.3000 0.7298
vn -0.5998 0.0549 0.7983
vn -0.5077 -0.1919 0.8399
vn -0.2794 -0.3479 0.8949
vn 0.0162 -0.7618 0.6476
vn 0.1095 -0.6444 0.7568
vn -0.3043 -0.6268 0.7173
vn 0.0063 -0.9743 0.2251
vn 0.0378 -0.9993 0.0038
vn 0.2923 -0.9562 -0.0166
vn 0.0713 -0.9740 0.2152
vn -0.2913 -0.8547 0.4297
vn -0.4139 -0.6175 0.6689
vn -0.2532 -0.1693 0.9525
vn -0.2335 0.4211 0.8764
vn -0.4631 0.7793 0.4222
vn -0.3712 0.9106 0.1818
vn -0.1410 0.9173 -0.3723
vn -0.0035 0.8021 -0.5971
vn 0.0164 0.8778 -0.4787
vn -0.0281 0.9858 -0.1657
vn 0.8062 -0.5415 -0.2382
vn 0.9802 -0.1843 0.0723
vn 0.8750 -0.4082 -0.2605
vn 0.7034 -0.6174 -0.3522
vn 0.8200 -0.5227 -0.2333
vn 0.8210 -0.5709 0.0032
vn 0.8909 -0.2838 -0.3547
vn 0.8911 -0.4441 -0.0936
vn 0.9303 -0.3147 -0.1887
vn 0.9542 -0.0751 -0.2896
vn 0.9728 -0.1061 -0.2059
vn 0.8879 0.0991 -0.4492
vn 0.9473 0.1889 -0.2588
vn 0.9647 -0.0676 -0.2544
vn 0.8861 0.1212 -0.4474
vn 0.7752 0.4290 -0.4637
vn 0.6659 0.4667 -0.5821
vn 0.7431 0.5980 -0.3005
vn 0.7676 0.4539 -0.4525
vn 0.9289 0.3620 -0.0787
vn 0.7703 0.4517 -0.4502
vn 0.8434 0.5307 -0.0840
vn 0.8818 -0.4715 -0.0093
vn 0.9586 -0.2708 -0.0885
vn 0.7656 0.5855 -0.2667
vn 0.6313 0.7548 -0.1784
vn 0.7913 0.5662 -0.2309
vn 0.8884 0.4243 -0.1753
vn 0.8194 0.5520 -0.1545
vn 0.7375 0.6728 -0.0593
vn 0.8709 -0.4671 -0.1527
vn 0.7276 -0.6823 -0.0718
vn 0.8023 -0.2929 -0.5201
vn 0.8924 -0.1714 -0.4173
vn 0.1938 -0.6399 -0.7436
vn 0.2154 -0.9762 -0.0234
vn 0.0624 -0.8627 -0.5019
vn 0.1919 0.6556 -0.7303
vn 0.7592 0.2143 -0.6146
vn 0.3031 0.7914 -0.5309
vn 0.8712 0.1779 -0.4576
vn 0.9136 -0.0556 -0.4027
vn 0.8899 -0.0569 -0.4525
vn -0.1008 0.9610 -0.2574
vn -0.3177 0.9472 -0.0439
vn 0.4652 0.8372 -0.2875
vn 0.8892 0.2437 -0.3872
vn -0.2834 0.9589 -0.0150
vn -0.8634 0.4366 0.2528
vn -0.6383 0.7312 0.2407
vn -0.2691 0.9525 0.1429
vn -0.5320 0.7772 0.3360
vn -0.3378 0.8295 0.4447
vn -0.7525 0.3942 0.5276
vn -0.6397 0.2925 0.7107
vn -0.7559 -0.2771 0.5931
vn -0.6573 -0.3190 0.6829
vn -0.5128 -0.6873 0.5144
vn -0.6513 -0.6678 0.3604
vn -0.4223 -0.8482 0.3196
vn -0.5413 -0.8214 0.1798
vn -0.5404 -0.8412 0.0199
vn -0.4622 -0.8682 -0.1807
vn -0.6859 -0.6328 -0.3594
vn -0.1069 -0.7976 -0.5937
vn -0.9034 0.2575 0.3429
vn -0.9211 -0.1951 0.3368
vn -0.7927 -0.5567 0.2484
vn -0.5175 -0.8534 0.0619
vn 0.1312 -0.9344 -0.3313
vn 0.6210 -0.5865 -0.5200
vn 0.5888 -0.7015 -0.4014
vn -0.9349 -0.2256 0.2741
vn -0.6453 -0.7578 0.0969
vn 0.0984 -0.9581 -0.2689
vn 0.5245 -0.7685 -0.3665
vn -0.9137 -0.2628 0.3101
vn -0.8369 0.4432 0.3212
vn -0.2683 0.9576 0.1052
vn 0.4555 0.8669 -0.2026
vn -0.5742 -0.8104 0.1168
vn 0.0939 -0.9824 -0.1617
vn 0.5231 -0.7925 -0.3136
vn 0.8835 0.2543 -0.3933
vn 0.8948 -0.1353 -0.4255
vn 0.8869 -0.0971 -0.4516
vn -0.8136 0.4411 0.3788
vn -0.2808 0.9557 0.0885
vn -0.9140 -0.1323 0.3836
vn -0.6623 -0.7059 0.2511
vn 0.1194 -0.9898 -0.0771
vn 0.5768 -0.7746 -0.2592
vn 0.9099 -0.1459 -0.3882
vn 0.9019 0.2705 -0.3367
vn 0.3913 0.9075 -0.1525
vn -0.7370 0.5941 0.3223
vn -0.2367 0.9691 0.0696
vn -0.8821 -0.1968 0.4281
vn -0.5218 -0.8149 0.2523
vn 0.3263 -0.9414 -0.0851
vn 0.6004 -0.7677 -0.2240
vn 0.9335 -0.1474 -0.3269
vn 0.9091 0.2567 -0.3280
vn 0.5002 0.8571 -0.1231
vn 0.1493 0.2922 0.9447
vn 0.4637 0.2174 0.8589
vn -0.2305 0.3948 0.8894
vn 0.1684 0.6609 0.7313
vn -0.3684 -0.1282 0.9208
vn 0.2174 -0.0802 0.9728
vn -0.0259 -0.5825 0.8124
vn 0.3580 -0.2263 0.9059
vn 0.5530 -0.2217 0.8032
vn 0.3623 -0.8095 0.4620
vn 0.6952 -0.6832 0.2234
vn 0.6423 0.0291 0.7659
vn 0.5871 0.1993 0.7846
vn 0.5459 0.8230 0.1574
vn 0.9341 0.1395 0.3287
vn 0.5744 0.0035 0.8186
vn 0.5725 0.0029 0.8199
vn 0.9700 -0.0876 0.2268
vn 0.8759 0.2889 -0.3864
vn 0.5470 0.8343 -0.0684
vn -0.0039 0.9457 0.3250
vn -0.5043 0.5493 0.6662
vn -0.6982 -0.1083 0.7076
vn -0.5247 -0.7059 0.4757
vn 0.0833 -0.9964 -0.0135
vn 0.5678 -0.8099 -0.1473
vn 0.9210 0.3619 -0.1440
vn 0.4279 0.9030 0.0375
vn -0.1683 0.9683 0.1847
vn -0.5666 0.5569 0.6073
vn -0.3174 -0.9326 0.1717
vn -0.6732 -0.6223 0.3995
vn 0.4939 -0.8570 0.1471
vn -0.8160 -0.1230 0.5649
vn -0.7303 -0.6126 0.3022
vn -0.7920 -0.1879 0.5809
vn -0.4173 -0.8440 0.3369
vn 0.3720 -0.9275 0.0374
vn 0.7145 -0.6980 -0.0488
vn 0.8684 -0.4640 -0.1749
vn -0.1426 0.9643 0.2230
vn 0.3426 0.9346 0.0959
vn 0.8878 0.3974 -0.2321
vn 0.9265 -0.1164 -0.3577
vn 0.8906 -0.1069 -0.4421
vn 0.9783 -0.1139 -0.1728
vn 0.7869 0.3078 -0.5349
vn 0.3404 0.9268 -0.1584
vn 0.8356 -0.3340 -0.4361
vn 0.9051 -0.3232 -0.2763
vn 0.9480 -0.1661 -0.2716
vn 0.8910 -0.1042 -0.4419
vn -0.3175 0.9478 0.0306
vn 0.0943 0.8138 -0.5735
vn -0.6197 0.7356 -0.2738
vn -0.8813 0.4473 0.1527
vn -0.7333 0.5168 0.4418
vn -0.9354 -0.2480 0.2519
vn -0.6793 -0.7015 0.2157
vn -0.6490 -0.7605 0.0235
vn -0.9208 -0.3286 0.2102
vn -0.4035 -0.8839 -0.2365
vn -0.4096 -0.8890 -0.2047
vn -0.2093 -0.8610 -0.4635
vn -0.0725 -0.8556 -0.5125
vn 0.3440 -0.8174 -0.4620
vn 0.1135 -0.9584 -0.2620
vn -0.5835 -0.7099 0.3945
vn -0.8916 -0.1092 0.4395
vn -0.9349 0.3206 0.1521
vn -0.6278 0.7767 -0.0512
vn -0.8323 0.4542 0.3178
vn -0.0883 0.8225 -0.5618
vn 0.5218 0.4882 -0.6996
vn 0.7733 -0.1251 -0.6215
vn 0.6410 -0.5936 -0.4867
vn 0.4760 -0.6392 -0.6040
vn -0.2610 -0.9370 0.2320
vn 0.0850 -0.9955 -0.0418
vn 0.2769 -0.9247 -0.2611
vn 0.3768 -0.5346 0.7564
vn 0.3126 -0.0606 0.9480
vn 0.2612 -0.5073 0.8212
vn 0.4471 -0.0359 0.8937
vn 0.1768 -0.8145 0.5526
vn 0.2661 -0.8412 0.4707
vn -0.0629 -0.9868 0.1490
vn -0.0080 -0.9921 0.1252
vn 0.3409 0.3292 0.8806
vn 0.5551 0.2724 0.7859
vn 0.3228 0.8236 0.4664
vn 0.3917 0.7397 0.5472
vn 0.1831 0.9602 0.2111
vn 0.2477 0.9477 0.2014
vn 0.0085 0.9948 0.1013
vn 0.1220 0.9880 -0.0952
vn 0.0546 0.9983 -0.0211
vn 0.4585 0.8131 0.3587
vn 0.0348 0.9515 0.3057
vn 0.0113 0.9388 0.3441
vn 0.6405 0.4838 0.5965
vn 0.6058 0.3247 0.7264
vn 0.4233 0.2569 0.8688
vn 0.4239 0.2566 0.8686
vn -0.3427 0.2364 0.9092
vn 0.6374 0.3408 0.6910
vn 0.5861 0.0449 0.8090
vn 0.0374 0.9898 -0.1377
vn 0.0512 0.8268 -0.5602
vn 0.3712 0.9106 0.1818
vn 0.4631 0.7793 0.4222
vn 0.2664 0.4766 0.8378
vn 0.2500 -0.0675 0.9659
vn 0.4140 -0.6174 0.6688
vn 0.3067 -0.8494 0.4296
vn 0.0187 -0.9894 0.1438
vn -0.2095 -0.9721 -0.1052
vn -0.1066 -0.9784 -0.1771
vn -0.0423 -0.8172 -0.5749
vn -0.2521 -0.5114 -0.8215
vn -0.1210 -0.9843 -0.1282
vn -0.0061 -0.9743 0.2250
vn 0.2924 -0.6751 0.6773
vn 0.1167 -0.6578 0.7441
vn 0.2060 -0.6350 0.7446
vn 0.3482 -0.2649 0.8992
vn 0.5125 -0.1487 0.8457
vn -0.2595 -0.8246 -0.5026
vn -0.9129 -0.4025 -0.0679
vn -0.7659 -0.5785 -0.2806
vn -0.7992 -0.5707 -0.1886
vn -0.8380 -0.4764 -0.2661
vn -0.6847 -0.6442 -0.3409
vn -0.8198 -0.5235 -0.2320
vn -0.8315 -0.5554 -0.0104
vn -0.8923 -0.2507 -0.3753
vn -0.9014 -0.3953 -0.1768
vn -0.9437 -0.2137 -0.2524
vn -0.9016 -0.4017 -0.1602
vn -0.9071 -0.3788 -0.1835
vn -0.9484 -0.0637 -0.3106
vn -0.9769 -0.0455 -0.2087
vn -0.9537 -0.0393 -0.2983
vn -0.9482 0.1958 -0.2500
vn -0.8905 0.0913 -0.4457
vn -0.9003 0.4341 0.0325
vn -0.8826 0.1069 -0.4578
vn -0.7567 0.3851 -0.5283
vn -0.6703 0.4439 -0.5946
vn -0.7333 0.4885 -0.4729
vn -0.7832 0.5692 -0.2501
vn -0.7489 0.3994 -0.5287
vn -0.7450 0.4349 -0.5058
vn -0.7926 0.5960 -0.1285
vn -0.7450 0.6255 -0.2315
vn -0.6241 0.7476 -0.2273
vn -0.8715 0.4385 -0.2196
vn -0.9714 0.1830 -0.1513
vn -0.9009 0.4185 -0.1149
vn -0.7800 0.6232 0.0566
vn -0.7558 0.6527 -0.0533
vn -0.8708 -0.4673 -0.1529
vn -0.7458 -0.6612 -0.0817
vn -0.8010 -0.3196 -0.5062
vn -0.8884 -0.2086 -0.4089
vn 0.1748 0.9195 -0.3521
vn 0.0496 0.8684 -0.4933
vn 0.0335 -0.5639 0.8252
vn 0.4861 -0.0744 0.8707
vn -0.0242 -0.5558 0.8309
vn 0.3794 -0.5193 0.7657
vn 0.0921 -0.5702 0.8164
vn 0.4516 -0.5168 0.7273
vn 0.0238 -0.4936 0.8694
vn 0.5862 -0.4524 0.6721
vn 0.5761 0.2394 0.7816
vn 0.5430 0.7069 0.4533
vn 0.2242 0.7797 0.5846
vn -0.1712 0.7430 0.6471
vn -0.0378 0.6421 0.7657
vn -0.6565 0.2616 0.7075
vn -0.4701 0.7673 0.4362
vn -0.0362 0.8870 0.4603
vn -0.4896 0.7097 0.5066
vn -0.4133 -0.3890 0.8233
vn 0.4536 -0.5161 0.7266
vn 0.7690 -0.3524 0.5333
vn 0.7689 -0.3524 0.5334
vn 0.7720 -0.3522 0.5291
vn -0.0329 0.9029 0.4285
vn 0.2227 0.7808 0.5838
vn -0.0492 0.8984 0.4364
vn -0.0951 0.8906 0.4447
vn -0.0891 0.8866 0.4538
vn -0.0967 0.8848 0.4558
vn 0.0470 0.3697 0.9280
vn -0.0300 -0.5734 0.8187
vn 0.0458 -0.6258 0.7787
vn -0.0921 -0.5702 0.8164
vn -0.0666 -0.5971 0.7994
vn 0.0733 0.9011 0.4274
vn 0.0469 0.3686 0.9284
vn -0.4907 0.7101 0.5050
vn 0.1974 0.7514 0.6296
vn 0.0951 0.8906 0.4447
vn 0.0892 0.8866 0.4538
vn 0.0967 0.8848 0.4558
vn 0.4790 0.5534 -0.6814
vn 0.5713 0.5917 -0.5689
vn 0.3137 0.6856 -0.6569
vn 0.6505 0.6166 -0.4434
vn 0.0623 0.6997 -0.7117
vn -0.0207 0.7310 -0.6821
vn 0.3115 0.6862 -0.6573
vn -0.0485 0.7052 -0.7073
vn -0.0726 0.6839 -0.7259
vn 0.3109 0.7002 -0.6426
vn -0.0608 0.6320 -0.7726
vn 0.3504 0.8746 -0.3351
vn 0.3129 0.7006 -0.6413
vn 0.0226 0.9314 -0.3634
vn -0.5063 0.7394 -0.4438
vn 0.5124 0.3880 -0.7660
vn 0.5324 -0.2932 -0.7941
vn 0.0556 -0.5541 -0.8306
vn -0.5071 -0.2000 -0.8384
vn -0.4850 -0.8383 -0.2493
vn -0.0357 -0.9988 0.0345
vn 0.3350 -0.9414 0.0398
vn 0.4954 -0.6625 -0.5619
vn 0.3725 -0.7084 -0.5996
vn 0.3606 -0.7130 -0.6014
vn -0.0438 -0.7889 -0.6129
vn -0.0220 -0.7890 -0.6140
vn 0.0267 -0.7819 -0.6229
vn 0.0371 -0.7764 -0.6292
vn 0.0849 -0.7694 -0.6331
vn -0.6173 -0.5538 -0.5588
vn 0.0224 -0.4954 0.8684
vn -0.4163 -0.6604 0.6250
vn -0.4854 -0.8384 -0.2482
vn 0.0227 -0.4944 0.8690
vn -0.4872 -0.5757 0.6567
vn -0.5229 -0.5165 0.6781
vn -0.6181 -0.5531 -0.5587
vn 0.0530 -0.7844 -0.6180
vn 0.0647 -0.7760 -0.6274
vn 0.0153 -0.7890 -0.6142
vn 0.0176 -0.7926 -0.6094
vn 0.0530 -0.7843 -0.6181
vn -0.2417 -0.3108 -0.9192
vn -0.0372 -0.7764 -0.6292
vn -0.5586 0.1828 -0.8091
vn -0.3127 0.6860 -0.6569
vn -0.4790 0.5534 -0.6814
vn -0.0623 0.6997 -0.7117
vn 0.0860 0.7434 -0.6633
vn 0.1017 0.7536 -0.6494
vn -0.3116 0.6864 -0.6571
vn -0.2856 0.6891 -0.6660
vn 0.1328 0.7730 -0.6204
vn -0.2857 0.6890 -0.6661
vn -0.6523 0.3897 -0.6500
vn -0.7659 -0.3527 0.5375
vn -0.7689 -0.3524 0.5334
vn -0.7690 -0.3524 0.5333
vn -0.7720 -0.3522 0.5291
vn -0.7713 -0.3935 -0.5003
vn -0.6181 -0.5534 -0.5582
vn 0.6701 -0.5250 0.5247
vn 0.6795 -0.5425 0.4940
vn 0.6917 -0.5482 0.4700
vn 0.6988 -0.5861 0.4101
vn 0.6991 -0.5023 0.5090
vn 0.7478 -0.4681 0.4708
vn 0.8290 -0.3511 0.4353
vn 0.8815 -0.2589 0.3948
vn 0.9333 -0.0415 0.3567
vn 0.9347 -0.0317 0.3541
vn 0.9247 0.1753 0.3380
vn 0.9079 0.2564 0.3317
vn 0.8306 0.4264 0.3582
vn 0.7738 0.5070 0.3796
vn 0.6478 0.6273 0.4322
vn 0.5831 0.6586 0.4757
vn 0.5159 0.6903 0.5074
vn 0.5156 0.6758 0.5267
vn 0.1059 0.7322 0.6728
vn 0.0699 0.7511 0.6565
vn 0.0410 0.7433 0.6677
vn -0.0099 0.7433 0.6688
vn -0.0812 0.6709 0.7370
vn -0.1422 0.6078 0.7813
vn -0.2235 0.4461 0.8666
vn -0.2658 0.3484 0.8989
vn -0.2959 0.1487 0.9436
vn -0.2979 0.0452 0.9535
vn -0.2531 -0.1593 0.9542
vn -0.2071 -0.2572 0.9439
vn -0.0898 -0.4382 0.8944
vn -0.0872 -0.4344 0.8965
vn 0.0668 -0.5842 0.8088
vn 0.1520 -0.6437 0.7501
vn 0.2318 -0.6944 0.6812
vn 0.2304 -0.6958 0.6803
vn -0.6657 0.5286 -0.5266
vn -0.6908 0.5492 -0.4704
vn -0.6764 0.5450 -0.4955
vn -0.6978 0.5869 -0.4106
vn -0.6912 0.5101 -0.5118
vn -0.7405 0.4775 -0.4729
vn -0.8217 0.3647 -0.4380
vn -0.8768 0.2724 -0.3963
vn -0.9322 0.0565 -0.3575
vn -0.9339 0.0441 -0.3549
vn -0.9269 -0.1637 -0.3378
vn -0.9112 -0.2463 -0.3303
vn -0.8334 -0.4215 -0.3573
vn -0.7765 -0.5038 -0.3784
vn -0.6484 -0.6268 -0.4321
vn -0.5826 -0.6587 -0.4761
vn -0.5143 -0.6909 -0.5082
vn -0.5138 -0.6762 -0.5280
vn 0.0137 -0.7381 -0.6745
vn -0.1022 -0.7703 -0.6294
vn -0.0550 -0.7508 -0.6583
vn -0.1410 -0.7478 -0.6488
vn 0.1012 -0.6456 -0.7569
vn 0.1586 -0.5785 -0.8001
vn 0.2353 -0.4165 -0.8781
vn 0.2716 -0.3234 -0.9064
vn 0.2978 -0.1355 -0.9450
vn 0.2985 -0.0400 -0.9536
vn 0.2589 0.1450 -0.9550
vn 0.2201 0.2326 -0.9473
vn 0.1064 0.4141 -0.9040
vn 0.1041 0.4119 -0.9053
vn -0.0587 0.5768 -0.8147
vn -0.1488 0.6422 -0.7520
vn -0.2352 0.6961 -0.6783
vn -0.2338 0.6975 -0.6773
vn 0.8653 -0.4967 -0.0667
vn -0.0567 -0.9158 0.3977
vn 0.5700 -0.7826 -0.2504
vn 0.1892 -0.7109 0.6773
vn 0.7940 -0.5191 -0.3165
vn 0.2398 -0.6288 0.7397
vn 0.8643 -0.4035 -0.3004
vn 0.2929 -0.7472 0.5966
vn 0.9479 -0.3157 -0.0417
vn 0.6746 -0.4386 0.5938
vn 0.8203 0.0913 -0.5645
vn 0.9147 0.2432 -0.3226
vn -0.5578 -0.8227 0.1094
vn -0.5829 -0.7905 -0.1883
vn 0.9029 0.2686 -0.3356
vn 0.8588 0.4780 -0.1842
vn -0.3645 -0.4083 0.8369
vn -0.4955 -0.4438 0.7467
vn -0.2458 -0.2779 0.9286
vn 0.7639 -0.0312 -0.6445
vn 0.6099 -0.1503 -0.7781
vn -0.4408 -0.5545 0.7058
vn -0.2009 -0.7468 0.6340
vn 0.5112 -0.6447 0.5683
vn -0.1911 -0.7331 0.6527
vn 0.1416 -0.8803 0.4528
vn 0.1938 -0.8901 0.4126
vn 0.2174 -0.8777 0.4271
vn 0.5382 -0.8372 0.0969
vn -0.0973 -0.7045 0.7030
vn 0.3029 -0.9025 0.3062
vn 0.7550 -0.4092 0.5124
vn 0.9506 0.0841 0.2987
vn 0.7888 0.2627 0.5557
vn 0.4855 0.4238 0.7646
vn 0.5480 0.2324 0.8035
vn -0.1649 0.2945 0.9413
vn 0.2310 0.6789 0.6970
vn 0.6346 0.5293 0.5631
vn 0.1961 0.6199 0.7598
vn -0.3674 -0.3738 0.8516
vn 0.4658 -0.8761 0.1244
vn 0.1956 -0.8904 0.4110
vn 0.6399 0.5510 0.5357
vn 0.7881 0.2646 0.5557
vn 0.6265 0.5535 0.5488
vn 0.5896 0.5689 0.5733
vn 0.5935 0.5594 0.5786
vn 0.5871 0.5614 0.5832
vn 0.4762 -0.0796 0.8757
vn -0.1992 -0.7181 0.6668
vn -0.1847 -0.7840 0.5926
vn -0.2438 -0.6816 0.6899
vn -0.2457 -0.7095 0.6605
vn 0.7177 0.4929 0.4919
vn 0.4756 -0.0805 0.8760
vn 0.1951 0.6214 0.7588
vn 0.7611 0.2395 0.6028
vn 0.7312 0.4671 0.4971
vn 0.7262 0.4640 0.5073
vn 0.7311 0.4579 0.5058
vn 0.5513 0.4127 -0.7251
vn 0.6694 0.3517 -0.6544
vn 0.5171 0.5930 -0.6172
vn 0.7723 0.2827 -0.5689
vn 0.3266 0.7583 -0.5641
vn 0.2911 0.8158 -0.4997
vn 0.5158 0.5947 -0.6166
vn 0.2486 0.8202 -0.5152
vn 0.2130 0.8238 -0.5253
vn 0.5275 0.6007 -0.6007
vn 0.1787 0.7948 -0.5800
vn 0.7358 0.6009 -0.3124
vn 0.5295 0.5994 -0.6003
vn 0.5212 0.8300 -0.1984
vn -0.0109 0.9960 -0.0882
vn 0.4533 0.2994 -0.8396
vn 0.0332 -0.2209 -0.9747
vn -0.4940 -0.1512 -0.8562
vn -0.6915 0.4227 -0.5857
vn -0.9442 -0.2894 -0.1572
vn -0.6471 -0.7553 -0.1037
vn -0.3342 -0.9119 -0.2383
vn -0.1744 -0.5669 -0.8051
vn -0.1400 -0.5625 -0.8148
vn -0.4473 -0.4803 -0.7545
vn -0.6638 -0.3616 -0.6547
vn -0.6646 -0.3849 -0.6404
vn -0.6142 -0.3761 -0.6938
vn -0.6018 -0.3616 -0.7120
vn -0.5353 -0.3937 -0.7473
vn -0.9333 0.1106 -0.3415
vn -0.0997 -0.7047 0.7024
vn -0.5847 -0.5077 0.6328
vn -0.9443 -0.2897 -0.1560
vn -0.0987 -0.7044 0.7030
vn -0.5770 -0.4163 0.7026
vn -0.5614 -0.3599 0.7452
vn -0.9334 0.1116 -0.3409
vn -0.5930 -0.4026 -0.6973
vn -0.5811 -0.3992 -0.7092
vn -0.6230 -0.3875 -0.6795
vn -0.6224 -0.3931 -0.6768
vn -0.5822 0.2254 -0.7812
vn -0.6578 -0.3443 -0.6699
vn -0.4825 0.7319 -0.4812
vn 0.0512 0.9289 -0.3668
vn -0.1614 0.9256 -0.3423
vn 0.2341 0.8250 -0.5143
vn 0.3824 0.7613 -0.5235
vn 0.4037 0.7558 -0.5155
vn 0.0522 0.9286 -0.3673
vn 0.0714 0.9201 -0.3851
vn 0.4456 0.7436 -0.4985
vn 0.0713 0.9201 -0.3852
vn -0.3860 0.8823 -0.2693
vn -0.6712 -0.0536 0.7394
vn -0.6742 -0.0502 0.7368
vn -0.6753 -0.0491 0.7359
vn -0.6773 -0.0468 0.7342
vn -0.9340 0.2943 -0.2028
vn -0.9336 0.1112 -0.3406
vn 0.1887 -0.5907 0.7845
vn 0.7015 -0.6169 0.3568
vn 0.1773 -0.5449 0.8196
vn 0.3013 -0.7984 0.5212
vn 0.1997 -0.6350 0.7462
vn 0.3030 -0.8398 0.4505
vn 0.2611 -0.5495 0.7936
vn 0.3561 -0.8826 0.3071
vn 0.8808 -0.4588 0.1170
vn 0.9588 -0.0537 -0.2791
vn 0.9811 0.1918 -0.0275
vn 0.8583 0.4401 0.2638
vn 0.9180 0.2490 0.3086
vn 0.4100 0.4690 0.7823
vn 0.6285 0.7250 0.2815
vn 0.8767 0.4809 -0.0040
vn 0.6305 0.6849 0.3652
vn 0.1444 -0.1534 0.9776
vn 0.3037 -0.8406 0.4485
vn 0.3944 -0.9168 0.0617
vn 0.3945 -0.9168 0.0620
vn 0.3929 -0.9178 0.0571
vn 0.8675 0.4963 -0.0348
vn 0.9806 0.1938 -0.0276
vn 0.8639 0.5033 -0.0178
vn 0.8482 0.5294 0.0179
vn 0.8536 0.5204 0.0223
vn 0.8509 0.5245 0.0294
vn 0.8765 -0.0272 0.4806
vn 0.1556 -0.5489 0.8213
vn 0.1215 -0.6276 0.7690
vn 0.1344 -0.5009 0.8550
vn 0.1145 -0.5324 0.8387
vn 0.9031 0.4183 -0.0975
vn 0.8761 -0.0279 0.4813
vn 0.6293 0.6863 0.3646
vn 0.9828 0.1824 0.0306
vn 0.9153 0.3916 -0.0939
vn 0.9167 0.3911 -0.0823
vn 0.9195 0.3839 -0.0847
vn 0.0810 0.1759 -0.9811
vn 0.2139 0.1054 -0.9711
vn 0.1260 0.3745 -0.9186
vn 0.3419 0.0326 -0.9392
vn 0.0101 0.5800 -0.8146
vn 0.0207 0.6528 -0.7573
vn 0.1254 0.3766 -0.9179
vn -0.0228 0.6628 -0.7485
vn -0.0577 0.6714 -0.7388
vn 0.1441 0.3824 -0.9127
vn -0.1188 0.6411 -0.7582
vn 0.4771 0.3892 -0.7879
vn 0.1459 0.3809 -0.9130
vn 0.3797 0.6710 -0.6369
vn 0.0130 0.9519 -0.3062
vn -0.0719 0.0665 -0.9952
vn -0.5321 -0.3777 -0.7577
vn -0.8969 -0.1896 -0.3996
vn -0.8682 0.4479 -0.2134
vn -0.8892 -0.1235 0.4405
vn -0.6472 -0.6229 0.4396
vn -0.4745 -0.8566 0.2024
vn -0.6341 -0.6451 -0.4263
vn -0.7328 -0.5759 -0.3625
vn -0.7410 -0.5699 -0.3551
vn -0.9420 -0.3219 -0.0948
vn -0.9351 -0.3373 -0.1085
vn -0.9190 -0.3661 -0.1464
vn -0.9158 -0.3686 -0.1592
vn -0.8969 -0.3980 -0.1929
vn -0.9544 0.2319 0.1881
vn 0.2587 -0.5493 0.7945
vn -0.1671 -0.2760 0.9465
vn -0.8887 -0.1236 0.4416
vn 0.2599 -0.5491 0.7943
vn -0.1152 -0.1781 0.9772
vn -0.0745 -0.1195 0.9900
vn -0.9541 0.2329 0.1884
vn -0.9081 -0.3880 -0.1575
vn -0.9046 -0.3889 -0.1745
vn -0.9220 -0.3646 -0.1306
vn -0.9203 -0.3698 -0.1272
vn -0.9009 0.2043 -0.3829
vn -0.9423 -0.3144 -0.1150
vn -0.6149 0.7237 -0.3134
vn -0.0956 0.8299 -0.5497
vn -0.2581 0.8716 -0.4168
vn -0.0340 0.6702 -0.7414
vn 0.0786 0.5785 -0.8119
vn 0.1004 0.5702 -0.8153
vn -0.0951 0.8293 -0.5506
vn -0.0898 0.8145 -0.5731
vn 0.1438 0.5532 -0.8205
vn -0.0899 0.8145 -0.5731
vn -0.4063 0.8848 -0.2279
vn -0.1462 0.1966 0.9695
vn -0.1499 0.2001 0.9682
vn -0.1538 0.2036 0.9669
vn -0.8645 0.4320 0.2569
vn -0.9540 0.2327 0.1889
vn 0.0263 -0.9276 0.3726
vn 0.1359 -0.9008 0.4123
vn -0.0253 -0.9163 0.3997
vn 0.3746 -0.8364 0.4000
vn 0.0916 -0.9277 0.3619
vn 0.4503 -0.8344 0.3179
vn 0.0230 -0.8666 0.4984
vn 0.5737 -0.7375 0.3563
vn 0.4523 -0.8334 0.3176
vn 0.7673 -0.5914 0.2481
vn 0.7672 -0.5915 0.2481
vn 0.7703 -0.5888 0.2447
vn -0.6120 -0.1601 0.7745
vn 0.0230 -0.8660 0.4996
vn -0.0325 0.0920 0.9952
vn -0.4365 0.3590 0.8250
vn -0.0320 0.4315 0.9015
vn -0.4475 0.3005 0.8423
vn -0.3961 -0.7614 0.5132
vn 0.5065 0.3054 0.8063
vn 0.5362 -0.2180 0.8155
vn 0.6415 -0.0574 0.7650
vn 0.3729 0.1692 0.9123
vn -0.0956 0.4218 0.9017
vn -0.1280 0.5097 0.8508
vn -0.0966 0.4236 0.9007
vn -0.1944 0.5122 0.8366
vn -0.0953 0.5020 0.8596
vn -0.0893 0.4934 0.8652
vn -0.0971 0.4908 0.8658
vn 0.0682 -0.2093 0.9755
vn -0.0271 -0.9256 0.3776
vn -0.3961 -0.7614 0.5131
vn 0.0318 -0.9368 0.3483
vn -0.0917 -0.9277 0.3619
vn -0.0664 -0.9405 0.3332
vn 0.0873 0.5199 0.8498
vn 0.0682 -0.2105 0.9752
vn -0.4486 0.3017 0.8413
vn 0.2467 0.2476 0.9369
vn 0.0952 0.5020 0.8596
vn 0.0894 0.4935 0.8652
vn 0.0971 0.4908 0.8658
vn 0.4765 0.8398 -0.2602
vn 0.5684 0.8096 -0.1463
vn 0.3121 0.9352 -0.1674
vn 0.6477 0.7613 -0.0292
vn 0.0619 0.9768 -0.2048
vn -0.0234 0.9863 -0.1633
vn 0.3099 0.9359 -0.1674
vn -0.0481 0.9754 -0.2152
vn -0.1320 0.9814 -0.1394
vn 0.1048 0.9599 -0.2602
vn -0.0479 0.9751 -0.2163
vn 0.2145 0.4533 -0.8652
vn -0.0605 0.9360 -0.3468
vn 0.2408 0.9589 -0.1498
vn 0.0453 0.9594 -0.2784
vn -0.3815 0.8664 -0.3222
vn 0.4670 0.3036 -0.8305
vn 0.4639 -0.1996 -0.8631
vn -0.0565 -0.3102 -0.9490
vn -0.0640 -0.3291 -0.9421
vn 0.0268 -0.3119 -0.9497
vn 0.0372 -0.3037 -0.9520
vn 0.0854 -0.2957 -0.9515
vn 0.6986 -0.1272 -0.7041
vn 0.0370 0.0971 -0.9946
vn -0.5978 0.5134 -0.6156
vn 0.1509 -0.2865 -0.9461
vn -0.0350 -0.8466 -0.5310
vn -0.0584 -0.3555 -0.9328
vn 0.0641 -0.4149 -0.9076
vn -0.5963 0.5151 -0.6157
vn -0.8036 -0.0486 -0.5931
vn -0.5624 -0.1407 -0.8148
vn -0.7194 -0.0491 -0.6928
vn -0.5624 -0.1403 -0.8149
vn 0.0994 -0.3011 -0.9484
vn 0.1264 -0.2727 -0.9538
vn 0.0257 -0.3230 -0.9460
vn 0.0332 -0.3289 -0.9438
vn -0.2413 0.2462 -0.9387
vn -0.0372 -0.3037 -0.9520
vn -0.5573 0.6008 -0.5731
vn -0.3109 0.9356 -0.1673
vn -0.4765 0.8398 -0.2601
vn -0.0619 0.9768 -0.2048
vn 0.0832 0.9864 -0.1414
vn 0.1018 0.9865 -0.1285
vn -0.3098 0.9360 -0.1673
vn -0.1423 0.9626 -0.2306
vn 0.1390 0.9849 -0.1028
vn -0.1442 0.9620 -0.2318
vn -0.3794 0.8771 -0.2946
vn -0.3579 0.8709 -0.3367
vn -0.7641 -0.5940 0.2516
vn -0.7671 -0.5915 0.2483
vn -0.7672 -0.5914 0.2482
vn -0.7702 -0.5889 0.2449
vn -0.4279 -0.8828 0.1936
vn -0.0350 -0.8453 -0.5332
vn 0.0220 -0.8670 0.4978
vn 0.3494 -0.9145 0.2039
vn -0.4798 -0.8365 0.2648
vn -0.5130 -0.7957 0.3221
vn -0.3741 -0.8366 0.4001
vn -0.1358 -0.9009 0.4123
vn 0.0254 -0.9165 0.3991
vn -0.0262 -0.9276 0.3726
vn -0.0915 -0.9277 0.3619
vn -0.4499 -0.8346 0.3179
vn -0.0229 -0.8666 0.4984
vn -0.5730 -0.7380 0.3565
vn -0.4519 -0.8336 0.3177
vn -0.7667 -0.5920 0.2485
vn -0.7696 -0.5895 0.2453
vn -0.0229 -0.8660 0.4996
vn 0.6114 -0.1601 0.7750
vn 0.0325 0.0920 0.9952
vn 0.4359 0.3592 0.8252
vn 0.0320 0.4315 0.9015
vn 0.4473 0.3018 0.8419
vn 0.3959 -0.7615 0.5133
vn -0.5060 0.3062 0.8064
vn -0.5357 -0.2181 0.8157
vn -0.6410 -0.0575 0.7654
vn -0.3725 0.1692 0.9125
vn 0.0954 0.4217 0.9017
vn 0.1277 0.5098 0.8508
vn 0.1940 0.5122 0.8367
vn 0.0962 0.4236 0.9007
vn 0.0949 0.5020 0.8597
vn 0.0884 0.4938 0.8651
vn 0.0970 0.4908 0.8659
vn -0.0318 -0.9368 0.3483
vn 0.0270 -0.9256 0.3776
vn 0.3958 -0.7615 0.5134
vn -0.0682 -0.2093 0.9755
vn 0.0915 -0.9277 0.3619
vn 0.0663 -0.9405 0.3332
vn -0.2462 0.2477 0.9370
vn -0.0681 -0.2105 0.9752
vn 0.4483 0.3001 0.8420
vn -0.0879 0.5198 0.8497
vn -0.0952 0.5021 0.8596
vn -0.0884 0.4938 0.8651
vn -0.0970 0.4908 0.8659
vn -0.6469 0.7620 -0.0292
vn -0.5678 0.8101 -0.1462
vn -0.3115 0.9354 -0.1674
vn -0.4759 0.8402 -0.2601
vn 0.0481 0.9754 -0.2152
vn 0.0234 0.9863 -0.1633
vn -0.3094 0.9361 -0.1674
vn -0.0618 0.9769 -0.2048
vn 0.1317 0.9814 -0.1394
vn -0.1046 0.9599 -0.2601
vn -0.2135 0.4531 -0.8655
vn 0.0478 0.9752 -0.2163
vn 0.0604 0.9360 -0.3467
vn -0.2403 0.9591 -0.1498
vn -0.0452 0.9594 -0.2784
vn 0.3808 0.8667 -0.3222
vn -0.4664 0.3036 -0.8308
vn -0.4634 -0.1997 -0.8634
vn 0.0564 -0.3101 -0.9490
vn 0.0640 -0.3291 -0.9421
vn -0.0268 -0.3119 -0.9497
vn -0.0852 -0.2957 -0.9515
vn -0.6979 -0.1274 -0.7048
vn -0.0368 0.0971 -0.9946
vn 0.5974 0.5134 -0.6161
vn -0.1506 -0.2865 -0.9462
vn 0.0351 -0.8467 -0.5309
vn 0.0583 -0.3555 -0.9329
vn -0.0640 -0.4149 -0.9076
vn 0.5959 0.5151 -0.6161
vn 0.5621 -0.1416 -0.8149
vn 0.8032 -0.0486 -0.5938
vn 0.7189 -0.0491 -0.6934
vn 0.5621 -0.1410 -0.8150
vn -0.1262 -0.2727 -0.9538
vn -0.0993 -0.3011 -0.9484
vn -0.0257 -0.3230 -0.9460
vn -0.0331 -0.3289 -0.9438
vn 0.2411 0.2464 -0.9387
vn 0.5567 0.6013 -0.5732
vn 0.3105 0.9357 -0.1673
vn 0.4759 0.8401 -0.2602
vn 0.0618 0.9769 -0.2048
vn -0.0829 0.9865 -0.1414
vn 0.3095 0.9361 -0.1673
vn -0.1018 0.9864 -0.1287
vn 0.1420 0.9626 -0.2307
vn -0.1387 0.9850 -0.1028
vn 0.1437 0.9620 -0.2323
vn 0.3788 0.8773 -0.2949
vn 0.3573 0.8712 -0.3367
vn 0.7698 -0.5893 0.2451
vn 0.7668 -0.5919 0.2485
vn 0.7668 -0.5919 0.2484
vn 0.7637 -0.5944 0.2518
vn 0.0350 -0.8454 -0.5331
vn 0.4272 -0.8831 0.1937
vn -0.0220 -0.8671 0.4977
vn -0.3487 -0.9148 0.2039
vn 0.4791 -0.8368 0.2650
vn 0.5123 -0.7960 0.3224
vn 0.1003 -0.9948 0.0192
vn 0.0951 -0.9952 0.0216
vn 0.1056 -0.9938 0.0341
vn 0.2975 -0.9234 -0.2425
vn 0.1055 -0.9944 0.0095
vn 0.0930 -0.9956 -0.0129
vn 0.3767 -0.8440 -0.3818
vn 0.4971 -0.7124 -0.4954
vn 0.4917 -0.7774 -0.3922
vn 0.3723 -0.8326 -0.4101
vn 0.0664 -0.9975 -0.0253
vn 0.0145 -0.9989 -0.0445
vn 0.0263 -0.9980 0.0579
vn 0.1803 -0.9502 -0.2541
vn 0.0067 -0.9958 0.0911
vn 0.4850 -0.6912 -0.5358
vn 0.3193 -0.9207 -0.2245
vn 0.4606 -0.8495 -0.2572
vn 0.6161 -0.6621 -0.4268
vn 0.2953 -0.9438 -0.1485
vn 0.3756 -0.8866 -0.2700
vn 0.3698 -0.8106 -0.4541
vn 0.3797 -0.5496 -0.7441
vn 0.8721 0.1398 -0.4689
vn 0.8990 0.2001 -0.3897
vn 0.9139 0.2238 -0.3386
vn 0.9164 0.3129 -0.2496
vn 0.7735 0.1407 -0.6180
vn 0.6499 0.0930 -0.7544
vn 0.4297 0.0420 -0.9020
vn 0.3059 -0.0276 -0.9516
vn 0.4762 0.0673 -0.8767
vn 0.5234 -0.0562 -0.8502
vn 0.7025 0.1773 -0.6892
vn 0.5728 0.3676 -0.7326
vn -0.8480 -0.5296 0.0222
vn -0.8916 -0.4527 -0.0043
vn -0.9277 -0.3720 -0.0308
vn -0.1156 -0.0733 -0.9906
vn -0.3052 -0.1529 -0.9399
vn -0.1174 -0.1090 -0.9871
vn -0.2734 -0.1716 -0.9465
vn 0.0752 -0.0606 -0.9953
vn 0.0385 -0.1127 -0.9929
vn -0.2651 -0.3131 0.9120
vn -0.4270 -0.2343 0.8734
vn -0.2505 -0.2698 0.9298
vn -0.3941 -0.1524 0.9063
vn -0.1225 -0.3013 0.9456
vn -0.1978 -0.2887 0.9368
vn -0.5292 -0.3157 0.7876
vn -0.5404 -0.3044 0.7844
vn -0.8851 -0.3462 0.3110
vn -0.8898 -0.3361 0.3086
vn -0.9409 -0.3287 0.0810
vn -0.8772 -0.3832 0.2893
vn -0.7607 -0.3686 0.5342
vn -0.6375 -0.3868 0.6663
vn -0.6038 -0.3182 0.7309
vn 0.9852 -0.0781 -0.1524
vn 0.9881 -0.0627 -0.1404
vn 0.9832 -0.0402 -0.1779
vn 0.9339 -0.0009 -0.3577
vn 0.8837 0.0229 -0.4674
vn 0.7522 0.0396 -0.6577
vn -0.1978 -0.3405 0.9192
vn -0.3092 -0.4570 0.8340
vn -0.0798 -0.2127 0.9738
vn 0.0426 0.9847 0.1691
vn 0.0480 0.9848 0.1669
vn 0.0529 0.9819 0.1819
vn 0.2569 0.9618 -0.0944
vn 0.0525 0.9863 0.1566
vn 0.0417 0.9900 0.1351
vn 0.3444 0.9075 -0.2405
vn 0.4750 0.7997 -0.3673
vn 0.4630 0.8486 -0.2559
vn 0.3416 0.9001 -0.2703
vn 0.0154 0.9924 0.1220
vn -0.0359 0.9942 0.1011
vn -0.0272 0.9788 0.2029
vn 0.1387 0.9846 -0.1063
vn -0.0478 0.9709 0.2348
vn 0.4654 0.7840 -0.4106
vn 0.2781 0.9575 -0.0761
vn 0.4244 0.8985 -0.1124
vn 0.5942 0.7454 -0.3021
vn 0.2505 0.9681 0.0014
vn 0.3378 0.9330 -0.1238
vn 0.3417 0.8847 -0.3171
vn 0.3743 0.6703 -0.6407
vn 0.9389 -0.2298 -0.2564
vn 0.9201 -0.0986 -0.3791
vn 0.9346 -0.1287 -0.3316
vn 0.8926 -0.0286 -0.4499
vn 0.7991 -0.0123 -0.6011
vn 0.6775 0.0489 -0.7339
vn 0.4598 0.1107 -0.8811
vn 0.3341 0.1811 -0.9250
vn 0.5067 0.0842 -0.8580
vn 0.5466 0.2046 -0.8120
vn 0.7323 -0.0414 -0.6797
vn 0.6143 -0.2289 -0.7552
vn -0.9444 0.3286 -0.0131
vn -0.9133 0.4064 0.0263
vn -0.8744 0.4807 0.0655
vn -0.2518 0.2955 -0.9216
vn -0.2827 0.2747 -0.9190
vn -0.0915 0.2470 -0.9647
vn -0.0878 0.2122 -0.9733
vn 0.1034 0.2094 -0.9723
vn 0.0639 0.2590 -0.9638
vn -0.4301 -0.0008 0.9028
vn -0.4661 0.0834 0.8808
vn -0.2936 0.1184 0.9486
vn -0.3099 0.1632 0.9367
vn -0.1680 0.1533 0.9738
vn -0.2422 0.1386 0.9603
vn -0.5696 0.1717 0.8038
vn -0.5812 0.1609 0.7977
vn -0.9113 0.2553 0.3230
vn -0.9154 0.2453 0.3192
vn -0.9588 0.2690 0.0910
vn -0.9046 0.2954 0.3073
vn -0.7954 0.2505 0.5518
vn -0.6774 0.2549 0.6900
vn -0.6424 0.1791 0.7452
vn 0.9434 0.0969 -0.3171
vn 0.9875 0.1286 -0.0911
vn 0.9850 0.1117 -0.1318
vn 0.9842 0.1454 -0.1008
vn 0.8981 0.0870 -0.4310
vn 0.7738 0.0924 -0.6267
vn -0.2445 0.1923 0.9504
vn -0.3592 0.3147 0.8786
vn -0.1218 0.0635 0.9905
vn 0.2493 -0.7465 0.6170
vn 0.4070 -0.6731 0.6175
vn 0.7513 -0.1201 0.6490
vn 0.7779 -0.0127 0.6282
vn 0.7636 -0.2740 0.5847
vn 0.3111 -0.9106 -0.2721
vn 0.8526 -0.5076 0.1243
vn -0.0212 -0.9487 0.3155
vn -0.1522 -0.8071 0.5705
vn -0.7452 -0.6563 -0.1176
vn -0.6510 -0.6210 0.4366
vn 0.7851 0.5751 -0.2298
vn 0.4742 0.8087 0.3481
vn 0.4635 0.8775 0.1229
vn -0.4199 0.8911 -0.1719
vn -0.2761 0.8661 -0.4167
vn -0.6949 0.5378 -0.4774
vn -0.8537 0.2842 -0.4364
vn -0.4147 0.6864 -0.5973
vn 0.0041 0.7582 -0.6521
vn -0.7688 0.2196 -0.6006
vn 0.2082 -0.6355 -0.7435
vn 0.0179 -0.6226 -0.7824
vn -0.3381 -0.5435 -0.7683
vn -0.1904 0.1659 -0.9676
vn -0.3422 -0.0311 -0.9391
vn 0.0746 0.2901 -0.9541
vn 0.4255 0.2608 -0.8666
vn 0.5788 0.2964 -0.7597
vn -0.6065 -0.2500 -0.7548
vn -0.6261 -0.5345 -0.5677
vn -0.6116 -0.1604 -0.7747
vn -0.3402 -0.5428 -0.7679
vn -0.5581 -0.5081 -0.6561
vn -0.9521 -0.2051 -0.2266
vn -0.8820 -0.4206 0.2124
vn -0.5385 -0.7576 0.3688
vn -0.8973 -0.4414 0.0005
vn -0.9538 -0.1595 -0.2545
vn -0.9309 -0.3504 -0.1029
vn -0.6230 0.1211 -0.7728
vn -0.4999 0.2473 -0.8300
vn -0.9536 -0.1591 -0.2555
vn -0.4980 0.2474 -0.8312
vn -0.3084 0.2531 -0.9170
vn -0.8538 0.2832 -0.4368
vn -0.4896 -0.6164 -0.6167
vn -0.6243 -0.5359 -0.5684
vn -0.4538 0.7030 -0.5476
vn -0.3794 0.7138 -0.5886
vn -0.7976 0.1682 -0.5793
vn -0.7774 0.1480 -0.6113
vn -0.8244 0.1879 -0.5338
vn -0.0147 0.7925 -0.6097
vn 0.2033 0.7663 -0.6094
vn -0.4484 -0.8245 -0.3451
vn -0.7574 -0.5429 -0.3627
vn -0.1385 -0.9578 -0.2520
vn 0.3274 -0.9381 -0.1127
vn 0.5287 -0.8477 -0.0433
vn 0.7361 -0.6765 -0.0197
vn 0.7727 -0.6296 -0.0804
vn 0.5322 0.6433 -0.5505
vn 0.6479 0.5774 -0.4969
vn 0.8436 0.3676 -0.3914
vn 0.8686 0.3347 -0.3654
vn 0.9505 0.1324 -0.2811
vn -0.7780 -0.0126 0.6282
vn -0.4070 -0.6731 0.6175
vn -0.7513 -0.1201 0.6490
vn -0.2493 -0.7465 0.6170
vn -0.7636 -0.2740 0.5847
vn -0.3112 -0.9106 -0.2719
vn -0.8526 -0.5076 0.1243
vn 0.0211 -0.9487 0.3155
vn 0.1522 -0.8071 0.5705
vn 0.7452 -0.6563 -0.1177
vn 0.6509 -0.6210 0.4366
vn -0.7851 0.5751 -0.2298
vn -0.4742 0.8086 0.3481
vn -0.4635 0.8775 0.1229
vn 0.4200 0.8911 -0.1719
vn 0.2761 0.8661 -0.4167
vn 0.6943 0.5397 -0.4760
vn 0.8537 0.2841 -0.4365
vn 0.4148 0.6864 -0.5973
vn -0.0041 0.7582 -0.6521
vn 0.7688 0.2196 -0.6006
vn -0.2082 -0.6355 -0.7435
vn 0.1904 0.1659 -0.9676
vn 0.3422 -0.0311 -0.9391
vn -0.0746 0.2902 -0.9540
vn -0.4255 0.2608 -0.8666
vn -0.5788 0.2964 -0.7597
vn 0.6065 -0.2500 -0.7548
vn 0.6260 -0.5345 -0.5678
vn 0.8538 0.2832 -0.4369
vn 0.6243 -0.5357 -0.5685
vn 0.4896 -0.6164 -0.6167
vn -0.0184 -0.6224 -0.7825
vn 0.3379 -0.5434 -0.7684
vn 0.5580 -0.5081 -0.6561
vn 0.3401 -0.5428 -0.7679
vn 0.6116 -0.1604 -0.7748
vn 0.9521 -0.2051 -0.2266
vn 0.8820 -0.4206 0.2124
vn 0.5385 -0.7576 0.3689
vn 0.8973 -0.4415 0.0005
vn 0.9538 -0.1595 -0.2545
vn 0.9309 -0.3504 -0.1029
vn 0.6229 0.1212 -0.7728
vn 0.4998 0.2473 -0.8301
vn 0.9536 -0.1591 -0.2555
vn 0.3084 0.2531 -0.9170
vn 0.4978 0.2478 -0.8311
vn 0.7773 0.1482 -0.6114
vn 0.3794 0.7138 -0.5887
vn 0.7976 0.1682 -0.5793
vn 0.4538 0.7030 -0.5476
vn 0.8244 0.1879 -0.5338
vn 0.0147 0.7925 -0.6096
vn -0.2033 0.7663 -0.6094
vn 0.4484 -0.8245 -0.3452
vn 0.7574 -0.5429 -0.3627
vn 0.1385 -0.9577 -0.2523
vn -0.3274 -0.9381 -0.1127
vn -0.5287 -0.8478 -0.0418
vn -0.7361 -0.6765 -0.0197
vn -0.7727 -0.6296 -0.0804
vn -0.5322 0.6433 -0.5505
vn -0.6479 0.5774 -0.4969
vn -0.8436 0.3676 -0.3914
vn -0.8686 0.3347 -0.3654
vn -0.9505 0.1324 -0.2811
vn -0.4030 -0.2484 -0.8808
vn -0.7076 -0.0900 -0.7008
vn -0.7230 -0.2470 -0.6452
vn -0.4666 -0.2026 -0.8609
vn -0.4757 -0.4855 -0.7335
vn -0.9144 -0.3338 -0.2290
vn -0.8302 -0.4909 -0.2640
vn -0.5688 -0.8100 -0.1429
vn -0.5742 -0.7416 -0.3469
vn -0.1498 -0.9871 -0.0562
vn -0.0114 -0.9995 0.0309
vn 0.0106 -0.9997 -0.0228
vn 0.0783 -0.9965 -0.0280
vn 0.1271 -0.9917 0.0177
vn 0.1586 -0.9864 0.0432
vn 0.1394 -0.9860 0.0913
vn 0.1137 -0.9889 0.0952
vn -0.8779 -0.4484 0.1681
vn -0.9226 -0.3475 0.1673
vn -0.8887 -0.4495 0.0898
vn -0.9415 -0.3282 0.0769
vn -0.9526 -0.3002 0.0493
vn -0.8821 -0.4691 0.0417
vn -0.9536 -0.2997 0.0300
vn -0.8602 -0.5096 0.0207
vn -0.6835 -0.7278 0.0553
vn -0.6453 -0.7611 0.0653
vn -0.4085 -0.9105 0.0632
vn -0.4644 -0.8820 0.0799
vn -0.6639 -0.7453 0.0612
vn -0.4869 -0.8696 0.0813
vn -0.6911 -0.7146 0.1087
vn -0.4084 -0.9111 0.0561
vn -0.2932 -0.9547 0.0498
vn -0.1419 -0.9897 0.0186
vn -0.3039 -0.9520 0.0368
vn -0.0596 -0.9982 -0.0065
vn -0.4829 -0.8750 0.0328
vn -0.6194 -0.7795 0.0937
vn -0.8262 -0.5410 0.1574
vn -0.4793 -0.8739 0.0807
vn -0.3929 -0.9195 0.0139
vn -0.4525 -0.8830 -0.1251
vn -0.5596 -0.8258 -0.0699
vn -0.8842 -0.4382 0.1617
vn -0.9191 -0.3417 0.1963
vn 0.0227 -0.9997 0.0019
vn -0.7527 -0.1214 -0.6471
vn -0.3799 -0.2406 -0.8932
vn -0.6883 -0.0429 -0.7242
vn -0.3224 -0.1740 -0.9305
vn -0.1807 -0.2748 -0.9444
vn -0.1584 -0.4167 -0.8951
vn -0.0038 -0.5936 -0.8048
vn 0.0943 -0.7109 -0.6969
vn 0.2244 -0.7203 -0.6563
vn -0.8226 0.2913 -0.4884
vn -0.8046 0.4389 -0.4000
vn -0.7819 0.5561 -0.2818
vn -0.7748 0.5637 -0.2861
vn 0.3742 -0.0582 -0.9255
vn -0.1673 0.9603 0.2233
vn -0.1147 0.9870 0.1123
vn -0.4038 0.8550 0.3253
vn -0.4205 0.8970 0.1363
vn -0.7095 0.6229 0.3297
vn -0.7620 0.6280 0.1579
vn -0.8896 0.3736 0.2627
vn -0.9477 0.2820 0.1496
vn -0.9519 0.2161 0.2174
vn -0.9869 0.1255 0.1012
vn -0.1210 0.9926 -0.0041
vn -0.4384 0.8986 -0.0148
vn -0.9947 0.0896 0.0500
vn -0.9661 0.2576 0.0177
vn -0.1899 0.9797 -0.0643
vn -0.4838 0.8733 -0.0574
vn -0.0129 0.9997 -0.0214
vn -0.0000 0.9998 0.0180
vn -0.7816 0.6232 0.0246
vn -0.7618 0.6474 -0.0219
vn -0.9278 0.3713 -0.0351
vn -0.9876 0.1525 -0.0371
vn -0.9228 0.2943 0.2485
vn -0.9462 0.2066 0.2490
vn 0.0099 0.9935 0.1136
vn -0.0046 0.9870 0.1608
vn -0.1843 0.9605 0.2083
vn -0.3960 0.8468 0.3551
vn -0.5887 0.6718 0.4495
vn -0.8088 0.4604 0.3659
vn -0.8679 0.4000 0.2944
vn 0.2213 0.9084 0.3548
vn 0.2327 0.9209 0.3126
vn 0.0192 0.9950 0.0975
vn -0.0055 0.9999 0.0139
vn -0.0180 0.9998 0.0079
vn 0.6246 0.4354 0.6483
vn -0.0306 0.4565 -0.8892
vn -0.0230 0.5349 -0.8446
vn -0.0722 0.5664 -0.8209
vn -0.1194 0.6285 -0.7686
vn -0.2640 0.5768 -0.7731
vn -0.2822 0.6001 -0.7485
vn -0.5011 0.3660 -0.7842
vn -0.4634 0.3281 -0.8232
vn -0.7070 0.1019 -0.6998
vn -0.7921 0.0189 -0.6100
vn -0.8727 -0.2504 -0.4191
vn -0.8784 -0.2413 -0.4125
vn -0.8755 -0.3955 -0.2777
vn -0.8745 -0.3968 -0.2789
vn 0.0075 0.4567 -0.8896
vn -0.0036 0.5328 -0.8462
vn -0.0149 0.6048 -0.7963
vn 0.0069 -1.0000 -0.0042
vn -0.0290 -0.9996 0.0070
vn -0.0206 -0.9994 0.0283
vn -0.0313 -0.9993 -0.0191
vn -0.0261 -0.9957 -0.0883
vn 0.0001 -0.9966 -0.0821
vn -0.0294 -0.9926 -0.1175
vn -0.0589 -0.9864 -0.1533
vn -0.9353 -0.3173 -0.1564
vn -0.9729 -0.0957 -0.2105
vn -0.0090 -0.9956 -0.0935
vn -0.7381 -0.6701 -0.0783
vn -0.0240 -0.9875 -0.1557
vn -0.7239 -0.6807 -0.1125
vn -0.9358 -0.3480 -0.0560
vn -0.9161 -0.3933 -0.0783
vn -0.1069 -0.9767 -0.1863
vn -0.7029 -0.6966 -0.1439
vn 0.6465 -0.7347 -0.2054
vn 0.6267 -0.7626 -0.1605
vn 0.9510 -0.2674 -0.1552
vn 0.9676 -0.1765 -0.1806
vn -0.9083 -0.4047 -0.1062
vn 0.6882 -0.7167 -0.1132
vn -0.6971 -0.6959 -0.1726
vn -0.9039 -0.4150 -0.1036
vn 0.0034 -0.9748 -0.2229
vn 0.7429 -0.6207 -0.2507
vn 0.9640 -0.1558 -0.2156
vn 0.9508 -0.2543 -0.1767
vn 0.6942 -0.6882 -0.2109
vn 0.9234 0.3590 -0.1358
vn 0.9499 0.2795 -0.1399
vn 0.5745 0.8144 -0.0818
vn 0.3503 0.9312 -0.1007
vn 0.4947 0.8639 -0.0944
vn -0.2632 0.9627 -0.0630
vn -0.3560 0.9308 -0.0833
vn -0.8273 0.5585 -0.0602
vn -0.8133 0.5817 -0.0169
vn -0.2388 0.9710 -0.0067
vn -0.8469 0.5279 -0.0639
vn -0.9676 0.2468 -0.0525
vn -0.9592 0.2804 -0.0357
vn 0.9465 0.2920 -0.1374
vn -0.1964 0.9797 -0.0391
vn -0.7990 0.6005 -0.0332
vn -0.9508 0.3081 -0.0333
vn 0.5817 0.8100 0.0737
vn 0.9836 0.1754 -0.0417
vn -0.3226 0.9401 0.1102
vn 0.5042 0.8025 0.3191
vn -0.2701 0.8350 0.4794
vn -0.8125 0.5829 0.0100
vn 0.9745 0.2055 0.0899
vn 0.9704 -0.2312 -0.0691
vn 0.9691 -0.2434 -0.0397
vn 0.7823 -0.5973 -0.1768
vn 0.7723 -0.6074 -0.1858
vn 0.0426 -0.9378 -0.3444
vn 0.0131 -0.9652 -0.2610
vn -0.8070 0.5467 0.2231
vn -0.8906 0.4528 0.0425
vn -0.8744 0.4694 0.1227
vn -0.9008 0.3413 0.2684
vn -0.6873 0.4825 0.5429
vn 0.8482 -0.5120 -0.1361
vn 0.9927 -0.1123 -0.0438
vn 0.9158 0.3491 0.1986
vn 0.3567 0.7873 0.5030
vn -0.1675 0.7548 0.6343
vn 0.0274 -0.9730 -0.2292
vn -0.7070 -0.6836 -0.1811
vn -0.7128 -0.6580 -0.2429
vn -0.8776 -0.4592 -0.1377
vn -0.8694 -0.4549 -0.1926
vn -0.7078 -0.6452 -0.2878
vn -0.8835 -0.4224 -0.2023
vn -0.7862 -0.5503 -0.2810
vn -0.8977 -0.3696 -0.2398
vn 0.0653 -0.9196 -0.3873
vn -0.8769 0.2277 -0.4234
vn -0.8381 0.2870 -0.4639
vn -0.9579 0.2862 -0.0246
vn -0.7668 0.6403 -0.0466
vn -0.2000 0.9703 -0.1364
vn 0.4861 0.8718 -0.0608
vn 0.9232 0.3576 -0.1405
vn 0.9656 -0.2159 -0.1446
vn 0.4502 0.8717 -0.1937
vn 0.8936 0.4105 -0.1814
vn 0.6649 -0.7429 -0.0776
vn 0.0109 -0.9996 -0.0261
vn -0.7361 -0.6759 -0.0371
vn -0.9467 -0.3194 -0.0412
vn -0.8987 -0.3249 -0.2945
vn -0.6613 -0.7348 -0.1512
vn 0.9671 -0.2191 -0.1293
vn 0.0434 -0.9990 0.0143
vn 0.6368 -0.7710 -0.0051
vn 0.5431 0.8111 -0.2169
vn -0.0742 0.9299 -0.3602
vn 0.9525 -0.3041 -0.0162
vn 0.9569 0.2820 -0.0694
vn -0.6056 0.6620 -0.4416
vn -0.3655 -0.4242 -0.8285
vn -0.2408 0.9072 -0.3450
vn 0.1405 0.9828 -0.1196
vn 0.6250 0.7783 0.0598
vn 0.1605 -0.9870 0.0078
vn -0.1971 -0.9316 -0.3054
vn 0.9570 0.2608 0.1267
vn 0.9618 -0.2431 0.1259
vn 0.6333 -0.7694 0.0835
vn 0.1297 -0.9775 -0.1661
vn 0.3148 -0.9490 0.0173
vn 0.6496 -0.7466 0.1436
vn 0.1215 0.9665 0.2260
vn -0.1234 0.9808 0.1512
vn 0.5854 0.7476 0.3135
vn 0.9115 0.2600 0.3188
vn 0.9103 -0.3433 0.2312
vn -0.0712 0.9240 0.3756
vn 0.2094 0.8729 0.4406
vn 0.5881 0.6558 0.4734
vn 0.8097 0.3942 0.4348
vn 0.9270 -0.1490 0.3441
vn 0.6636 -0.7288 0.1690
vn 0.3661 -0.9300 0.0328
vn 0.1846 -0.9824 0.0279
vn 0.0585 -0.9954 -0.0757
vn -0.2222 0.9473 0.2307
vn -0.1901 0.9309 -0.3119
vn -0.4742 0.3077 -0.8249
vn -0.3875 0.1497 -0.9096
vn -0.0142 0.2577 -0.9661
vn -0.0000 0.4409 -0.8976
vn 0.5992 -0.7663 0.2318
vn 0.9030 -0.2497 0.3496
vn 0.8467 0.3420 0.4075
vn 0.5044 0.7025 0.5021
vn 0.1545 0.8783 0.4525
vn -0.0104 0.9340 0.3570
vn -0.1008 0.9413 0.3221
vn 0.1135 0.9660 0.2321
vn 0.3625 -0.9195 0.1520
vn 0.1885 -0.9736 0.1291
vn 0.0450 -0.9919 0.1192
vn 0.0648 -0.9628 -0.2624
vn 0.1328 -0.5741 -0.8079
vn 0.0748 -0.3079 -0.9485
vn -0.9186 0.3949 -0.0171
vn -0.9656 0.2576 -0.0357
vn 0.0648 0.1526 -0.9862
vn -0.3865 0.1496 -0.9101
vn -0.5871 -0.7192 0.3717
vn -0.3590 -0.8091 0.4653
vn 0.1047 -0.8719 0.4783
vn 0.3620 -0.8300 0.4243
vn -0.8668 -0.4523 0.2097
vn -0.9364 -0.3131 0.1587
vn -0.9869 0.0043 0.1611
vn -0.9469 0.1647 0.2763
vn -0.8459 0.3949 0.3584
vn -0.6400 0.3755 0.6703
vn -0.4719 0.3994 0.7860
vn -0.1998 0.0900 0.9757
vn 0.8268 -0.4642 0.3177
vn 0.8528 -0.4258 0.3025
vn 0.9832 0.0114 0.1823
vn 0.9783 0.1368 0.1558
vn 0.8419 0.5084 0.1808
vn 0.6485 0.5143 0.5612
vn 0.3806 0.5799 0.7203
vn 0.1536 0.0817 0.9848
vn 0.7218 -0.6546 0.2247
vn 0.8456 -0.1041 0.5235
vn 0.1308 -0.6791 0.7223
vn 0.5296 -0.1808 0.8288
vn 0.4626 0.1109 0.8796
vn 0.7551 0.3166 0.5741
vn 0.2084 0.4587 0.8638
vn 0.5804 0.7640 0.2819
vn -0.2815 0.9241 0.2582
vn -0.1938 0.5056 0.8407
vn -0.7753 0.4644 0.4281
vn -0.5379 0.1735 0.8249
vn -0.9260 -0.0599 0.3727
vn -0.2519 -0.2591 0.9324
vn -0.6138 -0.6620 0.4300
vn 0.1265 -0.6603 0.7403
vn -0.1257 -0.9797 0.1563
vn 0.4432 -0.8850 0.1428
vn 0.2176 -0.9756 -0.0299
vn 0.7092 -0.6667 -0.2292
vn 0.0670 -0.9910 -0.1157
vn 0.9417 0.3329 -0.0480
vn 0.9899 -0.1202 -0.0752
vn 0.7895 -0.6009 -0.1252
vn 0.0013 -0.9957 0.0929
vn -0.2741 -0.9400 0.2029
vn -0.4407 -0.8820 -0.1666
vn -0.0101 -0.9952 -0.0978
vn -0.7375 -0.5117 -0.4407
vn -0.8334 -0.3169 -0.4528
vn -0.7358 -0.2966 -0.6088
vn 0.8376 -0.5284 0.1388
vn 0.6404 -0.6972 0.3222
vn 0.7016 -0.5645 -0.4348
vn 0.9928 -0.0499 0.1089
vn 0.7618 -0.1956 -0.6176
vn 0.2871 -0.2416 -0.9269
vn 0.2302 -0.2963 -0.9270
vn 0.3825 0.0540 -0.9224
vn 0.9025 0.2578 -0.3450
vn 0.9366 0.2939 0.1909
vn 0.4672 0.8602 0.2043
vn 0.4121 0.9023 -0.1264
vn -0.3847 0.9217 -0.0501
vn -0.9058 0.4086 -0.1121
vn -0.9819 -0.1636 -0.0959
vn -0.7949 -0.5938 -0.1249
vn -0.3339 0.8923 0.3037
vn -0.8835 0.4247 0.1976
vn -0.9882 -0.1189 0.0970
vn -0.7192 -0.6893 0.0874
vn -0.7916 -0.6052 -0.0851
vn -0.8317 -0.1814 -0.5247
vn -0.0345 -0.6304 -0.7755
vn -0.3680 -0.2195 -0.9035
vn -0.8405 0.3860 -0.3802
vn -0.4897 0.1608 -0.8569
vn -0.5463 0.8350 0.0659
vn -0.3311 0.7699 -0.5455
vn 0.0301 0.9993 0.0226
vn 0.0934 0.9322 -0.3498
vn 0.6063 0.7897 -0.0937
vn 0.4224 0.6254 -0.6561
vn -0.0345 -0.6305 -0.7754
vn 0.6148 -0.5678 -0.5474
vn 0.4941 -0.6389 -0.5896
vn 0.6163 -0.5675 -0.5461
vn 0.7102 -0.6652 -0.2306
vn 0.8117 -0.3973 -0.4281
vn 0.7008 -0.5645 -0.4362
vn -0.1543 -0.7429 -0.6514
vn -0.9073 0.1144 0.4047
vn -0.7927 -0.2313 0.5641
vn -0.9822 -0.1702 0.0797
vn -0.6419 -0.7431 0.1889
vn -0.9912 0.1254 -0.0425
vn -0.8482 0.4221 0.3199
vn -0.8491 0.4230 0.3164
vn -0.9680 0.2350 -0.0882
vn -0.9756 0.2195 -0.0073
vn -0.9211 0.3834 -0.0677
vn -0.6543 0.7437 0.1370
vn -0.6590 0.7520 -0.0136
vn -0.3342 0.9284 0.1626
vn -0.1392 0.9186 0.3700
vn -0.7428 -0.4636 0.4830
vn -0.8030 -0.5078 0.3120
vn -0.6548 0.7554 -0.0224
vn -0.4450 0.8866 0.1261
vn -0.9055 0.4163 -0.0826
vn -0.9842 0.1768 -0.0040
vn -0.7872 0.3109 0.5326
vn -0.8230 0.4265 0.3752
vn -0.9324 -0.0520 0.3578
vn -0.6412 -0.4200 0.6423
vn -0.4094 -0.7660 0.4956
vn -0.2987 -0.9324 0.2033
vn -0.6381 -0.7335 -0.2342
vn -0.9092 -0.3853 -0.1578
vn -0.9344 -0.1641 -0.3162
vn -0.9526 0.0088 -0.3040
vn -0.5999 0.5495 0.5815
vn 0.4306 -0.8023 0.4135
vn -0.5912 -0.7563 0.2801
vn 0.7363 -0.6402 0.2193
vn 0.7605 -0.5335 0.3701
vn 0.8312 -0.4991 0.2450
vn 0.6540 -0.7435 0.1397
vn 0.8633 -0.4081 0.2969
vn 0.9879 -0.1365 0.0730
vn 0.9838 -0.1070 0.1436
vn 0.9557 0.1873 0.2269
vn 0.9860 0.1629 0.0356
vn 0.9725 0.2228 -0.0679
vn 0.8043 0.5905 0.0672
vn 0.6328 0.7384 0.2331
vn 0.4370 0.8733 0.2153
vn 0.3447 0.8671 0.3596
vn 0.8362 0.4927 0.2409
vn 0.7516 0.6595 0.0147
vn 0.5105 0.8373 0.1958
vn 0.9582 0.2437 -0.1495
vn 0.7927 0.5837 0.1761
vn 0.9561 -0.1166 0.2690
vn 0.7942 -0.4477 0.4109
vn 0.9051 0.2639 0.3334
vn 0.9429 0.3149 0.1088
vn 0.7503 0.6152 0.2420
vn 0.7813 -0.6194 -0.0770
vn 0.5618 -0.8094 0.1710
vn 0.9444 -0.3259 -0.0425
vn 0.9972 -0.0382 -0.0641
vn 0.9746 -0.0122 -0.2235
vn 0.9960 0.0133 -0.0881
vn 0.9296 -0.0371 -0.3668
vn 0.9551 -0.2857 0.0790
vn 0.7774 -0.6284 0.0288
vn 0.8402 -0.5421 0.0111
vn 0.5848 -0.5810 0.5661
vn -0.3274 -0.7504 0.5742
vn -0.7108 -0.6877 -0.1481
vn -0.5911 -0.8027 0.0787
vn -0.9156 -0.3574 -0.1841
vn -0.9677 -0.0591 -0.2450
vn -0.9927 0.0057 -0.1202
vn -0.5348 -0.5153 0.6697
vn 0.6954 -0.4168 0.5854
vn 0.6608 -0.1494 0.7356
vn 0.9669 0.2310 -0.1084
vn 0.6384 -0.2767 0.7183
vn 0.9180 -0.1453 0.3689
vn 0.7889 0.4244 0.4444
vn 0.8523 0.4949 0.1695
vn 0.7749 0.5401 0.3284
vn 0.8791 0.2721 0.3912
vn 0.8929 -0.1463 0.4258
vn 0.9950 -0.0417 -0.0906
vn 0.9509 -0.0787 -0.2994
vn 0.9068 -0.4193 -0.0432
vn 0.7265 -0.6860 0.0410
vn 0.4940 -0.8683 0.0438
vn -0.3518 -0.9135 0.2045
vn -0.4813 -0.3951 0.7824
vn -0.4925 -0.5364 0.6854
vn -0.8176 -0.1375 0.5592
vn -0.8902 0.2732 0.3645
vn -0.8779 0.3591 0.3167
vn -0.4030 -0.8996 -0.1681
vn -0.8279 0.0276 0.5602
vn -0.8436 0.3863 0.3730
vn -0.8433 0.4226 0.3320
vn -0.8673 -0.4737 0.1531
vn -0.9546 -0.1228 -0.2714
vn -0.9700 0.1557 -0.1868
vn -0.8710 -0.4890 -0.0473
vn -0.3000 -0.9231 0.2407
vn -0.2611 -0.9649 -0.0265
vn -0.7393 -0.5953 -0.3148
vn 0.4143 -0.7871 -0.4570
vn 0.7069 -0.6640 -0.2436
vn 0.7717 -0.2061 -0.6017
vn -0.9721 -0.0970 -0.2135
vn -0.0721 -0.5494 0.8324
vn -0.3438 -0.4345 0.8325
vn 0.2696 -0.5319 0.8027
vn 0.2684 -0.5325 0.8027
vn 0.5828 -0.4407 0.6827
vn -0.9170 -0.1294 0.3774
vn -0.9752 0.0667 0.2112
vn -0.9742 0.1446 0.1734
vn 0.6233 -0.7768 -0.0901
vn 0.8084 -0.5884 0.0148
vn 0.9418 -0.2520 -0.2223
vn 0.9828 0.0242 -0.1829
vn 0.9891 -0.0275 0.1446
vn 0.9875 0.1516 -0.0435
vn 0.8081 -0.2818 0.5172
vn 0.5855 -0.5269 0.6160
vn 0.9903 -0.0618 0.1246
vn 0.9655 -0.1395 0.2200
vn 0.5611 -0.4251 0.7102
vn 0.7166 -0.4741 0.5116
vn 0.4579 -0.6124 0.6444
vn 0.5765 -0.3842 0.7211
vn 0.7379 -0.3387 0.5837
vn 0.1361 -0.6581 0.7405
vn 0.8903 -0.3622 0.2758
vn 0.8008 -0.5405 0.2582
vn 0.2691 -0.7689 0.5800
vn 0.8202 -0.4367 0.3695
vn 0.4831 -0.5911 0.6460
vn 0.6201 -0.5928 0.5139
vn 0.7962 -0.4471 0.4077
vn 0.1151 -0.7862 0.6072
vn 0.5177 -0.4116 0.7501
vn 0.2438 -0.4544 0.8568
vn -0.2979 -0.7142 0.6334
vn 0.4708 -0.4909 0.7330
vn 0.4289 -0.2731 0.8611
vn 0.3847 -0.2282 0.8944
vn 0.6240 -0.3022 0.7206
vn 0.8575 -0.3107 0.4101
vn 0.9890 -0.0716 0.1298
vn 0.7706 -0.2881 0.5684
vn -0.0320 -0.5630 0.8259
vn 0.5607 -0.4650 0.6852
vn 0.5535 -0.6402 0.5327
vn 0.2129 -0.7458 0.6312
vn 0.2359 -0.4612 0.8554
vn 0.2236 -0.6265 0.7466
vn 0.4708 -0.6414 0.6058
vn -0.6413 -0.5203 0.5640
vn -0.6532 -0.4799 0.5857
vn 0.6237 -0.6428 0.4447
vn 0.3582 -0.5430 0.7595
vn -0.0679 -0.9130 0.4023
vn -0.0465 -0.5858 0.8091
vn -0.1320 -0.6930 0.7088
vn 0.1056 -0.8119 0.5741
vn 0.6998 -0.3647 0.6142
vn 0.8690 -0.2324 0.4369
vn -0.0244 -0.5270 0.8495
vn -0.1770 -0.4833 0.8574
vn 0.1529 -0.8175 0.5553
vn 0.2888 -0.8125 0.5063
vn -0.5302 -0.7613 0.3732
vn -0.7853 -0.4958 0.3707
vn -0.0694 -0.4071 0.9107
vn -0.8618 -0.2568 0.4375
vn -0.8407 -0.1605 0.5172
vn -0.8856 -0.0354 0.4631
vn -0.4293 -0.1666 0.8876
vn -0.2772 -0.3383 0.8993
vn 0.0328 -0.5358 0.8437
vn -0.2762 -0.3385 0.8995
vn -0.0137 -0.0203 0.9997
vn 0.1113 -0.0831 0.9903
vn 0.4759 -0.4426 0.7600
vn 0.4433 -0.5663 0.6948
vn 0.4652 -0.4423 0.7667
vn 0.4008 -0.5769 0.7117
vn 0.4230 -0.2193 0.8792
vn 0.3648 -0.1300 0.9220
vn -0.0264 0.0488 0.9985
vn -0.0145 -0.0314 0.9994
vn -0.4453 0.1205 0.8872
vn -0.4736 0.0187 0.8806
vn -0.4687 -0.1843 0.8639
vn -0.4988 -0.2169 0.8391
vn -0.6628 -0.1794 0.7270
vn -0.7552 -0.1779 0.6308
vn -0.7655 -0.2586 0.5891
vn -0.6994 -0.3197 0.6392
vn 0.0267 -0.8452 0.5338
vn 0.9644 -0.1653 0.2067
vn 0.9863 -0.0640 0.1519
vn 0.9860 -0.0201 0.1653
vn 0.9790 -0.0954 0.1802
vn 0.9732 -0.0528 0.2240
vn 0.9931 -0.0103 0.1167
vn 0.9936 -0.0891 0.0687
vn 0.9570 -0.2776 0.0838
vn 0.9522 -0.2855 0.1084
vn 0.8998 -0.4254 0.0968
vn 0.8589 -0.5050 0.0857
vn 0.8158 -0.5733 0.0767
vn 0.6215 -0.7812 0.0583
vn 0.6246 -0.7789 0.0564
vn 0.0296 -0.9980 0.0565
vn 0.0323 -0.9983 0.0482
vn -0.5617 -0.8255 0.0546
vn -0.7756 -0.6262 0.0794
vn -0.9699 -0.2128 0.1181
vn -0.9730 -0.1938 0.1251
vn -0.9841 0.0249 0.1760
vn -0.9798 0.0817 0.1826
vn -0.9649 0.1957 0.1753
vn -0.9615 0.2108 0.1761
vn -0.9610 0.2366 0.1431
vn -0.9700 0.2313 0.0753
vn -0.9833 0.1818 -0.0001
vn -0.9783 0.2057 -0.0253
vn -0.9935 0.0744 -0.0863
vn -0.9944 0.0401 -0.0977
vn -0.9933 0.0303 -0.1116
vn -0.9935 0.0803 -0.0812
vn -0.9957 0.0904 -0.0186
vn -0.9912 0.1212 0.0526
vn -0.9785 0.1519 0.1396
vn -0.9332 0.2948 0.2056
vn -0.8818 0.4082 0.2363
vn -0.7127 0.6286 0.3113
vn -0.6178 0.7343 0.2814
vn 0.0361 0.9480 0.3162
vn 0.0187 0.9710 0.2382
vn 0.7323 0.6543 0.1886
vn 0.8850 0.4522 0.1106
vn 0.9805 0.1956 -0.0167
vn 0.9860 0.1568 -0.0572
vn 0.9934 0.1104 -0.0317
vn 0.9881 0.1472 -0.0453
vn 0.9938 0.0849 0.0723
vn 0.9965 0.0554 0.0630
vn 0.9913 0.0394 0.1254
vn 0.9867 -0.0092 0.1622
vn 0.6239 -0.4877 0.6107
vn 0.5756 -0.5253 0.6266
vn 0.5756 -0.5254 0.6266
vn 0.5252 -0.5609 0.6400
vn -0.9274 -0.2477 0.2802
vn -0.0000 -0.0000 -1.0000
vn -0.0000 0.0001 -1.0000
vn 0.0084 -0.0415 -0.9991
vn -0.0028 -0.0328 -0.9995
vn -0.0226 -0.0976 -0.9950
vn 0.0240 -0.0710 -0.9972
vn 0.0875 -0.0120 -0.9961
vn -0.0012 0.7800 -0.6258
vn -0.0061 0.7744 -0.6327
vn -0.0061 0.7728 -0.6346
vn -0.0065 0.7735 -0.6338
vn 0.0041 0.7340 -0.6791
vn 0.0046 0.7455 -0.6665
vn 0.0201 0.6477 -0.7617
vn -0.0362 0.6530 -0.7565
vn -0.0299 0.6162 -0.7871
vn 0.0502 0.5802 -0.8129
vn 0.0541 0.5494 -0.8338
vn 0.0732 0.5498 -0.8321
vn 0.0673 0.5367 -0.8411
vn -0.1052 0.6311 -0.7686
vn -0.1108 0.5384 -0.8353
vn -0.1503 0.4976 -0.8543
vn -0.3050 0.4010 -0.8638
vn -0.4603 0.5112 -0.7258
vn -0.5733 0.5083 -0.6427
vn -0.5701 0.6906 -0.4450
vn -0.7774 0.5760 -0.2529
vn -0.4939 0.8379 -0.2323
vn 0.0510 0.9728 -0.2259
vn 0.0501 0.9727 -0.2264
vn 0.6847 0.6652 -0.2979
vn 0.8265 0.5019 -0.2548
vn 0.9127 -0.2755 -0.3019
vn 0.8719 -0.4547 -0.1815
vn 0.5333 -0.8346 -0.1383
vn 0.5585 -0.8245 -0.0910
vn -0.8801 0.3634 -0.3056
vn -0.9329 -0.1547 -0.3253
vn -0.8941 -0.3793 -0.2383
vn -0.4903 -0.8367 -0.2439
vn -0.4192 -0.8939 -0.1587
vn -0.1640 -0.9773 -0.1341
vn -0.8109 0.5758 -0.1047
vn -0.9015 -0.4282 -0.0623
vn 0.1240 0.9839 -0.1288
vn 0.9028 0.4126 -0.1216
vn 0.8996 -0.4314 -0.0681
vn 0.5741 -0.8187 -0.0130
vn -0.5393 -0.8420 -0.0139
vn -0.9079 0.4159 -0.0513
vn -0.8000 -0.6000 -0.0020
vn -0.1621 0.9828 -0.0888
vn 0.8438 0.5315 -0.0748
vn 0.8101 -0.5863 -0.0052
vn 0.5608 -0.8279 0.0105
vn -0.5427 -0.8398 0.0135
vn 0.7239 -0.6806 -0.1125
vn 0.7381 -0.6701 -0.0783
vn 0.0238 -0.9875 -0.1558
vn 0.0091 -0.9956 -0.0935
vn 0.9358 -0.3480 -0.0560
vn 0.9161 -0.3933 -0.0783
vn 0.1069 -0.9767 -0.1863
vn 0.7029 -0.6966 -0.1439
vn -0.6465 -0.7347 -0.2054
vn -0.6267 -0.7626 -0.1605
vn -0.9510 -0.2674 -0.1552
vn -0.9676 -0.1765 -0.1806
vn 0.9083 -0.4047 -0.1061
vn -0.6881 -0.7167 -0.1132
vn 0.6971 -0.6959 -0.1726
vn 0.9039 -0.4150 -0.1036
vn -0.0030 -0.9748 -0.2230
vn -0.7427 -0.6250 -0.2401
vn -0.9663 -0.1575 -0.2037
vn -0.9535 -0.2552 -0.1606
vn -0.6856 -0.6990 -0.2034
vn -0.9234 0.3590 -0.1358
vn -0.9471 0.2932 -0.1301
vn -0.5735 0.8143 -0.0897
vn -0.3503 0.9312 -0.1007
vn -0.4946 0.8640 -0.0944
vn 0.2631 0.9627 -0.0630
vn 0.3560 0.9308 -0.0833
vn 0.8273 0.5585 -0.0602
vn 0.8133 0.5817 -0.0170
vn 0.2388 0.9710 -0.0066
vn 0.8469 0.5279 -0.0639
vn 0.9676 0.2468 -0.0525
vn 0.9592 0.2804 -0.0357
vn -0.9465 0.2920 -0.1375
vn 0.1945 0.9801 -0.0400
vn 0.7990 0.6005 -0.0332
vn 0.9508 0.3081 -0.0333
vn -0.5421 0.8386 0.0536
vn 0.3166 0.9426 0.1064
vn -0.4513 0.8188 0.3549
vn 0.2673 0.8353 0.4805
vn 0.8125 0.5829 0.0100
vn -0.9511 0.2892 0.1081
vn -0.9743 0.2194 -0.0500
vn -0.9745 -0.2066 -0.0869
vn -0.9773 -0.2091 -0.0348
vn -0.7809 -0.5955 -0.1887
vn -0.7673 -0.6109 -0.1952
vn -0.0372 -0.9368 -0.3480
vn -0.0020 -0.9653 -0.2612
vn 0.8070 0.5467 0.2231
vn 0.8906 0.4528 0.0425
vn 0.8745 0.4694 0.1225
vn 0.9008 0.3413 0.2684
vn 0.6874 0.4825 0.5428
vn -0.8473 -0.5131 -0.1370
vn -0.9959 -0.0903 0.0001
vn -0.8676 0.3586 0.3445
vn -0.3362 0.7534 0.5652
vn 0.1682 0.7546 0.6342
vn 0.7128 -0.6580 -0.2429
vn 0.7070 -0.6836 -0.1811
vn -0.0206 -0.9740 -0.2258
vn 0.8776 -0.4592 -0.1377
vn 0.8694 -0.4549 -0.1926
vn 0.7078 -0.6452 -0.2878
vn 0.8835 -0.4224 -0.2023
vn 0.7862 -0.5503 -0.2810
vn 0.8977 -0.3696 -0.2398
vn -0.0630 -0.9196 -0.3877
vn 0.7668 0.6402 -0.0466
vn 0.8381 0.2870 -0.4639
vn 0.9579 0.2862 -0.0246
vn 0.8769 0.2277 -0.4234
vn 0.2000 0.9702 -0.1364
vn -0.4862 0.8717 -0.0608
vn -0.9232 0.3576 -0.1405
vn -0.9656 -0.2160 -0.1446
vn -0.4502 0.8717 -0.1937
vn -0.8936 0.4105 -0.1814
vn -0.6649 -0.7429 -0.0776
vn -0.0109 -0.9996 -0.0261
vn 0.7352 -0.6768 -0.0377
vn 0.9467 -0.3194 -0.0412
vn 0.8987 -0.3249 -0.2945
vn 0.6613 -0.7348 -0.1512
vn -0.9671 -0.2191 -0.1293
vn -0.0434 -0.9990 0.0143
vn -0.6368 -0.7710 -0.0051
vn -0.5431 0.8111 -0.2169
vn 0.0743 0.9299 -0.3602
vn -0.9525 -0.3041 -0.0161
vn -0.9569 0.2820 -0.0694
vn 0.6056 0.6620 -0.4416
vn 0.3655 -0.4242 -0.8285
vn 0.2408 0.9072 -0.3450
vn -0.1405 0.9828 -0.1196
vn -0.6282 0.7749 0.0699
vn -0.1605 -0.9870 0.0078
vn 0.1971 -0.9316 -0.3054
vn -0.9557 0.2640 0.1300
vn -0.9618 -0.2431 0.1259
vn -0.6334 -0.7694 0.0833
vn -0.1297 -0.9775 -0.1661
vn -0.3148 -0.9490 0.0173
vn -0.6496 -0.7466 0.1436
vn -0.1309 0.9639 0.2319
vn 0.1234 0.9808 0.1512
vn -0.5897 0.7448 0.3123
vn -0.9108 0.2649 0.3166
vn -0.9103 -0.3433 0.2312
vn 0.0712 0.9240 0.3756
vn -0.2163 0.8738 0.4355
vn -0.5888 0.6622 0.4634
vn -0.8097 0.3942 0.4348
vn -0.9270 -0.1490 0.3441
vn -0.6636 -0.7287 0.1690
vn -0.3660 -0.9300 0.0329
vn -0.1846 -0.9824 0.0279
vn -0.0585 -0.9954 -0.0757
vn -0.0648 -0.9628 -0.2624
vn -0.1328 -0.5741 -0.8079
vn -0.0748 -0.3079 -0.9485
vn -0.1545 0.8783 0.4525
vn 0.0104 0.9340 0.3570
vn -0.5044 0.7025 0.5021
vn -0.8467 0.3420 0.4075
vn -0.5992 -0.7663 0.2318
vn -0.9030 -0.2497 0.3496
vn -0.3625 -0.9195 0.1520
vn -0.1885 -0.9736 0.1291
vn -0.0450 -0.9919 0.1192
vn 0.1008 0.9413 0.3221
vn 0.2222 0.9473 0.2307
vn 0.1901 0.9309 -0.3119
vn 0.4742 0.3077 -0.8249
vn 0.3856 0.1498 -0.9104
vn -0.0648 0.1526 -0.9862
vn -0.1135 0.9660 0.2321
vn 0.9186 0.3949 -0.0171
vn 0.9656 0.2576 -0.0357
vn 0.0678 0.7627 0.6431
vn 0.1871 0.3682 0.9107
vn 0.6327 0.4549 0.6267
vn 0.4151 0.1826 0.8912
vn -0.2160 0.2063 0.9543
vn -0.5311 0.6450 0.5495
vn -0.6991 0.1847 0.6908
vn -0.4019 -0.0502 0.9143
vn -0.8113 -0.1844 0.5547
vn -0.3202 -0.2027 0.9254
vn -0.3125 -0.4450 0.8392
vn -0.6259 -0.7119 0.3183
vn -0.0652 -0.9437 0.3243
vn 0.0194 -0.7597 0.6499
vn 0.5461 -0.7683 0.3340
vn 0.3647 -0.4069 0.8375
vn 0.7822 -0.4412 0.4398
vn 0.5040 -0.3892 0.7711
vn -0.3231 0.7263 0.6067
vn 0.2751 0.8016 0.5308
vn -0.8956 0.3494 0.2756
vn -0.9007 -0.1434 0.4101
vn -0.0272 -0.9189 0.3934
vn -0.7122 -0.5454 0.4419
vn 0.6376 -0.6024 0.4803
vn 0.6972 -0.4058 0.5910
vn 0.6807 0.3681 0.6334
vn 0.9101 0.2165 0.3533
vn 0.5362 0.0240 0.8438
vn 0.6068 0.0439 0.7936
vn 0.6056 -0.6537 0.4538
vn -0.0384 -0.9704 0.2386
vn 0.6044 -0.4011 0.6884
vn 0.6177 0.4400 0.6518
vn 0.8979 0.1770 0.4030
vn 0.1095 0.7492 0.6533
vn -0.5036 0.6627 0.5543
vn -0.8837 0.4016 0.2405
vn -0.8535 -0.1474 0.4998
vn -0.6454 -0.6294 0.4329
vn 0.6262 -0.7659 -0.1460
vn 0.8889 -0.4486 -0.0929
vn -0.4418 0.8955 -0.0532
vn 0.2059 0.9776 -0.0426
vn -0.8766 0.4746 -0.0794
vn -0.9808 -0.1325 -0.1430
vn -0.7080 -0.6824 -0.1818
vn -0.1365 -0.9721 -0.1909
vn 0.0294 -0.9879 -0.1522
vn 0.7218 -0.6827 -0.1139
vn 0.8755 -0.4706 -0.1096
vn -0.5119 0.8522 -0.1085
vn 0.2123 0.9753 -0.0616
vn 0.7967 0.6037 -0.0289
vn 0.9702 0.2363 -0.0541
vn 0.8215 0.5666 -0.0634
vn 0.9779 0.1998 -0.0610
vn -0.9642 -0.1777 -0.1967
vn -0.9142 0.3640 -0.1782
vn -0.4812 0.8743 -0.0642
vn 0.2480 0.9687 -0.0079
vn -0.8927 0.4415 -0.0902
vn -0.9903 -0.0505 -0.1297
vn -0.7283 -0.6565 -0.1963
vn -0.7735 -0.6227 -0.1175
vn -0.0754 -0.9959 -0.0498
vn 0.7242 -0.6894 -0.0138
vn 0.8899 -0.4540 -0.0429
vn -0.5305 0.8476 -0.0101
vn 0.3654 0.9290 0.0586
vn -0.9493 0.3142 -0.0148
vn -0.9776 -0.2004 -0.0648
vn -0.7119 -0.6992 -0.0660
vn -0.1264 -0.9911 -0.0420
vn 0.6343 -0.7722 0.0366
vn 0.9209 -0.3872 0.0451
vn 0.8440 0.5362 0.0063
vn 0.9847 0.1740 0.0091
vn 0.9097 0.4117 0.0538
vn 0.9886 0.1483 0.0257
vn -0.4151 0.1826 0.8913
vn -0.1868 0.3681 0.9108
vn -0.6327 0.4549 0.6267
vn -0.0669 0.7628 0.6432
vn 0.2166 0.2062 0.9542
vn 0.5470 0.6418 0.5374
vn 0.7144 0.1930 0.6726
vn 0.4022 -0.0502 0.9142
vn 0.8052 -0.1738 0.5669
vn 0.3202 -0.2028 0.9254
vn 0.3136 -0.4444 0.8391
vn 0.6273 -0.7107 0.3186
vn 0.0670 -0.9435 0.3245
vn -0.0185 -0.7597 0.6500
vn -0.5461 -0.7683 0.3340
vn -0.3647 -0.4069 0.8375
vn -0.7822 -0.4412 0.4398
vn -0.5040 -0.3892 0.7711
vn 0.3391 0.7189 0.6068
vn -0.2747 0.8017 0.5309
vn 0.8864 0.3674 0.2818
vn 0.8717 -0.0915 0.4814
vn 0.6931 -0.5640 0.4488
vn 0.0285 -0.9188 0.3937
vn -0.6376 -0.6024 0.4802
vn -0.6972 -0.4058 0.5910
vn -0.6056 -0.6537 0.4538
vn 0.0397 -0.9703 0.2388
vn -0.6044 -0.4011 0.6883
vn -0.1089 0.7492 0.6533
vn -0.6807 0.3681 0.6334
vn -0.9104 0.2157 0.3531
vn -0.5362 0.0240 0.8438
vn -0.6068 0.0439 0.7936
vn -0.6177 0.4400 0.6518
vn -0.8979 0.1770 0.4030
vn 0.6304 -0.6478 0.4277
vn 0.8526 -0.1176 0.5091
vn 0.8660 0.4245 0.2641
vn 0.5358 0.6457 0.5441
vn -0.7966 0.6038 -0.0288
vn -0.9702 0.2363 -0.0541
vn -0.2035 0.9782 -0.0416
vn 0.4597 0.8865 -0.0518
vn 0.8593 0.5068 -0.0688
vn 0.9802 -0.1254 -0.1532
vn 0.7021 -0.6878 -0.1841
vn 0.1385 -0.9718 -0.1910
vn -0.6262 -0.7659 -0.1460
vn -0.8889 -0.4487 -0.0929
vn -0.0276 -0.9879 -0.1525
vn -0.7106 -0.6949 -0.1106
vn -0.8758 -0.4715 -0.1029
vn 0.5177 0.8489 -0.1067
vn 0.9097 0.3762 -0.1759
vn 0.9619 -0.1822 -0.2037
vn 0.7295 -0.6552 -0.1965
vn 0.8916 0.4449 -0.0848
vn 0.4854 0.8718 -0.0664
vn -0.2122 0.9753 -0.0611
vn -0.8260 0.5593 -0.0699
vn -0.9677 0.2451 -0.0582
vn -0.2650 0.9642 -0.0108
vn 0.9899 -0.0602 -0.1283
vn 0.7755 -0.6198 -0.1199
vn 0.0804 -0.9955 -0.0506
vn -0.7059 -0.7080 -0.0216
vn -0.8647 -0.4997 -0.0513
vn -0.8293 0.5585 0.0180
vn -0.9647 0.2626 0.0216
vn 0.7180 -0.6926 -0.0688
vn 0.1350 -0.9899 -0.0422
vn -0.6346 -0.7720 0.0367
vn -0.9064 -0.4217 0.0260
vn -0.8895 0.4524 0.0641
vn -0.9883 0.1514 -0.0163
vn -0.3827 0.9213 0.0681
vn 0.5227 0.8525 -0.0080
vn 0.9515 0.3075 -0.0028
vn 0.9729 -0.2206 -0.0700
vn 0.3291 0.7889 0.5190
vn 0.3927 0.9191 -0.0316
vn -0.6278 0.7763 -0.0560
vn -0.7503 0.4308 -0.5014
vn 0.7399 0.4993 -0.4509
vn 0.9423 0.1403 0.3040
vn 0.9920 -0.0745 -0.1024
vn 0.5297 -0.8322 -0.1641
vn 0.3468 -0.8923 -0.2888
vn -0.1050 -0.9192 -0.3796
vn -0.0105 -0.9535 -0.3013
vn 0.0126 -0.9313 -0.3641
vn -0.9211 -0.0626 -0.3843
vn -0.8608 -0.1429 -0.4885
vn -0.8341 -0.1349 -0.5349
vn 0.1404 -0.9303 -0.3389
vn -0.1138 -0.8827 -0.4559
vn 0.8701 -0.2171 0.4425
vn 0.3614 0.6448 0.6735
vn -0.7887 0.6024 0.1227
vn -0.9317 0.0709 -0.3562
vn 0.2810 0.8528 0.4402
vn 0.8790 0.1383 0.4564
vn 0.3558 0.9305 -0.0872
vn 0.9934 -0.1149 0.0025
vn -0.5468 0.8166 -0.1848
vn -0.7227 0.4333 -0.5384
vn 0.7545 0.4577 -0.4703
vn 0.5138 -0.8561 0.0554
vn 0.3421 -0.9299 -0.1348
vn -0.0581 -0.9508 -0.3044
vn -0.0802 -0.9773 -0.1960
vn -0.6243 -0.6775 -0.3889
vn -0.6229 -0.6792 -0.3882
vn -0.8688 -0.0798 -0.4886
vn -0.8349 -0.0242 -0.5498
vn -0.7955 0.4096 -0.4466
vn -0.7767 0.0690 -0.6260
vn -0.0514 0.9099 0.4117
vn 0.1566 -0.9772 -0.1431
vn -0.1859 -0.9139 -0.3609
vn 0.6958 -0.1453 0.7034
vn -0.3291 0.7888 0.5190
vn 0.6277 0.7764 -0.0560
vn -0.3927 0.9191 -0.0316
vn 0.7503 0.4310 -0.5013
vn -0.7399 0.4993 -0.4509
vn -0.9423 0.1403 0.3039
vn -0.9919 -0.0745 -0.1024
vn -0.5297 -0.8322 -0.1641
vn -0.3468 -0.8923 -0.2888
vn 0.1050 -0.9192 -0.3796
vn 0.0105 -0.9535 -0.3013
vn -0.0126 -0.9313 -0.3641
vn 0.9211 -0.0625 -0.3842
vn 0.8608 -0.1429 -0.4885
vn 0.8340 -0.1349 -0.5349
vn -0.1404 -0.9303 -0.3389
vn 0.1138 -0.8827 -0.4559
vn -0.8701 -0.2171 0.4425
vn -0.3613 0.6448 0.6736
vn 0.7886 0.6026 0.1227
vn 0.9317 0.0709 -0.3562
vn -0.2810 0.8528 0.4402
vn -0.3557 0.9305 -0.0872
vn -0.8790 0.1383 0.4564
vn -0.9934 -0.1149 0.0025
vn 0.5465 0.8167 -0.1854
vn 0.7228 0.4332 -0.5385
vn -0.7545 0.4577 -0.4703
vn -0.5138 -0.8561 0.0554
vn -0.3421 -0.9299 -0.1348
vn 0.0581 -0.9508 -0.3044
vn 0.0802 -0.9773 -0.1960
vn 0.6242 -0.6775 -0.3890
vn 0.8688 -0.0800 -0.4887
vn 0.6229 -0.6792 -0.3883
vn 0.8349 -0.0242 -0.5498
vn 0.7955 0.4096 -0.4466
vn 0.7767 0.0688 -0.6261
vn 0.0513 0.9099 0.4117
vn -0.1566 -0.9772 -0.1431
vn 0.1859 -0.9139 -0.3609
vn -0.6957 -0.1453 0.7034
vn 0.6593 -0.7457 -0.0960
vn 0.9626 -0.2659 -0.0516
vn 0.9974 0.0365 -0.0619
vn 0.8719 0.4834 0.0777
vn 0.9068 0.4143 0.0781
vn 0.5850 -0.8055 -0.0939
vn 0.5127 -0.8535 -0.0936
vn 0.9849 0.1331 0.1107
vn 0.9711 -0.2200 0.0928
vn 0.9949 -0.0662 0.0764
vn 0.9599 0.2761 0.0495
vn 0.9620 -0.2693 -0.0440
vn 0.6712 -0.7376 -0.0730
vn 0.9936 -0.0692 0.0888
vn 0.9911 0.1038 0.0830
vn 0.9812 -0.1352 0.1377
vn 0.9937 0.0439 0.1032
vn 0.8758 -0.4769 0.0744
vn 0.9253 -0.3792 0.0088
vn 0.7441 -0.6669 0.0395
vn 0.7325 -0.6797 -0.0387
vn 0.9795 -0.1032 0.1728
vn 0.9580 -0.2605 0.1196
vn 0.9677 -0.1203 0.2216
vn 0.9468 -0.2728 0.1708
vn 0.8014 -0.5747 0.1656
vn 0.7651 -0.6364 0.0980
vn 0.7530 -0.5870 0.2975
vn 0.9210 -0.3139 0.2306
vn 0.8572 -0.4586 0.2341
vn 0.7122 -0.5961 0.3707
vn 0.4046 -0.8866 0.2243
vn 0.2483 -0.9513 0.1828
vn 0.5770 -0.7865 0.2202
vn 0.1285 -0.9864 0.1023
vn 0.5317 -0.8306 0.1655
vn 0.5459 -0.7627 0.3468
vn 0.8860 -0.2932 0.3592
vn 0.8988 -0.2765 0.3400
vn 0.0144 -0.9984 0.0543
vn 0.3656 -0.9264 0.0899
vn -0.0720 -0.9974 0.0024
vn 0.4249 -0.9041 0.0446
vn -0.1192 -0.9920 -0.0420
vn 0.3902 -0.9207 0.0012
vn -0.1861 -0.9820 -0.0322
vn 0.4476 -0.8933 0.0415
vn 0.3152 -0.9480 0.0436
vn -0.2869 -0.9567 -0.0500
vn 0.7686 -0.1632 0.6185
vn 0.6963 -0.2495 0.6730
vn 0.5399 -0.0557 0.8399
vn 0.5871 -0.2025 0.7838
vn 0.5795 -0.5288 0.6202
vn 0.4994 -0.4830 0.7193
vn 0.4794 -0.6285 0.6126
vn 0.4538 -0.5687 0.6861
vn -0.6706 0.7353 0.0986
vn -0.9979 -0.0108 0.0639
vn -0.9617 0.2690 0.0525
vn -0.8675 -0.4918 -0.0749
vn -0.9050 -0.4188 -0.0752
vn -0.6023 0.7924 0.0961
vn -0.5133 0.8530 0.0941
vn -0.9906 0.0867 -0.1061
vn -0.9922 0.0863 -0.0904
vn -0.9956 0.0543 -0.0766
vn -0.9565 -0.2877 -0.0479
vn -0.9606 0.2744 0.0439
vn -0.6899 0.7206 0.0693
vn -0.9946 0.0546 -0.0882
vn -0.9749 -0.2063 -0.0833
vn -0.9847 0.1066 -0.1376
vn -0.9956 -0.0192 -0.0912
vn -0.9289 0.3696 -0.0236
vn -0.8488 0.5250 -0.0633
vn -0.7481 0.6623 -0.0414
vn -0.7417 0.6698 0.0357
vn -0.9841 0.0574 -0.1683
vn -0.9602 0.2535 -0.1169
vn -0.9744 0.0787 -0.2104
vn -0.9515 0.2607 -0.1635
vn -0.8096 0.5628 -0.1665
vn -0.7737 0.6263 -0.0958
vn -0.7650 0.5749 -0.2903
vn -0.9265 0.2984 -0.2294
vn -0.8602 0.4530 -0.2343
vn -0.7123 0.5964 -0.3699
vn -0.3790 0.8988 -0.2203
vn -0.2184 0.9603 -0.1733
vn -0.6042 0.7650 -0.2231
vn -0.0909 0.9912 -0.0963
vn -0.5413 0.8240 -0.1671
vn -0.5392 0.7688 -0.3439
vn -0.8886 0.2903 -0.3552
vn -0.9005 0.2751 -0.3367
vn 0.0296 0.9985 -0.0470
vn -0.3493 0.9328 -0.0886
vn 0.1161 0.9932 0.0020
vn -0.4110 0.9106 -0.0441
vn 0.1592 0.9863 0.0442
vn -0.3688 0.9295 -0.0000
vn 0.2206 0.9747 0.0358
vn -0.4131 0.9099 -0.0385
vn -0.2863 0.9572 -0.0433
vn 0.3208 0.9458 0.0507
vn -0.7656 0.1602 -0.6231
vn -0.6914 0.2446 -0.6798
vn -0.5205 0.0462 -0.8526
vn -0.5784 0.1939 -0.7923
vn -0.5763 0.5289 -0.6231
vn -0.4952 0.4807 -0.7237
vn -0.4744 0.6313 -0.6136
vn -0.4482 0.5692 -0.6893
vn -0.3857 -0.1165 -0.9152
vn -0.1103 -0.3163 -0.9422
vn -0.3018 -0.1889 -0.9345
vn -0.1201 -0.3843 -0.9153
vn 0.0801 -0.2878 -0.9543
vn 0.1579 -0.1535 -0.9754
vn -0.3632 -0.0932 -0.9270
vn -0.3702 -0.0855 -0.9250
vn 0.1097 -0.1136 -0.9875
vn 0.0712 -0.0956 -0.9929
vn 0.1808 -0.0453 -0.9825
vn 0.1592 0.0185 -0.9871
vn 0.3048 0.0117 -0.9523
vn 0.2988 -0.0398 -0.9535
vn 0.8442 0.5284 0.0900
vn 0.8147 0.5714 0.0988
vn 0.8040 0.5847 0.1086
vn 0.7660 0.6304 0.1258
vn 0.7495 0.6501 0.1249
vn 0.7125 0.6909 0.1220
vn 0.6921 0.7131 0.1121
vn 0.6671 0.7360 0.1151
vn 0.6631 0.7392 0.1181
vn 0.6453 0.7537 0.1247
vn 0.6320 0.7650 0.1237
vn 0.5980 0.7928 0.1179
vn 0.5771 0.8088 0.1126
vn 0.5144 0.8503 0.1116
vn 0.4690 0.8748 0.1216
vn 0.3626 0.9243 0.1194
vn 0.2537 0.9614 0.1064
vn 0.2294 0.9660 0.1194
vn 0.1355 0.9898 0.0429
vn 0.1356 0.9901 0.0369
vn 0.0929 0.9957 -0.0012
vn 0.0437 0.9985 -0.0325
vn -0.9853 0.1702 -0.0164
vn -0.9750 0.2220 -0.0080
vn -0.9712 0.2382 0.0027
vn -0.9578 0.2873 -0.0007
vn -0.9882 0.1514 -0.0235
vn -0.9930 0.1171 -0.0174
vn -0.9943 0.1018 -0.0316
vn -0.9973 0.0580 -0.0450
vn -0.9960 0.0281 -0.0853
vn -0.9944 -0.0394 -0.0984
vn -0.9891 -0.0791 -0.1243
vn -0.9805 -0.1609 -0.1131
vn -0.9686 -0.2085 -0.1357
vn -0.9441 -0.3025 -0.1310
vn -0.9209 -0.3563 -0.1582
vn -0.8721 -0.4709 -0.1327
vn -0.8263 -0.5424 -0.1519
vn -0.7680 -0.6268 -0.1319
vn -0.7431 -0.6578 -0.1231
vn -0.7379 -0.6655 -0.1124
vn -0.7326 -0.6738 -0.0970
vn -0.7220 -0.6859 -0.0910
vn 0.0557 0.9078 0.4158
vn 0.0130 0.5249 0.8511
vn 0.6001 0.3537 0.7174
vn 0.8066 0.4451 0.3890
vn 0.8519 -0.0835 0.5170
vn 0.5865 -0.1199 0.8010
vn 0.1639 0.1739 0.9710
vn 0.6028 -0.5496 0.5784
vn 0.3179 -0.4501 0.8345
vn 0.1165 -0.0104 0.9931
vn 0.1511 -0.8081 0.5694
vn -0.1254 -0.5707 0.8116
vn -0.2513 -0.2604 0.9322
vn -0.3638 -0.6343 0.6821
vn 0.2980 0.9378 0.1779
vn -0.4066 0.8971 -0.1729
vn -0.6729 0.7365 0.0683
vn -0.4592 0.7575 0.4640
vn -0.7554 0.5223 -0.3957
vn 0.3669 0.9153 0.1663
vn -0.4579 0.8614 -0.2198
vn 0.8317 0.4239 0.3584
vn 0.8762 0.1154 0.4680
vn -0.7349 0.3676 -0.5699
vn -0.8547 0.2143 -0.4727
vn -0.6745 0.0158 -0.7381
vn -0.8068 -0.1705 -0.5657
vn -0.8922 0.0058 -0.4515
vn -0.9234 0.2550 -0.2868
vn -0.8288 -0.3356 -0.4477
vn -0.7434 -0.1854 -0.6427
vn -0.7322 -0.3550 -0.5813
vn -0.6851 -0.0962 -0.7220
vn -0.6459 -0.0508 -0.7617
vn -0.7909 0.0175 -0.6117
vn -0.6920 -0.2645 -0.6716
vn -0.5119 0.8359 -0.1981
vn -0.2659 0.9615 -0.0687
vn 0.1578 0.9863 0.0483
vn 0.3933 0.9193 0.0140
vn -0.9583 -0.1325 -0.2530
vn -0.8080 0.4822 -0.3385
vn -0.7089 -0.6407 -0.2950
vn 0.2303 0.9731 -0.0016
vn -0.5761 0.8171 -0.0201
vn 0.8783 0.4602 -0.1294
vn 0.9157 0.3981 -0.0541
vn 0.7310 -0.6072 -0.3114
vn 0.8787 0.3835 -0.2843
vn 0.9051 0.4022 0.1377
vn 0.6962 0.6788 0.2335
vn 0.9481 0.3130 -0.0555
vn 0.9411 0.2343 0.2439
vn 0.9811 0.1613 -0.1068
vn 0.9401 0.2493 0.2326
vn 0.9953 -0.0691 0.0684
vn 0.9260 -0.1383 0.3513
vn 0.9421 -0.3290 0.0647
vn 0.9465 -0.1718 0.2733
vn 0.8766 -0.4222 0.2308
vn 0.6226 -0.6412 0.4486
vn 0.9466 0.2218 -0.2339
vn 0.6750 -0.7026 -0.2253
vn 0.4126 0.9044 -0.1085
vn -0.1548 0.9516 -0.2655
vn 0.7757 -0.2934 0.5587
vn 0.4364 -0.7737 0.4594
vn 0.3251 -0.8617 0.3896
vn -0.0111 -0.9960 0.0882
vn 0.1220 -0.9875 -0.1000
vn -0.3559 -0.8693 -0.3429
vn 0.0978 -0.7598 -0.6427
vn 0.5279 -0.8347 -0.1566
vn 0.8614 -0.3331 -0.3835
vn -0.2876 -0.9522 -0.1033
vn 0.1777 -0.9743 0.1386
vn 0.2191 -0.9714 0.0919
vn 0.9099 -0.2931 0.2935
vn 0.2462 -0.9553 0.1635
vn 0.9004 -0.1889 0.3918
vn 0.6704 0.7403 0.0502
vn 0.5441 0.8313 0.1137
vn 0.0841 0.9844 -0.1547
vn -0.0092 0.9950 -0.0998
vn -0.2597 -0.9623 -0.0804
vn -0.2824 -0.9579 -0.0510
vn 0.9384 -0.0089 0.3455
vn 0.5205 0.8506 0.0744
vn 0.3472 -0.9184 0.1896
vn 0.9596 -0.1078 0.2599
vn 0.1624 -0.9827 0.0893
vn 0.3941 -0.9066 0.1511
vn 0.9506 -0.0628 0.3039
vn 0.4872 0.8710 0.0626
vn 0.5303 0.8462 0.0522
vn -0.2749 -0.9568 -0.0942
vn -0.2612 -0.9648 -0.0298
vn -0.0084 0.9954 -0.0954
vn -0.0496 0.9919 -0.1169
vn 0.2690 -0.9610 0.0638
vn 0.9457 -0.1808 0.2701
vn -0.3262 -0.9269 -0.1854
vn 0.2719 -0.9617 0.0353
vn -0.3003 -0.9265 -0.2267
vn 0.2593 -0.9632 -0.0702
vn -0.6080 -0.7452 -0.2738
vn -0.8770 -0.4660 -0.1171
vn 0.9736 0.0666 0.2184
vn 0.5228 0.8487 0.0801
vn 0.3862 0.9220 0.0270
vn 0.9866 -0.0584 0.1521
vn 0.8310 -0.4246 -0.3595
vn 0.7519 -0.1224 -0.6479
vn 0.4009 0.1429 -0.9049
vn 0.9454 0.1978 -0.2590
vn 0.5566 0.6713 -0.4895
vn 0.1341 0.8068 -0.5753
vn 0.5238 0.8516 -0.0206
vn 0.0676 0.9864 -0.1501
vn -0.0365 0.9929 -0.1135
vn -0.8889 0.4352 -0.1427
vn -0.8761 0.4378 0.2017
vn -0.9719 0.0517 0.2298
vn -0.9148 0.2394 -0.3254
vn -0.6604 0.3130 -0.6826
vn -0.9964 -0.0833 -0.0122
vn -0.8477 -0.1783 0.4995
vn -0.8217 -0.1501 0.5497
vn -0.7545 0.1993 -0.6254
vn -0.8951 0.1087 -0.4324
vn -0.2944 0.2699 -0.9168
vn -0.4355 -0.0606 -0.8982
vn -0.5085 0.4775 -0.7165
vn 0.1012 0.0277 -0.9945
vn -0.2837 -0.2703 -0.9200
vn 0.1012 0.0254 -0.9945
vn -0.6576 -0.3607 -0.6614
vn -0.8148 0.3085 -0.4909
vn -0.7822 -0.3515 -0.5143
vn -0.8599 -0.3320 -0.3877
vn -0.8708 0.0638 -0.4875
vn -0.8904 -0.2133 -0.4021
vn -0.8717 0.2893 -0.3954
vn -0.6877 0.5271 -0.4993
vn -0.7211 0.5876 -0.3671
vn -0.9299 -0.1646 -0.3288
vn -0.8919 0.2916 -0.3456
vn -0.8951 0.0264 -0.4452
vn -0.8781 -0.2207 -0.4246
vn -0.7707 0.5003 -0.3946
vn -0.7527 0.5910 -0.2903
vn -0.8877 -0.2100 -0.4098
vn -0.9000 0.2099 -0.3821
vn -0.8807 -0.1894 -0.4341
vn -0.7998 0.1288 -0.5863
vn -0.6721 -0.2367 -0.7016
vn -0.6878 0.0093 -0.7258
vn -0.6579 0.3990 -0.6388
vn -0.7698 0.5096 -0.3843
vn -0.8047 0.4608 -0.3743
vn -0.7444 -0.5531 -0.3741
vn -0.8904 -0.1823 -0.4171
vn -0.8777 -0.4672 -0.1065
vn -0.9448 0.2664 -0.1909
vn -0.6698 0.5809 -0.4624
vn -0.6629 0.7266 -0.1809
vn -0.6837 0.7226 -0.1025
vn -0.9623 0.2398 -0.1282
vn -0.6943 0.7139 -0.0911
vn -0.9649 0.2503 -0.0798
vn -0.9525 -0.2951 -0.0747
vn -0.9268 -0.3580 -0.1135
vn -0.6894 0.7238 -0.0278
vn -0.9789 0.2035 -0.0178
vn -0.7606 0.6324 -0.1471
vn -0.9401 0.0899 -0.3287
vn -0.7600 0.4609 -0.4583
vn -0.8511 0.0510 -0.5225
vn -0.8586 -0.3304 -0.3919
vn -0.9260 -0.3636 -0.1019
vn -0.9509 -0.3056 -0.0491
vn -0.6320 -0.6625 0.4022
vn -0.3113 -0.7991 0.5143
vn -0.6124 -0.7319 0.2987
vn -0.2831 -0.8777 0.3867
vn 0.1916 -0.9128 0.3607
vn 0.0045 -0.9559 0.2936
vn -0.5274 -0.8120 0.2500
vn -0.4394 -0.8698 0.2242
vn 0.0338 -0.9339 0.3560
vn -0.4545 -0.8690 0.1955
vn 0.0689 -0.9579 0.2787
vn 0.8657 -0.3921 0.3110
vn 0.8390 -0.5308 0.1193
vn 0.7992 -0.4872 0.3520
vn -0.0217 -0.9749 0.2216
vn 0.1384 -0.9304 0.3393
vn -0.3691 -0.9033 0.2186
vn -0.4771 -0.8694 0.1285
vn 0.8616 -0.3344 0.3817
vn 0.8320 -0.4947 0.2510
vn 0.0342 -0.9311 0.3631
vn -0.2698 -0.9255 0.2659
vn 0.9970 0.0271 0.0731
vn 0.9578 0.0024 0.2873
vn -0.2519 -0.9666 -0.0481
vn 0.0220 -0.9096 0.4149
vn 0.7749 -0.6240 -0.1004
vn 0.9500 -0.0972 -0.2968
vn 0.6890 -0.4137 -0.5950
vn 0.6450 -0.4991 -0.5787
vn -0.2520 -0.9665 -0.0480
vn -0.0579 -0.6545 -0.7538
vn 0.0036 -0.6202 -0.7844
vn 0.9715 0.0081 0.2370
vn 0.9996 0.0030 0.0287
vn -0.7255 0.5595 -0.4008
vn -0.9345 0.1245 -0.3336
vn -0.5521 0.6648 -0.5032
vn -0.8693 0.2816 -0.4063
vn 0.2177 0.9210 -0.3231
vn 0.4574 0.7662 -0.4513
vn 0.1118 0.9347 -0.3375
vn -0.7704 0.4908 -0.4069
vn 0.1019 0.7287 -0.6772
vn 0.4856 0.7873 -0.3800
vn 0.4778 0.8691 -0.1279
vn -0.7712 0.1795 -0.6107
vn -0.9640 -0.0627 -0.2584
vn -0.9094 -0.1121 -0.4005
vn -0.8168 -0.1655 -0.5526
vn -0.3055 0.3530 -0.8843
vn 0.3945 0.5906 -0.7040
vn 0.1625 0.5240 -0.8360
vn -0.9792 -0.0133 -0.2027
vn 0.5946 0.7830 -0.1826
vn 0.7211 0.6138 -0.3215
vn 0.5842 0.3504 -0.7321
vn 0.1782 0.3977 -0.9000
vn -0.2826 -0.2703 -0.9204
vn 0.1774 0.3971 -0.9005
vn 0.0395 0.9992 0.0055
vn 0.0181 0.9904 0.1368
vn 0.3880 0.9203 -0.0498
vn 0.0180 0.9958 -0.0893
vn 0.9672 0.2457 -0.0652
vn 0.4769 0.8761 -0.0715
vn 0.9906 0.0873 -0.1056
vn 0.6961 -0.7167 -0.0424
vn 0.6105 -0.7906 -0.0474
vn 0.4948 0.8614 -0.1148
vn 0.9881 0.0741 -0.1349
vn 0.6431 0.7499 -0.1552
vn 0.9758 -0.0115 -0.2185
vn 0.6981 -0.7044 -0.1283
vn 0.7722 -0.6274 -0.1004
vn -0.0030 0.9970 -0.0778
vn 0.0089 0.9957 -0.0923
vn 0.2647 -0.9643 -0.0091
vn 0.3704 -0.9247 -0.0876
vn 0.7194 -0.6371 -0.2767
vn 0.9208 0.0371 -0.3882
vn 0.2271 -0.9738 0.0118
vn 0.2338 -0.9641 -0.1257
vn 0.2760 -0.9067 -0.3190
vn 0.2834 -0.9081 -0.3084
vn 0.5411 0.8051 -0.2431
vn 0.5641 0.7654 -0.3097
vn 0.9226 -0.0691 -0.3795
vn 0.6369 0.7162 -0.2855
vn 0.9418 -0.0214 -0.3354
vn 0.5841 0.5800 -0.5677
vn 0.6796 -0.2476 -0.6905
vn 0.5617 -0.7048 -0.4333
vn 0.6894 -0.6811 -0.2467
vn 0.3800 0.0114 -0.9249
vn 0.2193 0.7443 -0.6309
vn 0.2689 -0.6856 -0.6765
vn 0.2803 0.9364 -0.2113
vn 0.2252 -0.9495 -0.2183
vn 0.1877 0.9766 -0.1046
vn 0.3972 -0.9046 -0.1547
vn 0.7032 -0.6565 -0.2728
vn 0.0540 0.9976 -0.0438
vn 0.0031 0.9971 -0.0763
vn -0.0015 0.9778 -0.2093
vn 0.4163 0.9087 -0.0312
vn 0.6174 0.7749 -0.1351
vn 0.9946 0.0200 0.1015
vn 0.9923 0.1109 -0.0554
vn 0.6081 -0.7880 -0.0960
vn 0.4317 -0.8995 0.0675
vn 0.0601 -0.9927 -0.1049
vn 0.0397 -0.9983 0.0437
vn 0.4869 0.8734 -0.0039
vn 0.9967 0.0546 0.0602
vn 0.5398 -0.8347 0.1093
vn 0.6132 -0.7898 0.0139
vn 0.9822 0.1846 -0.0343
vn 0.9958 -0.0741 -0.0536
vn 0.5873 0.8043 -0.0904
vn 0.4424 0.8942 -0.0687
vn 0.5958 -0.8029 -0.0210
vn -0.1268 0.9882 -0.0858
vn -0.0286 0.9962 -0.0821
vn 0.0091 -0.9996 -0.0253
vn 0.0740 -0.9969 0.0279
vn 0.9889 0.1065 -0.1039
vn 0.5053 -0.8596 -0.0764
vn -0.0116 -0.9994 -0.0327
vn 0.9852 -0.0894 -0.1460
vn 0.5515 0.8203 -0.1515
vn 0.3026 0.9467 -0.1108
vn 0.5472 0.8234 -0.1500
vn -0.0784 0.9914 -0.1045
vn 0.1014 0.9755 -0.1954
vn 0.5527 0.7240 -0.4128
vn 0.9833 -0.1042 -0.1494
vn 0.5787 -0.0663 -0.8128
vn 0.1332 0.6014 -0.7878
vn 0.1569 -0.2595 -0.9529
vn 0.4035 -0.7882 -0.4646
vn 0.1651 -0.7694 -0.6171
vn 0.5061 -0.8537 -0.1224
vn 0.0380 -0.9885 -0.1464
vn 0.4965 -0.8632 -0.0919
vn 0.2496 -0.8961 -0.3671
vn 0.1575 -0.9568 -0.2445
vn 0.7583 -0.6106 -0.2283
vn 0.8865 0.4369 -0.1522
vn 0.2578 0.9661 -0.0098
vn 0.9405 0.2211 -0.2582
vn 0.7634 -0.5848 -0.2744
vn 0.9328 0.2035 -0.2973
vn 0.3767 0.9208 -0.1012
vn 0.4955 0.8442 -0.2045
vn 0.6639 -0.7218 -0.1955
vn 0.2189 -0.9666 -0.1332
vn 0.3990 -0.9122 -0.0928
vn -0.6120 0.7877 0.0706
vn -0.6450 0.7614 0.0655
vn -0.9857 -0.1367 0.0981
vn -0.8770 -0.4575 0.1467
vn -0.7426 -0.6677 0.0516
vn -0.6140 -0.7840 0.0908
vn -0.8891 -0.4321 -0.1507
vn -0.9981 0.0283 -0.0552
vn 0.7885 -0.5276 -0.3162
vn 0.3983 -0.9097 -0.1180
vn -0.6176 -0.7725 0.1474
vn -0.9648 -0.1764 0.1950
vn -0.6534 -0.7500 0.1029
vn -0.9649 -0.2619 -0.0194
vn -0.7230 -0.6770 -0.1380
vn -0.9374 -0.2771 -0.2110
vn -0.9724 0.2128 -0.0959
vn -0.6587 0.7521 0.0219
vn -0.3762 0.9265 -0.0047
vn 0.4216 0.8686 -0.2603
vn 0.0102 0.7771 -0.6292
vn 0.4956 0.7223 -0.4824
vn 0.9250 0.1731 -0.3381
vn 0.4669 0.1844 -0.8649
vn 0.6506 -0.5386 -0.5355
vn 0.7198 -0.6532 -0.2351
vn 0.4679 -0.8729 -0.1383
vn 0.4587 -0.6297 -0.6270
vn 0.1010 -0.1680 -0.9806
vn 0.4156 0.8745 -0.2499
vn 0.8108 -0.4908 -0.3188
vn 0.8686 0.2900 -0.4018
vn 0.3978 0.8882 -0.2300
vn 0.8571 0.3351 -0.3913
vn -0.8825 0.4698 -0.0212
vn -0.8759 0.4823 0.0142
vn -0.9991 0.0264 -0.0346
vn -0.9616 -0.2211 0.1624
vn -0.7832 -0.6203 0.0414
vn -0.6933 -0.7160 0.0820
vn -0.8260 0.5245 0.2063
vn -0.6443 -0.7346 0.2130
vn -0.9766 0.0258 0.2135
vn -0.7606 -0.6488 -0.0220
vn -0.9577 0.0067 -0.2877
vn -0.8203 -0.4051 -0.4036
vn -0.8408 0.0157 -0.5412
vn -0.8159 0.4254 -0.3917
vn -0.8162 0.5767 -0.0361
vn -0.8139 0.5635 0.1417
vn -0.8627 0.5025 -0.0568
vn -0.9872 -0.0907 -0.1315
vn -0.7420 -0.6679 -0.0583
vn 0.1265 -0.9462 -0.2978
vn 0.0840 0.9179 -0.3878
vn -0.1100 0.9626 -0.2475
vn -0.0025 0.9778 -0.2097
vn 0.1525 0.9571 -0.2462
vn 0.1527 0.9575 -0.2448
vn -0.0130 0.5249 0.8511
vn -0.0557 0.9078 0.4158
vn -0.6001 0.3537 0.7174
vn -0.8066 0.4451 0.3890
vn -0.8519 -0.0835 0.5170
vn -0.5865 -0.1199 0.8010
vn -0.1639 0.1739 0.9710
vn -0.6029 -0.5497 0.5783
vn -0.3179 -0.4501 0.8345
vn -0.1165 -0.0104 0.9931
vn -0.1511 -0.8081 0.5694
vn 0.1254 -0.5707 0.8116
vn 0.2512 -0.2604 0.9322
vn 0.3638 -0.6343 0.6821
vn -0.2980 0.9378 0.1779
vn 0.4066 0.8971 -0.1729
vn 0.6729 0.7365 0.0683
vn 0.4592 0.7575 0.4640
vn 0.7554 0.5223 -0.3958
vn -0.3669 0.9153 0.1663
vn 0.4579 0.8614 -0.2198
vn -0.8317 0.4239 0.3584
vn -0.8762 0.1154 0.4680
vn 0.7350 0.3676 -0.5698
vn 0.8548 0.2144 -0.4726
vn 0.6745 0.0158 -0.7381
vn 0.8068 -0.1706 -0.5657
vn 0.8922 0.0058 -0.4516
vn 0.9234 0.2551 -0.2869
vn 0.8287 -0.3359 -0.4477
vn 0.7434 -0.1854 -0.6427
vn 0.7322 -0.3550 -0.5813
vn 0.6851 -0.0962 -0.7220
vn 0.6459 -0.0508 -0.7617
vn 0.7909 0.0175 -0.6118
vn 0.6920 -0.2645 -0.6717
vn 0.5120 0.8358 -0.1981
vn 0.2659 0.9615 -0.0687
vn -0.1578 0.9863 0.0483
vn -0.3933 0.9193 0.0140
vn 0.9583 -0.1326 -0.2530
vn 0.8080 0.4822 -0.3386
vn 0.7089 -0.6407 -0.2949
vn -0.2303 0.9731 -0.0016
vn 0.5761 0.8172 -0.0201
vn -0.8783 0.4602 -0.1294
vn -0.9157 0.3981 -0.0541
vn -0.7310 -0.6072 -0.3115
vn -0.8787 0.3835 -0.2843
vn -0.9051 0.4022 0.1377
vn -0.6962 0.6788 0.2335
vn -0.9481 0.3130 -0.0555
vn -0.9411 0.2343 0.2439
vn -0.9811 0.1613 -0.1068
vn -0.9401 0.2493 0.2326
vn -0.9953 -0.0691 0.0684
vn -0.9260 -0.1383 0.3513
vn -0.9421 -0.3289 0.0647
vn -0.9465 -0.1717 0.2733
vn -0.8766 -0.4222 0.2308
vn -0.6226 -0.6412 0.4486
vn -0.9466 0.2218 -0.2339
vn -0.6750 -0.7026 -0.2253
vn -0.4126 0.9044 -0.1085
vn 0.1548 0.9516 -0.2655
vn -0.7757 -0.2934 0.5587
vn -0.4364 -0.7737 0.4594
vn -0.3251 -0.8617 0.3896
vn 0.0111 -0.9960 0.0882
vn -0.1220 -0.9875 -0.1000
vn 0.3559 -0.8693 -0.3429
vn -0.0978 -0.7598 -0.6427
vn -0.5279 -0.8347 -0.1566
vn -0.8614 -0.3331 -0.3835
vn 0.2876 -0.9522 -0.1033
vn -0.1777 -0.9743 0.1386
vn -0.2190 -0.9714 0.0919
vn -0.9099 -0.2931 0.2935
vn -0.2462 -0.9553 0.1635
vn -0.9005 -0.1888 0.3917
vn -0.6704 0.7403 0.0502
vn -0.5441 0.8313 0.1137
vn -0.0841 0.9844 -0.1547
vn 0.0091 0.9950 -0.0998
vn 0.2597 -0.9623 -0.0804
vn 0.2827 -0.9578 -0.0515
vn -0.9384 -0.0089 0.3455
vn -0.5204 0.8506 0.0745
vn -0.3472 -0.9184 0.1896
vn -0.9596 -0.1078 0.2599
vn -0.1624 -0.9827 0.0893
vn -0.3941 -0.9066 0.1510
vn -0.9506 -0.0628 0.3039
vn -0.4872 0.8710 0.0626
vn -0.5303 0.8462 0.0522
vn 0.2749 -0.9568 -0.0942
vn 0.2612 -0.9648 -0.0298
vn 0.0084 0.9954 -0.0954
vn 0.0496 0.9919 -0.1169
vn -0.2690 -0.9610 0.0638
vn -0.9457 -0.1808 0.2700
vn 0.3263 -0.9269 -0.1853
vn -0.2719 -0.9617 0.0353
vn 0.3003 -0.9265 -0.2267
vn -0.2594 -0.9632 -0.0701
vn 0.6084 -0.7450 -0.2734
vn 0.8775 -0.4653 -0.1162
vn -0.9736 0.0667 0.2184
vn -0.5228 0.8487 0.0801
vn -0.3862 0.9220 0.0270
vn -0.9867 -0.0582 0.1519
vn -0.8311 -0.4244 -0.3594
vn -0.7518 -0.1224 -0.6479
vn -0.4010 0.1430 -0.9048
vn -0.9455 0.1980 -0.2584
vn -0.5565 0.6713 -0.4895
vn -0.1342 0.8069 -0.5753
vn -0.5239 0.8516 -0.0206
vn -0.0677 0.9863 -0.1501
vn 0.0365 0.9929 -0.1136
vn 0.8889 0.4352 -0.1427
vn 0.8761 0.4378 0.2017
vn 0.9719 0.0517 0.2298
vn 0.9148 0.2394 -0.3254
vn 0.6604 0.3130 -0.6826
vn 0.9964 -0.0833 -0.0122
vn 0.8478 -0.1782 0.4995
vn 0.8218 -0.1501 0.5497
vn 0.7545 0.1993 -0.6254
vn 0.8951 0.1087 -0.4324
vn 0.2944 0.2699 -0.9168
vn 0.4355 -0.0606 -0.8982
vn 0.5085 0.4775 -0.7165
vn -0.1012 0.0277 -0.9945
vn 0.2837 -0.2703 -0.9200
vn -0.1012 0.0254 -0.9945
vn 0.6576 -0.3607 -0.6614
vn 0.8149 0.3088 -0.4905
vn 0.7822 -0.3516 -0.5143
vn 0.8599 -0.3320 -0.3877
vn 0.8708 0.0638 -0.4875
vn 0.8904 -0.2133 -0.4022
vn 0.8717 0.2892 -0.3955
vn 0.6877 0.5270 -0.4993
vn 0.7208 0.5874 -0.3678
vn 0.9299 -0.1647 -0.3288
vn 0.8919 0.2915 -0.3456
vn 0.8950 0.0262 -0.4452
vn 0.8781 -0.2206 -0.4246
vn 0.7706 0.5003 -0.3947
vn 0.7526 0.5909 -0.2904
vn 0.8877 -0.2098 -0.4099
vn 0.9000 0.2099 -0.3821
vn 0.8809 -0.1892 -0.4339
vn 0.7998 0.1290 -0.5863
vn 0.6721 -0.2367 -0.7016
vn 0.6878 0.0095 -0.7259
vn 0.6577 0.3993 -0.6387
vn 0.7698 0.5096 -0.3843
vn 0.8050 0.4606 -0.3740
vn 0.7444 -0.5531 -0.3741
vn 0.8904 -0.1823 -0.4171
vn 0.8776 -0.4673 -0.1065
vn 0.9447 0.2664 -0.1910
vn 0.6699 0.5809 -0.4624
vn 0.6628 0.7266 -0.1808
vn 0.6837 0.7226 -0.1023
vn 0.9623 0.2398 -0.1283
vn 0.6932 0.7149 -0.0916
vn 0.9649 0.2503 -0.0797
vn 0.9525 -0.2951 -0.0747
vn 0.9268 -0.3581 -0.1135
vn 0.6895 0.7237 -0.0278
vn 0.9789 0.2035 -0.0178
vn 0.7606 0.6323 -0.1471
vn 0.9401 0.0900 -0.3287
vn 0.7599 0.4610 -0.4582
vn 0.8511 0.0510 -0.5225
vn 0.8586 -0.3304 -0.3919
vn 0.9260 -0.3636 -0.1019
vn 0.9509 -0.3056 -0.0492
vn 0.3113 -0.7991 0.5143
vn 0.6320 -0.6624 0.4022
vn 0.6116 -0.7325 0.2990
vn 0.2832 -0.8776 0.3867
vn -0.1916 -0.9128 0.3607
vn -0.0046 -0.9559 0.2937
vn 0.5274 -0.8119 0.2503
vn 0.4393 -0.8699 0.2242
vn -0.0339 -0.9339 0.3560
vn 0.4544 -0.8690 0.1956
vn -0.0691 -0.9579 0.2787
vn -0.8658 -0.3921 0.3109
vn -0.8391 -0.5307 0.1194
vn -0.7992 -0.4872 0.3520
vn 0.0218 -0.9749 0.2215
vn -0.1384 -0.9304 0.3393
vn 0.3690 -0.9034 0.2185
vn 0.4770 -0.8694 0.1286
vn -0.8616 -0.3347 0.3817
vn -0.8319 -0.4947 0.2512
vn -0.0343 -0.9311 0.3632
vn 0.2698 -0.9255 0.2659
vn -0.9970 0.0268 0.0732
vn -0.9578 0.0019 0.2874
vn 0.2519 -0.9666 -0.0481
vn -0.0220 -0.9096 0.4149
vn -0.7749 -0.6241 -0.1003
vn -0.9501 -0.0974 -0.2965
vn -0.6890 -0.4140 -0.5950
vn -0.6450 -0.4991 -0.5787
vn 0.2520 -0.9665 -0.0480
vn 0.0579 -0.6545 -0.7538
vn -0.0036 -0.6202 -0.7844
vn -0.9714 0.0081 0.2371
vn -0.9996 0.0030 0.0287
vn 0.8693 0.2816 -0.4063
vn 0.9345 0.1245 -0.3336
vn 0.5521 0.6648 -0.5032
vn 0.7254 0.5595 -0.4008
vn -0.2177 0.9210 -0.3230
vn -0.4574 0.7662 -0.4514
vn -0.1118 0.9347 -0.3375
vn 0.7704 0.4908 -0.4069
vn -0.1019 0.7287 -0.6772
vn -0.4856 0.7873 -0.3800
vn -0.4778 0.8691 -0.1279
vn 0.7712 0.1795 -0.6107
vn 0.9640 -0.0628 -0.2585
vn 0.9094 -0.1121 -0.4005
vn 0.8168 -0.1655 -0.5526
vn 0.3055 0.3530 -0.8843
vn -0.3944 0.5906 -0.7040
vn -0.1624 0.5240 -0.8361
vn 0.9791 -0.0133 -0.2027
vn -0.5945 0.7831 -0.1826
vn -0.7210 0.6138 -0.3216
vn -0.5842 0.3503 -0.7321
vn -0.1782 0.3977 -0.9000
vn 0.2828 -0.2698 -0.9204
vn -0.1774 0.3971 -0.9005
vn -0.0396 0.9992 0.0055
vn -0.0181 0.9904 0.1369
vn -0.3880 0.9203 -0.0498
vn -0.0182 0.9959 -0.0889
vn -0.9672 0.2457 -0.0652
vn -0.4769 0.8761 -0.0715
vn -0.9906 0.0872 -0.1056
vn -0.6961 -0.7167 -0.0424
vn -0.6105 -0.7906 -0.0473
vn -0.4947 0.8614 -0.1148
vn -0.9881 0.0741 -0.1349
vn -0.6431 0.7499 -0.1553
vn -0.9758 -0.0115 -0.2185
vn -0.6980 -0.7046 -0.1283
vn -0.7729 -0.6265 -0.1005
vn 0.0030 0.9970 -0.0779
vn -0.0089 0.9957 -0.0923
vn -0.2646 -0.9643 -0.0091
vn -0.3704 -0.9247 -0.0876
vn -0.7194 -0.6371 -0.2767
vn -0.9208 0.0371 -0.3882
vn -0.2274 -0.9737 0.0097
vn -0.2337 -0.9641 -0.1257
vn -0.2760 -0.9067 -0.3190
vn -0.2834 -0.9081 -0.3084
vn -0.5411 0.8051 -0.2431
vn -0.5641 0.7654 -0.3097
vn -0.9226 -0.0691 -0.3795
vn -0.6368 0.7161 -0.2856
vn -0.9418 -0.0213 -0.3354
vn -0.5841 0.5800 -0.5678
vn -0.6796 -0.2475 -0.6906
vn -0.5617 -0.7053 -0.4324
vn -0.6894 -0.6811 -0.2467
vn -0.3800 0.0115 -0.9249
vn -0.2193 0.7442 -0.6309
vn -0.2689 -0.6856 -0.6765
vn -0.2804 0.9363 -0.2113
vn -0.2252 -0.9495 -0.2183
vn -0.1877 0.9767 -0.1045
vn -0.3971 -0.9046 -0.1547
vn -0.7032 -0.6565 -0.2728
vn -0.0540 0.9976 -0.0438
vn -0.6175 0.7749 -0.1351
vn 0.0015 0.9778 -0.2093
vn -0.4163 0.9087 -0.0312
vn -0.0031 0.9971 -0.0763
vn -0.9946 0.0201 0.1016
vn -0.9923 0.1109 -0.0554
vn -0.6082 -0.7880 -0.0960
vn -0.4318 -0.8994 0.0674
vn -0.0601 -0.9927 -0.1049
vn -0.0397 -0.9983 0.0437
vn -0.4869 0.8734 -0.0038
vn -0.9967 0.0545 0.0604
vn -0.5397 -0.8347 0.1094
vn -0.6131 -0.7899 0.0140
vn -0.9822 0.1845 -0.0343
vn -0.9958 -0.0741 -0.0536
vn -0.5873 0.8043 -0.0904
vn -0.4425 0.8941 -0.0687
vn -0.5958 -0.8029 -0.0211
vn 0.1268 0.9882 -0.0858
vn 0.0286 0.9962 -0.0819
vn -0.0091 -0.9996 -0.0253
vn -0.0740 -0.9969 0.0279
vn -0.9889 0.1064 -0.1040
vn -0.5053 -0.8596 -0.0764
vn 0.0116 -0.9994 -0.0327
vn -0.9853 -0.0894 -0.1459
vn -0.5515 0.8203 -0.1516
vn -0.3026 0.9467 -0.1108
vn -0.5472 0.8234 -0.1500
vn 0.0784 0.9914 -0.1044
vn -0.1015 0.9755 -0.1954
vn -0.5527 0.7240 -0.4128
vn -0.9833 -0.1042 -0.1494
vn -0.5787 -0.0663 -0.8128
vn -0.1332 0.6014 -0.7878
vn -0.1569 -0.2597 -0.9529
vn -0.4035 -0.7882 -0.4646
vn -0.1651 -0.7694 -0.6171
vn -0.5061 -0.8537 -0.1224
vn -0.0379 -0.9885 -0.1464
vn -0.4964 -0.8632 -0.0919
vn -0.1575 -0.9568 -0.2445
vn -0.2496 -0.8961 -0.3671
vn -0.7583 -0.6107 -0.2283
vn -0.8866 0.4368 -0.1522
vn -0.2578 0.9661 -0.0098
vn -0.9405 0.2209 -0.2582
vn -0.7634 -0.5847 -0.2743
vn -0.9328 0.2035 -0.2973
vn -0.3767 0.9208 -0.1012
vn -0.4955 0.8442 -0.2045
vn -0.6638 -0.7219 -0.1955
vn -0.2188 -0.9666 -0.1332
vn -0.3989 -0.9123 -0.0928
vn 0.6120 0.7877 0.0706
vn 0.6450 0.7614 0.0656
vn 0.9857 -0.1368 0.0981
vn 0.8771 -0.4574 0.1468
vn 0.7426 -0.6678 0.0516
vn 0.6141 -0.7840 0.0907
vn 0.8892 -0.4320 -0.1507
vn 0.9981 0.0284 -0.0551
vn -0.7885 -0.5275 -0.3162
vn -0.3981 -0.9097 -0.1182
vn 0.6177 -0.7725 0.1474
vn 0.9648 -0.1764 0.1950
vn 0.6534 -0.7500 0.1029
vn 0.9649 -0.2620 -0.0193
vn 0.7230 -0.6770 -0.1380
vn 0.9371 -0.2780 -0.2111
vn 0.9724 0.2126 -0.0957
vn 0.6587 0.7520 0.0219
vn 0.3762 0.9265 -0.0047
vn -0.4215 0.8686 -0.2603
vn -0.0102 0.7772 -0.6292
vn -0.4956 0.7223 -0.4824
vn -0.9250 0.1731 -0.3381
vn -0.4669 0.1844 -0.8649
vn -0.6506 -0.5386 -0.5355
vn -0.7198 -0.6532 -0.2351
vn -0.4679 -0.8729 -0.1383
vn -0.4587 -0.6296 -0.6270
vn -0.1010 -0.1680 -0.9806
vn -0.4156 0.8745 -0.2499
vn -0.8108 -0.4908 -0.3188
vn -0.8686 0.2900 -0.4018
vn -0.3978 0.8882 -0.2300
vn -0.8571 0.3351 -0.3913
vn 0.9616 -0.2211 0.1624
vn 0.8758 0.4825 0.0142
vn 0.9991 0.0264 -0.0346
vn 0.8825 0.4698 -0.0212
vn 0.7833 -0.6203 0.0413
vn 0.6932 -0.7160 0.0821
vn 0.8260 0.5246 0.2063
vn 0.6442 -0.7346 0.2130
vn 0.9766 0.0259 0.2134
vn 0.7606 -0.6488 -0.0220
vn 0.9577 0.0067 -0.2877
vn 0.8203 -0.4051 -0.4036
vn 0.8408 0.0156 -0.5412
vn 0.8159 0.4255 -0.3915
vn 0.8161 0.5768 -0.0360
vn 0.8139 0.5635 0.1411
vn 0.8627 0.5025 -0.0568
vn 0.9872 -0.0906 -0.1315
vn 0.7420 -0.6678 -0.0584
vn -0.1265 -0.9462 -0.2978
vn -0.0840 0.9179 -0.3878
vn 0.1100 0.9626 -0.2475
vn 0.0025 0.9778 -0.2097
vn -0.1527 0.9575 -0.2448
vn -0.1525 0.9571 -0.2462
vn -0.3590 0.8751 0.3244
vn -0.9575 0.2833 -0.0545
vn -0.4483 0.7888 0.4204
vn -0.9238 0.3290 -0.1960
vn -0.8865 0.4615 -0.0348
vn -0.0698 0.9610 0.2677
vn -0.9581 0.2862 -0.0114
vn -0.9157 0.3999 -0.0399
vn -0.8775 0.4625 -0.1269
vn -0.9501 0.3102 -0.0323
vn -0.9339 0.3295 0.1386
vn -0.7360 0.5691 0.3666
vn -0.6144 0.7188 0.3254
vn -0.6985 0.5662 0.4378
vn -0.7730 0.1649 0.6126
vn -0.4541 0.5782 0.6778
vn -0.3826 0.7954 0.4700
vn -0.5695 0.6819 0.4590
vn 0.3028 0.8962 0.3242
vn 0.2188 0.8381 0.4997
vn 0.3407 0.9083 0.2429
vn 0.3358 0.9101 0.2428
vn -0.6613 0.7227 0.2012
vn -0.3477 0.8341 0.4282
vn -0.5464 0.6201 0.5631
vn -0.7029 0.4434 0.5562
vn -0.5009 0.1726 0.8481
vn -0.5649 0.3480 0.7482
vn -0.7083 0.7055 -0.0222
vn -0.6040 0.6049 0.5189
vn -0.3247 0.4217 0.8466
vn -0.5347 0.7418 -0.4048
vn -0.4414 0.6792 -0.5864
vn -0.7463 0.6647 -0.0355
vn -0.4638 0.5894 0.6614
vn -0.5721 0.6693 0.4741
vn -0.4568 0.7193 -0.5235
vn -0.1670 0.7606 -0.6274
vn -0.6361 0.6794 -0.3656
vn -0.6559 0.6781 -0.3315
vn -0.6047 0.7380 -0.2996
vn -0.3066 0.8565 -0.4152
vn -0.0915 0.9207 -0.3793
vn -0.3413 0.8975 -0.2792
vn 0.0428 0.6999 -0.7130
vn 0.1574 0.8925 -0.4228
vn 0.3014 0.9533 0.0173
vn 0.0733 0.9958 -0.0542
vn -0.5045 0.8174 -0.2781
vn -0.7315 0.6799 -0.0515
vn -0.5600 0.8279 -0.0320
vn -0.4917 0.8705 -0.0217
vn 0.1937 0.8469 -0.4951
vn -0.2589 0.9294 -0.2629
vn -0.1170 0.9518 -0.2834
vn -0.5817 0.8132 0.0156
vn -0.6412 0.7661 0.0445
vn 0.2710 0.9031 -0.3331
vn -0.4767 0.8675 -0.1424
vn -0.0575 0.8924 -0.4475
vn 0.1852 0.7977 -0.5739
vn -0.5520 0.8299 0.0814
vn -0.4634 0.8837 0.0659
vn -0.6538 0.7557 0.0386
vn -0.9293 -0.1154 0.3508
vn -0.9464 0.2218 0.2349
vn -0.8909 0.3926 0.2284
vn -0.7957 -0.5036 0.3365
vn -0.3267 0.8698 -0.3697
vn -0.6213 0.7693 -0.1488
vn -0.9638 -0.1522 0.2189
vn -0.2965 0.7923 -0.5333
vn -0.0606 0.7077 -0.7039
vn -0.8316 -0.2332 -0.5041
vn -0.8752 -0.2501 0.4140
vn -0.9282 0.0110 0.3720
vn -0.8420 -0.3304 0.4264
vn -0.6410 -0.5959 0.4838
vn -0.7512 -0.2787 0.5984
vn -0.8342 0.4590 0.3058
vn -0.7603 -0.2783 0.5869
vn -0.6244 0.7157 0.3127
vn -0.9255 -0.0536 0.3749
vn -0.8435 0.4181 0.3372
vn -0.8797 0.0193 0.4752
vn -0.9392 0.1999 0.2790
vn -0.6395 0.6771 0.3642
vn -0.7738 0.4675 0.4273
vn -0.9927 -0.0513 0.1090
vn -0.8064 0.0865 0.5851
vn -0.9037 -0.3174 0.2872
vn -0.9740 -0.2253 -0.0243
vn -0.8824 -0.4536 0.1245
vn -0.8512 -0.5106 0.1215
vn -0.9466 -0.1108 0.3027
vn -0.9477 0.1180 0.2966
vn -0.6986 -0.2451 0.6723
vn -0.8397 -0.3204 0.4385
vn -0.9074 -0.0836 0.4118
vn -0.7740 -0.4447 0.4506
vn -0.8114 -0.4732 0.3431
vn -0.0947 0.4314 0.8972
vn -0.0581 0.4719 0.8797
vn 0.0500 0.4270 0.9029
vn 0.7739 -0.6222 0.1179
vn 0.7824 -0.6108 0.1214
vn 0.7850 -0.6137 0.0852
vn 0.9938 -0.0941 0.0584
vn 0.9520 0.0579 0.3007
vn 0.9485 0.1438 -0.2822
vn 0.5980 0.8009 -0.0300
vn -0.1053 0.7051 -0.7013
vn -0.0992 0.6741 -0.7319
vn -0.1787 0.7031 -0.6882
vn -0.2168 0.6256 -0.7494
vn 0.1134 0.8057 0.5814
vn 0.2840 0.1925 0.9393
vn -0.1985 0.4148 0.8880
vn -0.1546 -0.7472 0.6463
vn 0.3659 -0.5142 0.7757
vn 0.4800 -0.5277 0.7008
vn -0.0352 -0.8183 0.5737
vn -0.7860 -0.6133 0.0773
vn -0.7305 -0.6812 -0.0474
vn -0.6566 -0.7408 0.1420
vn 0.2681 -0.8060 0.5277
vn -0.7878 -0.6043 0.1196
vn -0.7057 -0.6980 0.1216
vn -0.6428 -0.7641 0.0533
vn -0.7708 -0.6280 0.1068
vn -0.7577 -0.5922 0.2741
vn -0.4990 -0.6704 0.5491
vn -0.3293 -0.7712 0.5448
vn -0.4688 -0.6346 0.6144
vn -0.6926 -0.2557 0.6745
vn -0.2498 -0.4902 0.8350
vn -0.0937 -0.7155 0.6924
vn -0.3086 -0.6856 0.6594
vn -0.3650 -0.8262 0.4292
vn -0.0448 -0.7489 0.6611
vn -0.3143 -0.5928 0.7414
vn -0.5237 -0.4944 0.6938
vn -0.4494 -0.0996 0.8878
vn -0.4405 -0.3066 0.8438
vn -0.4031 -0.8901 0.2125
vn -0.3713 -0.6123 0.6980
vn -0.1950 -0.2576 0.9464
vn -0.2081 -0.9660 -0.1535
vn -0.1342 -0.9271 -0.3500
vn -0.4525 -0.8712 0.1904
vn -0.2539 -0.5083 0.8229
vn -0.3157 -0.6706 0.6713
vn -0.1373 -0.9508 -0.2777
vn 0.1528 -0.9117 -0.3813
vn -0.3271 -0.9363 -0.1278
vn -0.3478 -0.9328 -0.0944
vn -0.2801 -0.9587 -0.0499
vn 0.0461 -0.9885 -0.1438
vn 0.2678 -0.9580 -0.1028
vn 0.0216 -0.9998 -0.0000
vn 0.3309 -0.8055 -0.4916
vn 0.4919 -0.8547 -0.1657
vn 0.6248 -0.7342 0.2656
vn 0.4312 -0.8748 0.2210
vn -0.1592 -0.9872 -0.0127
vn -0.4330 -0.8835 0.1785
vn -0.2203 -0.9481 0.2292
vn -0.1419 -0.9585 0.2472
vn 0.5127 -0.8215 -0.2496
vn 0.1089 -0.9939 0.0199
vn 0.2502 -0.9682 -0.0009
vn -0.2483 -0.9297 0.2720
vn -0.3225 -0.9012 0.2897
vn 0.5965 -0.7983 -0.0827
vn -0.1225 -0.9839 0.1298
vn 0.2928 -0.9394 -0.1780
vn 0.4915 -0.8024 -0.3385
vn -0.2182 -0.9154 0.3382
vn -0.1155 -0.9356 0.3336
vn -0.3374 -0.8981 0.2819
vn -0.9255 -0.1356 0.3537
vn -0.8133 -0.4741 0.3373
vn -0.6993 -0.6081 0.3757
vn -0.9406 0.2542 0.2249
vn 0.0299 -0.9950 -0.0954
vn -0.2923 -0.9507 0.1040
vn 0.0387 -0.9605 -0.2755
vn 0.2367 -0.8475 -0.4751
vn -0.7838 0.5923 0.1866
vn -0.8808 -0.2422 0.4069
vn -0.8749 -0.2512 0.4141
vn -0.9240 0.1291 0.3600
vn -0.8271 0.4541 0.3311
vn -0.8290 0.1508 0.5385
vn -0.6269 -0.6250 0.4652
vn -0.8396 0.1361 0.5259
vn -0.3392 -0.7757 0.5322
vn -0.9009 -0.1824 0.3938
vn -0.6520 -0.5832 0.4846
vn -0.8371 -0.2030 0.5079
vn -0.8169 -0.4399 0.3731
vn -0.3699 -0.7325 0.5715
vn -0.5740 -0.5769 0.5811
vn -0.9484 -0.2830 0.1432
vn -0.7504 -0.2058 0.6281
vn -0.9713 0.0357 0.2352
vn -0.9868 -0.1584 -0.0340
vn -0.9921 0.1191 0.0403
vn -0.9834 0.1804 0.0201
vn -0.9373 -0.1593 0.3099
vn -0.8553 -0.3651 0.3676
vn -0.7747 0.1522 0.6138
vn -0.9208 0.1036 0.3761
vn -0.8968 -0.1390 0.4200
vn -0.9054 0.2411 0.3496
vn -0.9446 0.2233 0.2405
vn 0.9117 -0.4076 0.0508
vn 0.9662 -0.2576 -0.0099
vn 0.9716 -0.2352 -0.0243
vn 0.9513 -0.3033 0.0560
vn 0.9288 -0.3293 0.1700
vn 0.8965 -0.2796 0.3437
vn 0.8505 -0.5141 0.1110
vn 0.7229 -0.6495 -0.2356
vn 0.7572 -0.6114 -0.2296
vn 0.7605 -0.6293 -0.1602
vn 0.7192 -0.6084 -0.3354
vn 0.7799 0.3074 -0.5452
vn 0.7525 -0.6472 0.1219
vn 0.7607 -0.6296 -0.1580
vn 0.6342 -0.7650 -0.1126
vn 0.4378 -0.7961 -0.4178
vn 0.5510 -0.7149 -0.4305
vn 0.6550 -0.6180 -0.4348
vn 0.5527 -0.7135 -0.4306
vn 0.7181 -0.6087 -0.3373
vn 0.4960 0.7541 -0.4305
vn 0.4890 0.7908 -0.3680
vn 0.7806 0.3078 -0.5441
vn 0.4600 0.8819 -0.1029
vn 0.3198 0.8787 -0.3544
vn 0.1421 0.7506 -0.6453
vn 0.2785 0.7154 -0.6409
vn 0.4094 0.6659 -0.6237
vn 0.4506 0.7739 -0.4450
vn 0.6986 0.7065 -0.1130
vn 0.5999 0.7959 -0.0817
vn 0.7152 0.6685 0.2041
vn 0.7364 0.6761 0.0221
vn 0.7726 0.6297 -0.0807
vn 0.8068 0.5757 -0.1325
vn 0.8207 0.5538 -0.1404
vn 0.1527 -0.1112 0.9820
vn 0.0201 -0.1687 0.9855
vn 0.0697 -0.1964 0.9780
vn 0.5009 0.8603 -0.0949
vn 0.4893 0.8663 -0.1011
vn 0.5043 0.8536 -0.1305
vn 0.8880 0.4593 -0.0228
vn 0.8911 0.3761 0.2539
vn 0.9499 0.1365 -0.2810
vn 0.8478 -0.5050 0.1621
vn 0.1247 -0.8816 -0.4552
vn 0.1941 -0.8606 -0.4709
vn 0.1902 -0.8393 -0.5092
vn 0.0641 -0.8437 -0.5330
vn 0.5886 -0.5979 0.5440
vn 0.6325 -0.6177 0.4674
vn 0.6287 -0.6210 0.4680
vn -0.6065 -0.6707 0.4270
vn 0.9238 0.3290 -0.1960
vn 0.9575 0.2833 -0.0545
vn 0.4483 0.7888 0.4204
vn 0.3590 0.8751 0.3244
vn 0.8865 0.4615 -0.0348
vn 0.0709 0.9609 0.2676
vn 0.9581 0.2862 -0.0114
vn 0.9157 0.3999 -0.0398
vn 0.8775 0.4625 -0.1269
vn 0.9503 0.3097 -0.0315
vn 0.9339 0.3295 0.1385
vn 0.7360 0.5691 0.3666
vn 0.6144 0.7187 0.3254
vn 0.6984 0.5661 0.4379
vn 0.7730 0.1650 0.6126
vn 0.4542 0.5782 0.6778
vn 0.3825 0.7954 0.4701
vn 0.5701 0.6819 0.4582
vn -0.3028 0.8962 0.3242
vn -0.2188 0.8381 0.4997
vn -0.3405 0.9083 0.2429
vn -0.3358 0.9101 0.2428
vn 0.6613 0.7227 0.2012
vn 0.3477 0.8341 0.4282
vn 0.5464 0.6201 0.5631
vn 0.7029 0.4434 0.5562
vn 0.5009 0.1726 0.8481
vn 0.5649 0.3480 0.7482
vn 0.7083 0.7055 -0.0222
vn 0.6040 0.6049 0.5189
vn 0.3247 0.4217 0.8466
vn 0.5347 0.7418 -0.4049
vn 0.4414 0.6792 -0.5864
vn 0.7463 0.6647 -0.0355
vn 0.4638 0.5893 0.6615
vn 0.5721 0.6693 0.4741
vn 0.4567 0.7192 -0.5235
vn 0.1670 0.7606 -0.6274
vn 0.6361 0.6794 -0.3656
vn 0.6559 0.6781 -0.3315
vn 0.6047 0.7380 -0.2996
vn 0.3067 0.8565 -0.4152
vn 0.0915 0.9207 -0.3793
vn 0.3412 0.8976 -0.2791
vn -0.0431 0.6997 -0.7132
vn -0.1574 0.8925 -0.4228
vn -0.3014 0.9533 0.0173
vn -0.0733 0.9958 -0.0542
vn 0.5044 0.8174 -0.2782
vn 0.7315 0.6799 -0.0515
vn 0.5600 0.8279 -0.0320
vn 0.4917 0.8705 -0.0217
vn -0.1937 0.8469 -0.4951
vn 0.2589 0.9294 -0.2629
vn 0.1170 0.9518 -0.2834
vn 0.5817 0.8132 0.0156
vn 0.6413 0.7660 0.0445
vn -0.2710 0.9031 -0.3331
vn 0.4766 0.8675 -0.1424
vn 0.0575 0.8924 -0.4475
vn -0.1852 0.7977 -0.5739
vn 0.5520 0.8299 0.0814
vn 0.4634 0.8837 0.0659
vn 0.6538 0.7557 0.0386
vn 0.9293 -0.1154 0.3507
vn 0.9464 0.2218 0.2349
vn 0.8908 0.3927 0.2284
vn 0.7957 -0.5036 0.3364
vn 0.3267 0.8698 -0.3697
vn 0.6213 0.7693 -0.1487
vn 0.9638 -0.1522 0.2190
vn 0.2965 0.7923 -0.5333
vn 0.0606 0.7077 -0.7039
vn 0.8316 -0.2332 -0.5041
vn 0.8752 -0.2501 0.4140
vn 0.9282 0.0110 0.3720
vn 0.8420 -0.3304 0.4264
vn 0.6410 -0.5959 0.4838
vn 0.7513 -0.2786 0.5983
vn 0.8342 0.4589 0.3056
vn 0.7603 -0.2783 0.5869
vn 0.6245 0.7157 0.3127
vn 0.9256 -0.0536 0.3748
vn 0.8435 0.4181 0.3371
vn 0.8797 0.0194 0.4751
vn 0.9392 0.2000 0.2790
vn 0.6395 0.6771 0.3642
vn 0.7738 0.4675 0.4273
vn 0.9927 -0.0512 0.1090
vn 0.8064 0.0865 0.5851
vn 0.9038 -0.3172 0.2872
vn 0.9740 -0.2252 -0.0242
vn 0.8824 -0.4536 0.1245
vn 0.8514 -0.5103 0.1217
vn 0.9467 -0.1104 0.3027
vn 0.9477 0.1180 0.2965
vn 0.6988 -0.2447 0.6721
vn 0.8397 -0.3204 0.4385
vn 0.9074 -0.0836 0.4118
vn 0.7742 -0.4445 0.4506
vn 0.8114 -0.4732 0.3431
vn -0.0500 0.4270 0.9029
vn 0.0947 0.4314 0.8972
vn 0.0581 0.4719 0.8797
vn -0.7824 -0.6108 0.1214
vn -0.7739 -0.6222 0.1179
vn -0.7850 -0.6137 0.0852
vn -0.9938 -0.0941 0.0584
vn -0.9520 0.0578 0.3007
vn -0.9485 0.1438 -0.2822
vn -0.5980 0.8009 -0.0300
vn 0.1787 0.7031 -0.6882
vn 0.1053 0.7051 -0.7012
vn 0.0992 0.6741 -0.7319
vn 0.2168 0.6256 -0.7494
vn -0.1134 0.8056 0.5815
vn -0.2840 0.1925 0.9393
vn 0.1985 0.4148 0.8880
vn 0.1546 -0.7472 0.6463
vn -0.3659 -0.5142 0.7757
vn -0.4800 -0.5277 0.7008
vn 0.0352 -0.8184 0.5736
vn 0.7860 -0.6133 0.0773
vn 0.7305 -0.6812 -0.0474
vn 0.6565 -0.7408 0.1420
vn -0.2680 -0.8060 0.5277
vn 0.7878 -0.6043 0.1196
vn 0.7056 -0.6980 0.1217
vn 0.6428 -0.7642 0.0533
vn 0.7706 -0.6285 0.1058
vn 0.7577 -0.5923 0.2740
vn 0.4990 -0.6704 0.5491
vn 0.3294 -0.7712 0.5448
vn 0.4688 -0.6345 0.6144
vn 0.6925 -0.2558 0.6745
vn 0.2498 -0.4903 0.8350
vn 0.0937 -0.7155 0.6924
vn 0.3086 -0.6856 0.6594
vn 0.3650 -0.8262 0.4292
vn 0.0447 -0.7489 0.6612
vn 0.3143 -0.5928 0.7414
vn 0.5237 -0.4943 0.6938
vn 0.4493 -0.0994 0.8878
vn 0.4402 -0.3064 0.8440
vn 0.4031 -0.8901 0.2125
vn 0.3712 -0.6124 0.6980
vn 0.1950 -0.2575 0.9464
vn 0.2081 -0.9660 -0.1535
vn 0.1341 -0.9271 -0.3500
vn 0.4525 -0.8712 0.1903
vn 0.2539 -0.5083 0.8229
vn 0.3157 -0.6706 0.6713
vn 0.1373 -0.9508 -0.2777
vn -0.1528 -0.9117 -0.3813
vn 0.3271 -0.9363 -0.1278
vn 0.3478 -0.9328 -0.0944
vn 0.2801 -0.9587 -0.0499
vn -0.0461 -0.9885 -0.1438
vn -0.2678 -0.9580 -0.1028
vn -0.0215 -0.9998 -0.0001
vn -0.3306 -0.8058 -0.4914
vn -0.4919 -0.8547 -0.1657
vn -0.6258 -0.7334 0.2655
vn -0.4312 -0.8747 0.2210
vn 0.1592 -0.9872 -0.0127
vn 0.4330 -0.8835 0.1785
vn 0.2202 -0.9481 0.2292
vn 0.1419 -0.9585 0.2472
vn -0.5127 -0.8215 -0.2496
vn -0.1089 -0.9939 0.0199
vn -0.2502 -0.9682 -0.0009
vn 0.2483 -0.9297 0.2720
vn 0.3225 -0.9011 0.2898
vn -0.5965 -0.7983 -0.0827
vn 0.1225 -0.9839 0.1298
vn -0.2928 -0.9394 -0.1780
vn -0.4915 -0.8024 -0.3385
vn 0.2182 -0.9154 0.3382
vn 0.1155 -0.9356 0.3336
vn 0.3374 -0.8981 0.2819
vn 0.9255 -0.1356 0.3537
vn 0.8133 -0.4741 0.3373
vn 0.6995 -0.6079 0.3757
vn 0.9406 0.2542 0.2249
vn -0.0299 -0.9950 -0.0954
vn 0.2923 -0.9507 0.1040
vn -0.0387 -0.9605 -0.2755
vn -0.2367 -0.8475 -0.4751
vn 0.7838 0.5923 0.1866
vn 0.8808 -0.2421 0.4070
vn 0.8749 -0.2512 0.4141
vn 0.9240 0.1291 0.3600
vn 0.8271 0.4541 0.3311
vn 0.8290 0.1508 0.5385
vn 0.6268 -0.6251 0.4652
vn 0.8396 0.1361 0.5259
vn 0.3391 -0.7757 0.5322
vn 0.9009 -0.1824 0.3938
vn 0.6520 -0.5831 0.4846
vn 0.8371 -0.2030 0.5080
vn 0.8169 -0.4399 0.3731
vn 0.3699 -0.7325 0.5715
vn 0.5740 -0.5769 0.5811
vn 0.9484 -0.2830 0.1432
vn 0.7504 -0.2058 0.6281
vn 0.9713 0.0355 0.2353
vn 0.9868 -0.1585 -0.0339
vn 0.9921 0.1191 0.0403
vn 0.9834 0.1801 0.0202
vn 0.9372 -0.1597 0.3101
vn 0.8553 -0.3651 0.3676
vn 0.7746 0.1527 0.6138
vn 0.9208 0.1037 0.3760
vn 0.8968 -0.1390 0.4199
vn 0.9054 0.2409 0.3497
vn 0.9446 0.2234 0.2404
vn -0.9662 -0.2575 -0.0099
vn -0.9117 -0.4076 0.0508
vn -0.9716 -0.2352 -0.0243
vn -0.9513 -0.3033 0.0560
vn -0.9288 -0.3293 0.1700
vn -0.8965 -0.2796 0.3436
vn -0.8505 -0.5141 0.1110
vn -0.7229 -0.6495 -0.2356
vn -0.7572 -0.6114 -0.2296
vn -0.7606 -0.6292 -0.1602
vn -0.7192 -0.6084 -0.3354
vn -0.7525 -0.6472 0.1219
vn -0.7799 0.3074 -0.5453
vn -0.7607 -0.6296 -0.1580
vn -0.6342 -0.7650 -0.1126
vn -0.4378 -0.7961 -0.4178
vn -0.5510 -0.7149 -0.4305
vn -0.5527 -0.7134 -0.4308
vn -0.6550 -0.6180 -0.4348
vn -0.7181 -0.6087 -0.3373
vn -0.4890 0.7908 -0.3680
vn -0.4960 0.7541 -0.4305
vn -0.7806 0.3078 -0.5440
vn -0.4600 0.8819 -0.1029
vn -0.3198 0.8787 -0.3544
vn -0.1421 0.7506 -0.6453
vn -0.2784 0.7154 -0.6409
vn -0.4094 0.6659 -0.6237
vn -0.4506 0.7739 -0.4450
vn -0.6986 0.7065 -0.1130
vn -0.5999 0.7959 -0.0817
vn -0.7152 0.6685 0.2041
vn -0.7364 0.6761 0.0221
vn -0.7724 0.6301 -0.0802
vn -0.8068 0.5757 -0.1325
vn -0.8207 0.5538 -0.1404
vn -0.0201 -0.1687 0.9855
vn -0.0697 -0.1964 0.9780
vn -0.1527 -0.1112 0.9820
vn -0.4892 0.8663 -0.1011
vn -0.5011 0.8602 -0.0949
vn -0.5044 0.8536 -0.1305
vn -0.8880 0.4592 -0.0228
vn -0.8912 0.3759 0.2540
vn -0.9500 0.1363 -0.2810
vn -0.8475 -0.5053 0.1622
vn -0.1941 -0.8606 -0.4709
vn -0.1902 -0.8393 -0.5092
vn -0.1246 -0.8817 -0.4551
vn -0.0641 -0.8436 -0.5331
vn -0.5886 -0.5979 0.5440
vn -0.6327 -0.6175 0.4674
vn -0.6289 -0.6209 0.4680
vn 0.6065 -0.6707 0.4270
vn 0.6492 0.7150 -0.2592
vn 0.5969 0.7817 -0.1806
vn 0.5568 0.7882 -0.2620
vn -0.6209 -0.6708 0.4057
vn -0.0357 -0.9959 0.0829
vn -0.0785 -0.4688 0.8798
vn 0.2519 -0.7109 0.6566
vn -0.3363 -0.1747 0.9254
vn -0.7872 -0.4152 0.4560
vn -0.7714 -0.4237 0.4749
vn -0.5613 -0.7167 0.4139
vn 0.0175 -0.9953 0.0950
vn 0.0999 -0.9884 0.1147
vn -0.4969 -0.7629 0.4137
vn -0.7563 -0.4279 0.4949
vn -0.6203 -0.6223 0.4774
vn -0.7457 -0.4274 0.5111
vn -0.0307 -0.9670 0.2529
vn 0.4941 -0.8685 -0.0395
vn -0.7362 -0.4396 0.5146
vn -0.5328 -0.7040 0.4695
vn -0.0430 -0.9488 0.3130
vn 0.4205 -0.9027 0.0908
vn -0.8646 -0.4868 -0.1246
vn -0.6571 -0.7265 -0.2012
vn -0.2300 -0.9123 -0.3387
vn 0.3179 -0.7988 -0.5108
vn -0.5944 -0.3432 -0.7273
vn -0.6394 -0.3193 -0.6994
vn -0.2790 -0.4105 -0.8681
vn 0.2413 -0.0544 -0.9689
vn 0.7146 -0.3772 -0.5891
vn 0.7126 0.0664 -0.6984
vn 0.8184 -0.3137 -0.4815
vn 0.8032 -0.0038 -0.5956
vn 0.5077 -0.3342 -0.7941
vn 0.0942 -0.2100 -0.9732
vn 0.2619 -0.4119 -0.8728
vn 0.2149 -0.9191 -0.3304
vn 0.1717 -0.9582 -0.2289
vn 0.4451 -0.8953 0.0151
vn 0.7482 -0.5439 0.3800
vn 0.9473 0.0474 0.3168
vn 0.9524 -0.2911 -0.0907
vn 0.8143 0.2289 -0.5334
vn 0.2510 -0.3296 -0.9101
vn 0.8988 0.4167 -0.1364
vn 0.5168 0.0163 -0.8559
vn 0.6830 -0.4427 -0.5809
vn 0.9989 -0.0371 0.0288
vn 0.6736 0.2881 0.6806
vn 0.9429 0.3095 0.1231
vn 0.5076 -0.8135 -0.2837
vn 0.4275 -0.3194 -0.8457
vn 0.3514 -0.4231 -0.8352
vn 0.4088 -0.2435 -0.8795
vn 0.6584 -0.4034 -0.6355
vn 0.8644 -0.4040 -0.2993
vn 0.9007 0.0970 -0.4234
vn 0.4123 -0.8643 -0.2879
vn 0.5280 0.7185 -0.4527
vn 0.6612 0.7278 -0.1823
vn 0.7433 0.6626 0.0921
vn 0.9725 -0.1927 -0.1310
vn 0.8319 0.0526 -0.5525
vn 0.9566 -0.2572 -0.1367
vn 0.8867 -0.3402 0.3131
vn 0.9436 -0.2283 0.2399
vn 0.8867 -0.3403 0.3131
vn 0.9567 -0.2577 -0.1355
vn 0.9983 0.0583 -0.0009
vn 0.8877 0.0816 0.4532
vn 0.9983 0.0582 -0.0021
vn 0.8347 0.0734 -0.5459
vn 0.7793 -0.5490 -0.3021
vn 0.7987 0.1578 0.5807
vn 0.2887 -0.0968 0.9525
vn 0.7999 0.1585 0.5789
vn 0.2525 -0.7107 0.6566
vn 0.3634 -0.0178 0.9315
vn 0.3363 0.1456 0.9304
vn 0.2598 0.1353 0.9561
vn 0.2892 -0.0981 0.9522
vn -0.5670 0.7687 -0.2958
vn -0.3829 0.8508 -0.3598
vn -0.3576 0.8732 -0.3312
vn -0.0461 0.9232 -0.3815
vn 0.2499 0.8121 -0.5273
vn 0.5240 0.5695 -0.6333
vn 0.5805 0.4017 -0.7083
vn 0.5511 0.4253 -0.7180
vn 0.3435 -0.3412 -0.8750
vn 0.3922 -0.2910 -0.8726
vn 0.8231 -0.0718 -0.5633
vn -0.1120 -0.3316 -0.9368
vn -0.0693 -0.3417 -0.9372
vn 0.1932 -0.9786 0.0705
vn -0.0926 -0.8829 -0.4604
vn 0.4020 -0.9124 -0.0765
vn 0.1009 -0.8327 -0.5445
vn -0.4321 -0.8636 -0.2596
vn -0.4620 -0.8469 0.2631
vn -0.8467 -0.5191 -0.1165
vn -0.8238 -0.3905 0.4109
vn -0.9143 -0.3865 -0.1208
vn -0.2316 -0.5905 -0.7731
vn -0.3281 -0.6395 -0.6952
vn -0.5260 -0.5922 -0.6103
vn -0.7024 -0.4468 -0.5541
vn -0.7524 -0.3312 -0.5693
vn 0.8385 -0.3631 0.4063
vn 0.8317 -0.4016 0.3835
vn 0.8971 0.0216 -0.4412
vn 0.8724 -0.4138 -0.2602
vn 0.5158 -0.6319 0.5784
vn 0.5076 -0.8398 -0.1924
vn 0.1876 -0.3287 0.9256
vn 0.4941 -0.3894 0.7773
vn 0.6528 0.2399 0.7185
vn 0.3635 -0.9109 0.1953
vn 0.1678 -0.9777 0.1263
vn 0.5591 -0.0790 0.8253
vn 0.0312 0.2184 0.9754
vn 0.5586 -0.0777 0.8258
vn 0.2944 -0.6559 0.6950
vn 0.7727 -0.3452 0.5327
vn -0.3323 -0.8386 0.4317
vn -0.0338 -0.5098 0.8596
vn 0.5635 -0.3734 0.7369
vn -0.7041 -0.4441 0.5540
vn 0.1006 -0.4111 0.9060
vn 0.3875 0.2192 0.8954
vn -0.8073 -0.2209 0.5473
vn 0.6308 0.7424 0.2257
vn 0.2785 0.7580 0.5897
vn 0.6122 0.7670 0.1924
vn 0.8706 0.1625 -0.4643
vn 0.6829 0.5941 -0.4250
vn 0.2244 0.9187 0.3251
vn 0.1876 0.8622 -0.4706
vn 0.0053 0.6416 0.7670
vn 0.0057 0.9933 -0.1156
vn -0.1966 0.9618 -0.1905
vn 0.4462 0.5216 0.7273
vn 0.0501 0.1180 0.9918
vn 0.0022 0.8974 0.4412
vn 0.4459 0.5210 0.7278
vn 0.5679 0.7426 0.3550
vn -0.6320 0.7558 0.1713
vn -0.2617 0.7028 0.6615
vn 0.3511 0.7559 0.5526
vn -0.8465 0.3135 0.4302
vn -0.1040 0.6775 0.7282
vn -0.8634 0.0777 0.4984
vn 0.9726 -0.1925 -0.1307
vn 0.7177 -0.5130 0.4709
vn -0.7287 0.6624 0.1739
vn -0.8532 0.4257 0.3014
vn -0.8918 0.2133 0.3989
vn -0.9025 0.1783 0.3920
vn -0.3650 0.9225 -0.1258
vn -0.3334 0.9322 -0.1410
vn 0.1739 0.8750 -0.4518
vn 0.1805 0.8764 -0.4465
vn 0.6103 0.4852 -0.6262
vn 0.6015 0.4935 -0.6283
vn 0.7337 0.2396 -0.6358
vn 0.7337 0.2395 -0.6358
vn -0.0828 0.9965 -0.0135
vn 0.5715 0.7466 -0.3406
vn 0.0581 0.9983 0.0100
vn 0.7085 0.6274 -0.3231
vn 0.8022 0.4530 -0.3889
vn 0.8298 0.4145 -0.3737
vn -0.4241 0.8327 0.3559
vn -0.3606 0.8296 0.4264
vn 0.7361 0.4849 -0.4722
vn 0.4124 0.8418 -0.3483
vn -0.2024 0.9792 -0.0123
vn -0.4904 0.8225 0.2880
vn -0.5543 0.6597 0.5076
vn -0.5609 0.7013 0.4399
vn -0.7253 0.3129 0.6133
vn -0.6510 0.4795 0.5885
vn -0.5273 0.6768 0.5136
vn -0.3257 0.8095 0.4885
vn -0.7404 0.2111 0.6381
vn -0.7542 0.1643 0.6357
vn 0.1235 0.9659 0.2277
vn 0.1773 0.9343 0.3094
vn 0.5390 0.8334 -0.1218
vn 0.6478 0.6995 -0.3017
vn 0.7639 0.5240 -0.3766
vn 0.8143 0.3960 -0.4244
vn 0.8415 0.3246 -0.4319
vn 0.8498 0.2817 -0.4455
vn -0.0543 0.9191 0.3903
vn -0.3906 0.8925 -0.2254
vn -0.2901 0.6570 0.6959
vn -0.8404 0.4975 0.2149
vn -0.4294 0.3199 0.8446
vn -0.9082 0.2284 0.3509
vn -0.8974 0.2473 0.3653
vn -0.8016 0.5616 0.2051
vn -0.3413 0.9146 -0.2168
vn -0.2631 0.9436 -0.2008
vn -0.7577 0.6253 0.1870
vn -0.8860 0.2625 0.3822
vn -0.8269 0.4770 0.2979
vn -0.8769 0.2708 0.3971
vn -0.3855 0.9210 -0.0554
vn 0.1562 0.9298 -0.3332
vn -0.8726 0.2860 0.3960
vn -0.7737 0.5777 0.2601
vn -0.3940 0.9191 0.0080
vn 0.0679 0.9741 -0.2156
vn -0.9721 0.0856 -0.2182
vn -0.8589 0.3471 -0.3766
vn -0.5181 0.6202 -0.5891
vn 0.0436 0.6610 -0.7492
vn -0.6342 -0.1309 -0.7620
vn -0.6695 -0.1593 -0.7256
vn -0.3557 -0.0031 -0.9346
vn 0.2620 -0.1646 -0.9509
vn 0.5677 0.4048 -0.7168
vn 0.7291 -0.0217 -0.6841
vn 0.6808 0.4185 -0.6012
vn 0.7829 0.1044 -0.6134
vn 0.4015 0.2306 -0.8864
vn 0.0699 -0.0803 -0.9943
vn 0.1482 0.1893 -0.9707
vn -0.1054 0.7865 -0.6085
vn -0.1654 0.8367 -0.5221
vn 0.0979 0.9530 -0.2867
vn 0.4842 0.8619 0.1504
vn 0.8828 0.3908 0.2608
vn 0.7913 0.5662 -0.2308
vn 0.8720 -0.0780 -0.4832
vn 0.1703 0.1000 -0.9803
vn 0.9943 -0.0922 -0.0536
vn 0.5378 -0.0947 -0.8377
vn 0.5146 0.4540 -0.7274
vn 0.9176 0.3952 -0.0418
vn 0.6915 0.1933 0.6961
vn 0.9826 0.0982 0.1576
vn 0.2023 0.8109 -0.5490
vn 0.3348 0.1732 -0.9262
vn 0.2265 0.2412 -0.9437
vn 0.3463 0.0891 -0.9339
vn 0.5086 0.3937 -0.7657
vn 0.6811 0.5708 -0.4585
vn 0.8996 0.1028 -0.4245
vn 0.0955 0.8208 -0.5632
vn 0.7734 -0.5868 -0.2396
vn 0.8854 -0.4647 0.0123
vn 0.9231 -0.2937 0.2482
vn 0.8471 0.4743 -0.2399
vn 0.8272 0.0779 -0.5565
vn 0.8099 0.5238 -0.2641
vn 0.6890 0.7108 0.1416
vn 0.7863 0.6092 0.1029
vn 0.8097 0.5246 -0.2631
vn 0.9527 0.3013 -0.0407
vn 0.8313 0.3814 0.4042
vn 0.9527 0.3010 -0.0418
vn 0.8367 0.0627 -0.5441
vn 0.5505 0.6678 -0.5010
vn 0.7679 0.3220 0.5538
vn 0.1802 0.4808 0.8581
vn -0.0538 0.9191 0.3904
vn 0.7693 0.3211 0.5523
vn 0.2790 0.4309 0.8582
vn 0.3116 0.2766 0.9090
vn 0.2351 0.2665 0.9347
vn 0.1802 0.4819 0.8575
vn -0.0356 -0.9977 -0.0576
vn -0.2401 -0.9707 -0.0116
vn -0.0055 -0.9997 -0.0253
vn 0.3056 -0.9491 -0.0757
vn 0.5512 -0.7910 -0.2655
vn 0.7273 -0.5123 -0.4566
vn 0.7250 -0.3673 -0.5827
vn 0.7063 -0.4016 -0.5829
vn 0.7755 0.1815 -0.6047
vn 0.3138 0.1276 -0.9409
vn 0.2509 0.1540 -0.9557
vn -0.1675 -0.0346 -0.9853
vn -0.1314 -0.0110 -0.9913
vn -0.1686 0.6040 -0.7790
vn -0.3723 0.6053 -0.7036
vn 0.0567 0.9246 -0.3766
vn -0.1700 0.9545 -0.2451
vn -0.6942 0.5299 -0.4872
vn -0.7461 0.6656 0.0159
vn -0.9674 0.1229 -0.2215
vn -0.9309 0.1798 0.3178
vn -0.9833 -0.0193 -0.1807
vn -0.3804 0.2020 -0.9025
vn -0.4925 0.2343 -0.8382
vn -0.6654 0.1489 -0.7314
vn -0.7817 -0.0244 -0.6232
vn -0.7866 -0.1490 -0.5992
vn 0.8472 0.4742 -0.2395
vn 0.4610 0.8520 0.2481
vn -0.8020 -0.3563 0.4793
vn -0.6638 -0.5855 0.4654
vn -0.7801 -0.3813 0.4961
vn -0.4559 -0.7894 0.4111
vn -0.0070 -0.9827 0.1853
vn 0.0266 -0.9847 0.1721
vn 0.4983 -0.8502 -0.1701
vn 0.5045 -0.8475 -0.1650
vn 0.7776 -0.4052 -0.4808
vn 0.7725 -0.4159 -0.4798
vn 0.8065 -0.1475 -0.5726
vn 0.8064 -0.1474 -0.5727
vn 0.9021 -0.4027 -0.1548
vn 0.8174 -0.5619 -0.1269
vn 0.4070 -0.8580 0.3132
vn 0.2761 -0.9136 0.2984
vn 0.9317 -0.2359 -0.2763
vn 0.9429 -0.1873 -0.2754
vn -0.1218 -0.7761 0.6187
vn -0.0677 -0.7292 0.6809
vn 0.8861 -0.3130 -0.3418
vn 0.7031 -0.7046 -0.0958
vn 0.1583 -0.9404 0.3011
vn -0.1833 -0.8115 0.5549
vn -0.3133 -0.6227 0.7170
vn -0.3019 -0.6828 0.6653
vn -0.0458 -0.6799 0.7318
vn -0.4720 -0.4728 0.7441
vn -0.2824 -0.6264 0.7265
vn -0.6017 -0.3444 0.7207
vn -0.6533 -0.2523 0.7139
vn -0.6827 -0.2165 0.6979
vn 0.4440 -0.7394 0.5061
vn 0.4783 -0.6673 0.5709
vn 0.8053 -0.5827 0.1093
vn 0.8698 -0.4813 -0.1088
vn 0.9204 -0.3083 -0.2406
vn 0.9248 -0.1922 -0.3283
vn 0.9254 -0.1218 -0.3590
vn 0.9188 -0.0852 -0.3855
vn -0.2519 -0.7109 0.6566
vn 0.0357 -0.9959 0.0829
vn 0.0786 -0.4688 0.8798
vn 0.6208 -0.6708 0.4057
vn 0.3363 -0.1747 0.9254
vn 0.7872 -0.4152 0.4560
vn 0.7714 -0.4236 0.4748
vn 0.5613 -0.7167 0.4139
vn -0.0176 -0.9953 0.0950
vn -0.0999 -0.9884 0.1147
vn 0.4969 -0.7629 0.4137
vn 0.7560 -0.4280 0.4953
vn 0.6203 -0.6224 0.4774
vn 0.7457 -0.4274 0.5111
vn 0.0307 -0.9670 0.2529
vn -0.4931 -0.8691 -0.0390
vn 0.7362 -0.4396 0.5146
vn 0.5328 -0.7040 0.4695
vn 0.0430 -0.9487 0.3131
vn -0.4205 -0.9027 0.0908
vn 0.8645 -0.4868 -0.1250
vn 0.6571 -0.7265 -0.2012
vn 0.2300 -0.9123 -0.3387
vn -0.3179 -0.7988 -0.5107
vn 0.5944 -0.3432 -0.7273
vn 0.6394 -0.3193 -0.6994
vn 0.2791 -0.4104 -0.8681
vn -0.2413 -0.0544 -0.9689
vn -0.7146 -0.3771 -0.5892
vn -0.7125 0.0666 -0.6985
vn -0.8184 -0.3137 -0.4815
vn -0.8032 -0.0038 -0.5956
vn -0.5077 -0.3342 -0.7941
vn -0.0942 -0.2100 -0.9732
vn -0.2615 -0.4134 -0.8722
vn -0.2151 -0.9193 -0.3296
vn -0.1717 -0.9582 -0.2289
vn -0.4451 -0.8953 0.0151
vn -0.7482 -0.5439 0.3800
vn -0.9473 0.0474 0.3168
vn -0.9524 -0.2911 -0.0907
vn -0.8143 0.2289 -0.5334
vn -0.2509 -0.3296 -0.9102
vn -0.8988 0.4166 -0.1364
vn -0.5168 0.0163 -0.8559
vn -0.6830 -0.4427 -0.5809
vn -0.9989 -0.0371 0.0288
vn -0.6736 0.2881 0.6806
vn -0.9429 0.3094 0.1231
vn -0.5076 -0.8135 -0.2837
vn -0.4274 -0.3194 -0.8457
vn -0.3514 -0.4231 -0.8352
vn -0.4088 -0.2435 -0.8795
vn -0.6584 -0.4034 -0.6355
vn -0.8644 -0.4040 -0.2993
vn -0.9007 0.0970 -0.4234
vn -0.4123 -0.8643 -0.2879
vn -0.5280 0.7185 -0.4527
vn -0.6612 0.7278 -0.1823
vn -0.7433 0.6626 0.0921
vn -0.9725 -0.1928 -0.1310
vn -0.8319 0.0526 -0.5525
vn -0.9566 -0.2572 -0.1367
vn -0.8867 -0.3402 0.3130
vn -0.9437 -0.2281 0.2395
vn -0.9567 -0.2577 -0.1355
vn -0.9983 0.0584 -0.0009
vn -0.8877 0.0816 0.4532
vn -0.9983 0.0583 -0.0021
vn -0.8347 0.0734 -0.5459
vn -0.7793 -0.5490 -0.3021
vn -0.7987 0.1577 0.5807
vn -0.2887 -0.0968 0.9525
vn -0.2524 -0.7107 0.6566
vn -0.7999 0.1585 0.5789
vn -0.3633 -0.0178 0.9315
vn -0.3363 0.1456 0.9304
vn -0.2598 0.1353 0.9561
vn -0.2892 -0.0981 0.9522
vn 0.3829 0.8509 -0.3597
vn 0.5670 0.7687 -0.2958
vn 0.3575 0.8732 -0.3312
vn 0.0461 0.9232 -0.3815
vn -0.2499 0.8121 -0.5274
vn -0.5240 0.5695 -0.6333
vn -0.5805 0.4017 -0.7083
vn -0.5511 0.4253 -0.7180
vn -0.8231 -0.0718 -0.5633
vn -0.3922 -0.2910 -0.8726
vn -0.3435 -0.3412 -0.8750
vn 0.1121 -0.3317 -0.9367
vn 0.0693 -0.3417 -0.9372
vn -0.1009 -0.8327 -0.5444
vn 0.0927 -0.8828 -0.4605
vn -0.4020 -0.9124 -0.0765
vn -0.1932 -0.9786 0.0705
vn 0.4322 -0.8636 -0.2597
vn 0.4618 -0.8471 0.2630
vn 0.8468 -0.5190 -0.1164
vn 0.8238 -0.3905 0.4109
vn 0.9143 -0.3865 -0.1208
vn 0.2317 -0.5905 -0.7730
vn 0.3282 -0.6393 -0.6954
vn 0.5261 -0.5919 -0.6106
vn 0.7024 -0.4468 -0.5540
vn 0.7526 -0.3312 -0.5692
vn -0.8724 -0.4138 -0.2602
vn -0.8317 -0.4016 0.3835
vn -0.8971 0.0216 -0.4412
vn -0.8385 -0.3631 0.4063
vn -0.5158 -0.6319 0.5784
vn -0.5075 -0.8399 -0.1924
vn -0.1876 -0.3287 0.9256
vn -0.4941 -0.3894 0.7773
vn -0.6528 0.2399 0.7186
vn -0.3635 -0.9109 0.1953
vn -0.1678 -0.9777 0.1262
vn -0.5591 -0.0791 0.8253
vn -0.0312 0.2184 0.9754
vn -0.2941 -0.6561 0.6950
vn -0.5587 -0.0784 0.8257
vn -0.7725 -0.3455 0.5328
vn 0.3323 -0.8386 0.4317
vn 0.0339 -0.5099 0.8596
vn -0.5634 -0.3734 0.7370
vn 0.7041 -0.4441 0.5540
vn -0.1006 -0.4112 0.9060
vn -0.3875 0.2192 0.8954
vn 0.8073 -0.2209 0.5473
vn -0.6528 0.2399 0.7185
vn -0.2785 0.7581 0.5897
vn -0.6308 0.7424 0.2257
vn -0.6122 0.7670 0.1924
vn -0.8706 0.1625 -0.4643
vn -0.6830 0.5941 -0.4250
vn -0.2244 0.9187 0.3251
vn -0.1876 0.8622 -0.4706
vn -0.0053 0.6416 0.7670
vn -0.0056 0.9933 -0.1156
vn 0.1966 0.9618 -0.1905
vn -0.4461 0.5217 0.7272
vn -0.0501 0.1180 0.9917
vn -0.4460 0.5205 0.7281
vn -0.0009 0.8976 0.4408
vn -0.5680 0.7425 0.3551
vn 0.6320 0.7558 0.1713
vn 0.2617 0.7028 0.6615
vn -0.3511 0.7559 0.5526
vn 0.8465 0.3136 0.4302
vn 0.1040 0.6775 0.7282
vn 0.8634 0.0777 0.4984
vn -0.9726 -0.1925 -0.1307
vn -0.7177 -0.5130 0.4709
vn 0.9025 0.1783 0.3920
vn 0.8538 0.4253 0.3003
vn 0.8918 0.2133 0.3989
vn 0.7287 0.6624 0.1739
vn 0.3650 0.9225 -0.1258
vn 0.3335 0.9322 -0.1408
vn -0.1739 0.8749 -0.4519
vn -0.1806 0.8763 -0.4466
vn -0.6102 0.4852 -0.6263
vn -0.6014 0.4935 -0.6283
vn -0.7337 0.2396 -0.6358
vn -0.7085 0.6274 -0.3231
vn -0.5715 0.7466 -0.3406
vn -0.0581 0.9983 0.0100
vn 0.0828 0.9965 -0.0135
vn -0.8021 0.4531 -0.3889
vn -0.8298 0.4145 -0.3737
vn 0.4241 0.8327 0.3559
vn 0.3606 0.8296 0.4264
vn -0.7361 0.4849 -0.4722
vn -0.4124 0.8418 -0.3483
vn 0.2024 0.9792 -0.0123
vn 0.4905 0.8225 0.2880
vn 0.5543 0.6597 0.5075
vn 0.5619 0.7010 0.4393
vn 0.3257 0.8095 0.4885
vn 0.6510 0.4795 0.5885
vn 0.5273 0.6768 0.5136
vn 0.7253 0.3129 0.6133
vn 0.7404 0.2111 0.6381
vn 0.7542 0.1643 0.6357
vn -0.1235 0.9659 0.2277
vn -0.1772 0.9343 0.3094
vn -0.5391 0.8334 -0.1219
vn -0.6478 0.6996 -0.3017
vn -0.7639 0.5240 -0.3766
vn -0.8142 0.3961 -0.4244
vn -0.8415 0.3246 -0.4319
vn -0.8498 0.2817 -0.4455
vn 0.8405 0.4974 0.2149
vn 0.3906 0.8925 -0.2254
vn 0.2901 0.6570 0.6959
vn 0.0543 0.9191 0.3903
vn 0.4294 0.3199 0.8446
vn 0.9082 0.2284 0.3509
vn 0.8974 0.2473 0.3653
vn 0.8016 0.5616 0.2051
vn 0.3413 0.9146 -0.2168
vn 0.2631 0.9436 -0.2008
vn 0.7577 0.6253 0.1870
vn 0.8860 0.2625 0.3822
vn 0.8269 0.4770 0.2979
vn 0.8769 0.2708 0.3971
vn 0.3855 0.9210 -0.0554
vn -0.1562 0.9298 -0.3332
vn 0.8725 0.2861 0.3960
vn 0.7737 0.5777 0.2601
vn 0.3940 0.9191 0.0080
vn -0.0679 0.9741 -0.2156
vn 0.9721 0.0856 -0.2182
vn 0.8589 0.3471 -0.3766
vn 0.5181 0.6202 -0.5891
vn -0.0436 0.6610 -0.7492
vn 0.6342 -0.1309 -0.7620
vn 0.6695 -0.1593 -0.7256
vn 0.3556 -0.0031 -0.9346
vn -0.2620 -0.1646 -0.9509
vn -0.5677 0.4048 -0.7168
vn -0.7292 -0.0207 -0.6840
vn -0.6808 0.4185 -0.6012
vn -0.7829 0.1044 -0.6134
vn -0.4015 0.2306 -0.8864
vn -0.0699 -0.0803 -0.9943
vn -0.1491 0.1880 -0.9708
vn 0.1054 0.7867 -0.6083
vn 0.1655 0.8366 -0.5222
vn -0.0978 0.9530 -0.2867
vn -0.4841 0.8620 0.1503
vn -0.8827 0.3908 0.2608
vn -0.7913 0.5663 -0.2307
vn -0.8720 -0.0780 -0.4833
vn -0.1702 0.1000 -0.9803
vn -0.9943 -0.0925 -0.0537
vn -0.5377 -0.0949 -0.8378
vn -0.5146 0.4539 -0.7274
vn -0.9176 0.3952 -0.0418
vn -0.6914 0.1933 0.6961
vn -0.9826 0.0982 0.1576
vn -0.2023 0.8109 -0.5490
vn -0.3348 0.1733 -0.9262
vn -0.2264 0.2412 -0.9437
vn -0.3463 0.0892 -0.9339
vn -0.5087 0.3938 -0.7657
vn -0.6811 0.5708 -0.4585
vn -0.8996 0.1028 -0.4244
vn -0.0955 0.8208 -0.5632
vn -0.7734 -0.5868 -0.2396
vn -0.8853 -0.4648 0.0123
vn -0.9230 -0.2938 0.2483
vn -0.8471 0.4743 -0.2399
vn -0.8271 0.0779 -0.5566
vn -0.8099 0.5238 -0.2641
vn -0.6890 0.7108 0.1416
vn -0.7861 0.6095 0.1032
vn -0.8097 0.5246 -0.2631
vn -0.9526 0.3013 -0.0407
vn -0.8313 0.3814 0.4042
vn -0.9527 0.3010 -0.0418
vn -0.8367 0.0627 -0.5441
vn -0.5505 0.6678 -0.5010
vn -0.7679 0.3220 0.5538
vn -0.1802 0.4808 0.8581
vn -0.7693 0.3211 0.5523
vn 0.0537 0.9191 0.3903
vn -0.2791 0.4309 0.8581
vn -0.3116 0.2766 0.9090
vn -0.2351 0.2665 0.9347
vn -0.1802 0.4819 0.8575
vn 0.2401 -0.9707 -0.0116
vn 0.0356 -0.9977 -0.0577
vn 0.0055 -0.9997 -0.0253
vn -0.3056 -0.9491 -0.0757
vn -0.5512 -0.7910 -0.2655
vn -0.7273 -0.5123 -0.4566
vn -0.7250 -0.3673 -0.5827
vn -0.7063 -0.4016 -0.5829
vn -0.2509 0.1540 -0.9557
vn -0.3138 0.1276 -0.9409
vn -0.7755 0.1815 -0.6047
vn 0.1674 -0.0347 -0.9853
vn 0.1314 -0.0110 -0.9913
vn 0.1700 0.9545 -0.2451
vn 0.3723 0.6053 -0.7036
vn -0.0567 0.9246 -0.3766
vn 0.1687 0.6039 -0.7790
vn 0.6942 0.5298 -0.4873
vn 0.7465 0.6652 0.0162
vn 0.9674 0.1228 -0.2215
vn 0.9309 0.1798 0.3178
vn 0.9833 -0.0193 -0.1807
vn 0.3804 0.2020 -0.9025
vn 0.4925 0.2343 -0.8382
vn 0.6654 0.1487 -0.7316
vn 0.7816 -0.0245 -0.6232
vn 0.7866 -0.1488 -0.5993
vn -0.8472 0.4742 -0.2395
vn -0.4610 0.8520 0.2481
vn 0.4559 -0.7894 0.4111
vn 0.6632 -0.5853 0.4665
vn 0.7801 -0.3813 0.4961
vn 0.8020 -0.3563 0.4793
vn 0.0070 -0.9827 0.1853
vn -0.0266 -0.9847 0.1721
vn -0.4983 -0.8502 -0.1701
vn -0.5045 -0.8475 -0.1650
vn -0.7776 -0.4052 -0.4808
vn -0.7725 -0.4163 -0.4796
vn -0.8065 -0.1475 -0.5726
vn -0.8064 -0.1474 -0.5727
vn -0.2761 -0.9136 0.2984
vn -0.8175 -0.5618 -0.1269
vn -0.4070 -0.8580 0.3132
vn -0.9021 -0.4027 -0.1548
vn -0.9317 -0.2359 -0.2763
vn -0.9429 -0.1874 -0.2754
vn 0.1218 -0.7761 0.6187
vn 0.0677 -0.7292 0.6809
vn -0.8861 -0.3130 -0.3418
vn -0.7031 -0.7046 -0.0958
vn -0.1583 -0.9404 0.3011
vn 0.1833 -0.8114 0.5549
vn 0.3133 -0.6227 0.7170
vn 0.3018 -0.6828 0.6653
vn 0.6016 -0.3444 0.7207
vn 0.4720 -0.4728 0.7441
vn 0.2824 -0.6264 0.7265
vn 0.0458 -0.6799 0.7318
vn 0.6533 -0.2523 0.7139
vn 0.6827 -0.2165 0.6979
vn -0.4441 -0.7393 0.5061
vn -0.4783 -0.6674 0.5708
vn -0.8053 -0.5828 0.1092
vn -0.8697 -0.4814 -0.1088
vn -0.9204 -0.3083 -0.2406
vn -0.9248 -0.1922 -0.3283
vn -0.9254 -0.1218 -0.3590
vn -0.9188 -0.0852 -0.3855
vn 0.4843 0.6177 0.6196
vn -0.0542 0.7167 0.6952
vn 0.0846 0.9086 0.4091
vn -0.0423 0.8645 0.5009
vn -0.3246 0.9247 0.1990
vn -0.2392 0.9585 -0.1552
vn 0.5285 0.8380 0.1357
vn 0.7834 0.5156 0.3472
vn -0.0530 0.8957 -0.4415
vn -0.6090 0.6642 -0.4335
vn -0.6705 0.7416 -0.0191
vn -0.8361 0.4908 -0.2449
vn -0.8975 0.2434 -0.3677
vn -0.4968 0.8624 -0.0968
vn -0.5954 0.6572 -0.4621
vn -0.8067 0.1645 -0.5676
vn -0.5515 0.3002 -0.7783
vn -0.7013 -0.1897 -0.6871
vn -0.9408 -0.0486 -0.3354
vn -0.9075 -0.2107 -0.3635
vn -0.8419 -0.2692 -0.4677
vn -0.4772 0.0401 -0.8779
vn -0.6579 0.1756 -0.7324
vn -0.4981 -0.4917 -0.7142
vn -0.8120 -0.5532 -0.1859
vn -0.9481 -0.2869 -0.1371
vn -0.9287 -0.3707 0.0069
vn -0.9085 -0.3656 -0.2023
vn -0.8939 -0.4478 -0.0176
vn -0.8929 -0.4087 0.1889
vn -0.5408 -0.8398 0.0482
vn -0.8182 -0.5667 0.0970
vn -0.3370 -0.6879 0.6428
vn -0.6796 -0.4925 0.5437
vn -0.7161 -0.6512 0.2511
vn -0.5382 -0.7264 0.4275
vn -0.5086 -0.4958 0.7040
vn -0.0871 -0.9929 0.0813
vn 0.0289 -0.8583 0.5124
vn 0.2805 -0.5623 0.7779
vn 0.0047 -0.1963 0.9805
vn -0.5473 -0.2430 0.8009
vn -0.1840 -0.8738 -0.4502
vn 0.7333 0.0893 0.6740
vn 0.4176 0.4382 0.7959
vn -0.1822 0.2406 0.9534
vn -0.3990 -0.1037 0.9111
vn -0.0664 0.5605 0.8255
vn 0.1981 0.6965 0.6896
vn -0.0815 0.6507 0.7550
vn 0.7876 0.4482 0.4228
vn 0.0692 0.5871 0.8066
vn -0.0267 0.6193 0.7847
vn 0.0973 0.5824 0.8071
vn 0.1491 0.5487 0.8226
vn -0.0011 0.3803 0.9249
vn 0.0718 0.4160 0.9065
vn 0.0160 0.0721 0.9973
vn -0.1349 -0.0293 0.9904
vn -0.0416 -0.3879 0.9207
vn -0.2132 -0.5019 0.8382
vn -0.1657 -0.7059 0.6886
vn -0.3372 -0.7432 0.5779
vn -0.0594 0.7797 0.6234
vn -0.0011 0.7955 0.6060
vn -0.0763 0.8708 0.4857
vn -0.0114 0.8892 0.4573
vn -0.1521 0.9625 0.2245
vn -0.0125 0.9924 0.1221
vn -0.1324 0.9764 -0.1706
vn -0.0301 0.9797 -0.1984
vn -0.0875 0.8655 -0.4932
vn -0.2372 0.8075 -0.5401
vn -0.0454 0.5549 -0.8307
vn -0.2361 0.4225 -0.8751
vn -0.1810 0.3019 -0.9360
vn -0.1377 0.4460 -0.8844
vn -0.3718 0.6243 -0.6870
vn -0.0175 0.4839 0.8749
vn -0.4795 0.0890 0.8730
vn 0.1047 -0.0761 0.9916
vn -0.5531 0.6185 0.5581
vn -0.8610 0.1729 0.4783
vn -0.0600 0.8950 0.4419
vn 0.6946 0.1314 0.7072
vn 0.6174 0.6666 0.4177
vn 0.9433 0.2793 0.1794
vn 0.4669 -0.4421 0.7658
vn 0.8851 0.0211 0.4649
vn -0.1221 -0.5481 0.8275
vn 0.1469 -0.8787 0.4541
vn -0.3369 -0.8695 0.3612
vn -0.7668 -0.3580 0.5328
vn -0.3647 0.9311 0.0024
vn 0.1952 0.9784 -0.0686
vn -0.0888 0.8324 -0.5470
vn -0.5536 0.6827 -0.4770
vn 0.1999 0.8614 -0.4670
vn -0.8705 0.4894 0.0515
vn -0.8468 0.1654 -0.5055
vn -0.9884 -0.1330 0.0729
vn -0.8321 -0.4291 -0.3515
vn 0.3416 0.8893 -0.3040
vn -0.2740 -0.9616 -0.0167
vn -0.6863 -0.7272 0.0135
vn -0.4751 -0.7555 -0.4510
vn -0.0773 0.5688 -0.8189
vn -0.3393 0.3901 -0.8560
vn -0.4550 -0.2394 -0.8577
vn -0.2378 -0.4929 -0.8370
vn -0.4193 -0.7812 -0.4624
vn -0.1553 0.0597 -0.9861
vn 0.9507 0.2906 0.1080
vn 0.5230 0.8414 0.1360
vn 0.8172 -0.5599 0.1369
vn 0.4235 -0.7336 -0.5315
vn 0.9104 -0.4130 -0.0239
vn 0.4451 -0.7582 -0.4764
vn 0.4556 -0.8015 -0.3872
vn 0.6405 -0.6811 0.3546
vn 0.4604 -0.7949 0.3952
vn 0.2510 -0.8920 -0.3760
vn -0.1815 -0.7754 0.6049
vn 0.2985 -0.8948 0.3319
vn 0.8777 -0.1003 0.4685
vn 0.9558 -0.1117 0.2721
vn 0.6532 -0.1256 0.7467
vn 0.6003 -0.2347 0.7645
vn 0.0033 -0.3542 0.9352
vn -0.9029 0.3073 0.3005
vn -0.7438 -0.6503 -0.1548
vn -0.7878 0.6104 0.0830
vn -0.4744 0.8426 -0.2549
vn -0.4715 0.4857 -0.7360
vn -0.3132 0.2473 -0.9169
vn -0.5463 0.7753 -0.3168
vn -0.7412 0.2237 0.6329
vn -0.1803 0.9714 0.1546
vn -0.2814 0.9160 0.2859
vn -0.0149 -0.6333 -0.7738
vn 0.2991 -0.7897 -0.5356
vn -0.0251 -0.2190 -0.9754
vn 0.4008 -0.8613 -0.3125
vn 0.2862 -0.9568 -0.0507
vn 0.3790 -0.9086 -0.1754
vn 0.1786 -0.7127 -0.6783
vn -0.4595 0.0641 -0.8859
vn 0.0154 -0.6953 -0.7186
vn -0.0259 0.1592 -0.9869
vn -0.6625 0.6902 -0.2910
vn -0.1261 0.8794 -0.4590
vn -0.2708 0.9121 0.3078
vn 0.0543 0.9858 0.1588
vn 0.6841 0.4405 -0.5814
vn 0.8517 0.0677 -0.5196
vn 0.4223 0.8884 -0.1799
vn -0.2079 -0.6473 -0.7333
vn 0.2074 -0.8697 -0.4480
vn 0.2699 0.7692 0.5792
vn 0.2971 0.4804 0.8252
vn 0.5244 0.2165 0.8235
vn 0.6203 0.3754 0.6887
vn 0.4245 0.7121 0.5593
vn 0.4065 0.7398 0.5362
vn 0.7358 -0.2740 0.6194
vn 0.6404 -0.3596 0.6786
vn 0.8464 -0.0600 0.5291
vn 0.6472 0.3792 0.6613
vn 0.1682 0.5268 0.8332
vn 0.2888 0.5400 0.7906
vn 0.0376 0.8032 0.5946
vn 0.3441 0.6330 0.6934
vn 0.0322 0.9361 0.3502
vn 0.3253 0.9000 0.2901
vn -0.2014 0.8258 0.5268
vn 0.6341 -0.0972 0.7671
vn 0.0035 -0.3536 0.9354
vn -0.2927 -0.0377 0.9555
vn -0.2326 -0.3884 -0.8917
vn -0.1675 -0.7035 -0.6906
vn -0.2350 -0.0247 -0.9717
vn -0.1813 0.0053 -0.9834
vn -0.0226 -0.6947 -0.7189
vn -0.3777 0.5689 -0.7305
vn -0.5663 0.3956 -0.7231
vn -0.3143 0.6435 -0.6979
vn -0.7447 -0.6497 -0.1527
vn -0.2246 -0.6509 -0.7252
vn 0.2495 -0.8916 -0.3779
vn -0.3147 -0.5471 -0.7756
vn -0.3888 -0.4078 -0.8262
vn -0.2268 -0.6500 -0.7253
vn -0.3888 -0.4078 -0.8261
vn -0.4199 -0.1783 -0.8899
vn 0.4009 -0.8608 -0.3135
vn 0.3480 -0.2017 -0.9155
vn -0.0229 -0.2190 -0.9755
vn -0.1061 -0.9884 -0.1083
vn -0.9439 -0.3055 0.1252
vn 0.0702 -0.9674 -0.2433
vn -0.9939 -0.0021 0.1102
vn -0.1995 -0.9692 -0.1443
vn -0.9991 0.0368 -0.0212
vn -0.3535 -0.9339 0.0530
vn -0.9423 0.0715 -0.3270
vn -0.7845 -0.2614 -0.5623
vn -0.2999 -0.8819 0.3637
vn -0.4307 -0.6683 -0.6065
vn -0.1133 -0.6610 0.7418
vn -0.2750 0.5784 -0.7680
vn -0.4095 0.8325 -0.3731
vn 0.0732 0.1813 -0.9807
vn 0.7855 0.2624 -0.5605
vn -0.4884 0.8720 -0.0337
vn -0.2590 0.9656 0.0241
vn -0.3658 0.9170 0.1590
vn 0.4696 -0.5797 0.6659
vn 0.6618 -0.7362 0.1415
vn 0.7214 -0.6550 -0.2246
vn 0.7378 -0.6066 -0.2962
vn 0.7277 -0.6448 -0.2340
vn 0.7032 0.5932 -0.3918
vn 0.7484 0.6310 -0.2041
vn 0.7382 0.6667 -0.1023
vn 0.7175 0.6674 -0.1996
vn 0.7550 0.6506 -0.0817
vn 0.9717 0.1298 -0.1974
vn 0.9923 0.0993 -0.0739
vn 0.9833 0.1283 0.1291
vn 0.9045 0.3528 0.2395
vn 0.9156 0.4017 -0.0198
vn 0.9685 0.2328 -0.0888
vn -0.8001 -0.5964 -0.0638
vn -0.7571 0.6458 0.0982
vn -0.9019 -0.4187 -0.1066
vn -0.6871 0.7263 0.0181
vn 0.1464 -0.9859 -0.0811
vn 0.4678 -0.8663 -0.1754
vn -0.9538 -0.2416 -0.1785
vn -0.4938 0.8532 -0.1682
vn 0.1184 -0.9917 0.0500
vn -0.4032 0.7875 -0.4660
vn -0.8644 -0.1170 -0.4891
vn -0.1825 -0.9651 0.1877
vn -0.1824 0.5781 -0.7954
vn -0.6292 -0.4364 -0.6432
vn -0.0746 -0.9573 0.2792
vn -0.0880 0.0474 -0.9950
vn 0.4666 -0.5726 0.6742
vn 0.7001 -0.6112 0.3693
vn 0.6805 -0.0329 0.7320
vn 0.8243 -0.5425 0.1622
vn 0.8284 -0.5574 -0.0555
vn 0.8339 -0.5377 -0.1244
vn 0.6028 0.7903 -0.1100
vn 0.7052 0.6983 0.1228
vn 0.8441 0.3460 0.4096
vn 0.6797 -0.0349 0.7326
vn 0.9168 0.2001 0.3455
vn 0.9212 0.3181 0.2242
vn 0.3891 0.9159 0.0989
vn 0.6078 0.7840 0.1264
vn 0.9536 0.2881 0.0876
vn 0.4610 0.8840 0.0777
vn 0.9316 0.3634 -0.0126
vn 0.5101 -0.8487 -0.1395
vn -0.1352 -0.8667 -0.4802
vn 0.0573 -0.7167 -0.6951
vn -0.2979 -0.0701 -0.9520
vn 0.1326 -0.3206 -0.9379
vn 0.9303 -0.2425 -0.2751
vn 0.3853 0.0929 -0.9181
vn 0.9740 -0.1253 -0.1888
vn 0.6202 -0.7843 -0.0100
vn -0.4337 -0.8022 0.4104
vn -0.5801 -0.7432 0.3335
vn -0.8137 -0.1767 0.5537
vn -0.7668 -0.2890 0.5731
vn -0.1633 -0.9221 0.3507
vn -0.8572 -0.0365 0.5136
vn -0.7561 -0.5058 0.4154
vn -0.8468 -0.1611 0.5069
vn 0.8985 -0.4300 -0.0882
vn 0.9825 -0.0196 -0.1851
vn 0.3746 0.1672 -0.9120
vn -0.2990 -0.0705 -0.9517
vn -0.0454 0.9969 -0.0642
vn -0.1218 0.9841 -0.1295
vn -0.0640 0.9939 -0.0898
vn -0.1765 0.9742 -0.1403
vn 0.0159 0.9999 -0.0000
vn 0.0303 0.9992 0.0257
vn 0.0333 0.9970 0.0701
vn 0.0253 0.9934 0.1115
vn 0.0220 0.9988 0.0448
vn -0.7030 -0.6799 0.2084
vn -0.2775 -0.8377 -0.4704
vn 0.3621 -0.9273 -0.0953
vn 0.5418 -0.8194 0.1869
vn -0.5077 -0.6844 0.5234
vn 0.0046 -0.7675 -0.6410
vn -0.7470 -0.4849 -0.4548
vn 0.4400 -0.7809 0.4434
vn -0.8075 -0.2725 0.5232
vn -0.9384 0.1845 0.2922
vn -0.9379 0.1380 0.3183
vn 0.8494 -0.5264 -0.0368
vn 0.6837 -0.7051 -0.1881
vn -0.2959 -0.2387 -0.9249
vn 0.0670 -0.5725 -0.8172
vn -0.7926 -0.1910 -0.5791
vn 0.9086 -0.3901 0.1492
vn -0.9314 0.0129 0.3638
vn 0.1751 0.9845 -0.0103
vn 0.2359 0.9699 0.0608
vn 0.2229 0.9733 -0.0557
vn 0.0783 0.9547 -0.2871
vn -0.0459 0.9281 -0.3696
vn 0.1191 0.9868 0.1093
vn 0.3625 0.9315 0.0285
vn -0.1273 0.8644 -0.4865
vn -0.1833 0.8868 -0.4243
vn 0.1681 -0.7998 0.5763
vn 0.4479 -0.7398 0.5021
vn 0.2851 -0.5295 0.7990
vn 0.7611 -0.4234 0.4913
vn 0.7090 -0.6775 0.1960
vn 0.9071 -0.4206 -0.0138
vn 0.6059 -0.7494 -0.2668
vn 0.6576 -0.5062 -0.5580
vn 0.2536 -0.6284 -0.7354
vn 0.2282 -0.8381 -0.4955
vn -0.2269 -0.7375 -0.6361
vn -0.1350 -0.9289 -0.3448
vn -0.5665 -0.7959 -0.2136
vn -0.3134 -0.9492 -0.0288
vn -0.5484 -0.8160 0.1829
vn -0.3017 -0.9332 0.1950
vn 0.7230 0.2066 0.6592
vn 0.9700 0.2424 0.0160
vn 0.7341 0.1552 -0.6611
vn 0.1313 -0.0513 -0.9900
vn -0.4287 -0.1656 -0.8881
vn -0.8908 -0.2354 -0.3886
vn -0.9341 -0.2486 0.2561
vn 0.6264 0.7793 0.0208
vn 0.3788 0.7684 0.5158
vn 0.0326 0.1341 0.9904
vn -0.0956 -0.4859 0.8688
vn -0.2564 0.0128 0.9665
vn -0.3271 0.5143 0.7928
vn -0.0792 0.7429 0.6648
vn 0.5215 0.7182 -0.4607
vn 0.0814 0.6138 -0.7853
vn -0.4404 0.5196 -0.7321
vn -0.8227 0.4315 -0.3700
vn -0.9202 0.3839 0.0770
vn -0.2282 0.8649 0.4470
vn 0.0550 0.9243 0.3778
vn 0.3209 0.9430 0.0877
vn 0.2587 0.8849 -0.3873
vn -0.1453 0.7743 -0.6160
vn -0.4733 0.7092 -0.5225
vn -0.6528 0.6855 -0.3224
vn -0.7051 0.7091 0.0016
vn -0.8566 0.3741 0.3553
vn -0.8654 -0.1651 0.4731
vn -0.6178 -0.6569 0.4322
vn -0.2580 -0.9385 -0.2295
vn -0.2678 -0.7082 -0.6533
vn -0.3511 -0.3025 -0.8861
vn -0.4584 -0.3360 -0.8228
vn -0.8323 -0.4006 -0.3832
vn -0.4047 -0.9129 -0.0523
vn -0.7689 -0.3159 0.5559
vn -0.3085 -0.8721 0.3798
vn -0.1159 -0.4508 0.8851
vn 0.0530 -0.0899 0.9945
vn 0.5218 -0.6467 0.5563
vn 0.7553 0.0495 0.6535
vn 0.6750 -0.6932 0.2526
vn 0.9917 0.0606 0.1136
vn -0.7352 -0.3167 -0.5994
vn -0.7464 -0.6653 -0.0178
vn -0.7965 -0.2474 -0.5517
vn 0.5192 -0.5515 0.6528
vn 0.6745 -0.6938 0.2523
vn -0.0132 -0.5390 0.8422
vn 0.6440 0.1137 0.7566
vn 0.9244 0.0870 0.3715
vn 0.9244 0.0870 0.3714
vn 0.9919 0.0605 0.1114
vn 0.9970 0.0532 -0.0567
vn 0.9965 0.0552 -0.0627
vn 0.6243 0.1403 0.7685
vn -0.9185 -0.2916 0.2669
vn -0.9182 -0.2915 0.2680
vn -0.7887 -0.3023 -0.5353
vn -0.7915 -0.1314 -0.5968
vn -0.2240 0.1192 0.9673
vn 0.5801 0.2147 0.7857
vn 0.6439 0.1137 0.7566
vn -0.2252 0.1190 0.9670
vn 0.5556 0.2669 0.7874
vn -0.9553 0.2756 0.1068
vn -0.7935 -0.1657 -0.5856
vn -0.6449 0.7447 -0.1716
vn -0.4079 -0.0032 -0.9130
vn -0.1396 0.6553 0.7424
vn 0.6233 0.2901 0.7261
vn 0.5814 0.7300 0.3593
vn 0.8541 0.3637 0.3718
vn 0.9003 0.3990 0.1739
vn 0.4144 0.8927 0.1770
vn 0.6014 0.3696 0.7083
vn 0.1453 0.8709 0.4696
vn -0.1621 0.2110 0.9639
vn -0.2177 0.6172 0.7561
vn -0.6843 0.5805 0.4412
vn -0.9201 -0.0077 0.3916
vn -0.8590 0.4828 -0.1702
vn -0.9106 -0.0620 -0.4087
vn -0.4956 0.5547 -0.6683
vn -0.4957 0.5544 -0.6685
vn -0.1776 0.0618 -0.9822
vn -0.4069 -0.0030 -0.9135
vn -0.5234 -0.0167 -0.8519
vn -0.1941 0.9753 -0.1054
vn 0.2129 -0.9691 0.1249
vn -0.1313 -0.9813 -0.1405
vn -0.2619 -0.9606 0.0927
vn -0.3774 -0.8343 -0.4018
vn -0.4077 -0.8445 -0.3472
vn -0.5940 -0.7717 0.2274
vn -0.5554 -0.8075 -0.1988
vn -0.2790 -0.8627 -0.4217
vn -0.2408 -0.9521 -0.1884
vn -0.1197 -0.9882 0.0959
vn -0.0172 -0.9929 -0.1175
vn -0.8239 -0.5272 0.2080
vn -0.7778 -0.6263 -0.0532
vn -0.4758 -0.8795 -0.0048
vn -0.8188 -0.5707 0.0623
vn -0.9014 -0.4194 -0.1080
vn -0.8052 -0.5793 -0.1264
vn -0.9716 -0.2178 0.0929
vn -0.9940 -0.0980 -0.0488
vn -0.9976 -0.0689 -0.0105
vn -0.9810 -0.1905 0.0363
vn -0.1308 -0.9793 -0.1544
vn -0.4597 -0.8130 -0.3574
vn -0.4700 -0.5861 -0.6599
vn -0.5892 -0.5709 -0.5718
vn -0.5524 -0.7971 0.2438
vn -0.6878 -0.6903 0.2245
vn -0.2941 -0.9346 -0.2001
vn -0.2240 -0.6345 -0.7398
vn -0.3328 -0.9013 -0.2775
vn -0.0819 -0.7261 -0.6827
vn -0.5190 -0.8410 -0.1530
vn -0.1321 -0.7587 -0.6380
vn -0.5985 -0.7909 0.1276
vn -0.3643 -0.9140 -0.1784
vn -0.5689 -0.7674 -0.2957
vn -0.5793 -0.7953 0.1786
vn -0.3749 -0.8942 0.2444
vn -0.2818 -0.9369 -0.2067
vn -0.1397 -0.9704 0.1970
vn -0.0783 -0.9810 -0.1774
vn -0.4840 -0.7241 0.4912
vn -0.7563 -0.6146 0.2240
vn -0.8612 -0.4141 0.2947
vn -0.5010 -0.6699 0.5479
vn -0.1126 -0.7700 0.6281
vn -0.1254 -0.8188 0.5603
vn -0.8612 -0.5016 0.0822
vn -0.4392 -0.8277 0.3493
vn -0.5274 -0.7983 -0.2906
vn -0.8931 -0.4499 -0.0016
vn -0.4695 -0.8587 0.2054
vn -0.3015 -0.8900 0.3420
vn -0.2926 -0.9212 0.2565
vn -0.2349 -0.9614 0.1433
vn -0.5302 -0.8470 0.0382
vn -0.4053 -0.9061 -0.1210
vn -0.2623 -0.9646 -0.0273
vn -0.4512 -0.8917 0.0347
vn -0.7674 -0.6270 -0.1340
vn -0.4127 -0.9010 0.1339
vn -0.4776 -0.8594 0.1828
vn -0.1180 -0.7466 0.6548
vn 0.0084 -0.7255 0.6881
vn 0.0726 -0.8568 0.5105
vn -0.6202 -0.7844 0.0028
vn -0.1852 -0.7332 0.6544
vn -0.2968 -0.9425 0.1534
vn 0.1194 -0.9920 -0.0401
vn -0.8598 -0.4574 -0.2270
vn -0.9336 -0.3211 -0.1590
vn -0.8610 -0.4979 -0.1040
vn -0.9341 -0.2548 -0.2502
vn -0.9703 -0.1801 -0.1613
vn -0.7618 -0.6105 -0.2168
vn -0.8546 -0.3692 -0.3652
vn -0.9903 -0.1125 -0.0814
vn -0.5205 -0.8121 -0.2639
vn -0.8404 -0.1746 -0.5131
vn -0.7113 -0.3146 -0.6286
vn -0.7028 0.0388 -0.7104
vn -0.6652 -0.5945 -0.4516
vn -0.4744 -0.7451 -0.4689
vn -0.6324 -0.4948 -0.5960
vn -0.4177 -0.8222 -0.3867
vn -0.6598 -0.1379 -0.7387
vn -0.5301 0.0590 -0.8459
vn -0.6439 0.1289 -0.7541
vn -0.3554 0.1818 -0.9169
vn -0.2624 0.1636 -0.9510
vn -0.6171 -0.1573 -0.7710
vn -0.6019 -0.3864 -0.6988
vn -0.3776 0.0665 -0.9236
vn -0.0000 0.2041 -0.9789
vn -0.0000 0.1894 -0.9819
vn -0.0000 0.1988 -0.9800
vn -0.6489 0.3532 -0.6739
vn -0.7646 0.2012 -0.6123
vn -0.6042 0.5130 -0.6098
vn -0.9111 0.0847 -0.4035
vn -0.3051 0.0107 -0.9523
vn -0.3513 -0.2148 -0.9113
vn -0.3941 -0.5647 -0.7252
vn -0.3575 -0.8980 -0.2563
vn -0.5452 -0.7630 -0.3473
vn -0.3101 -0.9237 -0.2248
vn -0.1190 -0.9810 -0.1530
vn -0.2175 -0.8192 -0.5306
vn -0.1027 -0.8353 -0.5402
vn -0.1692 -0.9690 -0.1798
vn -0.4399 -0.7916 -0.4241
vn -0.3761 -0.8492 -0.3707
vn -0.5686 -0.7579 -0.3198
vn -0.2138 -0.7676 -0.6042
vn -0.2463 -0.2455 -0.9376
vn -0.2222 -0.4723 -0.8530
vn -0.4904 -0.8656 0.1014
vn -0.4035 -0.8920 -0.2039
vn -0.3863 -0.8795 -0.2780
vn -0.4332 -0.7747 -0.4606
vn -0.3542 -0.8999 -0.2542
vn -0.4751 -0.7852 -0.3970
vn -0.3332 -0.8969 -0.2907
vn -0.2472 -0.9459 -0.2102
vn -0.2565 -0.9233 -0.2858
vn -0.2665 -0.9352 0.2333
vn -0.1391 -0.9900 0.0239
vn -0.1562 -0.7932 -0.5885
vn -0.4289 -0.6981 -0.5733
vn -0.3309 -0.8550 -0.3993
vn -0.3419 -0.8704 -0.3543
vn -0.4500 -0.8418 -0.2981
vn -0.4012 -0.8798 -0.2550
vn -0.3460 -0.8714 -0.3478
vn -0.4222 -0.9004 -0.1051
vn -0.3336 -0.9367 -0.1066
vn -0.3598 -0.8996 -0.2476
vn -0.4830 -0.8733 -0.0638
vn -0.3488 -0.9345 -0.0712
vn -0.3514 -0.9207 0.1700
vn -0.1845 -0.9676 0.1721
vn -0.2548 -0.9416 -0.2202
vn -0.3505 -0.9147 -0.2013
vn -0.2615 -0.9478 -0.1823
vn -0.4013 -0.8621 -0.3094
vn -0.4459 -0.8912 -0.0832
vn -0.5634 -0.8224 -0.0792
vn -0.5596 -0.6994 -0.4445
vn -0.4885 -0.8712 -0.0485
vn -0.4109 -0.6923 -0.5932
vn -0.8044 -0.5922 -0.0474
vn -0.9237 -0.3473 -0.1616
vn -0.5354 -0.3437 -0.7715
vn -0.4430 -0.3583 -0.8218
vn -0.3451 -0.2762 -0.8970
vn -0.4561 -0.2301 -0.8597
vn -0.5828 0.0256 -0.8122
vn -0.6959 -0.4080 -0.5910
vn -0.3586 -0.1106 -0.9269
vn -0.1618 -0.0759 -0.9839
vn -0.8077 -0.3145 -0.4988
vn -0.8458 -0.5285 -0.0736
vn -0.4182 -0.9055 -0.0718
vn -0.7340 -0.6482 -0.2027
vn -0.9589 -0.2726 0.0786
vn -0.5311 -0.0891 -0.8426
vn -0.3552 -0.8844 -0.3029
vn -0.4386 -0.5773 -0.6887
vn -0.2553 -0.7166 -0.6491
vn -0.2055 -0.4868 -0.8490
vn -0.2866 -0.8881 -0.3594
vn -0.2194 -0.9667 0.1320
vn -0.0733 -0.8629 0.5000
vn -0.1101 -0.6266 0.7715
vn -0.1377 -0.9336 0.3309
vn -0.1973 -0.7160 0.6696
vn -0.1996 -0.9535 0.2257
vn -0.2411 -0.7360 0.6326
vn 0.1517 -0.9750 0.1627
vn 0.0026 -0.7792 -0.6267
vn -0.0375 -0.8359 -0.5477
vn -0.7195 -0.6654 -0.1992
vn -0.8978 -0.4398 0.0230
vn -0.9148 -0.3944 -0.0872
vn -0.6036 -0.6302 0.4885
vn -0.9328 -0.3121 -0.1803
vn -0.8075 -0.3208 0.4950
vn -0.5811 -0.3040 0.7550
vn -0.9228 -0.0584 0.3807
vn -0.9324 0.3506 0.0883
vn -0.9768 -0.0678 -0.2031
vn -0.3346 0.4866 0.8070
vn -0.3022 0.9483 0.0967
vn -0.8983 0.2825 -0.3366
vn -0.2268 0.8870 -0.4022
vn 0.1230 0.9816 0.1461
vn 0.2870 0.9104 -0.2979
vn -0.4492 0.4768 -0.7555
vn -0.8660 0.0473 -0.4978
vn -0.6798 -0.2188 -0.7000
vn -0.5313 0.2164 -0.8191
vn -0.8091 -0.2747 -0.5195
vn -0.2195 -0.3335 -0.9168
vn -0.3743 -0.4642 -0.8027
vn -0.3347 0.4865 0.8070
vn -0.0345 0.2238 0.9740
vn -0.1508 0.6947 0.7033
vn 0.1219 0.9817 0.1464
vn -0.2206 0.9513 0.2156
vn -0.9824 -0.1246 -0.1388
vn -0.9789 -0.1975 -0.0527
vn -0.9771 -0.0865 -0.1942
vn -0.9678 -0.1112 -0.2260
vn -0.9325 -0.1393 -0.3331
vn -0.9813 -0.1923 -0.0050
vn -0.9718 -0.2183 0.0892
vn -0.9706 -0.2294 0.0726
vn -0.9863 -0.0593 0.1537
vn -0.8809 -0.3988 0.2549
vn -0.8717 -0.4377 0.2204
vn -0.6855 -0.6463 0.3351
vn -0.3514 -0.8656 0.3566
vn -0.2109 -0.9218 0.3252
vn -0.6206 -0.5958 0.5098
vn -0.8468 -0.4065 0.3429
vn -0.6262 -0.5375 0.5647
vn -0.3092 -0.6830 0.6617
vn -0.2047 -0.7581 0.6191
vn -0.3673 -0.6046 0.7067
vn -0.1681 -0.6159 0.7696
vn -0.2563 0.5728 -0.7786
vn -0.3546 0.3195 -0.8787
vn 0.2375 0.6065 -0.7588
vn 0.0876 0.5053 -0.8585
vn -0.8643 0.3004 -0.4034
vn -0.8733 0.1395 -0.4667
vn -0.5403 0.0180 -0.8413
vn 0.1996 -0.2403 -0.9500
vn -0.8673 0.0782 -0.4915
vn -0.9381 0.2973 -0.1777
vn -0.6827 0.7188 -0.1314
vn -0.6079 0.7932 -0.0367
vn -0.2350 0.9697 -0.0673
vn -0.2339 0.9722 0.0074
vn -0.9739 0.2163 -0.0692
vn -0.9195 -0.0935 -0.3818
vn -0.6922 -0.1404 -0.7079
vn -0.6096 -0.5086 -0.6081
vn -0.3299 -0.4058 -0.8523
vn -0.2429 -0.4464 -0.8612
vn -0.1448 -0.5943 -0.7911
vn -0.8743 -0.4151 -0.2516
vn -0.4963 0.8672 0.0410
vn -0.4835 -0.8610 -0.1579
vn -0.3532 -0.9232 -0.1515
vn -0.4120 -0.9105 -0.0336
vn -0.4082 -0.9129 0.0024
vn -0.2280 0.9729 0.0377
vn -0.0000 -0.0704 -0.9975
vn -0.0000 0.1124 -0.9937
vn 0.3050 0.0107 -0.9523
vn 0.3513 -0.2148 -0.9113
vn 0.2463 -0.2455 -0.9376
vn 0.3941 -0.5647 -0.7251
vn 0.6020 -0.3864 -0.6988
vn 0.3576 -0.8980 -0.2563
vn 0.5451 -0.7630 -0.3474
vn 0.3101 -0.9237 -0.2248
vn 0.1190 -0.9810 -0.1530
vn 0.2175 -0.8192 -0.5306
vn 0.1027 -0.8353 -0.5401
vn 0.1692 -0.9690 -0.1798
vn 0.4177 -0.8222 -0.3866
vn 0.4399 -0.7916 -0.4241
vn 0.3761 -0.8492 -0.3706
vn 0.5686 -0.7579 -0.3198
vn 0.2138 -0.7676 -0.6042
vn 0.2222 -0.4723 -0.8530
vn 0.4904 -0.8656 0.1014
vn 0.4035 -0.8920 -0.2039
vn 0.3863 -0.8795 -0.2780
vn 0.4342 -0.7743 -0.4604
vn 0.3542 -0.9000 -0.2542
vn 0.4751 -0.7852 -0.3971
vn 0.3332 -0.8969 -0.2907
vn 0.2472 -0.9459 -0.2102
vn 0.2565 -0.9233 -0.2858
vn 0.2665 -0.9352 0.2333
vn 0.1391 -0.9900 0.0239
vn 0.1562 -0.7932 -0.5885
vn 0.4289 -0.6982 -0.5732
vn 0.3309 -0.8550 -0.3993
vn 0.3419 -0.8704 -0.3543
vn 0.4500 -0.8418 -0.2981
vn 0.4012 -0.8798 -0.2550
vn 0.3460 -0.8714 -0.3478
vn 0.4222 -0.9004 -0.1051
vn 0.3336 -0.9367 -0.1066
vn 0.3598 -0.8996 -0.2476
vn 0.4830 -0.8733 -0.0638
vn 0.3488 -0.9345 -0.0712
vn 0.3514 -0.9207 0.1700
vn 0.1845 -0.9676 0.1722
vn 0.2549 -0.9415 -0.2203
vn 0.3504 -0.9148 -0.2010
vn 0.2615 -0.9478 -0.1823
vn 0.4013 -0.8621 -0.3094
vn 0.4459 -0.8912 -0.0832
vn 0.5634 -0.8224 -0.0792
vn 0.5596 -0.6994 -0.4446
vn 0.4884 -0.8713 -0.0485
vn 0.4108 -0.6923 -0.5932
vn 0.8044 -0.5922 -0.0475
vn 0.9237 -0.3473 -0.1616
vn 0.5354 -0.3438 -0.7715
vn 0.4430 -0.3583 -0.8218
vn 0.3444 -0.2760 -0.8973
vn 0.4561 -0.2301 -0.8597
vn 0.5829 0.0255 -0.8122
vn 0.6959 -0.4080 -0.5910
vn 0.3586 -0.1107 -0.9269
vn 0.1618 -0.0759 -0.9839
vn 0.8077 -0.3145 -0.4988
vn 0.8458 -0.5284 -0.0736
vn 0.4182 -0.9055 -0.0718
vn 0.7339 -0.6482 -0.2027
vn 0.2623 -0.9646 -0.0273
vn 0.4696 -0.8587 0.2054
vn 0.2926 -0.9212 0.2565
vn 0.4053 -0.9062 -0.1209
vn 0.5303 -0.8470 0.0382
vn 0.2349 -0.9614 0.1432
vn 0.3015 -0.8900 0.3420
vn 0.5986 -0.7908 0.1276
vn 0.7564 -0.6146 0.2240
vn 0.5793 -0.7953 0.1786
vn 0.4840 -0.7242 0.4912
vn 0.3749 -0.8942 0.2444
vn 0.5688 -0.7674 -0.2957
vn 0.2818 -0.9369 -0.2067
vn 0.1396 -0.9704 0.1970
vn 0.0783 -0.9810 -0.1774
vn 0.1313 -0.9813 -0.1405
vn 0.0172 -0.9929 -0.1175
vn 0.1197 -0.9882 0.0959
vn 0.2619 -0.9606 0.0927
vn 0.3774 -0.8343 -0.4018
vn 0.4077 -0.8445 -0.3472
vn 0.5940 -0.7717 0.2275
vn 0.5554 -0.8075 -0.1988
vn 0.2790 -0.8628 -0.4217
vn 0.2407 -0.9521 -0.1884
vn 0.8239 -0.5272 0.2081
vn 0.7778 -0.6263 -0.0532
vn 0.4758 -0.8795 -0.0048
vn 0.8188 -0.5707 0.0623
vn 0.9014 -0.4194 -0.1080
vn 0.8052 -0.5793 -0.1264
vn 0.9716 -0.2178 0.0929
vn 0.9940 -0.0980 -0.0489
vn 0.9976 -0.0688 -0.0105
vn 0.9810 -0.1905 0.0363
vn 0.1308 -0.9793 -0.1544
vn 0.4597 -0.8130 -0.3574
vn 0.4700 -0.5861 -0.6599
vn 0.5891 -0.5710 -0.5717
vn 0.5524 -0.7971 0.2439
vn 0.6877 -0.6904 0.2245
vn 0.2941 -0.9346 -0.2001
vn 0.2240 -0.6344 -0.7398
vn 0.3328 -0.9012 -0.2777
vn 0.0819 -0.7261 -0.6827
vn 0.5189 -0.8410 -0.1531
vn 0.1321 -0.7587 -0.6380
vn 0.3643 -0.9140 -0.1784
vn 0.7195 -0.6653 -0.1992
vn -0.1517 -0.9750 0.1627
vn 0.1101 -0.6266 0.7715
vn 0.1973 -0.7160 0.6696
vn 0.1377 -0.9336 0.3309
vn 0.0734 -0.8629 0.5000
vn 0.1996 -0.9535 0.2257
vn 0.2411 -0.7360 0.6326
vn 0.0375 -0.8359 -0.5477
vn -0.0026 -0.7792 -0.6267
vn -0.1190 -0.9921 -0.0397
vn 0.6202 -0.7844 0.0028
vn -0.0725 -0.8568 0.5105
vn 0.4775 -0.8594 0.1829
vn -0.0084 -0.7255 0.6881
vn 0.1180 -0.7466 0.6548
vn 0.4126 -0.9010 0.1339
vn 0.1852 -0.7332 0.6544
vn 0.2968 -0.9425 0.1534
vn 0.8598 -0.4574 -0.2270
vn 0.7674 -0.6270 -0.1340
vn 0.4512 -0.8917 0.0347
vn 0.8609 -0.4980 -0.1040
vn 0.9336 -0.3211 -0.1590
vn 0.9341 -0.2546 -0.2503
vn 0.9703 -0.1801 -0.1613
vn 0.7618 -0.6105 -0.2167
vn 0.8546 -0.3692 -0.3652
vn 0.9903 -0.1123 -0.0817
vn 0.5205 -0.8121 -0.2638
vn 0.8404 -0.1746 -0.5131
vn 0.7113 -0.3146 -0.6286
vn 0.7028 0.0388 -0.7104
vn 0.6653 -0.5945 -0.4517
vn 0.4744 -0.7451 -0.4688
vn 0.6324 -0.4948 -0.5960
vn 0.6598 -0.1379 -0.7387
vn 0.5301 0.0590 -0.8459
vn 0.6439 0.1291 -0.7542
vn 0.3554 0.1817 -0.9169
vn 0.2624 0.1636 -0.9510
vn 0.6171 -0.1573 -0.7710
vn 0.3776 0.0665 -0.9236
vn 0.6489 0.3533 -0.6738
vn 0.6043 0.5128 -0.6097
vn 0.7646 0.2012 -0.6123
vn 0.9111 0.0846 -0.4035
vn 0.9325 -0.1393 -0.3331
vn 0.9678 -0.1112 -0.2260
vn 0.9771 -0.0859 -0.1945
vn 0.9824 -0.1246 -0.1390
vn 0.9789 -0.1975 -0.0527
vn 0.9813 -0.1923 -0.0050
vn 0.9718 -0.2183 0.0892
vn 0.9706 -0.2295 0.0727
vn 0.9863 -0.0593 0.1537
vn 0.8809 -0.3988 0.2549
vn 0.8717 -0.4376 0.2204
vn 0.6855 -0.6463 0.3351
vn 0.3514 -0.8656 0.3566
vn 0.2109 -0.9218 0.3252
vn 0.6205 -0.5959 0.5098
vn 0.8468 -0.4065 0.3429
vn 0.6262 -0.5375 0.5647
vn 0.3092 -0.6830 0.6617
vn 0.2049 -0.7581 0.6191
vn 0.3674 -0.6047 0.7067
vn 0.1681 -0.6160 0.7696
vn -0.7134 0.1393 -0.6868
vn 0.2281 -0.8230 0.5203
vn -0.0579 -0.8424 0.5357
vn -0.1008 -0.9949 -0.0095
vn 0.3970 -0.8848 0.2441
vn 0.4398 -0.8974 -0.0348
vn 0.3432 -0.8800 -0.3282
vn -0.0913 -0.9692 -0.2286
vn -0.4767 -0.8596 -0.1838
vn -0.5631 -0.8240 -0.0619
vn -0.5123 -0.8192 0.2579
vn -0.3198 -0.7911 0.5215
vn 0.0039 -0.4379 0.8990
vn 0.3935 -0.4783 0.7851
vn 0.7017 -0.5567 0.4446
vn 0.8570 -0.5148 -0.0240
vn 0.6758 -0.5167 -0.5257
vn 0.3306 -0.4218 -0.8443
vn 0.2246 -0.7230 -0.6533
vn -0.0905 -0.3565 -0.9299
vn 0.0890 -0.4146 -0.9056
vn -0.2809 -0.6208 -0.7319
vn -0.3733 -0.2364 -0.8971
vn -0.4980 -0.5372 -0.6807
vn -0.8542 -0.5183 0.0405
vn -0.7493 -0.3625 0.5542
vn -0.3964 -0.4171 0.8179
vn 0.0002 -0.2372 0.9715
vn 0.8568 -0.2998 0.4195
vn 0.4963 -0.2936 0.8170
vn -0.4231 -0.1737 -0.8893
vn -0.6845 -0.2452 -0.6866
vn -0.8617 -0.0305 -0.5065
vn -0.9942 -0.1074 0.0020
vn -0.8786 -0.4478 -0.1658
vn -0.7719 -0.1696 0.6126
vn -0.4343 -0.1732 0.8839
vn -0.9238 -0.2879 -0.2525
vn -0.7126 -0.5979 -0.3671
vn -0.7098 -0.6962 -0.1067
vn 0.0064 -0.2015 -0.9795
vn 0.3632 -0.2704 -0.8916
vn 0.8098 -0.2320 -0.5389
vn 0.9585 -0.2850 0.0002
vn -0.0077 -0.6187 -0.7856
vn -0.0587 -0.7583 -0.6492
vn -0.1182 -0.7305 -0.6726
vn -0.2641 -0.7045 -0.6588
vn -0.0990 -0.6279 -0.7719
vn -0.2422 -0.6768 -0.6951
vn -0.2179 -0.6985 -0.6817
vn -0.1762 -0.6165 -0.7674
vn -0.2116 -0.5812 -0.7857
vn -0.2548 -0.5410 -0.8015
vn -0.2243 -0.5401 -0.8112
vn -0.0162 -0.6419 -0.7667
vn -0.1655 -0.6882 -0.7064
vn 0.1651 -0.4258 -0.8896
vn -0.0251 -0.3555 -0.9344
vn -0.1061 -0.6035 -0.7903
vn -0.4673 -0.3299 -0.8203
vn -0.5202 -0.2569 -0.8145
vn -0.6726 -0.3022 -0.6754
vn -0.6550 -0.2981 -0.6943
vn -0.6099 -0.1502 -0.7781
vn -0.7065 -0.3153 -0.6336
vn -0.7018 -0.2630 -0.6621
vn -0.3103 -0.4835 -0.8185
vn -0.1221 -0.5661 -0.8152
vn 0.9372 -0.1264 0.3251
vn 0.8051 -0.1348 0.5776
vn 0.8586 -0.1891 0.4764
vn 0.6605 -0.1124 0.7424
vn 0.4976 0.0212 0.8671
vn 0.3253 0.0490 0.9443
vn -0.0514 0.2167 0.9749
vn 0.0351 0.0652 0.9973
vn -0.1934 0.2480 0.9492
vn -0.2043 0.3667 0.9076
vn -0.0846 0.3097 0.9471
vn 0.0164 0.2856 0.9582
vn 0.0692 0.2426 0.9677
vn -0.2386 0.9107 0.3372
vn -0.2467 0.8291 0.5018
vn 0.0373 0.7031 0.7101
vn -0.0574 0.7684 0.6374
vn 0.1790 0.6023 0.7780
vn 0.2207 0.5403 0.8120
vn 0.2262 0.8239 0.5196
vn 0.2207 0.5404 0.8120
vn 0.2263 0.8239 0.5196
vn 0.1954 0.9703 0.1426
vn -0.0003 -0.7252 -0.6885
vn 0.0423 0.8645 0.5009
vn 0.0542 0.7167 0.6952
vn -0.0846 0.9086 0.4091
vn -0.4843 0.6177 0.6196
vn 0.3246 0.9247 0.1990
vn 0.2392 0.9585 -0.1552
vn -0.5286 0.8380 0.1357
vn -0.7834 0.5156 0.3472
vn 0.0530 0.8957 -0.4416
vn 0.6090 0.6642 -0.4335
vn 0.6705 0.7416 -0.0191
vn 0.8361 0.4908 -0.2449
vn 0.8975 0.2434 -0.3677
vn 0.4968 0.8624 -0.0968
vn 0.5954 0.6572 -0.4621
vn 0.8067 0.1645 -0.5676
vn 0.5514 0.3002 -0.7783
vn 0.7015 -0.1898 -0.6869
vn 0.9408 -0.0486 -0.3354
vn 0.9075 -0.2107 -0.3635
vn 0.8419 -0.2692 -0.4677
vn 0.4772 0.0401 -0.8779
vn 0.6579 0.1756 -0.7324
vn 0.4981 -0.4917 -0.7142
vn 0.8120 -0.5532 -0.1859
vn 0.9481 -0.2869 -0.1371
vn 0.9287 -0.3707 0.0069
vn 0.9085 -0.3651 -0.2032
vn 0.8940 -0.4478 -0.0176
vn 0.8929 -0.4087 0.1889
vn 0.5408 -0.8398 0.0482
vn 0.8182 -0.5667 0.0970
vn 0.3370 -0.6878 0.6429
vn 0.6796 -0.4926 0.5437
vn 0.7161 -0.6512 0.2511
vn 0.5382 -0.7264 0.4275
vn 0.5086 -0.4958 0.7040
vn 0.0871 -0.9929 0.0813
vn -0.0289 -0.8583 0.5124
vn -0.2805 -0.5623 0.7779
vn -0.0047 -0.1963 0.9805
vn 0.5473 -0.2430 0.8009
vn 0.1840 -0.8738 -0.4502
vn -0.7334 0.0894 0.6739
vn -0.4177 0.4382 0.7959
vn 0.1822 0.2406 0.9534
vn 0.3990 -0.1037 0.9111
vn 0.0664 0.5605 0.8255
vn -0.1987 0.6964 0.6895
vn 0.0815 0.6507 0.7550
vn -0.7876 0.4482 0.4228
vn -0.0692 0.5871 0.8066
vn 0.0267 0.6193 0.7847
vn -0.0973 0.5824 0.8071
vn -0.1491 0.5487 0.8226
vn 0.0011 0.3803 0.9249
vn -0.0718 0.4160 0.9065
vn -0.0160 0.0721 0.9973
vn 0.1350 -0.0293 0.9904
vn 0.0416 -0.3879 0.9207
vn 0.2131 -0.5019 0.8382
vn 0.1657 -0.7059 0.6886
vn 0.3372 -0.7431 0.5780
vn 0.0114 0.8892 0.4573
vn 0.0009 0.7955 0.6059
vn 0.0763 0.8708 0.4857
vn 0.0594 0.7797 0.6234
vn 0.1521 0.9625 0.2245
vn 0.0125 0.9924 0.1221
vn 0.1324 0.9764 -0.1706
vn 0.0301 0.9797 -0.1984
vn 0.0875 0.8655 -0.4932
vn 0.2372 0.8075 -0.5401
vn 0.0454 0.5549 -0.8307
vn 0.2361 0.4225 -0.8751
vn 0.1810 0.3019 -0.9360
vn 0.1377 0.4460 -0.8844
vn 0.3718 0.6243 -0.6870
vn 0.4794 0.0894 0.8730
vn 0.0175 0.4839 0.8749
vn -0.1047 -0.0761 0.9916
vn 0.5531 0.6185 0.5581
vn 0.8610 0.1729 0.4783
vn 0.0599 0.8950 0.4419
vn -0.6947 0.1314 0.7072
vn -0.6174 0.6666 0.4177
vn -0.9433 0.2793 0.1794
vn -0.4670 -0.4422 0.7658
vn -0.8851 0.0211 0.4649
vn 0.1221 -0.5481 0.8275
vn -0.1469 -0.8787 0.4541
vn 0.3369 -0.8695 0.3612
vn 0.7668 -0.3580 0.5328
vn 0.3647 0.9311 0.0023
vn -0.1952 0.9784 -0.0686
vn 0.0888 0.8324 -0.5470
vn 0.5536 0.6827 -0.4770
vn -0.1999 0.8614 -0.4669
vn 0.8705 0.4894 0.0515
vn 0.8468 0.1655 -0.5056
vn 0.9884 -0.1330 0.0729
vn 0.8321 -0.4291 -0.3515
vn -0.3416 0.8893 -0.3040
vn 0.2740 -0.9616 -0.0167
vn 0.6863 -0.7272 0.0135
vn 0.4751 -0.7555 -0.4510
vn 0.0773 0.5688 -0.8189
vn 0.3393 0.3901 -0.8560
vn 0.4550 -0.2394 -0.8577
vn 0.2378 -0.4929 -0.8370
vn 0.4193 -0.7813 -0.4624
vn 0.1553 0.0597 -0.9861
vn -0.9507 0.2906 0.1080
vn -0.5230 0.8414 0.1360
vn -0.4451 -0.7583 -0.4764
vn -0.4235 -0.7336 -0.5315
vn -0.9104 -0.4130 -0.0240
vn -0.8172 -0.5599 0.1368
vn -0.4556 -0.8015 -0.3872
vn -0.6405 -0.6811 0.3546
vn -0.4603 -0.7949 0.3952
vn -0.2510 -0.8920 -0.3760
vn 0.1816 -0.7754 0.6048
vn -0.2985 -0.8948 0.3319
vn -0.8777 -0.1003 0.4685
vn -0.9558 -0.1114 0.2722
vn -0.6532 -0.1256 0.7467
vn -0.6003 -0.2348 0.7645
vn -0.0031 -0.3538 0.9353
vn 0.9029 0.3073 0.3005
vn 0.7438 -0.6503 -0.1548
vn 0.7877 0.6104 0.0830
vn 0.4744 0.8426 -0.2549
vn 0.4715 0.4857 -0.7360
vn 0.3132 0.2473 -0.9169
vn 0.5444 0.7766 -0.3172
vn 0.7414 0.2232 0.6328
vn 0.1803 0.9714 0.1547
vn 0.2814 0.9160 0.2859
vn 0.0149 -0.6333 -0.7738
vn -0.2991 -0.7897 -0.5356
vn 0.0251 -0.2190 -0.9754
vn -0.4008 -0.8613 -0.3125
vn -0.2862 -0.9568 -0.0507
vn -0.3790 -0.9086 -0.1754
vn -0.1786 -0.7127 -0.6783
vn 0.4595 0.0641 -0.8859
vn -0.0154 -0.6953 -0.7186
vn 0.0259 0.1592 -0.9869
vn 0.6625 0.6902 -0.2910
vn 0.1261 0.8794 -0.4590
vn 0.2707 0.9121 0.3078
vn -0.0543 0.9858 0.1588
vn -0.6841 0.4405 -0.5814
vn -0.8517 0.0677 -0.5196
vn -0.4223 0.8884 -0.1799
vn 0.2079 -0.6473 -0.7334
vn -0.2074 -0.8697 -0.4480
vn -0.2699 0.7692 0.5793
vn -0.2971 0.4804 0.8252
vn -0.5244 0.2165 0.8235
vn -0.6202 0.3754 0.6887
vn -0.4245 0.7121 0.5593
vn -0.4065 0.7398 0.5362
vn -0.7358 -0.2738 0.6194
vn -0.6403 -0.3595 0.6787
vn -0.8464 -0.0600 0.5291
vn -0.1681 0.5269 0.8331
vn -0.6471 0.3794 0.6613
vn -0.2878 0.5393 0.7914
vn -0.0376 0.8031 0.5946
vn -0.3441 0.6330 0.6934
vn -0.0322 0.9361 0.3502
vn -0.3253 0.9000 0.2901
vn 0.2014 0.8258 0.5267
vn -0.6341 -0.0972 0.7671
vn -0.0035 -0.3536 0.9354
vn 0.2927 -0.0377 0.9555
vn 0.1675 -0.7035 -0.6906
vn 0.2326 -0.3884 -0.8917
vn 0.2350 -0.0247 -0.9717
vn 0.1813 0.0053 -0.9834
vn 0.0226 -0.6947 -0.7189
vn 0.3777 0.5689 -0.7306
vn 0.5663 0.3956 -0.7231
vn 0.3143 0.6435 -0.6979
vn 0.7447 -0.6497 -0.1527
vn -0.2494 -0.8916 -0.3779
vn 0.0854 -0.5690 -0.8179
vn 0.3147 -0.5471 -0.7756
vn 0.3888 -0.4078 -0.8262
vn 0.3888 -0.4078 -0.8261
vn 0.0863 -0.5684 -0.8182
vn 0.4199 -0.1783 -0.8899
vn 0.0852 -0.5681 -0.8186
vn -0.4009 -0.8608 -0.3135
vn 0.0229 -0.2190 -0.9755
vn 0.9939 -0.0021 0.1102
vn 0.9439 -0.3055 0.1252
vn -0.0703 -0.9674 -0.2433
vn 0.1061 -0.9884 -0.1083
vn 0.1995 -0.9692 -0.1443
vn 0.9991 0.0368 -0.0212
vn 0.3535 -0.9339 0.0530
vn 0.9423 0.0715 -0.3270
vn 0.7845 -0.2613 -0.5623
vn 0.2999 -0.8819 0.3637
vn 0.4307 -0.6683 -0.6065
vn 0.1132 -0.6610 0.7418
vn 0.2750 0.5784 -0.7680
vn 0.4096 0.8325 -0.3732
vn -0.0733 0.1813 -0.9807
vn -0.7856 0.2625 -0.5603
vn 0.4884 0.8720 -0.0337
vn 0.2589 0.9656 0.0241
vn 0.3659 0.9170 0.1590
vn -0.4692 -0.5801 0.6659
vn -0.6618 -0.7361 0.1416
vn -0.7214 -0.6550 -0.2246
vn -0.7377 -0.6065 -0.2967
vn -0.7277 -0.6448 -0.2340
vn -0.7032 0.5933 -0.3918
vn -0.7484 0.6310 -0.2041
vn -0.9045 0.3528 0.2395
vn -0.9833 0.1281 0.1291
vn -0.7174 0.6674 -0.1996
vn -0.7383 0.6666 -0.1023
vn -0.9923 0.0992 -0.0738
vn -0.9717 0.1298 -0.1975
vn -0.7550 0.6506 -0.0817
vn -0.9155 0.4018 -0.0204
vn -0.9685 0.2328 -0.0888
vn 0.6872 0.7263 0.0181
vn 0.7571 0.6458 0.0982
vn 0.9019 -0.4187 -0.1066
vn 0.7999 -0.5968 -0.0624
vn -0.1464 -0.9859 -0.0811
vn -0.4677 -0.8669 -0.1723
vn 0.9538 -0.2417 -0.1785
vn 0.4938 0.8531 -0.1683
vn -0.1184 -0.9917 0.0500
vn 0.4032 0.7875 -0.4660
vn 0.8643 -0.1170 -0.4892
vn 0.1825 -0.9651 0.1876
vn 0.1824 0.5781 -0.7954
vn 0.6292 -0.4365 -0.6432
vn 0.0747 -0.9573 0.2792
vn 0.0880 0.0474 -0.9950
vn -0.4666 -0.5726 0.6742
vn -0.7001 -0.6112 0.3693
vn -0.6806 -0.0330 0.7319
vn -0.8242 -0.5425 0.1622
vn -0.8282 -0.5576 -0.0556
vn -0.6028 0.7902 -0.1101
vn -0.7052 0.6983 0.1228
vn -0.8441 0.3460 0.4096
vn -0.6798 -0.0350 0.7326
vn -0.9168 0.2001 0.3456
vn -0.9212 0.3181 0.2242
vn -0.3892 0.9159 0.0989
vn -0.6077 0.7840 0.1264
vn -0.9535 0.2884 0.0875
vn -0.4609 0.8840 0.0777
vn -0.9314 0.3637 -0.0126
vn -0.8339 -0.5378 -0.1244
vn 0.1352 -0.8667 -0.4802
vn -0.5101 -0.8487 -0.1395
vn -0.0567 -0.7173 -0.6945
vn 0.2979 -0.0703 -0.9520
vn -0.1329 -0.3205 -0.9379
vn -0.9303 -0.2432 -0.2747
vn -0.3853 0.0929 -0.9181
vn -0.9740 -0.1253 -0.1888
vn -0.6202 -0.7843 -0.0100
vn 0.4337 -0.8022 0.4104
vn 0.5801 -0.7431 0.3335
vn 0.8138 -0.1765 0.5537
vn 0.7668 -0.2890 0.5731
vn 0.1633 -0.9221 0.3507
vn 0.8572 -0.0362 0.5136
vn 0.7561 -0.5057 0.4153
vn 0.8468 -0.1611 0.5069
vn -0.8985 -0.4300 -0.0882
vn -0.9825 -0.0196 -0.1851
vn -0.3746 0.1672 -0.9120
vn 0.2990 -0.0706 -0.9516
vn 0.1765 0.9742 -0.1403
vn 0.1218 0.9841 -0.1295
vn 0.0640 0.9939 -0.0898
vn 0.0454 0.9969 -0.0642
vn -0.0159 0.9999 -0.0000
vn -0.0303 0.9992 0.0257
vn -0.0329 0.9970 0.0699
vn -0.0253 0.9934 0.1115
vn -0.0220 0.9988 0.0448
vn 0.2775 -0.8377 -0.4704
vn 0.7030 -0.6799 0.2084
vn -0.3621 -0.9273 -0.0953
vn -0.5419 -0.8194 0.1868
vn 0.5077 -0.6844 0.5234
vn -0.0046 -0.7675 -0.6410
vn 0.7468 -0.4851 -0.4548
vn -0.4400 -0.7809 0.4434
vn 0.8074 -0.2725 0.5232
vn 0.9384 0.1846 0.2922
vn 0.9379 0.1377 0.3183
vn -0.8494 -0.5264 -0.0368
vn -0.6837 -0.7051 -0.1881
vn 0.2958 -0.2387 -0.9249
vn -0.0670 -0.5725 -0.8172
vn 0.7927 -0.1916 -0.5787
vn -0.9086 -0.3901 0.1492
vn 0.9314 0.0129 0.3638
vn -0.2359 0.9699 0.0608
vn -0.1751 0.9845 -0.0103
vn -0.2229 0.9732 -0.0557
vn -0.0783 0.9547 -0.2871
vn 0.0459 0.9281 -0.3696
vn -0.1191 0.9868 0.1093
vn -0.3625 0.9316 0.0285
vn 0.1273 0.8643 -0.4865
vn 0.1833 0.8868 -0.4243
vn -0.7611 -0.4234 0.4914
vn -0.4479 -0.7398 0.5021
vn -0.2851 -0.5295 0.7990
vn -0.1681 -0.7998 0.5763
vn -0.7091 -0.6774 0.1960
vn -0.9071 -0.4206 -0.0138
vn -0.6059 -0.7494 -0.2668
vn -0.6576 -0.5063 -0.5579
vn -0.2536 -0.6284 -0.7354
vn -0.2282 -0.8381 -0.4955
vn 0.2269 -0.7375 -0.6361
vn 0.1350 -0.9289 -0.3448
vn 0.5665 -0.7959 -0.2136
vn 0.3134 -0.9492 -0.0288
vn 0.5483 -0.8160 0.1828
vn 0.3017 -0.9332 0.1950
vn -0.7230 0.2066 0.6592
vn -0.0326 0.1341 0.9904
vn 0.0956 -0.4859 0.8688
vn 0.2564 0.0128 0.9665
vn -0.7341 0.1551 -0.6611
vn -0.9700 0.2424 0.0160
vn 0.8908 -0.2354 -0.3886
vn 0.4288 -0.1656 -0.8881
vn 0.9341 -0.2486 0.2561
vn 0.3271 0.5143 0.7928
vn 0.0792 0.7429 0.6648
vn -0.3788 0.7684 0.5158
vn -0.6264 0.7793 0.0209
vn -0.5215 0.7182 -0.4607
vn -0.0814 0.6138 -0.7853
vn -0.1313 -0.0513 -0.9900
vn 0.4406 0.5196 -0.7321
vn 0.8227 0.4315 -0.3700
vn 0.9202 0.3838 0.0769
vn 0.2282 0.8649 0.4470
vn -0.0550 0.9243 0.3778
vn -0.3209 0.9430 0.0877
vn -0.2587 0.8849 -0.3872
vn 0.1453 0.7743 -0.6159
vn 0.4733 0.7092 -0.5225
vn 0.6529 0.6854 -0.3224
vn 0.7051 0.7091 0.0015
vn 0.8566 0.3741 0.3553
vn 0.8654 -0.1651 0.4731
vn 0.6178 -0.6569 0.4321
vn 0.4584 -0.3360 -0.8228
vn 0.2678 -0.7082 -0.6533
vn 0.3508 -0.3034 -0.8859
vn 0.2580 -0.9385 -0.2294
vn 0.8323 -0.4006 -0.3832
vn 0.4047 -0.9129 -0.0523
vn 0.7690 -0.3160 0.5558
vn 0.3089 -0.8722 0.3793
vn 0.1160 -0.4508 0.8850
vn -0.0530 -0.0899 0.9945
vn -0.5218 -0.6467 0.5563
vn -0.7553 0.0495 0.6535
vn -0.6750 -0.6932 0.2526
vn -0.9917 0.0606 0.1136
vn 0.7352 -0.3168 -0.5993
vn 0.7463 -0.6653 -0.0178
vn 0.7965 -0.2474 -0.5518
vn -0.2129 -0.9691 0.1249
vn -0.5192 -0.5515 0.6528
vn -0.6745 -0.6938 0.2523
vn -0.9965 0.0552 -0.0627
vn -0.9919 0.0605 0.1114
vn -0.9970 0.0532 -0.0567
vn -0.9244 0.0870 0.3714
vn -0.6439 0.1136 0.7567
vn 0.0133 -0.5390 0.8422
vn -0.6240 0.1402 0.7687
vn 0.9186 -0.2916 0.2668
vn 0.9183 -0.2916 0.2680
vn 0.7965 -0.2474 -0.5517
vn 0.7887 -0.3022 -0.5353
vn 0.7915 -0.1314 -0.5969
vn 0.2242 0.1191 0.9672
vn -0.5799 0.2147 0.7859
vn 0.2253 0.1189 0.9670
vn -0.6438 0.1136 0.7567
vn -0.5554 0.2670 0.7876
vn 0.9553 0.2756 0.1067
vn 0.7933 -0.1657 -0.5858
vn 0.6449 0.7447 -0.1715
vn 0.4079 -0.0032 -0.9130
vn 0.1395 0.6552 0.7424
vn -0.6233 0.2901 0.7261
vn -0.5800 0.2147 0.7858
vn -0.5814 0.7299 0.3594
vn -0.8542 0.3635 0.3718
vn -0.9003 0.3990 0.1740
vn -0.4143 0.8927 0.1772
vn -0.6014 0.3696 0.7083
vn -0.1453 0.8709 0.4695
vn 0.1621 0.2110 0.9639
vn 0.2176 0.6172 0.7561
vn 0.6843 0.5805 0.4412
vn 0.9202 -0.0078 0.3914
vn 0.8590 0.4827 -0.1704
vn 0.9105 -0.0620 -0.4087
vn 0.4956 0.5547 -0.6683
vn 0.4957 0.5544 -0.6685
vn 0.5234 -0.0167 -0.8519
vn 0.4069 -0.0030 -0.9135
vn 0.1941 0.9753 -0.1054
vn 0.1776 0.0618 -0.9822
vn 0.9148 -0.3943 -0.0871
vn 0.8978 -0.4399 0.0230
vn 0.6036 -0.6302 0.4885
vn 0.9326 -0.3124 -0.1806
vn 0.8075 -0.3208 0.4950
vn 0.5810 -0.3039 0.7551
vn 0.9228 -0.0584 0.3807
vn 0.9324 0.3506 0.0882
vn 0.9768 -0.0679 -0.2032
vn 0.3352 0.4863 0.8070
vn 0.3022 0.9483 0.0967
vn 0.8983 0.2825 -0.3365
vn 0.2269 0.8870 -0.4022
vn -0.1230 0.9816 0.1461
vn -0.2870 0.9104 -0.2979
vn 0.4493 0.4767 -0.7555
vn 0.8660 0.0472 -0.4978
vn 0.6798 -0.2189 -0.6999
vn 0.5316 0.2163 -0.8189
vn 0.8091 -0.2748 -0.5194
vn 0.2199 -0.3332 -0.9168
vn 0.3745 -0.4642 -0.8026
vn 0.0345 0.2238 0.9740
vn 0.3346 0.4865 0.8070
vn 0.1508 0.6947 0.7033
vn 0.2206 0.9513 0.2156
vn -0.1219 0.9817 0.1464
vn -0.0876 0.5052 -0.8585
vn 0.3547 0.3195 -0.8787
vn -0.2375 0.6065 -0.7588
vn 0.2563 0.5727 -0.7786
vn 0.8644 0.3003 -0.4033
vn 0.8733 0.1396 -0.4667
vn 0.5403 0.0180 -0.8413
vn -0.1995 -0.2403 -0.9500
vn 0.8674 0.0782 -0.4914
vn 0.9381 0.2973 -0.1777
vn 0.6827 0.7188 -0.1315
vn 0.6079 0.7932 -0.0367
vn 0.2350 0.9697 -0.0673
vn 0.2339 0.9722 0.0074
vn 0.9739 0.2163 -0.0692
vn 0.9195 -0.0935 -0.3819
vn 0.6922 -0.1404 -0.7079
vn 0.6096 -0.5085 -0.6081
vn 0.3300 -0.4057 -0.8524
vn 0.2429 -0.4464 -0.8612
vn 0.1448 -0.5943 -0.7911
vn 0.8743 -0.4151 -0.2516
vn 0.4963 0.8672 0.0410
vn 0.4835 -0.8610 -0.1579
vn 0.3532 -0.9232 -0.1515
vn 0.4120 -0.9105 -0.0337
vn 0.4082 -0.9129 0.0024
vn 0.2280 0.9729 0.0377
vn 0.5010 -0.6699 0.5479
vn 0.1126 -0.7700 0.6281
vn 0.1254 -0.8188 0.5603
vn 0.8612 -0.4141 0.2948
vn 0.8611 -0.5017 0.0822
vn 0.4392 -0.8277 0.3493
vn 0.5274 -0.7983 -0.2906
vn 0.8931 -0.4498 -0.0015
vn 0.2194 -0.9667 0.1320
vn 0.2866 -0.8881 -0.3594
vn 0.9589 -0.2725 0.0787
vn 0.2553 -0.7166 -0.6491
vn 0.4386 -0.5774 -0.6887
vn 0.2055 -0.4868 -0.8490
vn 0.3551 -0.8844 -0.3028
vn 0.7134 0.1393 -0.6868
vn 0.5310 -0.0892 -0.8426
vn 0.0579 -0.8425 0.5356
vn -0.2281 -0.8230 0.5203
vn 0.1008 -0.9949 -0.0095
vn -0.3970 -0.8848 0.2441
vn -0.4398 -0.8974 -0.0348
vn -0.3431 -0.8801 -0.3281
vn 0.0913 -0.9692 -0.2286
vn 0.4767 -0.8596 -0.1838
vn 0.5632 -0.8240 -0.0618
vn 0.5124 -0.8191 0.2579
vn 0.3198 -0.7911 0.5214
vn -0.0039 -0.4380 0.8990
vn -0.3935 -0.4783 0.7851
vn -0.7017 -0.5567 0.4446
vn -0.8569 -0.5149 -0.0240
vn -0.6758 -0.5167 -0.5257
vn -0.3306 -0.4217 -0.8443
vn -0.2247 -0.7230 -0.6533
vn 0.0905 -0.3565 -0.9299
vn -0.0890 -0.4146 -0.9056
vn 0.2808 -0.6208 -0.7320
vn 0.3733 -0.2364 -0.8971
vn 0.4980 -0.5372 -0.6807
vn 0.8542 -0.5183 0.0406
vn 0.7493 -0.3625 0.5541
vn 0.3964 -0.4171 0.8179
vn -0.4963 -0.2936 0.8170
vn -0.0002 -0.2372 0.9715
vn -0.0064 -0.2015 -0.9795
vn -0.3632 -0.2704 -0.8916
vn -0.8098 -0.2319 -0.5389
vn -0.9585 -0.2850 0.0002
vn -0.8568 -0.2998 0.4195
vn 0.4343 -0.1732 0.8839
vn 0.7720 -0.1696 0.6126
vn 0.9942 -0.1075 0.0021
vn 0.8786 -0.4479 -0.1655
vn 0.9238 -0.2879 -0.2524
vn 0.8620 -0.0305 -0.5059
vn 0.6846 -0.2452 -0.6865
vn 0.7126 -0.5979 -0.3671
vn 0.4231 -0.1737 -0.8893
vn 0.7098 -0.6962 -0.1067
vn 0.0585 -0.7584 -0.6492
vn 0.0077 -0.6187 -0.7856
vn 0.1182 -0.7305 -0.6726
vn 0.2641 -0.7045 -0.6588
vn 0.0990 -0.6279 -0.7719
vn 0.2422 -0.6768 -0.6951
vn 0.2179 -0.6985 -0.6817
vn 0.1762 -0.6165 -0.7674
vn 0.2116 -0.5812 -0.7857
vn 0.2548 -0.5410 -0.8015
vn 0.2244 -0.5401 -0.8111
vn 0.0162 -0.6419 -0.7667
vn 0.1655 -0.6882 -0.7064
vn -0.1651 -0.4258 -0.8896
vn 0.0251 -0.3555 -0.9344
vn 0.1061 -0.6034 -0.7903
vn 0.4676 -0.3294 -0.8203
vn 0.5202 -0.2569 -0.8145
vn 0.6726 -0.3022 -0.6754
vn 0.6551 -0.2981 -0.6942
vn 0.6098 -0.1502 -0.7782
vn 0.7064 -0.3153 -0.6336
vn 0.7018 -0.2630 -0.6621
vn 0.3103 -0.4834 -0.8185
vn 0.1221 -0.5661 -0.8152
vn -0.8051 -0.1348 0.5776
vn -0.9372 -0.1264 0.3251
vn -0.8586 -0.1891 0.4764
vn -0.6605 -0.1124 0.7424
vn -0.4975 0.0212 0.8672
vn -0.3253 0.0490 0.9443
vn 0.0514 0.2167 0.9749
vn -0.0352 0.0652 0.9973
vn 0.1934 0.2480 0.9492
vn 0.2043 0.3667 0.9076
vn 0.0846 0.3097 0.9471
vn -0.0164 0.2856 0.9582
vn -0.0692 0.2426 0.9677
vn 0.2386 0.9107 0.3372
vn -0.0373 0.7031 0.7101
vn 0.2467 0.8291 0.5018
vn 0.0574 0.7683 0.6375
vn -0.1790 0.6022 0.7781
vn -0.2208 0.5403 0.8120
vn -0.2208 0.5404 0.8119
vn -0.2261 0.8239 0.5196
vn -0.2262 0.8239 0.5196
vn -0.1954 0.9703 0.1425
vn 0.0003 -0.7252 -0.6885
vn 0.5175 -0.8266 0.2214
vn 0.6261 -0.5905 0.5093
vn 0.4334 -0.5707 0.6974
vn 0.5768 0.0802 0.8130
vn 0.2860 0.1153 0.9513
vn 0.3439 0.5949 0.7265
vn 0.1039 0.5342 0.8389
vn 0.0330 0.2682 0.9628
vn 0.2509 -0.3449 0.9045
vn 0.0506 0.4310 0.9010
vn 0.7893 0.1346 0.5991
vn 0.7704 -0.5601 0.3047
vn 0.5652 -0.8248 0.0160
vn 0.8102 -0.5758 0.1099
vn 0.4418 -0.8641 -0.2410
vn 0.3618 -0.9174 -0.1657
vn 0.5059 -0.7924 -0.3408
vn 0.9078 -0.4113 0.0827
vn 0.8820 -0.4436 -0.1587
vn 0.5123 -0.6309 -0.5827
vn 0.6660 -0.2676 -0.6963
vn 0.9728 -0.2167 -0.0813
vn 0.3144 -0.8056 -0.5022
vn 0.3765 -0.6247 -0.6841
vn 0.4457 -0.3165 -0.8373
vn 0.3328 0.2049 -0.9205
vn 0.6326 0.1609 -0.7575
vn 0.2044 0.6613 -0.7217
vn 0.6314 0.4454 -0.6348
vn 0.2494 0.7554 -0.6060
vn 0.3106 0.7165 -0.6246
vn 0.9926 -0.1073 -0.0566
vn 0.7689 0.0665 0.6359
vn 0.6454 -0.1312 0.7525
vn 0.3852 0.1821 0.9047
vn 0.4798 0.4460 0.7556
vn 0.8625 0.1361 0.4875
vn 0.6032 0.5205 0.6044
vn 0.8564 0.1967 0.4774
vn 0.3978 -0.2282 0.8886
vn 0.9970 -0.0723 0.0274
vn 0.3746 -0.3457 0.8603
vn 0.4696 -0.3776 0.7981
vn 0.6126 0.5784 0.5387
vn 0.8844 0.0758 0.4604
vn 0.4990 0.6028 0.6227
vn -0.8796 0.4537 -0.1431
vn -0.8786 0.4721 -0.0722
vn -0.8775 0.4736 -0.0751
vn -0.8898 0.4547 -0.0378
vn -0.9099 0.4143 0.0200
vn -0.9176 0.3970 0.0183
vn -0.9382 0.3347 0.0879
vn -0.9372 0.3183 0.1426
vn -0.9505 0.2315 0.2073
vn -0.9383 0.2327 0.2557
vn -0.9411 0.1956 0.2760
vn -0.9275 0.2224 0.3005
vn -0.8434 0.4647 -0.2696
vn -0.7955 0.4650 -0.3885
vn -0.7187 0.5010 -0.4821
vn 0.2209 -0.8881 -0.4030
vn -0.6261 -0.5905 0.5093
vn -0.5081 -0.8343 0.2142
vn -0.4334 -0.5707 0.6974
vn -0.5767 0.0803 0.8130
vn -0.2860 0.1153 0.9513
vn -0.3439 0.5950 0.7265
vn -0.1039 0.5342 0.8389
vn -0.0330 0.2682 0.9628
vn -0.2509 -0.3449 0.9045
vn -0.0506 0.4310 0.9010
vn -0.7948 0.1370 0.5913
vn -0.7807 -0.5529 0.2910
vn -0.5541 -0.8324 -0.0043
vn -0.8253 -0.5551 0.1034
vn -0.4472 -0.8602 -0.2449
vn -0.3259 -0.9267 -0.1872
vn -0.5342 -0.7882 -0.3056
vn -0.8970 -0.4259 0.1182
vn -0.8785 -0.4602 -0.1284
vn -0.5304 -0.6358 -0.5607
vn -0.6660 -0.2676 -0.6963
vn -0.9728 -0.2167 -0.0813
vn -0.3561 -0.8104 -0.4652
vn -0.4119 -0.6259 -0.6623
vn -0.4611 -0.3127 -0.8304
vn -0.3328 0.2049 -0.9205
vn -0.6326 0.1609 -0.7576
vn 0.0326 0.7628 -0.6459
vn -0.6312 0.4455 -0.6348
vn -0.1867 0.7900 -0.5840
vn -0.9926 -0.1072 -0.0566
vn -0.7688 0.0666 0.6360
vn -0.6453 -0.1313 0.7526
vn -0.3852 0.1821 0.9047
vn -0.4798 0.4459 0.7556
vn -0.8575 0.1174 0.5008
vn -0.6081 0.5117 0.6069
vn -0.8574 0.1802 0.4820
vn -0.6273 -0.2823 0.7258
vn -0.9649 0.0972 -0.2438
vn -0.7009 -0.4386 0.5625
vn -0.9030 -0.4281 0.0365
vn -0.9260 -0.2343 0.2959
vn -0.6196 0.5716 0.5380
vn -0.8913 0.0826 0.4457
vn -0.4987 0.6029 0.6228
vn 0.6129 0.7888 -0.0457
vn 0.0327 0.7627 -0.6459
vn 0.8855 0.4589 -0.0722
vn 0.8774 0.4675 -0.1081
vn 0.8789 0.4642 -0.1099
vn 0.8780 0.4529 -0.1551
vn 0.9080 0.4190 -0.0018
vn 0.9181 0.3962 0.0085
vn 0.9398 0.3303 0.0875
vn 0.9372 0.3184 0.1425
vn 0.9505 0.2315 0.2073
vn 0.9308 0.2473 0.2691
vn 0.9300 0.2176 0.2961
vn 0.9024 0.2654 0.3394
vn 0.8380 0.4748 -0.2689
vn 0.7993 0.4829 -0.3576
vn 0.7137 0.5198 -0.4696
vn -0.2504 -0.8854 -0.3916
vn 0.9233 -0.2187 0.3157
vn 0.6501 -0.3291 0.6849
vn 0.6421 -0.5857 0.4945
vn 0.3032 -0.6192 0.7243
vn 0.2434 -0.8462 0.4739
vn 0.1681 -0.4243 0.8898
vn -0.0155 -0.8414 0.5402
vn -0.0017 -0.5807 0.8141
vn -0.0033 -0.3905 0.9206
vn -0.3089 -0.6569 0.6878
vn -0.2830 -0.8408 0.4615
vn -0.1630 -0.4523 0.8768
vn -0.6116 -0.6227 0.4880
vn -0.6177 -0.4221 0.6636
vn -0.8901 -0.3469 0.2957
vn 0.7572 -0.6141 0.2224
vn 0.9778 -0.1863 0.0954
vn -0.7278 -0.6474 0.2262
vn -0.9639 -0.2456 0.1032
vn -0.8173 -0.5688 0.0920
vn -0.9520 -0.3010 0.0548
vn -0.3210 -0.9463 0.0385
vn -0.3276 -0.9035 0.2763
vn -0.0154 -0.9468 0.3214
vn 0.3010 -0.9177 0.2591
vn 0.7988 -0.5978 0.0677
vn 0.9907 -0.1356 0.0149
vn 0.8161 -0.5690 -0.1016
vn 0.9870 -0.1490 -0.0606
vn 0.6914 -0.4248 -0.5845
vn 0.7197 -0.2621 -0.6429
vn 0.2539 -0.6738 -0.6940
vn 0.3250 -0.9408 -0.0961
vn 0.3117 -0.9445 0.1038
vn 0.0523 -0.7690 -0.6372
vn -0.0397 -0.9975 -0.0580
vn -0.0193 -0.9906 0.1357
vn -0.0088 -0.1961 -0.9805
vn -0.4781 -0.5932 -0.6477
vn -0.7699 -0.6068 -0.1973
vn -0.9654 -0.1912 -0.1775
vn -0.9235 -0.2534 -0.2880
vn -0.5542 -0.2828 -0.7829
vn 0.1085 -0.2579 -0.9601
vn -0.3199 -0.9467 0.0382
vn 0.9540 -0.2837 -0.0965
vn 0.9559 -0.2746 -0.1044
vn 0.9401 -0.3312 -0.0805
vn 0.3972 -0.8789 -0.2642
vn 0.9184 -0.3886 -0.0750
vn -0.4148 -0.8980 -0.1468
vn -0.6811 -0.7210 -0.1274
vn 0.3993 -0.8780 -0.2639
vn -0.5836 -0.5194 -0.6241
vn -0.9183 -0.3712 -0.1378
vn -0.6018 -0.4331 -0.6710
vn -0.1401 -0.2864 -0.9478
vn -0.1569 -0.1828 -0.9705
vn 0.3565 0.9006 0.2488
vn 0.4048 0.8906 0.2075
vn 0.4223 0.8932 0.1546
vn 0.4782 0.8777 0.0292
vn 0.0928 0.9310 -0.3529
vn 0.2880 0.8692 -0.4020
vn 0.1589 0.8010 -0.5772
vn -0.0932 0.8486 -0.5207
vn -0.2311 0.9012 -0.3666
vn -0.1998 0.9523 -0.2305
vn -0.2275 0.9717 -0.0631
vn -0.1157 0.9232 -0.3665
vn -0.1332 0.9471 -0.2920
vn 0.0211 0.9233 -0.3836
vn -0.0493 0.9669 -0.2503
vn -0.1346 0.9741 -0.1817
vn -0.2182 0.9425 -0.2532
vn -0.1055 0.9456 -0.3077
vn -0.2911 0.8758 -0.3850
vn -0.3437 0.9172 -0.2016
vn -0.2096 0.9764 -0.0520
vn -0.1128 0.9827 -0.1470
vn -0.3619 -0.8302 0.4240
vn 0.3605 -0.8125 0.4582
vn -0.1056 -0.8724 0.4773
vn 0.5996 -0.7092 0.3710
vn 0.8714 -0.4382 0.2206
vn 0.9332 -0.3187 0.1660
vn 0.9875 -0.0153 0.1569
vn 0.9559 0.1491 0.2531
vn 0.8482 0.4076 0.3383
vn 0.6416 0.3882 0.6615
vn 0.4661 0.4125 0.7826
vn 0.1927 0.0901 0.9771
vn -0.8269 -0.4645 0.3170
vn -0.8530 -0.4258 0.3017
vn -0.9834 0.0115 0.1812
vn -0.9784 0.1371 0.1547
vn -0.8418 0.5089 0.1798
vn -0.6485 0.5147 0.5608
vn -0.3804 0.5802 0.7202
vn -0.1534 0.0816 0.9848
vn -0.5296 -0.1808 0.8287
vn -0.8456 -0.1041 0.5235
vn -0.1308 -0.6791 0.7223
vn -0.7218 -0.6546 0.2247
vn -0.4626 0.1109 0.8796
vn -0.7551 0.3166 0.5741
vn -0.2085 0.4586 0.8639
vn -0.5804 0.7640 0.2819
vn 0.2815 0.9242 0.2582
vn 0.1939 0.5057 0.8407
vn 0.7753 0.4644 0.4281
vn 0.5379 0.1735 0.8249
vn 0.9260 -0.0599 0.3727
vn 0.2517 -0.2592 0.9324
vn 0.6138 -0.6621 0.4300
vn -0.1265 -0.6603 0.7403
vn 0.1248 -0.9798 0.1561
vn -0.4433 -0.8849 0.1427
vn -0.2177 -0.9756 -0.0299
vn -0.7092 -0.6667 -0.2292
vn -0.0670 -0.9910 -0.1157
vn -0.9417 0.3329 -0.0480
vn -0.9899 -0.1202 -0.0752
vn -0.7895 -0.6009 -0.1252
vn -0.0013 -0.9957 0.0929
vn 0.2741 -0.9400 0.2029
vn 0.4406 -0.8821 -0.1666
vn 0.0101 -0.9952 -0.0978
vn 0.7375 -0.5117 -0.4408
vn 0.8334 -0.3169 -0.4528
vn 0.7358 -0.2966 -0.6088
vn -0.8376 -0.5284 0.1388
vn -0.6404 -0.6971 0.3222
vn -0.7018 -0.5641 -0.4351
vn -0.9928 -0.0500 0.1089
vn -0.7618 -0.1955 -0.6176
vn -0.2871 -0.2416 -0.9269
vn -0.2302 -0.2963 -0.9270
vn -0.3826 0.0547 -0.9223
vn -0.9025 0.2578 -0.3450
vn -0.9366 0.2939 0.1909
vn -0.4671 0.8603 0.2043
vn -0.4121 0.9023 -0.1264
vn 0.3847 0.9217 -0.0501
vn 0.9058 0.4086 -0.1121
vn 0.9819 -0.1636 -0.0959
vn 0.7949 -0.5937 -0.1249
vn 0.3340 0.8923 0.3037
vn 0.8835 0.4247 0.1976
vn 0.9882 -0.1188 0.0971
vn 0.7192 -0.6893 0.0874
vn 0.7916 -0.6052 -0.0851
vn 0.8317 -0.1814 -0.5247
vn 0.0345 -0.6304 -0.7755
vn 0.3680 -0.2195 -0.9035
vn 0.8405 0.3860 -0.3801
vn 0.4897 0.1608 -0.8569
vn 0.5463 0.8350 0.0660
vn 0.3310 0.7700 -0.5454
vn -0.0301 0.9993 0.0226
vn -0.0934 0.9322 -0.3498
vn -0.6063 0.7897 -0.0937
vn -0.4224 0.6255 -0.6560
vn -0.4941 -0.6389 -0.5896
vn -0.6148 -0.5677 -0.5474
vn -0.6162 -0.5674 -0.5461
vn -0.8117 -0.3972 -0.4282
vn -0.7101 -0.6652 -0.2306
vn -0.7008 -0.5645 -0.4362
vn 0.1543 -0.7429 -0.6514
vn 0.6419 -0.7432 0.1888
vn 0.7927 -0.2314 0.5640
vn 0.9822 -0.1702 0.0797
vn 0.9073 0.1144 0.4047
vn 0.9912 0.1254 -0.0425
vn 0.8482 0.4221 0.3199
vn 0.8491 0.4229 0.3165
vn 0.9680 0.2350 -0.0882
vn 0.9756 0.2195 -0.0073
vn 0.9211 0.3834 -0.0677
vn 0.6543 0.7438 0.1370
vn 0.6590 0.7520 -0.0136
vn 0.3342 0.9284 0.1626
vn 0.1392 0.9186 0.3700
vn 0.7428 -0.4637 0.4829
vn 0.8028 -0.5081 0.3120
vn 0.6548 0.7554 -0.0224
vn 0.4450 0.8866 0.1262
vn 0.9055 0.4163 -0.0826
vn 0.9842 0.1769 -0.0039
vn 0.7873 0.3108 0.5326
vn 0.8230 0.4265 0.3752
vn 0.9324 -0.0520 0.3577
vn 0.6412 -0.4200 0.6422
vn 0.4094 -0.7660 0.4956
vn 0.2987 -0.9324 0.2033
vn 0.6381 -0.7335 -0.2343
vn 0.9092 -0.3853 -0.1579
vn 0.9344 -0.1641 -0.3162
vn 0.9526 0.0089 -0.3040
vn 0.6000 0.5495 0.5814
vn -0.4306 -0.8023 0.4135
vn 0.5911 -0.7564 0.2801
vn -0.7363 -0.6402 0.2193
vn -0.7605 -0.5335 0.3701
vn -0.8312 -0.4992 0.2450
vn -0.6540 -0.7435 0.1397
vn -0.8633 -0.4081 0.2969
vn -0.9879 -0.1365 0.0730
vn -0.9838 -0.1070 0.1436
vn -0.9557 0.1873 0.2268
vn -0.9860 0.1629 0.0356
vn -0.9725 0.2228 -0.0678
vn -0.8043 0.5905 0.0672
vn -0.6328 0.7384 0.2331
vn -0.4370 0.8733 0.2154
vn -0.3447 0.8671 0.3596
vn -0.8362 0.4926 0.2409
vn -0.7515 0.6595 0.0147
vn -0.5105 0.8373 0.1958
vn -0.9583 0.2437 -0.1495
vn -0.7926 0.5837 0.1760
vn -0.9561 -0.1166 0.2690
vn -0.7942 -0.4477 0.4109
vn -0.9051 0.2638 0.3333
vn -0.9429 0.3147 0.1088
vn -0.7503 0.6152 0.2420
vn -0.7813 -0.6194 -0.0770
vn -0.5618 -0.8094 0.1710
vn -0.9444 -0.3260 -0.0426
vn -0.9972 -0.0381 -0.0640
vn -0.9746 -0.0120 -0.2234
vn -0.9960 0.0134 -0.0880
vn -0.9295 -0.0371 -0.3669
vn -0.9551 -0.2857 0.0790
vn -0.7774 -0.6284 0.0288
vn -0.8402 -0.5421 0.0111
vn -0.5848 -0.5810 0.5661
vn -0.0029 -0.7847 0.6198
vn -0.6955 -0.4168 0.5853
vn -0.6608 -0.1494 0.7356
vn -0.9669 0.2310 -0.1084
vn -0.9180 -0.1452 0.3691
vn -0.7890 0.4244 0.4443
vn -0.8523 0.4949 0.1695
vn -0.7749 0.5401 0.3284
vn -0.8791 0.2721 0.3912
vn -0.8929 -0.1463 0.4258
vn -0.6384 -0.2767 0.7183
vn -0.9950 -0.0417 -0.0906
vn -0.9509 -0.0787 -0.2994
vn -0.9068 -0.4193 -0.0432
vn -0.7261 -0.6864 0.0412
vn -0.4940 -0.8683 0.0438
vn 0.3518 -0.9135 0.2045
vn -0.4141 -0.7872 -0.4570
vn 0.7394 -0.5951 -0.3149
vn 0.2611 -0.9649 -0.0265
vn -0.7069 -0.6640 -0.2435
vn -0.7718 -0.2065 -0.6014
vn -0.6233 -0.7768 -0.0901
vn -0.8084 -0.5884 0.0148
vn -0.9418 -0.2520 -0.2223
vn -0.9828 0.0242 -0.1829
vn -0.9891 -0.0275 0.1446
vn -0.9875 0.1516 -0.0435
vn -0.8081 -0.2818 0.5172
vn -0.5855 -0.5269 0.6160
vn 0.4030 -0.8996 -0.1681
vn 0.4813 -0.3951 0.7824
vn 0.5348 -0.5152 0.6697
vn 0.4924 -0.5364 0.6854
vn 0.5911 -0.8027 0.0786
vn 0.7108 -0.6877 -0.1481
vn 0.9156 -0.3574 -0.1842
vn 0.9677 -0.0591 -0.2450
vn 0.9927 0.0057 -0.1202
vn 0.9819 -0.1715 0.0804
vn 0.8176 -0.1375 0.5592
vn 0.8902 0.2732 0.3646
vn 0.8779 0.3590 0.3168
vn 0.8279 0.0277 0.5602
vn 0.8435 0.3864 0.3731
vn 0.8434 0.4225 0.3319
vn 0.8673 -0.4737 0.1531
vn 0.9546 -0.1228 -0.2714
vn 0.9700 0.1557 -0.1868
vn 0.8710 -0.4890 -0.0473
vn 0.3000 -0.9231 0.2407
vn 0.9721 -0.0970 -0.2135
vn 0.0721 -0.5494 0.8324
vn 0.3438 -0.4345 0.8325
vn -0.2696 -0.5319 0.8028
vn 0.9170 -0.1294 0.3773
vn 0.9752 0.0667 0.2111
vn 0.9742 0.1447 0.1733
vn 0.0244 -0.5271 0.8495
vn -0.6998 -0.3647 0.6143
vn -0.6238 -0.6428 0.4447
vn -0.4707 -0.6414 0.6058
vn -0.2236 -0.6265 0.7466
vn -0.2129 -0.7458 0.6312
vn -0.2359 -0.4612 0.8554
vn -0.6240 -0.3022 0.7206
vn -0.8575 -0.3106 0.4101
vn -0.4708 -0.4909 0.7331
vn -0.9890 -0.0715 0.1298
vn -0.7706 -0.2881 0.5684
vn 0.0320 -0.5630 0.8259
vn -0.5828 -0.4407 0.6827
vn -0.5607 -0.4650 0.6852
vn -0.4579 -0.6124 0.6444
vn -0.2683 -0.5327 0.8027
vn -0.7166 -0.4741 0.5116
vn -0.5765 -0.3842 0.7211
vn -0.5611 -0.4251 0.7102
vn -0.9655 -0.1395 0.2200
vn -0.9903 -0.0618 0.1246
vn -0.7380 -0.3386 0.5837
vn -0.1361 -0.6581 0.7405
vn -0.8904 -0.3622 0.2758
vn -0.8008 -0.5405 0.2582
vn -0.2691 -0.7689 0.5800
vn -0.8201 -0.4368 0.3695
vn -0.4831 -0.5911 0.6460
vn -0.6200 -0.5928 0.5140
vn -0.7962 -0.4470 0.4078
vn -0.1152 -0.7862 0.6072
vn -0.5177 -0.4115 0.7501
vn -0.2438 -0.4544 0.8568
vn 0.2979 -0.7142 0.6334
vn -0.4287 -0.2732 0.8612
vn -0.3847 -0.2282 0.8944
vn -0.1113 -0.0831 0.9903
vn -0.3581 -0.5434 0.7593
vn 0.0680 -0.9130 0.4024
vn 0.0466 -0.5858 0.8091
vn 0.1320 -0.6930 0.7088
vn -0.1056 -0.8119 0.5741
vn 0.1770 -0.4833 0.8574
vn -0.1528 -0.8175 0.5553
vn -0.2889 -0.8125 0.5064
vn 0.5302 -0.7613 0.3732
vn 0.7853 -0.4958 0.3707
vn 0.0694 -0.4071 0.9107
vn 0.8618 -0.2568 0.4375
vn 0.8407 -0.1604 0.5172
vn 0.8857 -0.0354 0.4630
vn 0.4293 -0.1666 0.8876
vn 0.2772 -0.3383 0.8993
vn 0.0137 -0.0203 0.9997
vn 0.2762 -0.3386 0.8995
vn -0.0328 -0.5358 0.8437
vn -0.4006 -0.5769 0.7118
vn -0.4433 -0.5662 0.6949
vn -0.4653 -0.4422 0.7667
vn -0.4762 -0.4425 0.7599
vn -0.4230 -0.2193 0.8792
vn -0.3648 -0.1301 0.9219
vn 0.0264 0.0488 0.9985
vn 0.0145 -0.0314 0.9994
vn 0.4453 0.1205 0.8872
vn 0.4736 0.0187 0.8806
vn 0.4687 -0.1843 0.8639
vn 0.4989 -0.2169 0.8391
vn 0.6628 -0.1794 0.7270
vn 0.7555 -0.1778 0.6306
vn 0.7658 -0.2585 0.5889
vn 0.6998 -0.3195 0.6389
vn -0.0267 -0.8453 0.5336
vn -0.9644 -0.1653 0.2067
vn -0.9731 -0.0523 0.2243
vn -0.9860 -0.0201 0.1653
vn -0.9790 -0.0953 0.1802
vn -0.9863 -0.0639 0.1518
vn -0.9931 -0.0103 0.1167
vn -0.9936 -0.0891 0.0687
vn -0.9570 -0.2776 0.0837
vn -0.9522 -0.2855 0.1084
vn -0.8998 -0.4254 0.0966
vn -0.8589 -0.5050 0.0857
vn -0.8158 -0.5733 0.0767
vn -0.6215 -0.7812 0.0583
vn -0.6246 -0.7789 0.0564
vn -0.0296 -0.9980 0.0565
vn -0.0321 -0.9983 0.0482
vn 0.5618 -0.8255 0.0545
vn 0.7756 -0.6262 0.0794
vn 0.9699 -0.2128 0.1181
vn 0.9731 -0.1937 0.1251
vn 0.9841 0.0249 0.1761
vn 0.9798 0.0817 0.1826
vn 0.9649 0.1957 0.1753
vn 0.9615 0.2108 0.1761
vn 0.9610 0.2366 0.1431
vn 0.9700 0.2313 0.0753
vn 0.9833 0.1818 -0.0001
vn 0.9783 0.2057 -0.0253
vn 0.9935 0.0744 -0.0863
vn 0.9944 0.0401 -0.0977
vn 0.9933 0.0303 -0.1116
vn 0.9935 0.0803 -0.0810
vn 0.9957 0.0903 -0.0184
vn 0.9912 0.1212 0.0527
vn 0.9785 0.1519 0.1396
vn 0.9332 0.2948 0.2056
vn 0.8818 0.4082 0.2363
vn 0.7127 0.6286 0.3113
vn 0.6178 0.7343 0.2814
vn -0.0361 0.9480 0.3162
vn -0.0189 0.9710 0.2382
vn -0.7325 0.6542 0.1886
vn -0.8850 0.4522 0.1106
vn -0.9805 0.1956 -0.0167
vn -0.9860 0.1568 -0.0572
vn -0.9934 0.1104 -0.0317
vn -0.9881 0.1472 -0.0453
vn -0.9938 0.0849 0.0723
vn -0.9965 0.0552 0.0629
vn -0.9913 0.0394 0.1254
vn -0.9867 -0.0092 0.1622
vn -0.5535 -0.6402 0.5327
vn 0.6413 -0.5203 0.5640
vn 0.6532 -0.4799 0.5857
vn -0.8690 -0.2327 0.4367
vn -0.5252 -0.5609 0.6400
vn -0.5756 -0.5253 0.6266
vn -0.5756 -0.5254 0.6266
vn -0.6239 -0.4877 0.6107
vn 0.9276 -0.2475 0.2800
vn -0.0084 -0.0415 -0.9991
vn 0.0028 -0.0328 -0.9995
vn 0.0226 -0.0976 -0.9950
vn -0.0241 -0.0711 -0.9972
vn -0.0875 -0.0120 -0.9961
vn 0.0065 0.7735 -0.6338
vn 0.0061 0.7744 -0.6326
vn 0.0060 0.7732 -0.6341
vn 0.0012 0.7798 -0.6260
vn -0.0041 0.7340 -0.6791
vn -0.0046 0.7455 -0.6665
vn -0.0201 0.6477 -0.7617
vn 0.0362 0.6530 -0.7565
vn 0.0299 0.6161 -0.7871
vn -0.0502 0.5802 -0.8129
vn -0.0541 0.5493 -0.8339
vn -0.0732 0.5498 -0.8321
vn -0.0673 0.5367 -0.8411
vn 0.1052 0.6311 -0.7686
vn 0.1108 0.5384 -0.8353
vn 0.1502 0.4976 -0.8543
vn 0.3044 0.4013 -0.8639
vn 0.4603 0.5111 -0.7259
vn 0.5733 0.5083 -0.6427
vn 0.5701 0.6906 -0.4451
vn -0.0501 0.9727 -0.2264
vn 0.4940 0.8378 -0.2323
vn -0.0509 0.9728 -0.2259
vn 0.7774 0.5760 -0.2529
vn -0.6846 0.6653 -0.2979
vn -0.8265 0.5020 -0.2548
vn -0.9127 -0.2754 -0.3020
vn -0.8719 -0.4547 -0.1815
vn -0.5333 -0.8345 -0.1382
vn -0.5585 -0.8245 -0.0910
vn 0.8801 0.3634 -0.3056
vn 0.9329 -0.1547 -0.3253
vn 0.8941 -0.3792 -0.2383
vn 0.4903 -0.8367 -0.2439
vn 0.4192 -0.8939 -0.1587
vn 0.1640 -0.9773 -0.1341
vn 0.8108 0.5758 -0.1047
vn 0.9015 -0.4282 -0.0623
vn -0.1241 0.9839 -0.1288
vn -0.9028 0.4125 -0.1216
vn -0.8996 -0.4314 -0.0681
vn -0.5741 -0.8187 -0.0130
vn 0.5393 -0.8420 -0.0139
vn 0.9079 0.4159 -0.0514
vn 0.8000 -0.6000 -0.0020
vn 0.1621 0.9828 -0.0888
vn -0.8438 0.5314 -0.0749
vn -0.8101 -0.5863 -0.0052
vn -0.5608 -0.8279 0.0105
vn 0.5427 -0.8398 0.0135
vt 0.722303 -4.915066
vt 0.766479 -4.915066
vt 0.722303 -4.889741
vt 0.764083 -4.885129
vt 0.804528 -4.882128
vt 0.819056 -4.915066
vt 0.850417 -4.888103
vt 0.771802 -4.942864
vt 0.819071 -4.929776
vt 0.860244 -4.915066
vt 0.893289 -4.895503
vt 0.895124 -4.915066
vt 0.681191 -4.915066
vt 0.682541 -4.887072
vt 0.643567 -4.887587
vt 0.641822 -4.915066
vt 0.601226 -4.889892
vt 0.602196 -4.915066
vt 0.547390 -4.898233
vt 0.604956 -4.954601
vt 0.588032 -4.941711
vt 0.571699 -4.953903
vt 0.545039 -4.915066
vt 0.638001 -4.970402
vt 0.671394 -4.961183
vt 0.497740 -4.893790
vt 0.487989 -4.915066
vt 0.454262 -4.915066
vt 0.454262 -4.904511
vt 0.596995 -4.852890
vt 0.550302 -4.848583
vt 0.642626 -4.854254
vt 0.682465 -4.854452
vt 0.722303 -4.855422
vt 0.762248 -4.854435
vt 0.454262 -4.856514
vt 0.505535 -4.854315
vt 0.802299 -4.854103
vt 0.845216 -4.855892
vt 0.891044 -4.853724
vt 0.933294 -4.864718
vt 0.934780 -4.915066
vt 0.990406 -4.862292
vt 0.990406 -4.915066
vt 0.849432 -4.832068
vt 0.805787 -4.820012
vt 0.762885 -4.820270
vt 0.722303 -4.819965
vt 0.681843 -4.819753
vt 0.638881 -4.818434
vt 0.594235 -4.828732
vt 0.680190 -4.768951
vt 0.631541 -4.773046
vt 0.632602 -4.725033
vt 0.595160 -4.758350
vt 0.608126 -4.717087
vt 0.645887 -4.676718
vt 0.684012 -4.689259
vt 0.691169 -4.654925
vt 0.672107 -4.631631
vt 0.680326 -4.729066
vt 0.610431 -4.669620
vt 0.636651 -4.612342
vt 0.658641 -4.605336
vt 0.599542 -4.629144
vt 0.722303 -4.696978
vt 0.722303 -4.732328
vt 0.722303 -4.770983
vt 0.594553 -4.794701
vt 0.568727 -4.786027
vt 0.555200 -4.813476
vt 0.528813 -4.792532
vt 0.506626 -4.824501
vt 0.454262 -4.835040
vt 0.504731 -4.809578
vt 0.765008 -4.729476
vt 0.761308 -4.689152
vt 0.813900 -4.726140
vt 0.800449 -4.676445
vt 0.753846 -4.654213
vt 0.773394 -4.630146
vt 0.839256 -4.718330
vt 0.837027 -4.669196
vt 0.809912 -4.610189
vt 0.787225 -4.603016
vt 0.848188 -4.627461
vt 0.851524 -4.761581
vt 0.814052 -4.775077
vt 0.764887 -4.769664
vt 0.850341 -4.798446
vt 0.876334 -4.791607
vt 0.887738 -4.819147
vt 0.913307 -4.804255
vt 0.934007 -4.832387
vt 0.990406 -4.839499
vt 0.936039 -4.815568
vt 0.990406 -4.810989
vt 0.938314 -4.796612
vt 0.210332 -4.973315
vt 0.211439 -4.926242
vt 0.177121 -4.966764
vt 0.173497 -4.926242
vt 0.247426 -4.926242
vt 0.247426 -4.981670
vt 0.293679 -4.979183
vt 0.291314 -4.992983
vt 0.288811 -4.926242
vt 0.330424 -4.973467
vt 0.331334 -4.926242
vt 0.146366 -4.962275
vt 0.137298 -4.926242
vt 0.116719 -4.967461
vt 0.103040 -4.941375
vt 0.079701 -4.974801
vt 0.079701 -4.950264
vt 0.356508 -4.968083
vt 0.370824 -4.926242
vt 0.380408 -4.966309
vt 0.406264 -4.935251
vt 0.406704 -4.966717
vt 0.394830 -4.978426
vt 0.436883 -4.939452
vt 0.436883 -4.974756
vt 0.436883 -4.925030
vt 0.405946 -4.917523
vt 0.436883 -4.904389
vt 0.406507 -4.906801
vt 0.376647 -4.884676
vt 0.395346 -4.876213
vt 0.336126 -4.884676
vt 0.376647 -4.837255
vt 0.339189 -4.837255
vt 0.376647 -4.786587
vt 0.338492 -4.786587
vt 0.293588 -4.837255
vt 0.292815 -4.786587
vt 0.290540 -4.884676
vt 0.247426 -4.884676
vt 0.376647 -4.739228
vt 0.334428 -4.739228
vt 0.376647 -4.696690
vt 0.322963 -4.678977
vt 0.343982 -4.644067
vt 0.312302 -4.654213
vt 0.376647 -4.653636
vt 0.288174 -4.698025
vt 0.281108 -4.667876
vt 0.290176 -4.739228
vt 0.327634 -4.631905
vt 0.247426 -4.701223
vt 0.247487 -4.672941
vt 0.247426 -4.739228
vt 0.247426 -4.786587
vt 0.247426 -4.837255
vt 0.209529 -4.884676
vt 0.169129 -4.884676
vt 0.132020 -4.884676
vt 0.132172 -4.837255
vt 0.165762 -4.837255
vt 0.132172 -4.786587
vt 0.166126 -4.786587
vt 0.101796 -4.923907
vt 0.099673 -4.914201
vt 0.079701 -4.919251
vt 0.079701 -4.937783
vt 0.109076 -4.877002
vt 0.206465 -4.837255
vt 0.207087 -4.786587
vt 0.132172 -4.739228
vt 0.169933 -4.739228
vt 0.132172 -4.695507
vt 0.181640 -4.681570
vt 0.164883 -4.647146
vt 0.192013 -4.659793
vt 0.132172 -4.651741
vt 0.211637 -4.699630
vt 0.217672 -4.672273
vt 0.209483 -4.739228
vt 0.180882 -4.638153
vt 0.431893 -4.012445
vt 0.431681 -4.019633
vt 0.456385 -4.012445
vt 0.458417 -4.018420
vt 0.407644 -4.012445
vt 0.405521 -4.017783
vt 0.382273 -4.016917
vt 0.384078 -4.012445
vt 0.360087 -4.016326
vt 0.361543 -4.012445
vt 0.333912 -4.012445
vt 0.331925 -4.015098
vt 0.298305 -4.012247
vt 0.297031 -4.014295
vt 0.268339 -4.012445
vt 0.268505 -4.013885
vt 0.246016 -4.013808
vt 0.243877 -4.012445
vt 0.218431 -4.014143
vt 0.215443 -4.012445
vt 0.225528 -4.043274
vt 0.261181 -4.042593
vt 0.298775 -4.041879
vt 0.334049 -4.043351
vt 0.367078 -4.045549
vt 0.267929 -4.082946
vt 0.298305 -4.083840
vt 0.332532 -4.082946
vt 0.362104 -4.082946
vt 0.405840 -4.049644
vt 0.444404 -4.053146
vt 0.407584 -4.082946
vt 0.266352 -4.095442
vt 0.298305 -4.095442
vt 0.331364 -4.095442
vt 0.364181 -4.095442
vt 0.392783 -4.095442
vt 0.406750 -4.095442
vt 0.391933 -4.126622
vt 0.366562 -4.126622
vt 0.333124 -4.126622
vt 0.298305 -4.126622
vt 0.263410 -4.126622
vt 0.233611 -4.095442
vt 0.231184 -4.126622
vt 0.366775 -4.142120
vt 0.399000 -4.142120
vt 0.410677 -4.161607
vt 0.371900 -4.175483
vt 0.335595 -4.142120
vt 0.333942 -4.181443
vt 0.298305 -4.142120
vt 0.298259 -4.180564
vt 0.260559 -4.175134
vt 0.265973 -4.142120
vt 0.256116 -4.204570
vt 0.298259 -4.208968
vt 0.332669 -4.210075
vt 0.374767 -4.204736
vt 0.224406 -4.170616
vt 0.228212 -4.142120
vt 0.198003 -4.126622
vt 0.205252 -4.095442
vt 0.234293 -4.082946
vt 0.203356 -4.082946
vt 0.192862 -4.164747
vt 0.199247 -4.142120
vt 0.192225 -4.046020
vt 0.185538 -4.015219
vt 0.183384 -4.012445
vt 0.164686 -4.044579
vt 0.152053 -4.016479
vt 0.166642 -4.055588
vt 0.180594 -4.056302
vt 0.151568 -4.012445
vt 0.142651 -4.012445
vt 0.139603 -4.016190
vt 0.188222 -4.077592
vt 0.184916 -4.207543
vt 0.174937 -4.187949
vt 0.157497 -4.201431
vt 0.143546 -4.218310
vt 0.180063 -4.247169
vt 0.219583 -4.214927
vt 0.215822 -4.255130
vt 0.254810 -4.224770
vt 0.250808 -4.261242
vt 0.271751 -4.265109
vt 0.243347 -4.303583
vt 0.210909 -4.298411
vt 0.270113 -4.306176
vt 0.298259 -4.268368
vt 0.298259 -4.233276
vt 0.333760 -4.233490
vt 0.338644 -4.265821
vt 0.380939 -4.260134
vt 0.377345 -4.225316
vt 0.424599 -4.248518
vt 0.425099 -4.198973
vt 0.298259 -4.308769
vt 0.340645 -4.310831
vt 0.386762 -4.308253
vt 0.433076 -4.298244
vt 0.236553 -4.352049
vt 0.265139 -4.355250
vt 0.298259 -4.356281
vt 0.343405 -4.357312
vt 0.394602 -4.354825
vt 0.442994 -4.346773
vt 0.538625 -4.320279
vt 0.522701 -4.277453
vt 0.539428 -4.370839
vt 0.456006 -4.394739
vt 0.403322 -4.407416
vt 0.348819 -4.412284
vt 0.298259 -4.410738
vt 0.261575 -4.408690
vt 0.231215 -4.406036
vt 0.540505 -4.417639
vt 0.549832 -4.418154
vt 0.549832 -4.370793
vt 0.570456 -4.418154
vt 0.570456 -4.370793
vt 0.549832 -4.320112
vt 0.570456 -4.320112
vt 0.466818 -4.446210
vt 0.413225 -4.461951
vt 0.570456 -4.486260
vt 0.549832 -4.486260
vt 0.538655 -4.485759
vt 0.476554 -4.486093
vt 0.260468 -4.472201
vt 0.224603 -4.466091
vt 0.197124 -4.458583
vt 0.199626 -4.400745
vt 0.203948 -4.346272
vt 0.172238 -4.291178
vt 0.164155 -4.338523
vt 0.154768 -4.392268
vt 0.147064 -4.445041
vt 0.261074 -4.486093
vt 0.298259 -4.475962
vt 0.352201 -4.473930
vt 0.350836 -4.486093
vt 0.416258 -4.486093
vt 0.298305 -4.486093
vt 0.127243 -4.329818
vt 0.137040 -4.284762
vt 0.142408 -4.248047
vt 0.115612 -4.250869
vt 0.100750 -4.277423
vt 0.094365 -4.322023
vt 0.113519 -4.380636
vt 0.079564 -4.367215
vt 0.079716 -4.422173
vt 0.099537 -4.430044
vt 0.074257 -4.423234
vt 0.074257 -4.368170
vt 0.046656 -4.423234
vt 0.046338 -4.368170
vt 0.074257 -4.320249
vt 0.046338 -4.320249
vt 0.046641 -4.486260
vt 0.074257 -4.486260
vt 0.080580 -4.487049
vt 0.143030 -4.486093
vt 0.195789 -4.486093
vt 0.223268 -4.486093
vt 0.080292 -4.319718
vt 0.080505 -4.268354
vt 0.074257 -4.268884
vt 0.074257 -4.254054
vt 0.079762 -4.253538
vt 0.046338 -4.268884
vt 0.046338 -4.255752
vt 0.105330 -4.250474
vt 0.092045 -4.246501
vt 0.549331 -4.245121
vt 0.567044 -4.243590
vt 0.549832 -4.236417
vt 0.570456 -4.236417
vt 0.536304 -4.245152
vt 0.537806 -4.236417
vt 0.568742 -4.255130
vt 0.549574 -4.255889
vt 0.570016 -4.271416
vt 0.549088 -4.272493
vt 0.535652 -4.270690
vt 0.034903 -4.457735
vt 0.026593 -4.456416
vt 0.034403 -4.453580
vt 0.029626 -4.450820
vt 0.028307 -4.443404
vt 0.033887 -4.445224
vt 0.026623 -4.432833
vt 0.033069 -4.433547
vt 0.026987 -4.396605
vt 0.033387 -4.397742
vt 0.033387 -4.354900
vt 0.026987 -4.353201
vt 0.033387 -4.303309
vt 0.026987 -4.302021
vt 0.033387 -4.251870
vt 0.026987 -4.249882
vt 0.010200 -4.320552
vt 0.010200 -4.364697
vt 0.018722 -4.321735
vt 0.018722 -4.365531
vt 0.010200 -4.400548
vt 0.018722 -4.403611
vt 0.010200 -4.461207
vt 0.018722 -4.461086
vt 0.018722 -4.283550
vt 0.010200 -4.282351
vt 0.018722 -4.275300
vt 0.010200 -4.274117
vt 0.010200 -4.252006
vt 0.376162 -4.500561
vt 0.376617 -4.492766
vt 0.351701 -4.501590
vt 0.350078 -4.497967
vt 0.347242 -4.492766
vt 0.310194 -4.497497
vt 0.309451 -4.492766
vt 0.273131 -4.497497
vt 0.273343 -4.492766
vt 0.252992 -4.497497
vt 0.251536 -4.492766
vt 0.224967 -4.497497
vt 0.224603 -4.492766
vt 0.199869 -4.492766
vt 0.199535 -4.497497
vt 0.159408 -4.497497
vt 0.158271 -4.492766
vt 0.115187 -4.497497
vt 0.114383 -4.492766
vt 0.078139 -4.497497
vt 0.078002 -4.492766
vt 0.039256 -4.497649
vt 0.039862 -4.492766
vt 0.014886 -4.492766
vt 0.017191 -4.500044
vt 0.035783 -4.503351
vt 0.406598 -4.130503
vt 0.402185 -4.111138
vt 0.256571 -4.211000
vt 0.220554 -4.198625
vt 0.298259 -4.215413
vt 0.335201 -4.215383
vt 0.436428 -4.179988
vt 0.454004 -4.213698
vt 0.490597 -4.219249
vt 0.499954 -4.234445
vt 0.725003 -4.955586
vt 0.696841 -4.943956
vt 0.711915 -4.959241
vt 0.452472 -4.032825
vt 0.467091 -4.029171
vt 0.476448 -4.024530
vt 0.482863 -4.017706
vt 0.490658 -4.012445
vt 0.486123 -4.130595
vt 0.519743 -4.135949
vt 0.484410 -4.166172
vt 0.522306 -4.175543
vt 0.525674 -4.201962
vt 0.522322 -4.094168
vt 0.566437 -4.099037
vt 0.565952 -4.143713
vt 0.529040 -4.047884
vt 0.497679 -4.045746
vt 0.505095 -4.020055
vt 0.537684 -4.010956
vt 0.489429 -4.090302
vt 0.570608 -4.050872
vt 0.566619 -4.185584
vt 0.619591 -4.153403
vt 0.621744 -4.199080
vt 0.458220 -4.053981
vt 0.463436 -4.042228
vt 0.574626 -4.228698
vt 0.617301 -4.104601
vt 0.667163 -4.106058
vt 0.672213 -4.156952
vt 0.620501 -4.054360
vt 0.665571 -4.054936
vt 0.625065 -4.010956
vt 0.669544 -4.010956
vt 0.582603 -4.010956
vt 0.560675 -4.010956
vt 0.674442 -4.205024
vt 0.622275 -4.240117
vt 0.676353 -4.242862
vt 0.722773 -4.150461
vt 0.713401 -4.099977
vt 0.707502 -4.050978
vt 0.703559 -4.010956
vt 0.724441 -4.237114
vt 0.730492 -4.197048
vt 0.769451 -4.132869
vt 0.754605 -4.088678
vt 0.808835 -4.112928
vt 0.789499 -4.075576
vt 0.743595 -4.043123
vt 0.774243 -4.034373
vt 0.809896 -4.021906
vt 0.803391 -4.010956
vt 0.766904 -4.010956
vt 0.829687 -4.058075
vt 0.738803 -4.010956
vt 0.848825 -4.091090
vt 0.861852 -4.111988
vt 0.824409 -4.140133
vt 0.787119 -4.175028
vt 0.833872 -4.010956
vt 0.867705 -4.038376
vt 0.871466 -4.075985
vt 0.841060 -4.168705
vt 0.801070 -4.207118
vt 0.771377 -4.222328
vt 0.848400 -4.136554
vt 0.449212 -4.125591
vt 0.454034 -4.084098
vt 0.469487 -4.629009
vt 0.469593 -4.640746
vt 0.457992 -4.628811
vt 0.457507 -4.640746
vt 0.449409 -4.628628
vt 0.448635 -4.640746
vt 0.441750 -4.628598
vt 0.441462 -4.640746
vt 0.433652 -4.628856
vt 0.433683 -4.640746
vt 0.422840 -4.640746
vt 0.422324 -4.628660
vt 0.410465 -4.640746
vt 0.409358 -4.628204
vt 0.397893 -4.640746
vt 0.396346 -4.628037
vt 0.376131 -4.628917
vt 0.369413 -4.638455
vt 0.379953 -4.614602
vt 0.395588 -4.614526
vt 0.408357 -4.614343
vt 0.421793 -4.615239
vt 0.433683 -4.615481
vt 0.441917 -4.615679
vt 0.449924 -4.615556
vt 0.457431 -4.615481
vt 0.470048 -4.615253
vt 0.380848 -4.603303
vt 0.395437 -4.600422
vt 0.407766 -4.599877
vt 0.383714 -4.587546
vt 0.395800 -4.590778
vt 0.469139 -4.602196
vt 0.456991 -4.601544
vt 0.450349 -4.601316
vt 0.442099 -4.600832
vt 0.407493 -4.594008
vt 0.421338 -4.596995
vt 0.421429 -4.600635
vt 0.434016 -4.600605
vt 0.434183 -4.598162
vt 0.441993 -4.597738
vt 0.450304 -4.596282
vt 0.456840 -4.594645
vt 0.468122 -4.591778
vt 0.480133 -4.589048
vt 0.479678 -4.602924
vt 0.479193 -4.615148
vt 0.484956 -4.606792
vt 0.487170 -4.615891
vt 0.478950 -4.629054
vt 0.487018 -4.629130
vt 0.478981 -4.640746
vt 0.486745 -4.640746
vt 0.485623 -4.605867
vt 0.494146 -4.601727
vt 0.488914 -4.585318
vt 0.493948 -4.629326
vt 0.495071 -4.640746
vt 0.509006 -4.629221
vt 0.509629 -4.640746
vt 0.522018 -4.629387
vt 0.522034 -4.640746
vt 0.521821 -4.617453
vt 0.508143 -4.616118
vt 0.494570 -4.615708
vt 0.495010 -4.602788
vt 0.507097 -4.603228
vt 0.519759 -4.604168
vt 0.532073 -4.605503
vt 0.531467 -4.618726
vt 0.538003 -4.609597
vt 0.540323 -4.616179
vt 0.540202 -4.619226
vt 0.539944 -4.630434
vt 0.531133 -4.630055
vt 0.539898 -4.640746
vt 0.530921 -4.640746
vt 0.547951 -4.618166
vt 0.548194 -4.630252
vt 0.558931 -4.629555
vt 0.548952 -4.640746
vt 0.560235 -4.640746
vt 0.571927 -4.629373
vt 0.571972 -4.640746
vt 0.583771 -4.629130
vt 0.582118 -4.640746
vt 0.585014 -4.616482
vt 0.571775 -4.616467
vt 0.558551 -4.617224
vt 0.584150 -4.604274
vt 0.570562 -4.603713
vt 0.599573 -4.605988
vt 0.596449 -4.617013
vt 0.557778 -4.604032
vt 0.549741 -4.605304
vt 0.543477 -4.609476
vt 0.590595 -4.641595
vt 0.595675 -4.627703
vt 0.396665 -4.849781
vt 0.715358 -4.661113
vt 0.722303 -4.662902
vt 0.730235 -4.660718
vt 0.078746 -4.553047
vt 0.079746 -4.570547
vt 0.092167 -4.551697
vt 0.097444 -4.572974
vt 0.113382 -4.559037
vt 0.102706 -4.546404
vt 0.116582 -4.547193
vt 0.107013 -4.533848
vt 0.083477 -4.531740
vt 0.088588 -4.508174
vt 0.128456 -4.508174
vt 0.060760 -4.534333
vt 0.140846 -4.559248
vt 0.136266 -4.577569
vt 0.118114 -4.547178
vt 0.160030 -4.588715
vt 0.159863 -4.554714
vt 0.167431 -4.558006
vt 0.175999 -4.545615
vt 0.187570 -4.556171
vt 0.193090 -4.592778
vt 0.190876 -4.553350
vt 0.207967 -4.552031
vt 0.225664 -4.562464
vt 0.237675 -4.574278
vt 0.243165 -4.555989
vt 0.248017 -4.573732
vt 0.234612 -4.543311
vt 0.245303 -4.538352
vt 0.253416 -4.551151
vt 0.261484 -4.547299
vt 0.260331 -4.529980
vt 0.253082 -4.508174
vt 0.300595 -4.508174
vt 0.296849 -4.529526
vt 0.331258 -4.528980
vt 0.338446 -4.508174
vt 0.350245 -4.530268
vt 0.372219 -4.508174
vt 0.376677 -4.528465
vt 0.406052 -4.534576
vt 0.423598 -4.508174
vt 0.434411 -4.537350
vt 0.455945 -4.534515
vt 0.489520 -4.508174
vt 0.494434 -4.538806
vt 0.527357 -4.532908
vt 0.534727 -4.508174
vt 0.554063 -4.527024
vt 0.587850 -4.508174
vt 0.591687 -4.528389
vt 0.576886 -4.542764
vt 0.592157 -4.542704
vt 0.603880 -4.545722
vt 0.597692 -4.568833
vt 0.551075 -4.546890
vt 0.552956 -4.565270
vt 0.566422 -4.564163
vt 0.582967 -4.555155
vt 0.573777 -4.570472
vt 0.583938 -4.563344
vt 0.586212 -4.562844
vt 0.590883 -4.554654
vt 0.628083 -4.526826
vt 0.622745 -4.544312
vt 0.656260 -4.543067
vt 0.627052 -4.562434
vt 0.670242 -4.528192
vt 0.683238 -4.533530
vt 0.692368 -4.508174
vt 0.704803 -4.533484
vt 0.691230 -4.550530
vt 0.693490 -4.556155
vt 0.686817 -4.559870
vt 0.709049 -4.573596
vt 0.732995 -4.539079
vt 0.685740 -4.551045
vt 0.679492 -4.552911
vt 0.664979 -4.557201
vt 0.685285 -4.549346
vt 0.770346 -4.508174
vt 0.767480 -4.539505
vt 0.802193 -4.508174
vt 0.813703 -4.531240
vt 0.804953 -4.563920
vt 0.763218 -4.557596
vt 0.725003 -4.558369
vt 0.742003 -4.577098
vt 0.953403 -4.758730
vt 0.938329 -4.735619
vt 0.933491 -4.772743
vt 0.909394 -4.770862
vt 0.960379 -4.780340
vt 0.904268 -4.765250
vt 0.019541 -4.533680
vt 0.022347 -4.532346
vt 0.022301 -4.532195
vt 0.023803 -4.535213
vt 0.022893 -4.538322
vt 0.012763 -4.535820
vt 0.011671 -4.540506
vt 0.020603 -4.549650
vt 0.028777 -4.545449
vt 0.024955 -4.562070
vt 0.034767 -4.553047
vt 0.032614 -4.544342
vt 0.040226 -4.556065
vt 0.038209 -4.565815
vt 0.034964 -4.579191
vt 0.011474 -4.587047
vt 0.035040 -4.597374
vt 0.011474 -4.613176
vt 0.048218 -4.578903
vt 0.034767 -4.620228
vt 0.052207 -4.614177
vt 0.058576 -4.597420
vt 0.052859 -4.588078
vt 0.011474 -4.636333
vt 0.033190 -4.641927
vt 0.056878 -4.629918
vt 0.056938 -4.634938
vt 0.050281 -4.658684
vt 0.033402 -4.671440
vt 0.011474 -4.664995
vt 0.011474 -4.709808
vt 0.038998 -4.689971
vt 0.066492 -4.683738
vt 0.046990 -4.710034
vt 0.036223 -4.719104
vt 0.037952 -4.740775
vt 0.011474 -4.754514
vt 0.036966 -4.771575
vt 0.011474 -4.792275
vt 0.036966 -4.796717
vt 0.011474 -4.826911
vt 0.035434 -4.829293
vt 0.011474 -4.858531
vt 0.036572 -4.859561
vt 0.052010 -4.763826
vt 0.061548 -4.774456
vt 0.045655 -4.781660
vt 0.047854 -4.791939
vt 0.047581 -4.797855
vt 0.052495 -4.810927
vt 0.062140 -4.754560
vt 0.054148 -4.744323
vt 0.062549 -4.731008
vt 0.063353 -4.724910
vt 0.058743 -4.714858
vt 0.036966 -4.872452
vt 0.061806 -4.871027
vt 0.058167 -4.856180
vt 0.056119 -4.847293
vt 0.056104 -4.829717
vt 0.049614 -4.818996
vt 0.057439 -4.874090
vt 0.064747 -4.884948
vt 0.037087 -4.890833
vt 0.011474 -4.892833
vt 0.033630 -4.906604
vt 0.011474 -4.932354
vt 0.033296 -4.927106
vt 0.035768 -4.947549
vt 0.034449 -4.965930
vt 0.011474 -4.981169
vt 0.047672 -4.970312
vt 0.048127 -4.952069
vt 0.044518 -4.920844
vt 0.047703 -4.906073
vt 0.045822 -4.914520
vt 0.047672 -4.919266
vt 0.049477 -4.899143
vt 0.033963 -4.988298
vt 0.048385 -4.970130
vt 0.049568 -4.914247
vt 0.052252 -4.915551
vt 0.053041 -4.905179
vt 0.050766 -4.922602
vt 0.056180 -4.950492
vt 0.047961 -4.956451
vt 0.430968 -4.891985
vt 0.431651 -4.854663
vt 0.445724 -4.882869
vt 0.445511 -4.863096
vt 0.353520 -4.628780
vt 0.355901 -4.609885
vt 0.325617 -4.612069
vt 0.336884 -4.599375
vt 0.346454 -4.594765
vt 0.338219 -4.581588
vt 0.611477 -4.564588
vt 0.609551 -4.555594
vt 0.637637 -4.508174
vt 0.526978 -4.550256
vt 0.537654 -4.549634
vt 0.539034 -4.565649
vt 0.535410 -4.560175
vt 0.529677 -4.564466
vt 0.522656 -4.551197
vt 0.523141 -4.566786
vt 0.514603 -4.553486
vt 0.506187 -4.562146
vt 0.518454 -4.573277
vt 0.489005 -4.553138
vt 0.498741 -4.571412
vt 0.478571 -4.573914
vt 0.478313 -4.553851
vt 0.456263 -4.556262
vt 0.455915 -4.586622
vt 0.434941 -4.582922
vt 0.422309 -4.566846
vt 0.397211 -4.555443
vt 0.392646 -4.571002
vt 0.380029 -4.547238
vt 0.387596 -4.560296
vt 0.388946 -4.563283
vt 0.351291 -4.545161
vt 0.359359 -4.563693
vt 0.373462 -4.560357
vt 0.380090 -4.557171
vt 0.327801 -4.544767
vt 0.345210 -4.558173
vt 0.347485 -4.556125
vt 0.307025 -4.547876
vt 0.322129 -4.560022
vt 0.309072 -4.557459
vt 0.303779 -4.560856
vt 0.331486 -4.551878
vt 0.297319 -4.551499
vt 0.271857 -4.555716
vt 0.262059 -4.560554
vt 0.268369 -4.563799
vt 0.962381 -4.443449
vt 0.957194 -4.454535
vt 0.971040 -4.443297
vt 0.989738 -4.456946
vt 0.989738 -4.470912
vt 0.955920 -4.468699
vt 0.956497 -4.479436
vt 0.989738 -4.488095
vt 0.953843 -4.485698
vt 0.945487 -4.486109
vt 0.955784 -4.498741
vt 0.989738 -4.499120
vt 0.950021 -4.507885
vt 0.957482 -4.525371
vt 0.989738 -4.511374
vt 0.959348 -4.548421
vt 0.989738 -4.543932
vt 0.974209 -4.560220
vt 0.989738 -4.571306
vt 0.983718 -4.576098
vt 0.985265 -4.575173
vt 0.958377 -4.566786
vt 0.989738 -4.577780
vt 0.985553 -4.578023
vt 0.981094 -4.577963
vt 0.989738 -4.583802
vt 0.976348 -4.585530
vt 0.989738 -4.597162
vt 0.980836 -4.594387
vt 0.975240 -4.597904
vt 0.977470 -4.625141
vt 0.989738 -4.627811
vt 0.953903 -4.644659
vt 0.989738 -4.685998
vt 0.972283 -4.671091
vt 0.959969 -4.675109
vt 0.971343 -4.734814
vt 0.984309 -4.734480
vt 0.762870 -4.960394
vt 0.775987 -4.989147
vt 0.753103 -4.963835
vt 0.756637 -4.989147
vt 0.743398 -4.961136
vt 0.738954 -4.969311
vt 0.749191 -4.989147
vt 0.728703 -4.989147
vt 0.714645 -4.978259
vt 0.717268 -4.989147
vt 0.696098 -4.989147
vt 0.694657 -4.975999
vt 0.682965 -4.989147
vt 0.674715 -4.977167
vt 0.670757 -4.989147
vt 0.055179 -4.803875
vt 0.423461 -4.978576
vt 0.176105 -4.603092
vt 0.184522 -4.626446
vt 0.165702 -4.617301
vt 0.164094 -4.629431
vt 0.154571 -4.602257
vt 0.146836 -4.636273
vt 0.137283 -4.616907
vt 0.128713 -4.613009
vt 0.113625 -4.631981
vt 0.104708 -4.629054
vt 0.100325 -4.614435
vt 0.099628 -4.602879
vt 0.091621 -4.581861
vt 0.084432 -4.603212
vt 0.259664 -4.618530
vt 0.239055 -4.601513
vt 0.201355 -4.632648
vt 0.963882 -4.754620
vt 0.982671 -4.753149
vt 0.981943 -4.779444
vt 0.554275 -4.587820
vt 0.559113 -4.598815
vt 0.523930 -4.586986
vt 0.556580 -4.575446
vt 0.638729 -4.590838
vt 0.673715 -4.567924
vt 0.684239 -4.593083
vt 0.319718 -4.587851
vt 0.294604 -4.586529
vt 0.305948 -4.613343
vt 0.268157 -4.593036
vt 0.291981 -4.640367
vt 0.064126 -4.642672
vt 0.584741 -4.577372
vt 0.634255 -4.578403
vt 0.578782 -4.590671
vt 0.055255 -4.587729
vt 0.230502 -4.524961
vt 0.215883 -4.508174
vt 0.208634 -4.535547
vt 0.180806 -4.508174
vt 0.254538 -4.654728
vt 0.044518 -4.566043
vt 0.104359 -4.846171
vt 0.811716 -4.969979
vt 0.824333 -4.956723
vt 0.810306 -4.967870
vt 0.822832 -4.953843
vt 0.801859 -4.995137
vt 0.797309 -4.995137
vt 0.818116 -4.943303
vt 0.797658 -4.961668
vt 0.843487 -4.943681
vt 0.839468 -4.933657
vt 0.867402 -4.929200
vt 0.869889 -4.939755
vt 0.898506 -4.926302
vt 0.900977 -4.935948
vt 0.901387 -4.941407
vt 0.869950 -4.944865
vt 0.931732 -4.933765
vt 0.932020 -4.924650
vt 0.961016 -4.931049
vt 0.932035 -4.940043
vt 0.963139 -4.937722
vt 0.962578 -4.923043
vt 0.992756 -4.929655
vt 0.992756 -4.921390
vt 0.844746 -4.947686
vt 0.869965 -4.947079
vt 0.901448 -4.944471
vt 0.962760 -4.940377
vt 0.931990 -4.941908
vt 0.992756 -4.936419
vt 0.846247 -4.950764
vt 0.827200 -4.961122
vt 0.815750 -4.972754
vt 0.899415 -4.969811
vt 0.868282 -4.971116
vt 0.835631 -4.995137
vt 0.840939 -4.972951
vt 0.866614 -4.995137
vt 0.897368 -4.995137
vt 0.930216 -4.968523
vt 0.928426 -4.995137
vt 0.962851 -4.967764
vt 0.962942 -4.995137
vt 0.992711 -4.966869
vt 0.992756 -4.938602
vt 0.992665 -4.995137
vt 0.807804 -4.995137
vt 0.930155 -4.968523
vt 0.928320 -4.995137
vt 0.962896 -4.967764
vt 0.963048 -4.995137
vt 0.992832 -4.966869
vt 0.992893 -4.995137
vt 0.694036 -4.283428
vt 0.695764 -4.278226
vt 0.720332 -4.281639
vt 0.718542 -4.272629
vt 0.664009 -4.271797
vt 0.663948 -4.277484
vt 0.730614 -4.261150
vt 0.740668 -4.272069
vt 0.720195 -4.295027
vt 0.693095 -4.298607
vt 0.739500 -4.292997
vt 0.766009 -4.289675
vt 0.762794 -4.265775
vt 0.744035 -4.249428
vt 0.761323 -4.244985
vt 0.759003 -4.234642
vt 0.780370 -4.241755
vt 0.782342 -4.227938
vt 0.799432 -4.244378
vt 0.803997 -4.232747
vt 0.820679 -4.240070
vt 0.812550 -4.252749
vt 0.829747 -4.253173
vt 0.822408 -4.262076
vt 0.837694 -4.265943
vt 0.828246 -4.270901
vt 0.839377 -4.287705
vt 0.849553 -4.282958
vt 0.777504 -4.265821
vt 0.792047 -4.267702
vt 0.803193 -4.271978
vt 0.815113 -4.278682
vt 0.830733 -4.293225
vt 0.790804 -4.289448
vt 0.809411 -4.295333
vt 0.825456 -4.305190
vt 0.844033 -4.308071
vt 0.847642 -4.305797
vt 0.842031 -4.316473
vt 0.785617 -4.314395
vt 0.762005 -4.314820
vt 0.737089 -4.316412
vt 0.717466 -4.317610
vt 0.803724 -4.319080
vt 0.821755 -4.324723
vt 0.840257 -4.330531
vt 0.691609 -4.318156
vt 0.664009 -4.312090
vt 0.664009 -4.290586
vt 0.757577 -4.344922
vt 0.734375 -4.344998
vt 0.780127 -4.344695
vt 0.800934 -4.344892
vt 0.821209 -4.347955
vt 0.843457 -4.349714
vt 0.664009 -4.340767
vt 0.689410 -4.344634
vt 0.714872 -4.345984
vt 0.754256 -4.368352
vt 0.731220 -4.368352
vt 0.777504 -4.368352
vt 0.799781 -4.368352
vt 0.822423 -4.368352
vt 0.851464 -4.368352
vt 0.664009 -4.368352
vt 0.684967 -4.368352
vt 0.712218 -4.368352
vt 0.728824 -4.383593
vt 0.727384 -4.376193
vt 0.698312 -4.378953
vt 0.699086 -4.376193
vt 0.673047 -4.380166
vt 0.671470 -4.376193
vt 0.647312 -4.381485
vt 0.646463 -4.376193
vt 0.620046 -4.376193
vt 0.620288 -4.382334
vt 0.589837 -4.385747
vt 0.589837 -4.376193
vt 0.752603 -4.376193
vt 0.750950 -4.384094
vt 0.783494 -4.384441
vt 0.785268 -4.376193
vt 0.812383 -4.376193
vt 0.822650 -4.380014
vt 0.753255 -4.407160
vt 0.784268 -4.408009
vt 0.729309 -4.407948
vt 0.700678 -4.402382
vt 0.675974 -4.401063
vt 0.648586 -4.402063
vt 0.620455 -4.404066
vt 0.589837 -4.407326
vt 0.778444 -4.432045
vt 0.752937 -4.434987
vt 0.729173 -4.435654
vt 0.702892 -4.425964
vt 0.630995 -4.425130
vt 0.649526 -4.415166
vt 0.610871 -4.424160
vt 0.676990 -4.414166
vt 0.652650 -4.431726
vt 0.676550 -4.433789
vt 0.631434 -4.433789
vt 0.611402 -4.440401
vt 0.589837 -4.426221
vt 0.589837 -4.446921
vt 0.728961 -4.451366
vt 0.752557 -4.450425
vt 0.776458 -4.450319
vt 0.803042 -4.428436
vt 0.817722 -4.402534
vt 0.807470 -4.449091
vt 0.782751 -4.470897
vt 0.751344 -4.463331
vt 0.810579 -4.468320
vt 0.826214 -4.455732
vt 0.826214 -4.439931
vt 0.826214 -4.417608
vt 0.808031 -4.500879
vt 0.782706 -4.500879
vt 0.751845 -4.478117
vt 0.728915 -4.466014
vt 0.702634 -4.460024
vt 0.700784 -4.445101
vt 0.674882 -4.454626
vt 0.650755 -4.451031
vt 0.650664 -4.469988
vt 0.674624 -4.473916
vt 0.633133 -4.468229
vt 0.631419 -4.449803
vt 0.611492 -4.468577
vt 0.611174 -4.449819
vt 0.589837 -4.461541
vt 0.698494 -4.478177
vt 0.589837 -4.473461
vt 0.675292 -4.500879
vt 0.699465 -4.500879
vt 0.726216 -4.500879
vt 0.726337 -4.479390
vt 0.754059 -4.500879
vt 0.651907 -4.500879
vt 0.634968 -4.500879
vt 0.611932 -4.500879
vt 0.589837 -4.500879
vt 0.827291 -4.500879
vt 0.826199 -4.472354
vt 0.912761 -4.613373
vt 0.888178 -4.614843
vt 0.909682 -4.644113
vt 0.886601 -4.645993
vt 0.908014 -4.679493
vt 0.886328 -4.680781
vt 0.901493 -4.712674
vt 0.883871 -4.716889
vt 0.916036 -4.579859
vt 0.887966 -4.573504
vt 0.915051 -4.539778
vt 0.888739 -4.538563
vt 0.910319 -4.502440
vt 0.888497 -4.499772
vt 0.905739 -4.475659
vt 0.887784 -4.465697
vt 0.929548 -4.495283
vt 0.939224 -4.516560
vt 0.928168 -4.529692
vt 0.935311 -4.548117
vt 0.929670 -4.556913
vt 0.942727 -4.562039
vt 0.936130 -4.566375
vt 0.957588 -4.583710
vt 0.937176 -4.596843
vt 0.953297 -4.611265
vt 0.936964 -4.629781
vt 0.945335 -4.644431
vt 0.937540 -4.664707
vt 0.945441 -4.679356
vt 0.922603 -4.701497
vt 0.925423 -4.719923
vt 0.895776 -4.733616
vt 0.862625 -4.718497
vt 0.862625 -4.685802
vt 0.862625 -4.647965
vt 0.862625 -4.612826
vt 0.862625 -4.573397
vt 0.862625 -4.538625
vt 0.862625 -4.499757
vt 0.862625 -4.461936
vt 0.885494 -4.447922
vt 0.862625 -4.426010
vt 0.912836 -4.460844
vt 0.108757 -4.792532
vt 0.112958 -4.773910
vt 0.099279 -4.769846
vt 0.080687 -4.780431
vt 0.080687 -4.806469
vt 0.093274 -4.814992
vt 0.080687 -4.751693
vt 0.105118 -4.757077
vt 0.102676 -4.753953
vt 0.101099 -4.745582
vt 0.113109 -4.749842
vt 0.080732 -4.724033
vt 0.101736 -4.729598
vt 0.108181 -4.741184
vt 0.115703 -4.735649
vt 0.107059 -4.703484
vt 0.080687 -4.696007
vt 0.080687 -4.670197
vt 0.109728 -4.692944
vt 0.111457 -4.726337
vt 0.121860 -4.699602
vt 0.117113 -4.717723
vt 0.107377 -4.755075
vt 0.108408 -4.760079
vt 0.112746 -4.681055
vt 0.120647 -4.667149
vt 0.097838 -4.649768
vt 0.080687 -4.650391
vt 0.082704 -4.622108
vt 0.109030 -4.645386
vt 0.080687 -4.837543
vt 0.111153 -4.820966
vt 0.095579 -4.849735
vt 0.080687 -4.893517
vt 0.862443 -4.758062
vt 0.891605 -4.742413
vt 0.862625 -4.741776
vt 0.848340 -4.282199
vt 0.901175 -4.712553
vt 0.884705 -4.714615
vt 0.888663 -4.577613
vt 0.933931 -4.567833
vt 0.936706 -4.600210
vt 0.888785 -4.727308
vt 0.888572 -4.740835
vt 0.862625 -4.758426
vt 0.894775 -4.733632
vt 0.104481 -4.781083
vt 0.101099 -4.753574
vt 0.108196 -4.739349
vt 0.107771 -4.691883
vt 0.111638 -4.704849
vt 0.080687 -4.623913
vt 0.109561 -4.645584
vt 0.601939 -4.279227
vt 0.601332 -4.297501
vt 0.616497 -4.280911
vt 0.616209 -4.297698
vt 0.618377 -4.262864
vt 0.604016 -4.261757
vt 0.605988 -4.310938
vt 0.617286 -4.302885
vt 0.596070 -4.303839
vt 0.585697 -4.301368
vt 0.588123 -4.294347
vt 0.594386 -4.310588
vt 0.596055 -4.318490
vt 0.585742 -4.322175
vt 0.580480 -4.310831
vt 0.590716 -4.327831
vt 0.602560 -4.323100
vt 0.603713 -4.253993
vt 0.622669 -4.255736
vt 0.588669 -4.277226
vt 0.592218 -4.261438
vt 0.604046 -4.341601
vt 0.617953 -4.336262
vt 0.616982 -4.321219
vt 0.620394 -4.350746
vt 0.610749 -4.358813
vt 0.591960 -4.347029
vt 0.601393 -4.363484
vt 0.617983 -4.366123
vt 0.638683 -4.249610
vt 0.642459 -4.261530
vt 0.629736 -4.263668
vt 0.632769 -4.279925
vt 0.644765 -4.277467
vt 0.633254 -4.297622
vt 0.646766 -4.294605
vt 0.645265 -4.308692
vt 0.654971 -4.298457
vt 0.655683 -4.308208
vt 0.654334 -4.319430
vt 0.632299 -4.304127
vt 0.632769 -4.308692
vt 0.632011 -4.313470
vt 0.618544 -4.317488
vt 0.616194 -4.309633
vt 0.634528 -4.319263
vt 0.634468 -4.338083
vt 0.630464 -4.352293
vt 0.623503 -4.354097
vt 0.636955 -4.361058
vt 0.645690 -4.342768
vt 0.647616 -4.323828
vt 0.422430 -4.815205
vt 0.406947 -4.815205
vt 0.422430 -4.856436
vt 0.406947 -4.856436
vt 0.406947 -4.794716
vt 0.422430 -4.794716
vt 0.406947 -4.774229
vt 0.422430 -4.774229
vt 0.406947 -4.756637
vt 0.422430 -4.756637
vt 0.422430 -4.739046
vt 0.406947 -4.739046
vt 0.422430 -4.719240
vt 0.406947 -4.719240
vt 0.422430 -4.699450
vt 0.406947 -4.699450
vt 0.422430 -4.650270
vt 0.406947 -4.650270
vt 0.432212 -4.827108
vt 0.438960 -4.827108
vt 0.432212 -4.792063
vt 0.438960 -4.792063
vt 0.432212 -4.774091
vt 0.438960 -4.774091
vt 0.432212 -4.756121
vt 0.438960 -4.756121
vt 0.432212 -4.741411
vt 0.438960 -4.741411
vt 0.432212 -4.726701
vt 0.438960 -4.726701
vt 0.432212 -4.710793
vt 0.438960 -4.710793
vt 0.438960 -4.694885
vt 0.432212 -4.694885
vt 0.438960 -4.651892
vt 0.432212 -4.651892
vt 0.447771 -4.767313
vt 0.447771 -4.796612
vt 0.459175 -4.767313
vt 0.459175 -4.796612
vt 0.459175 -4.752694
vt 0.447771 -4.752694
vt 0.459175 -4.738075
vt 0.447771 -4.738075
vt 0.459175 -4.725306
vt 0.447771 -4.725306
vt 0.447771 -4.712553
vt 0.459175 -4.712553
vt 0.447771 -4.699389
vt 0.459175 -4.699389
vt 0.447771 -4.686240
vt 0.459175 -4.686240
vt 0.447771 -4.650133
vt 0.459175 -4.650133
vt 0.388567 -4.788347
vt 0.388567 -4.822816
vt 0.394557 -4.788347
vt 0.394557 -4.822816
vt 0.394557 -4.771590
vt 0.388567 -4.771590
vt 0.394557 -4.754833
vt 0.388567 -4.754833
vt 0.394557 -4.739650
vt 0.388567 -4.739650
vt 0.394557 -4.724472
vt 0.388567 -4.724472
vt 0.394557 -4.708033
vt 0.388567 -4.708033
vt 0.388567 -4.691578
vt 0.394557 -4.691578
vt 0.388567 -4.650466
vt 0.394557 -4.650466
vt 0.481513 -4.967962
vt 0.478071 -4.960485
vt 0.467501 -4.969205
vt 0.494813 -4.955405
vt 0.501576 -4.971753
vt 0.516939 -4.960683
vt 0.518257 -4.975772
vt 0.537275 -4.965732
vt 0.537548 -4.971221
vt 0.550893 -4.966521
vt 0.482484 -4.977440
vt 0.462633 -4.978910
vt 0.474188 -4.952477
vt 0.457219 -4.966051
vt 0.539474 -4.980503
vt 0.559294 -4.973222
vt 0.537957 -4.956027
vt 0.557065 -4.957543
vt 0.517985 -4.951339
vt 0.518470 -4.984689
vt 0.501561 -4.981140
vt 0.493600 -4.946790
vt 0.524703 -4.765220
vt 0.515330 -4.748767
vt 0.504625 -4.768905
vt 0.528449 -4.741624
vt 0.539489 -4.769012
vt 0.558278 -4.770344
vt 0.554093 -4.736271
vt 0.528191 -4.733010
vt 0.550499 -4.728931
vt 0.575172 -4.722425
vt 0.577022 -4.758669
vt 0.584332 -4.741002
vt 0.590201 -4.732342
vt 0.587410 -4.721621
vt 0.597025 -4.729735
vt 0.572928 -4.716570
vt 0.538170 -4.714690
vt 0.522337 -4.727308
vt 0.506200 -4.740350
vt 0.554457 -4.712613
vt 0.568287 -4.716223
vt 0.585030 -4.703059
vt 0.578281 -4.716192
vt 0.573034 -4.683101
vt 0.573034 -4.696507
vt 0.592294 -4.683101
vt 0.592294 -4.696507
vt 0.553380 -4.696507
vt 0.553380 -4.683101
vt 0.539110 -4.696507
vt 0.539110 -4.683101
vt 0.522322 -4.696507
vt 0.522322 -4.683101
vt 0.501940 -4.683101
vt 0.501940 -4.696507
vt 0.491492 -4.763006
vt 0.481286 -4.759866
vt 0.479663 -4.772908
vt 0.470564 -4.766919
vt 0.495677 -4.753315
vt 0.492341 -4.740775
vt 0.479618 -4.753104
vt 0.479890 -4.737833
vt 0.495981 -4.668256
vt 0.473430 -4.668256
vt 0.494980 -4.654622
vt 0.473430 -4.654622
vt 0.511191 -4.668256
vt 0.511221 -4.654622
vt 0.531148 -4.668256
vt 0.531634 -4.654622
vt 0.554791 -4.654622
vt 0.554654 -4.668256
vt 0.574278 -4.668256
vt 0.579327 -4.654622
vt 0.584256 -4.668256
vt 0.593082 -4.654622
vt 0.593082 -4.668256
vt 0.485001 -4.715950
vt 0.470246 -4.715950
vt 0.485001 -4.697479
vt 0.470246 -4.691064
vt 0.485001 -4.692565
vt 0.470246 -4.675914
vt 0.489960 -4.686332
vt 0.489020 -4.700299
vt 0.716450 -4.607564
vt 0.713887 -4.621925
vt 0.726580 -4.610961
vt 0.726853 -4.625430
vt 0.727384 -4.636834
vt 0.709792 -4.637759
vt 0.727702 -4.645432
vt 0.701861 -4.631147
vt 0.708291 -4.619409
vt 0.699131 -4.625627
vt 0.705091 -4.616437
vt 0.743504 -4.634984
vt 0.739910 -4.620774
vt 0.736043 -4.608413
vt 0.750025 -4.611948
vt 0.745415 -4.599437
vt 0.754605 -4.593993
vt 0.759958 -4.603819
vt 0.754514 -4.620803
vt 0.749555 -4.628022
vt 0.757228 -4.612311
vt 0.727823 -4.646554
vt 0.708791 -4.639472
vt 0.700466 -4.632148
vt 0.751086 -4.628856
vt 0.756440 -4.621290
vt 0.744656 -4.636394
vt 0.758987 -4.613495
vt 0.761535 -4.605715
vt 0.697539 -4.626354
vt 0.696417 -4.620122
vt 0.700830 -4.612494
vt 0.712234 -4.605184
vt 0.706122 -4.600453
vt 0.693641 -4.603092
vt 0.701133 -4.594599
vt 0.694627 -4.620562
vt 0.691412 -4.604365
vt 0.843168 -4.582391
vt 0.831385 -4.571897
vt 0.828989 -4.590140
vt 0.823590 -4.580299
vt 0.833159 -4.597678
vt 0.845762 -4.573201
vt 0.833751 -4.568242
vt 0.812611 -4.582406
vt 0.815720 -4.596099
vt 0.808077 -4.592613
vt 0.801556 -4.588215
vt 0.803193 -4.579207
vt 0.798113 -4.581876
vt 0.794686 -4.575522
vt 0.844230 -4.567833
vt 0.834176 -4.565164
vt 0.842713 -4.562480
vt 0.834615 -4.562101
vt 0.832113 -4.552668
vt 0.700830 -4.612402
vt 0.706046 -4.600513
vt 0.968295 -4.743868
vt 0.118114 -4.058668
vt 0.148216 -4.046687
vt 0.132748 -4.094865
vt 0.164989 -4.079565
vt 0.184552 -4.117931
vt 0.152068 -4.135721
vt 0.185613 -4.149733
vt 0.173572 -4.172102
vt 0.115354 -4.154798
vt 0.128957 -4.197761
vt 0.070936 -4.175741
vt 0.057469 -4.128806
vt 0.097960 -4.110972
vt 0.045974 -4.087359
vt 0.082112 -4.073650
vt 0.025046 -4.094638
vt 0.025046 -4.139724
vt 0.025046 -4.191558
vt 0.083386 -4.217794
vt 0.036936 -4.235461
vt 0.042365 -4.067629
vt 0.067675 -4.045792
vt 0.079777 -4.040105
vt 0.025046 -4.083264
vt 0.025046 -4.058682
vt 0.040454 -4.054831
vt 0.056119 -4.047430
vt 0.107923 -4.033463
vt 0.142150 -4.034782
vt 0.025046 -4.234854
vt 0.009942 -4.159955
vt 0.009942 -4.118007
vt 0.013748 -4.160758
vt 0.013748 -4.118630
vt 0.013748 -4.074817
vt 0.009942 -4.078108
vt 0.013748 -4.048217
vt 0.009942 -4.050433
vt 0.013748 -4.036693
vt 0.013748 -4.012549
vt 0.009942 -4.180685
vt 0.013748 -4.181473
vt 0.009942 -4.200491
vt 0.013748 -4.205389
vt 0.009942 -4.015643
vt 0.067114 -4.109561
vt 0.067508 -4.136115
vt 0.085979 -4.101310
vt 0.088011 -4.126986
vt 0.101402 -4.083493
vt 0.097323 -4.163306
vt 0.108848 -4.206602
vt 0.056938 -4.227848
vt 0.048506 -4.183476
vt 0.127729 -4.043881
vt 0.045276 -4.141270
vt 0.044730 -4.107877
vt 0.065264 -4.082597
vt 0.082415 -4.089999
vt 0.093440 -4.079519
vt 0.102888 -4.066781
vt 0.113959 -4.053920
vt 0.048749 -4.079928
vt 0.013748 -4.038467
vt 0.009942 -4.039969
vt 0.009942 -4.143652
vt 0.013748 -4.144849
vt 0.502122 -4.789242
vt 0.454262 -4.806652
vt 0.770740 -4.807122
vt 0.740835 -4.813246
vt 0.775502 -4.843245
vt 0.749388 -4.849022
vt 0.710672 -4.821362
vt 0.723213 -4.857545
vt 0.781477 -4.878305
vt 0.759928 -4.883205
vt 0.804225 -4.876047
vt 0.800342 -4.840667
vt 0.828246 -4.840181
vt 0.828959 -4.875849
vt 0.734496 -4.891530
vt 0.797567 -4.804225
vt 0.769239 -4.916067
vt 0.745475 -4.923073
vt 0.788210 -4.911654
vt 0.808168 -4.910061
vt 0.829490 -4.909971
vt 0.827457 -4.931839
vt 0.807986 -4.932006
vt 0.850144 -4.876744
vt 0.848461 -4.910047
vt 0.869874 -4.910426
vt 0.875167 -4.879459
vt 0.878882 -4.843896
vt 0.902403 -4.848203
vt 0.895624 -4.882416
vt 0.927076 -4.853678
vt 0.935827 -4.817419
vt 0.909121 -4.811444
vt 0.918933 -4.886782
vt 0.958013 -4.861973
vt 0.944789 -4.893925
vt 0.851843 -4.840317
vt 0.888952 -4.912336
vt 0.909925 -4.916673
vt 0.932217 -4.923224
vt 0.867721 -4.940254
vt 0.849310 -4.940012
vt 0.884933 -4.941741
vt 0.867887 -4.966915
vt 0.883159 -4.968370
vt 0.902979 -4.944426
vt 0.849932 -4.967674
vt 0.829854 -4.948823
vt 0.834388 -4.970554
vt 0.814385 -4.972208
vt 0.810548 -4.952160
vt 0.796157 -4.973967
vt 0.793821 -4.952948
vt 0.899355 -4.970525
vt 0.924423 -4.955193
vt 0.920207 -4.973345
vt 0.919828 -4.990937
vt 0.896352 -4.990937
vt 0.816933 -4.990937
vt 0.836283 -4.990937
vt 0.851934 -4.990937
vt 0.866432 -4.990937
vt 0.881991 -4.990937
vt 0.791714 -4.932385
vt 0.773243 -4.936343
vt 0.776260 -4.955086
vt 0.752421 -4.942878
vt 0.755666 -4.956891
vt 0.778232 -4.974452
vt 0.757425 -4.975347
vt 0.776488 -4.990937
vt 0.756910 -4.990937
vt 0.797355 -4.990937
vt 0.988677 -4.766055
vt 0.966445 -4.756607
vt 0.977197 -4.788620
vt 0.946579 -4.777004
vt 0.914535 -4.771392
vt 0.882870 -4.805771
vt 0.854254 -4.800586
vt 0.827275 -4.802602
vt 0.885737 -4.767252
vt 0.855225 -4.763932
vt 0.795368 -4.765720
vt 0.766373 -4.768466
vt 0.733146 -4.774259
vt 0.701285 -4.781674
vt 0.699343 -4.755727
vt 0.729370 -4.746234
vt 0.825592 -4.763795
vt 0.765721 -4.736255
vt 0.793715 -4.731720
vt 0.885100 -4.739712
vt 0.915051 -4.749085
vt 0.822862 -4.730523
vt 0.852647 -4.732828
vt 0.937722 -4.753119
vt 0.695158 -4.751512
vt 0.940755 -4.717557
vt 0.914338 -4.715677
vt 0.885479 -4.709276
vt 0.766555 -4.711035
vt 0.728354 -4.725852
vt 0.851464 -4.703393
vt 0.821300 -4.701285
vt 0.792411 -4.703604
vt 0.733874 -4.678249
vt 0.764295 -4.677930
vt 0.790288 -4.676019
vt 0.915415 -4.682996
vt 0.945153 -4.682723
vt 0.885782 -4.679781
vt 0.852207 -4.675489
vt 0.822696 -4.675155
vt 0.943379 -4.651240
vt 0.914383 -4.651240
vt 0.883795 -4.651240
vt 0.854148 -4.651240
vt 0.822787 -4.651240
vt 0.789636 -4.651240
vt 0.761277 -4.651240
vt 0.734557 -4.651240
vt 0.715600 -4.651240
vt 0.967340 -4.680872
vt 0.972799 -4.708017
vt 0.970464 -4.743459
vt 0.992529 -4.760792
vt 0.979714 -4.728461
vt 0.785845 -4.622548
vt 0.819572 -4.622548
vt 0.853708 -4.622548
vt 0.880444 -4.622548
vt 0.915202 -4.622548
vt 0.943697 -4.622548
vt 0.960333 -4.651240
vt 0.962047 -4.622548
vt 0.758851 -4.622548
vt 0.733662 -4.622548
vt 0.715888 -4.622548
vt 0.714979 -4.677628
vt 0.708731 -4.725534
vt 0.694081 -4.751087
vt 0.927183 -4.942151
vt 0.967719 -4.826623
vt 0.993469 -4.760018
vt 0.518470 -4.610477
vt 0.518592 -4.603622
vt 0.525871 -4.610582
vt 0.526508 -4.603925
vt 0.512161 -4.602818
vt 0.511297 -4.610386
vt 0.505216 -4.603486
vt 0.504731 -4.610294
vt 0.497634 -4.605229
vt 0.497391 -4.610204
vt 0.491689 -4.609127
vt 0.491886 -4.610127
vt 0.533863 -4.610688
vt 0.533559 -4.603016
vt 0.542674 -4.603546
vt 0.543098 -4.610811
vt 0.549073 -4.605897
vt 0.549164 -4.610886
vt 0.556004 -4.609915
vt 0.555852 -4.610977
vt 0.637895 -4.579404
vt 0.613525 -4.587290
vt 0.639229 -4.582467
vt 0.613798 -4.589473
vt 0.592506 -4.588851
vt 0.592415 -4.586166
vt 0.575506 -4.585242
vt 0.576461 -4.582224
vt 0.555746 -4.581967
vt 0.556064 -4.584559
vt 0.538079 -4.584499
vt 0.537775 -4.587364
vt 0.513284 -4.584378
vt 0.512435 -4.586380
vt 0.494206 -4.578296
vt 0.492553 -4.580359
vt 0.476524 -4.563056
vt 0.471277 -4.565194
vt 0.476296 -4.547072
vt 0.472884 -4.545085
vt 0.481513 -4.534379
vt 0.594265 -4.561630
vt 0.615981 -4.563147
vt 0.636560 -4.563723
vt 0.652620 -4.564829
vt 0.658155 -4.566392
vt 0.656457 -4.546208
vt 0.651938 -4.546404
vt 0.650421 -4.532984
vt 0.647509 -4.534379
vt 0.639760 -4.522505
vt 0.636318 -4.544752
vt 0.637713 -4.525947
vt 0.618408 -4.541854
vt 0.622335 -4.521625
vt 0.623579 -4.516863
vt 0.604638 -4.511919
vt 0.601939 -4.519212
vt 0.596980 -4.537017
vt 0.576249 -4.535606
vt 0.575612 -4.560796
vt 0.555033 -4.559947
vt 0.535561 -4.561782
vt 0.512480 -4.564646
vt 0.493903 -4.563843
vt 0.554199 -4.535969
vt 0.532953 -4.538806
vt 0.510706 -4.541522
vt 0.491992 -4.545069
vt 0.489733 -4.526887
vt 0.507915 -4.519971
vt 0.489156 -4.525037
vt 0.507035 -4.516408
vt 0.532331 -4.516787
vt 0.529738 -4.509977
vt 0.550317 -4.517879
vt 0.549695 -4.513845
vt 0.564269 -4.517499
vt 0.564708 -4.514164
vt 0.582436 -4.518849
vt 0.583058 -4.513936
vt 0.480163 -4.532832
vt 0.429907 -4.571488
vt 0.413377 -4.573307
vt 0.430043 -4.584272
vt 0.412482 -4.582998
vt 0.447255 -4.582556
vt 0.445117 -4.570456
vt 0.456536 -4.569910
vt 0.457719 -4.580874
vt 0.447180 -4.596025
vt 0.461526 -4.590186
vt 0.462208 -4.608612
vt 0.468183 -4.599072
vt 0.479405 -4.604820
vt 0.475356 -4.615360
vt 0.403777 -4.574005
vt 0.403914 -4.588851
vt 0.471929 -4.591550
vt 0.481028 -4.596980
vt 0.467759 -4.583802
vt 0.465924 -4.573869
vt 0.461101 -4.569365
vt 0.445860 -4.567848
vt 0.427950 -4.568773
vt 0.412831 -4.571002
vt 0.402261 -4.572640
vt 0.401169 -4.560205
vt 0.412482 -4.559248
vt 0.426100 -4.558021
vt 0.442175 -4.555032
vt 0.454808 -4.552971
vt 0.459084 -4.564163
vt 0.390129 -4.573899
vt 0.402716 -4.588169
vt 0.392373 -4.590065
vt 0.387156 -4.576401
vt 0.389992 -4.590428
vt 0.379058 -4.585197
vt 0.377148 -4.575567
vt 0.365546 -4.588867
vt 0.362013 -4.574065
vt 0.352459 -4.573004
vt 0.350336 -4.596116
vt 0.338052 -4.587654
vt 0.329848 -4.600528
vt 0.334974 -4.609976
vt 0.314880 -4.608080
vt 0.319066 -4.618636
vt 0.342329 -4.570926
vt 0.324267 -4.594554
vt 0.314137 -4.600074
vt 0.330545 -4.583573
vt 0.334837 -4.569257
vt 0.362756 -4.571821
vt 0.377769 -4.573884
vt 0.352611 -4.570910
vt 0.343087 -4.568667
vt 0.337127 -4.565467
vt 0.375692 -4.561737
vt 0.388582 -4.561008
vt 0.362058 -4.560872
vt 0.350958 -4.558429
vt 0.340918 -4.555458
vt 0.350654 -4.555853
vt 0.341965 -4.554275
vt 0.361573 -4.557809
vt 0.374979 -4.558931
vt 0.385155 -4.559143
vt 0.386353 -4.545192
vt 0.400305 -4.544297
vt 0.403277 -4.558309
vt 0.412634 -4.557794
vt 0.425933 -4.555655
vt 0.441826 -4.553138
vt 0.454064 -4.552319
vt 0.403080 -4.545237
vt 0.374433 -4.547344
vt 0.383881 -4.546632
vt 0.374706 -4.545267
vt 0.361967 -4.545995
vt 0.350973 -4.545615
vt 0.342602 -4.544479
vt 0.342844 -4.542553
vt 0.351306 -4.544100
vt 0.361922 -4.545298
vt 0.351595 -4.531936
vt 0.343026 -4.529464
vt 0.361315 -4.532179
vt 0.374281 -4.531619
vt 0.384760 -4.530967
vt 0.398803 -4.529464
vt 0.411481 -4.542522
vt 0.412255 -4.544403
vt 0.423932 -4.543781
vt 0.439931 -4.542688
vt 0.450516 -4.543084
vt 0.411041 -4.528782
vt 0.423477 -4.541946
vt 0.439809 -4.541840
vt 0.451365 -4.542416
vt 0.423098 -4.527948
vt 0.438566 -4.529117
vt 0.450213 -4.528571
vt 0.423310 -4.526538
vt 0.410677 -4.525689
vt 0.400107 -4.524643
vt 0.391615 -4.519062
vt 0.391903 -4.522596
vt 0.382925 -4.526554
vt 0.438551 -4.528131
vt 0.401442 -4.519320
vt 0.411238 -4.518744
vt 0.383320 -4.520761
vt 0.424159 -4.518471
vt 0.436670 -4.520639
vt 0.446148 -4.519001
vt 0.373811 -4.527767
vt 0.361057 -4.528844
vt 0.351928 -4.529541
vt 0.344315 -4.528404
vt 0.352201 -4.522080
vt 0.343405 -4.520805
vt 0.361133 -4.522580
vt 0.366532 -4.522580
vt 0.353096 -4.511434
vt 0.358419 -4.512889
vt 0.364015 -4.513072
vt 0.372856 -4.522505
vt 0.378421 -4.521215
vt 0.368170 -4.513239
vt 0.373083 -4.510917
vt 0.375949 -4.510706
vt 0.362316 -4.504822
vt 0.364288 -4.507232
vt 0.366729 -4.507643
vt 0.369156 -4.507901
vt 0.365546 -4.504246
vt 0.367669 -4.504580
vt 0.372113 -4.502987
vt 0.375313 -4.502487
vt 0.371461 -4.499954
vt 0.375434 -4.499196
vt 0.378027 -4.503397
vt 0.377709 -4.500000
vt 0.371536 -4.497209
vt 0.379043 -4.492204
vt 0.380241 -4.494979
vt 0.381940 -4.499316
vt 0.383759 -4.510570
vt 0.387217 -4.510312
vt 0.378876 -4.510843
vt 0.385807 -4.496845
vt 0.385215 -4.492175
vt 0.389735 -4.493464
vt 0.390023 -4.497437
vt 0.390644 -4.509417
vt 0.393859 -4.494448
vt 0.392904 -4.490613
vt 0.397757 -4.493221
vt 0.397681 -4.489233
vt 0.401685 -4.490506
vt 0.401503 -4.494753
vt 0.394906 -4.507794
vt 0.397969 -4.507143
vt 0.401806 -4.507506
vt 0.407356 -4.488080
vt 0.407280 -4.494070
vt 0.411481 -4.494025
vt 0.413286 -4.489142
vt 0.409707 -4.507733
vt 0.417987 -4.505535
vt 0.426070 -4.501168
vt 0.434138 -4.511207
vt 0.427617 -4.498271
vt 0.413544 -4.488155
vt 0.399258 -4.483819
vt 0.385640 -4.488611
vt 0.620683 -4.604789
vt 0.642990 -4.600862
vt 0.621153 -4.608929
vt 0.644158 -4.609082
vt 0.605715 -4.606958
vt 0.605320 -4.608824
vt 0.598587 -4.606868
vt 0.598526 -4.608778
vt 0.593674 -4.608748
vt 0.592112 -4.605168
vt 0.587972 -4.608717
vt 0.584908 -4.602666
vt 0.580192 -4.608657
vt 0.576128 -4.599891
vt 0.570547 -4.608595
vt 0.570668 -4.602954
vt 0.398166 -4.600256
vt 0.221645 -4.454383
vt 0.222464 -4.454898
vt 0.224860 -4.451138
vt 0.219962 -4.451305
vt 0.224224 -4.447377
vt 0.232094 -4.448287
vt 0.231761 -4.451880
vt 0.238373 -4.449333
vt 0.237296 -4.453246
vt 0.242786 -4.455565
vt 0.245060 -4.452169
vt 0.246501 -4.457978
vt 0.252264 -4.458493
vt 0.249170 -4.460600
vt 0.252097 -4.467001
vt 0.255736 -4.466606
vt 0.254129 -4.475219
vt 0.250808 -4.474098
vt 0.248397 -4.484198
vt 0.245546 -4.480998
vt 0.238994 -4.484274
vt 0.239980 -4.489308
vt 0.231533 -4.484729
vt 0.230805 -4.491233
vt 0.224891 -4.488353
vt 0.226119 -4.483575
vt 0.218506 -4.485365
vt 0.219158 -4.480801
vt 0.213456 -4.480361
vt 0.213214 -4.484880
vt 0.212835 -4.480633
vt 0.206647 -4.485563
vt 0.206496 -4.481664
vt 0.201127 -4.486639
vt 0.200399 -4.482589
vt 0.194470 -4.486184
vt 0.195274 -4.482074
vt 0.188419 -4.482817
vt 0.191422 -4.479815
vt 0.185356 -4.475402
vt 0.189283 -4.475023
vt 0.191012 -4.469276
vt 0.187782 -4.466879
vt 0.196911 -4.466318
vt 0.195592 -4.461920
vt 0.204327 -4.463028
vt 0.202477 -4.459828
vt 0.208786 -4.457825
vt 0.209923 -4.460980
vt 0.215686 -4.457720
vt 0.214199 -4.454808
vt 0.211060 -4.461299
vt 0.215837 -4.458812
vt 0.218976 -4.480088
vt 0.428269 -4.756304
vt 0.434850 -4.764598
vt 0.459251 -4.744748
vt 0.462648 -4.753027
vt 0.455475 -4.739273
vt 0.425463 -4.746976
vt 0.450106 -4.734239
vt 0.441644 -4.730781
vt 0.433319 -4.731281
vt 0.426874 -4.736467
vt 0.463740 -4.759851
vt 0.440204 -4.770225
vt 0.445254 -4.777049
vt 0.465757 -4.767449
vt 0.467652 -4.774123
vt 0.448529 -4.782706
vt 0.461783 -4.788393
vt 0.469927 -4.780992
vt 0.470488 -4.789909
vt 0.472581 -4.787756
vt 0.473840 -4.796142
vt 0.451350 -4.789667
vt 0.458114 -4.791076
vt 0.453306 -4.794899
vt 0.456673 -4.795278
vt 0.456779 -4.799721
vt 0.458371 -4.799281
vt 0.461677 -4.803148
vt 0.480194 -4.491006
vt 0.494403 -4.489612
vt 0.481452 -4.497361
vt 0.495996 -4.497361
vt 0.493327 -4.505746
vt 0.480755 -4.502881
vt 0.486351 -4.509387
vt 0.478510 -4.507232
vt 0.479390 -4.515802
vt 0.475023 -4.512935
vt 0.489824 -4.486124
vt 0.486002 -4.483166
vt 0.477388 -4.486033
vt 0.481741 -4.481012
vt 0.474249 -4.480816
vt 0.478283 -4.477222
vt 0.467546 -4.493357
vt 0.466576 -4.489369
vt 0.467910 -4.497361
vt 0.467683 -4.501227
vt 0.466894 -4.504398
vt 0.465696 -4.509174
vt 0.465226 -4.485304
vt 0.456612 -4.493949
vt 0.456612 -4.490628
vt 0.456612 -4.497361
vt 0.456612 -4.500864
vt 0.456612 -4.504019
vt 0.456612 -4.508431
vt 0.456612 -4.486882
vt 0.419852 -4.615133
vt 0.425160 -4.604439
vt 0.431332 -4.615830
vt 0.413877 -4.605351
vt 0.418032 -4.594159
vt 0.428466 -4.592217
vt 0.436837 -4.603956
vt 0.448848 -4.810063
vt 0.447589 -4.808289
vt 0.425494 -4.810989
vt 0.425979 -4.808289
vt 0.472505 -4.808289
vt 0.471974 -4.810989
vt 0.494161 -4.810837
vt 0.494661 -4.808289
vt 0.516695 -4.811564
vt 0.516695 -4.808289
vt 0.543295 -4.808289
vt 0.543659 -4.812323
vt 0.569516 -4.810731
vt 0.569652 -4.808289
vt 0.596343 -4.811777
vt 0.596707 -4.808289
vt 0.620470 -4.811579
vt 0.620546 -4.808289
vt 0.471610 -4.828867
vt 0.448651 -4.829445
vt 0.493160 -4.829399
vt 0.516695 -4.830353
vt 0.569743 -4.830885
vt 0.540566 -4.830763
vt 0.597692 -4.832569
vt 0.621941 -4.833281
vt 0.425767 -4.831430
vt 0.394072 -4.811700
vt 0.395118 -4.808289
vt 0.394451 -4.835359
vt 0.597374 -4.835010
vt 0.569743 -4.833387
vt 0.621744 -4.836117
vt 0.425964 -4.833750
vt 0.392813 -4.837770
vt 0.449045 -4.831583
vt 0.471656 -4.831204
vt 0.492932 -4.831658
vt 0.516695 -4.833145
vt 0.541096 -4.833842
vt 0.592021 -4.875592
vt 0.614905 -4.878928
vt 0.475114 -4.869722
vt 0.451775 -4.871664
vt 0.495692 -4.869115
vt 0.516695 -4.869768
vt 0.541400 -4.871678
vt 0.565967 -4.872650
vt 0.561327 -4.915444
vt 0.581769 -4.917629
vt 0.599861 -4.920601
vt 0.480224 -4.911031
vt 0.459342 -4.913791
vt 0.429376 -4.875531
vt 0.400335 -4.882825
vt 0.439567 -4.917143
vt 0.415940 -4.926059
vt 0.516726 -4.911154
vt 0.498816 -4.910684
vt 0.485805 -4.962410
vt 0.469548 -4.963427
vt 0.501576 -4.961987
vt 0.516695 -4.961699
vt 0.538155 -4.912776
vt 0.534485 -4.962851
vt 0.554821 -4.965232
vt 0.572807 -4.965687
vt 0.587926 -4.966794
vt 0.486760 -4.992453
vt 0.471671 -4.992453
vt 0.502092 -4.992453
vt 0.516695 -4.992453
vt 0.536926 -4.992453
vt 0.552485 -4.992453
vt 0.570259 -4.992453
vt 0.585272 -4.992453
vt 0.453079 -4.966066
vt 0.434062 -4.970130
vt 0.455975 -4.992453
vt 0.437231 -4.992453
vt 0.350063 -4.807804
vt 0.328438 -4.807804
vt 0.350533 -4.810488
vt 0.327179 -4.809561
vt 0.303537 -4.807804
vt 0.304067 -4.810488
vt 0.281866 -4.810337
vt 0.281380 -4.807804
vt 0.259330 -4.811064
vt 0.259330 -4.807804
vt 0.232746 -4.807804
vt 0.232382 -4.811823
vt 0.206511 -4.810230
vt 0.206389 -4.807804
vt 0.179684 -4.811276
vt 0.179320 -4.807804
vt 0.155556 -4.811080
vt 0.155481 -4.807804
vt 0.304431 -4.828368
vt 0.327376 -4.828944
vt 0.282867 -4.828899
vt 0.259330 -4.829869
vt 0.235476 -4.830263
vt 0.206283 -4.830385
vt 0.178349 -4.832068
vt 0.154085 -4.832780
vt 0.178653 -4.834509
vt 0.206298 -4.832886
vt 0.154283 -4.835617
vt 0.326982 -4.831098
vt 0.350260 -4.830930
vt 0.381955 -4.811201
vt 0.380908 -4.807804
vt 0.381576 -4.834858
vt 0.350063 -4.833251
vt 0.383229 -4.837270
vt 0.234945 -4.833342
vt 0.259330 -4.832644
vt 0.283094 -4.831156
vt 0.304371 -4.830703
vt 0.346666 -4.875046
vt 0.375692 -4.882340
vt 0.324252 -4.871163
vt 0.300928 -4.869220
vt 0.280334 -4.868616
vt 0.259330 -4.869268
vt 0.234642 -4.871179
vt 0.210075 -4.872149
vt 0.184006 -4.875091
vt 0.161122 -4.878443
vt 0.214730 -4.914944
vt 0.194273 -4.917129
vt 0.176135 -4.920116
vt 0.295802 -4.910532
vt 0.277225 -4.910183
vt 0.259300 -4.910653
vt 0.237887 -4.912276
vt 0.274450 -4.961485
vt 0.290222 -4.961911
vt 0.316685 -4.913291
vt 0.336460 -4.916643
vt 0.360117 -4.925576
vt 0.306494 -4.962926
vt 0.259330 -4.961197
vt 0.241542 -4.962350
vt 0.221206 -4.964731
vt 0.203220 -4.965201
vt 0.188100 -4.966294
vt 0.322948 -4.965564
vt 0.341980 -4.969630
vt 0.239100 -4.991953
vt 0.223556 -4.991953
vt 0.205768 -4.991953
vt 0.190770 -4.991953
vt 0.320051 -4.991953
vt 0.338810 -4.991953
vt 0.304371 -4.991953
vt 0.289266 -4.991953
vt 0.273950 -4.991953
vt 0.259330 -4.991953
vt 0.914702 -4.051995
vt 0.923907 -4.052495
vt 0.916203 -4.046793
vt 0.924893 -4.049098
vt 0.933006 -4.053193
vt 0.915096 -4.057106
vt 0.924195 -4.055604
vt 0.916597 -4.062791
vt 0.926000 -4.059092
vt 0.920404 -4.069995
vt 0.929503 -4.062292
vt 0.918402 -4.039605
vt 0.928305 -4.044806
vt 0.902706 -4.067493
vt 0.904192 -4.076395
vt 0.902297 -4.060198
vt 0.900993 -4.051601
vt 0.902100 -4.043501
vt 0.902797 -4.034297
vt 0.152175 -4.972981
vt 0.122345 -4.915339
vt 0.129776 -4.968629
vt 0.099431 -4.960940
vt 0.097565 -4.917948
vt 0.158514 -4.908864
vt 0.180275 -4.977409
vt 0.081020 -4.960500
vt 0.077366 -4.920480
vt 0.075455 -4.876775
vt 0.094563 -4.874454
vt 0.114095 -4.872741
vt 0.145472 -4.868252
vt 0.072573 -4.830536
vt 0.092773 -4.828171
vt 0.069116 -4.790031
vt 0.090893 -4.787908
vt 0.101084 -4.786027
vt 0.107210 -4.826836
vt 0.127092 -4.784693
vt 0.134811 -4.824060
vt 0.066871 -4.756349
vt 0.090150 -4.751891
vt 0.063353 -4.721667
vt 0.083993 -4.717222
vt 0.111290 -4.713099
vt 0.118812 -4.747432
vt 0.058804 -4.689229
vt 0.078397 -4.685483
vt 0.103677 -4.681479
vt 0.056559 -4.660901
vt 0.040181 -4.687803
vt 0.040181 -4.721743
vt 0.058121 -4.722364
vt 0.040181 -4.755636
vt 0.058910 -4.756895
vt 0.040181 -4.659248
vt 0.076092 -4.658777
vt 0.096428 -4.655335
vt 0.040181 -4.790410
vt 0.059001 -4.791047
vt 0.040181 -4.829989
vt 0.059865 -4.830673
vt 0.040181 -4.876153
vt 0.062595 -4.876456
vt 0.040181 -4.919661
vt 0.065173 -4.920328
vt 0.067448 -4.960333
vt 0.040181 -4.967870
vt 0.089589 -4.633027
vt 0.073438 -4.635150
vt 0.086176 -4.623595
vt 0.070647 -4.623595
vt 0.053314 -4.635710
vt 0.052131 -4.623595
vt 0.040181 -4.636150
vt 0.040181 -4.623595
vt 0.145563 -4.868176
vt 0.127092 -4.783616
vt 0.045944 -4.992029
vt 0.073938 -4.992029
vt 0.045443 -4.985538
vt 0.071648 -4.985538
vt 0.111320 -4.985538
vt 0.111093 -4.992029
vt 0.007409 -4.985538
vt 0.007091 -4.992029
vt 0.134447 -4.985538
vt 0.135387 -4.992029
vt 0.148307 -4.985538
vt 0.147382 -4.992029
vt 0.179547 -4.992029
vt 0.184810 -4.985538
vt 0.031218 -4.969509
vt 0.025941 -4.969266
vt 0.031234 -4.903085
vt 0.025941 -4.903101
vt 0.031218 -4.863414
vt 0.025941 -4.863277
vt 0.031234 -4.821089
vt 0.025941 -4.820998
vt 0.031234 -4.783721
vt 0.025941 -4.783721
vt 0.031234 -4.749646
vt 0.025941 -4.749586
vt 0.031218 -4.717814
vt 0.025941 -4.717709
vt 0.031218 -4.688137
vt 0.025941 -4.687955
vt 0.031173 -4.663250
vt 0.025941 -4.663007
vt 0.025941 -4.641867
vt 0.031112 -4.641747
vt 0.031067 -4.631995
vt 0.025941 -4.632601
vt 0.017631 -4.672744
vt 0.011822 -4.672593
vt 0.017631 -4.624095
vt 0.011822 -4.624079
vt 0.011822 -4.716177
vt 0.017615 -4.716238
vt 0.011822 -4.762567
vt 0.017615 -4.762658
vt 0.011822 -4.802072
vt 0.017615 -4.802208
vt 0.011822 -4.836936
vt 0.017615 -4.837088
vt 0.011822 -4.870860
vt 0.017615 -4.871011
vt 0.011822 -4.904633
vt 0.017615 -4.904906
vt 0.011822 -4.932946
vt 0.017615 -4.933097
vt 0.011822 -4.956118
vt 0.017615 -4.956451
vt 0.017615 -4.970176
vt 0.011822 -4.970055
vt 0.825638 -4.589504
vt 0.782630 -4.612357
vt 0.849735 -4.590323
vt 0.847703 -4.573565
vt 0.881566 -4.574898
vt 0.888436 -4.591157
vt 0.915505 -4.573277
vt 0.917128 -4.592142
vt 0.944365 -4.575385
vt 0.943500 -4.593841
vt 0.969478 -4.597723
vt 0.823833 -4.577098
vt 0.801222 -4.575704
vt 0.801222 -4.596874
vt 0.784722 -4.575050
vt 0.819845 -4.551029
vt 0.801222 -4.549862
vt 0.841424 -4.548846
vt 0.874272 -4.548725
vt 0.784222 -4.548149
vt 0.787012 -4.530921
vt 0.752284 -4.545980
vt 0.755211 -4.524658
vt 0.780658 -4.513588
vt 0.794246 -4.511101
vt 0.768147 -4.512738
vt 0.753452 -4.506081
vt 0.743094 -4.506566
vt 0.735633 -4.523308
vt 0.726716 -4.508614
vt 0.717966 -4.508614
vt 0.721302 -4.525568
vt 0.801222 -4.529238
vt 0.801222 -4.511782
vt 0.813748 -4.528358
vt 0.812550 -4.511494
vt 0.769755 -4.498059
vt 0.780658 -4.498786
vt 0.759139 -4.498786
vt 0.808319 -4.490264
vt 0.801222 -4.490340
vt 0.817069 -4.489671
vt 0.823575 -4.510024
vt 0.825152 -4.489126
vt 0.833963 -4.507719
vt 0.838058 -4.522429
vt 0.825865 -4.525022
vt 0.851706 -4.511494
vt 0.853617 -4.522822
vt 0.867341 -4.511570
vt 0.870435 -4.525007
vt 0.884114 -4.511737
vt 0.883265 -4.523339
vt 0.902828 -4.511358
vt 0.901099 -4.522246
vt 0.917522 -4.513435
vt 0.914732 -4.526219
vt 0.850994 -4.498332
vt 0.859850 -4.500591
vt 0.841076 -4.496952
vt 0.832720 -4.504034
vt 0.903192 -4.547709
vt 0.921738 -4.546541
vt 0.941074 -4.550134
vt 0.931323 -4.528404
vt 0.944349 -4.538519
vt 0.941953 -4.524551
vt 0.946958 -4.527948
vt 0.955935 -4.534258
vt 0.952978 -4.524613
vt 0.940725 -4.516590
vt 0.930170 -4.514498
vt 0.931353 -4.504078
vt 0.921435 -4.503729
vt 0.932096 -4.488065
vt 0.923103 -4.487853
vt 0.912124 -4.503866
vt 0.914383 -4.487290
vt 0.908560 -4.501152
vt 0.908560 -4.486745
vt 0.940725 -4.505852
vt 0.940725 -4.486745
vt 0.923422 -4.481893
vt 0.914398 -4.481226
vt 0.932414 -4.482166
vt 0.923846 -4.475190
vt 0.932369 -4.474689
vt 0.933476 -4.460571
vt 0.923573 -4.460281
vt 0.914747 -4.460525
vt 0.914990 -4.475008
vt 0.940725 -4.458387
vt 0.940725 -4.474947
vt 0.908560 -4.474947
vt 0.908560 -4.458387
vt 0.933825 -4.455839
vt 0.923346 -4.455474
vt 0.940725 -4.450986
vt 0.933552 -4.451199
vt 0.940725 -4.430073
vt 0.931808 -4.432757
vt 0.930489 -4.424994
vt 0.929761 -4.427829
vt 0.923118 -4.450577
vt 0.914323 -4.454884
vt 0.914596 -4.449772
vt 0.922891 -4.434017
vt 0.922572 -4.427981
vt 0.923649 -4.423128
vt 0.919297 -4.427646
vt 0.917098 -4.425039
vt 0.914216 -4.433060
vt 0.908560 -4.430696
vt 0.908560 -4.450986
vt 0.759988 -4.597966
vt 0.738166 -4.598374
vt 0.727778 -4.580950
vt 0.749388 -4.570637
vt 0.702255 -4.589033
vt 0.710672 -4.602075
vt 0.713538 -4.569380
vt 0.689092 -4.578691
vt 0.719225 -4.556049
vt 0.723122 -4.540278
vt 0.693399 -4.554291
vt 0.704348 -4.544554
vt 0.705713 -4.538231
vt 0.705713 -4.525568
vt 0.675019 -4.564390
vt 0.705713 -4.508614
vt 0.705713 -4.497771
vt 0.716374 -4.497771
vt 0.705713 -4.477252
vt 0.715813 -4.476797
vt 0.724366 -4.497771
vt 0.724366 -4.476752
vt 0.705713 -4.468729
vt 0.715706 -4.469229
vt 0.715646 -4.454990
vt 0.705713 -4.453745
vt 0.724366 -4.453912
vt 0.724366 -4.469002
vt 0.705713 -4.448894
vt 0.715585 -4.448666
vt 0.705713 -4.431316
vt 0.715358 -4.432167
vt 0.708124 -4.424144
vt 0.714402 -4.422217
vt 0.721302 -4.423234
vt 0.724366 -4.430756
vt 0.724366 -4.448726
vt 0.731645 -4.496633
vt 0.742442 -4.497573
vt 0.731645 -4.477146
vt 0.741714 -4.477691
vt 0.751375 -4.496633
vt 0.751375 -4.477646
vt 0.751375 -4.470640
vt 0.742761 -4.471079
vt 0.751375 -4.452003
vt 0.742473 -4.449531
vt 0.731645 -4.451775
vt 0.731645 -4.470018
vt 0.751375 -4.446861
vt 0.742806 -4.444117
vt 0.751375 -4.426465
vt 0.741593 -4.426192
vt 0.748251 -4.417866
vt 0.740789 -4.415728
vt 0.734177 -4.417866
vt 0.731645 -4.427026
vt 0.731645 -4.446694
vt 0.988176 -4.577448
vt 0.970054 -4.576810
vt 0.988176 -4.555853
vt 0.970418 -4.552971
vt 0.952129 -4.551059
vt 0.972541 -4.537958
vt 0.988176 -4.542188
vt 0.988176 -4.525902
vt 0.973891 -4.524232
vt 0.988176 -4.506580
vt 0.975908 -4.503564
vt 0.962911 -4.506580
vt 0.961455 -4.523823
vt 0.963290 -4.496192
vt 0.976939 -4.495420
vt 0.976757 -4.485259
vt 0.988176 -4.483439
vt 0.988176 -4.495631
vt 0.963563 -4.486745
vt 0.965580 -4.473628
vt 0.976878 -4.471960
vt 0.988176 -4.470413
vt 0.956572 -4.473855
vt 0.955571 -4.491552
vt 0.988176 -4.463406
vt 0.976363 -4.457416
vt 0.968310 -4.462800
vt 0.962972 -4.459797
vt 0.975968 -4.450365
vt 0.988176 -4.456461
vt 0.955632 -4.505275
vt 0.954389 -4.519699
vt 0.674624 -4.530633
vt 0.661855 -4.536820
vt 0.684148 -4.545282
vt 0.666875 -4.551499
vt 0.686483 -4.525902
vt 0.695522 -4.540369
vt 0.680539 -4.515847
vt 0.668953 -4.520457
vt 0.673654 -4.499909
vt 0.681070 -4.497604
vt 0.690608 -4.515514
vt 0.665920 -4.502911
vt 0.658913 -4.526022
vt 0.656426 -4.506915
vt 0.655744 -4.497481
vt 0.662523 -4.495283
vt 0.675019 -4.491552
vt 0.669089 -4.492175
vt 0.659641 -4.530769
vt 0.695188 -4.523308
vt 0.700390 -4.535681
vt 0.703559 -4.538959
vt 0.834555 -4.497209
vt 0.841546 -4.479694
vt 0.834555 -4.479694
vt 0.850250 -4.483121
vt 0.841197 -4.475902
vt 0.849492 -4.477267
vt 0.857393 -4.483863
vt 0.856878 -4.478101
vt 0.841258 -4.471778
vt 0.849250 -4.471717
vt 0.841318 -4.452623
vt 0.849765 -4.452382
vt 0.857454 -4.452852
vt 0.856498 -4.472248
vt 0.834555 -4.452623
vt 0.834555 -4.471778
vt 0.865855 -4.471778
vt 0.865855 -4.452623
vt 0.857393 -4.448257
vt 0.849962 -4.448150
vt 0.865855 -4.479694
vt 0.865855 -4.499241
vt 0.865855 -4.508219
vt 0.841151 -4.449121
vt 0.840969 -4.445390
vt 0.850129 -4.444389
vt 0.841151 -4.430408
vt 0.849037 -4.430408
vt 0.845519 -4.424721
vt 0.852631 -4.424478
vt 0.859365 -4.425387
vt 0.856938 -4.430408
vt 0.849174 -4.419731
vt 0.842168 -4.422552
vt 0.865855 -4.419853
vt 0.834555 -4.430408
vt 0.865855 -4.430408
vt 0.834555 -4.445390
vt 0.865855 -4.445390
vt 0.857454 -4.443859
vt 0.834555 -4.449121
vt 0.869343 -4.478723
vt 0.869343 -4.500879
vt 0.875895 -4.478723
vt 0.875106 -4.501668
vt 0.884827 -4.478723
vt 0.885509 -4.500091
vt 0.896807 -4.500258
vt 0.895503 -4.478723
vt 0.902236 -4.499742
vt 0.902236 -4.478723
vt 0.876016 -4.474887
vt 0.884827 -4.474887
vt 0.895048 -4.474887
vt 0.894654 -4.470821
vt 0.884827 -4.470821
vt 0.884827 -4.453246
vt 0.875000 -4.453246
vt 0.875622 -4.470821
vt 0.894487 -4.453246
vt 0.869343 -4.453246
vt 0.869343 -4.470821
vt 0.902236 -4.453246
vt 0.902236 -4.470821
vt 0.884827 -4.449970
vt 0.894547 -4.449970
vt 0.902236 -4.446573
vt 0.884827 -4.446573
vt 0.873574 -4.446573
vt 0.874378 -4.449970
vt 0.875000 -4.428496
vt 0.869343 -4.446573
vt 0.869343 -4.421429
vt 0.878836 -4.420807
vt 0.884827 -4.431151
vt 0.884372 -4.420807
vt 0.876683 -4.417532
vt 0.885160 -4.416456
vt 0.890074 -4.420807
vt 0.891772 -4.418320
vt 0.894093 -4.430588
vt 0.902236 -4.423750
vt 0.894487 -4.446573
vt 0.828322 -4.489126
vt 0.823970 -4.483408
vt 0.816766 -4.485273
vt 0.808107 -4.485986
vt 0.816311 -4.480300
vt 0.823636 -4.478328
vt 0.815189 -4.464831
vt 0.808425 -4.480892
vt 0.808804 -4.464573
vt 0.820072 -4.464756
vt 0.828322 -4.478328
vt 0.828322 -4.465166
vt 0.801222 -4.463482
vt 0.801222 -4.482150
vt 0.796839 -4.477707
vt 0.796839 -4.464650
vt 0.789833 -4.477707
vt 0.789833 -4.464650
vt 0.788984 -4.488505
vt 0.796839 -4.488505
vt 0.820345 -4.461268
vt 0.828322 -4.457309
vt 0.789833 -4.456749
vt 0.796839 -4.456749
vt 0.791532 -4.448772
vt 0.796839 -4.449622
vt 0.793109 -4.442615
vt 0.796839 -4.441433
vt 0.800130 -4.443465
vt 0.801222 -4.450060
vt 0.801222 -4.457720
vt 0.807804 -4.451517
vt 0.806166 -4.441766
vt 0.809335 -4.445329
vt 0.814052 -4.451426
vt 0.812778 -4.444419
vt 0.817812 -4.445905
vt 0.819647 -4.451335
vt 0.826911 -4.448498
vt 0.821710 -4.443131
vt 0.813233 -4.440523
vt 0.808183 -4.457720
vt 0.820391 -4.457492
vt 0.814325 -4.457932
vt 0.808380 -4.461268
vt 0.814779 -4.461374
vt 0.780658 -4.472853
vt 0.780658 -4.455961
vt 0.770649 -4.475447
vt 0.770028 -4.454459
vt 0.759139 -4.472853
vt 0.759139 -4.455961
vt 0.780658 -4.453474
vt 0.759139 -4.451031
vt 0.770134 -4.448712
vt 0.759139 -4.433350
vt 0.769512 -4.433198
vt 0.763734 -4.423750
vt 0.771028 -4.421536
vt 0.780658 -4.426965
vt 0.780658 -4.434881
vt 0.780658 -4.451031
vt 0.780658 -4.481437
vt 0.770164 -4.483227
vt 0.759139 -4.481437
vt 0.905679 -4.504837
vt 0.588699 -4.690260
vt 0.578948 -4.679523
vt 0.608823 -4.657079
vt 0.597874 -4.646752
vt 0.568424 -4.702726
vt 0.575021 -4.714553
vt 0.588518 -4.646949
vt 0.584772 -4.622306
vt 0.597586 -4.622745
vt 0.572640 -4.676338
vt 0.562737 -4.695657
vt 0.560174 -4.689942
vt 0.569228 -4.672441
vt 0.579206 -4.645659
vt 0.576916 -4.622306
vt 0.573792 -4.643324
vt 0.564815 -4.666724
vt 0.552137 -4.688501
vt 0.583528 -4.715160
vt 0.596100 -4.695780
vt 0.573732 -4.740699
vt 0.578994 -4.743808
vt 0.547405 -4.670257
vt 0.535683 -4.676536
vt 0.535334 -4.698388
vt 0.557551 -4.706637
vt 0.561569 -4.696326
vt 0.562024 -4.706593
vt 0.531907 -4.734208
vt 0.560447 -4.737438
vt 0.565724 -4.722334
vt 0.538564 -4.757288
vt 0.521124 -4.742322
vt 0.560129 -4.773759
vt 0.529738 -4.730402
vt 0.530481 -4.699435
vt 0.501061 -4.721136
vt 0.506353 -4.716950
vt 0.490263 -4.694612
vt 0.484379 -4.698328
vt 0.467334 -4.724124
vt 0.486457 -4.755485
vt 0.504609 -4.744776
vt 0.460676 -4.732328
vt 0.478526 -4.765873
vt 0.508719 -4.761945
vt 0.513131 -4.754848
vt 0.465150 -4.670848
vt 0.469260 -4.666072
vt 0.442175 -4.655592
vt 0.441614 -4.660279
vt 0.427662 -4.709822
vt 0.432818 -4.702362
vt 0.408175 -4.697341
vt 0.412042 -4.678371
vt 0.443494 -4.683663
vt 0.406932 -4.707562
vt 0.390493 -4.678735
vt 0.388279 -4.701437
vt 0.385640 -4.711931
vt 0.415348 -4.653606
vt 0.415197 -4.658777
vt 0.391403 -4.657033
vt 0.431635 -4.626567
vt 0.408281 -4.632633
vt 0.385579 -4.622306
vt 0.426949 -4.622306
vt 0.372780 -4.683223
vt 0.354961 -4.665420
vt 0.319718 -4.630464
vt 0.349578 -4.671394
vt 0.368716 -4.691306
vt 0.313257 -4.637076
vt 0.465984 -4.623124
vt 0.465014 -4.627885
vt 0.489748 -4.628628
vt 0.492159 -4.622306
vt 0.507323 -4.632208
vt 0.524309 -4.652226
vt 0.509446 -4.626400
vt 0.532088 -4.674655
vt 0.520501 -4.634785
vt 0.528267 -4.647783
vt 0.536577 -4.640519
vt 0.548194 -4.642672
vt 0.559113 -4.660596
vt 0.568621 -4.640959
vt 0.556701 -4.636575
vt 0.570395 -4.628902
vt 0.547830 -4.638926
vt 0.553881 -4.634513
vt 0.562146 -4.626536
vt 0.560887 -4.623078
vt 0.559734 -4.622306
vt 0.544630 -4.622306
vt 0.537578 -4.636424
vt 0.525871 -4.626779
vt 0.525598 -4.622381
vt 0.566392 -4.622745
vt 0.518288 -4.632041
vt 0.568924 -4.743429
vt 0.566801 -4.782054
vt 0.591035 -4.753862
vt 0.606579 -4.770300
vt 0.587289 -4.771225
vt 0.591596 -4.783388
vt 0.615026 -4.779217
vt 0.583816 -4.790379
vt 0.591581 -4.785921
vt 0.535319 -4.768527
vt 0.559158 -4.784329
vt 0.510615 -4.746779
vt 0.618484 -4.661780
vt 0.637516 -4.631010
vt 0.631465 -4.622882
vt 0.525719 -4.622397
vt 0.705425 -4.992271
vt 0.738105 -4.980487
vt 0.748994 -4.992271
vt 0.726352 -4.968993
vt 0.719043 -4.962472
vt 0.706031 -4.953510
vt 0.692034 -4.947094
vt 0.679174 -4.959818
vt 0.672380 -4.992271
vt 0.660794 -4.966066
vt 0.637637 -4.992271
vt 0.649996 -4.965534
vt 0.639244 -4.961956
vt 0.627992 -4.970312
vt 0.616042 -4.976832
vt 0.596858 -4.992271
vt 0.202037 -4.619894
vt 0.196942 -4.634740
vt 0.178349 -4.619894
vt 0.049977 -4.528039
vt 0.053511 -4.555822
vt 0.014522 -4.532150
vt 0.017570 -4.565208
vt 0.011716 -4.496057
vt 0.048385 -4.496057
vt 0.082249 -4.496057
vt 0.084296 -4.525811
vt 0.086161 -4.551682
vt 0.120161 -4.549165
vt 0.118372 -4.523399
vt 0.116901 -4.496057
vt 0.156390 -4.521215
vt 0.154783 -4.496057
vt 0.158043 -4.546708
vt 0.159514 -4.571821
vt 0.192498 -4.496057
vt 0.193499 -4.520154
vt 0.195683 -4.544963
vt 0.195956 -4.565361
vt 0.219037 -4.496057
vt 0.220341 -4.520200
vt 0.221464 -4.543067
vt 0.213608 -4.565543
vt 0.227226 -4.519335
vt 0.224694 -4.496057
vt 0.227287 -4.544342
vt 0.218628 -4.568802
vt 0.195092 -4.583241
vt 0.198489 -4.590488
vt 0.161804 -4.589337
vt 0.163867 -4.611356
vt 0.121799 -4.592431
vt 0.124423 -4.611356
vt 0.117932 -4.593143
vt 0.119100 -4.582330
vt 0.115248 -4.585075
vt 0.094669 -4.583149
vt 0.098627 -4.585348
vt 0.096640 -4.595024
vt 0.100007 -4.594174
vt 0.090241 -4.594705
vt 0.119251 -4.611356
vt 0.093471 -4.600544
vt 0.084630 -4.600316
vt 0.078139 -4.595690
vt 0.101751 -4.611356
vt 0.099431 -4.611356
vt 0.094547 -4.611356
vt 0.058622 -4.582042
vt 0.087981 -4.611356
vt 0.079746 -4.605108
vt 0.083265 -4.611356
vt 0.073210 -4.600210
vt 0.059956 -4.598860
vt 0.040075 -4.604426
vt 0.029990 -4.588472
vt 0.058379 -4.605487
vt 0.040378 -4.610688
vt 0.010973 -4.596904
vt 0.063640 -4.602150
vt 0.070465 -4.611356
vt 0.061791 -4.606777
vt 0.060426 -4.606701
vt 0.059304 -4.611356
vt 0.055998 -4.611356
vt 0.014203 -4.595024
vt 0.010973 -4.563843
vt 0.010973 -4.532058
vt 0.010973 -4.496057
vt 0.233292 -4.662736
vt 0.218112 -4.652256
vt 0.233292 -4.652256
vt 0.213381 -4.642035
vt 0.233292 -4.639547
vt 0.215125 -4.630404
vt 0.233292 -4.621669
vt 0.215231 -4.618454
vt 0.228303 -4.593719
vt 0.227257 -4.610688
vt 0.196517 -4.611356
vt 0.229789 -4.594887
vt 0.228879 -4.609643
vt 0.262546 -4.619166
vt 0.264699 -4.643338
vt 0.248078 -4.619166
vt 0.255236 -4.643338
vt 0.275360 -4.643338
vt 0.277347 -4.619166
vt 0.283397 -4.643338
vt 0.299199 -4.619166
vt 0.294210 -4.643338
vt 0.256525 -4.645174
vt 0.264866 -4.645174
vt 0.275178 -4.645174
vt 0.282897 -4.645174
vt 0.293285 -4.645174
vt 0.236158 -4.520184
vt 0.244439 -4.532074
vt 0.255326 -4.518940
vt 0.259922 -4.528888
vt 0.252218 -4.543796
vt 0.263835 -4.538185
vt 0.250186 -4.545419
vt 0.242179 -4.533165
vt 0.234308 -4.521974
vt 0.257981 -4.556323
vt 0.294756 -4.559553
vt 0.255388 -4.555640
vt 0.249792 -4.568197
vt 0.247365 -4.566937
vt 0.297744 -4.569772
vt 0.241603 -4.578494
vt 0.239161 -4.577204
vt 0.302551 -4.581542
vt 0.235006 -4.589580
vt 0.232822 -4.587760
vt 0.305796 -4.589549
vt 0.273510 -4.609491
vt 0.273677 -4.594372
vt 0.283928 -4.609491
vt 0.282654 -4.594372
vt 0.267975 -4.594523
vt 0.267641 -4.609491
vt 0.260513 -4.609491
vt 0.260892 -4.594523
vt 0.255903 -4.594523
vt 0.255312 -4.609491
vt 0.247638 -4.609491
vt 0.248745 -4.594523
vt 0.388324 -4.959878
vt 0.384017 -4.972481
vt 0.367836 -4.956527
vt 0.367836 -4.973269
vt 0.380833 -4.990694
vt 0.367836 -4.990694
vt 0.387536 -4.945562
vt 0.367836 -4.936782
vt 0.414863 -4.990694
vt 0.415803 -4.975772
vt 0.418351 -4.965504
vt 0.410662 -4.956088
vt 0.383957 -4.934083
vt 0.394875 -4.937268
vt 0.186584 -4.691836
vt 0.177136 -4.679781
vt 0.187661 -4.682843
vt 0.181125 -4.675853
vt 0.173072 -4.683784
vt 0.183066 -4.699890
vt 0.188950 -4.676368
vt 0.185234 -4.671804
vt 0.189450 -4.667634
vt 0.197336 -4.675050
vt 0.192893 -4.664252
vt 0.205222 -4.673714
vt 0.196578 -4.660612
vt 0.212455 -4.670788
vt 0.585045 -4.279531
vt 0.562130 -4.273055
vt 0.595751 -4.235582
vt 0.570790 -4.232185
vt 0.574733 -4.192256
vt 0.610310 -4.195729
vt 0.620243 -4.241315
vt 0.609112 -4.289024
vt 0.637121 -4.206845
vt 0.637895 -4.149309
vt 0.608899 -4.148141
vt 0.613054 -4.109667
vt 0.659596 -4.118600
vt 0.575476 -4.144881
vt 0.577644 -4.106680
vt 0.611341 -4.064794
vt 0.577402 -4.061321
vt 0.617392 -4.017493
vt 0.649344 -4.068692
vt 0.690153 -4.090483
vt 0.647130 -4.017493
vt 0.575369 -4.017493
vt 0.679674 -4.131930
vt 0.704014 -4.106407
vt 0.719892 -4.076365
vt 0.685164 -4.055604
vt 0.717496 -4.050660
vt 0.679204 -4.017493
vt 0.719665 -4.017493
vt 0.754362 -4.055043
vt 0.751784 -4.080504
vt 0.756713 -4.017493
vt 0.783615 -4.097611
vt 0.798234 -4.060123
vt 0.793912 -4.017493
vt 0.827230 -4.017493
vt 0.835525 -4.058713
vt 0.751268 -4.102646
vt 0.771802 -4.113003
vt 0.787801 -4.134719
vt 0.808274 -4.128199
vt 0.803921 -4.100265
vt 0.724184 -4.096777
vt 0.796111 -4.170357
vt 0.818510 -4.169326
vt 0.840181 -4.135007
vt 0.838877 -4.097808
vt 0.840712 -4.169781
vt 0.821209 -4.196639
vt 0.840833 -4.201082
vt 0.800904 -4.196927
vt 0.868812 -4.172344
vt 0.868524 -4.207679
vt 0.891712 -4.208634
vt 0.891712 -4.171207
vt 0.868266 -4.135797
vt 0.891712 -4.135326
vt 0.891712 -4.099931
vt 0.866583 -4.097581
vt 0.891712 -4.056286
vt 0.864490 -4.056423
vt 0.891545 -4.017493
vt 0.860851 -4.017493
vt 0.532255 -4.265306
vt 0.510827 -4.259907
vt 0.538170 -4.228531
vt 0.510827 -4.226771
vt 0.538746 -4.188737
vt 0.510827 -4.190344
vt 0.538215 -4.146806
vt 0.510827 -4.151841
vt 0.510827 -4.108181
vt 0.541506 -4.105482
vt 0.510827 -4.061988
vt 0.543159 -4.059729
vt 0.541779 -4.017493
vt 0.510827 -4.017493
vt 0.662113 -4.166095
vt 0.786709 -4.326648
vt 0.773091 -4.290798
vt 0.806590 -4.290101
vt 0.748539 -4.319703
vt 0.739243 -4.291237
vt 0.755666 -4.350579
vt 0.825926 -4.327543
vt 0.788256 -4.366472
vt 0.815234 -4.372416
vt 0.838240 -4.254295
vt 0.839832 -4.322751
vt 0.796854 -4.251430
vt 0.801950 -4.207573
vt 0.766555 -4.224330
vt 0.753164 -4.257784
vt 0.719877 -4.345377
vt 0.734769 -4.382077
vt 0.683405 -4.361982
vt 0.685892 -4.324267
vt 0.694172 -4.391599
vt 0.713856 -4.305736
vt 0.680690 -4.285749
vt 0.716343 -4.267443
vt 0.692883 -4.250459
vt 0.748796 -4.401851
vt 0.748508 -4.185825
vt 0.726762 -4.229062
vt 0.691791 -4.212137
vt 0.647555 -4.347000
vt 0.649860 -4.312970
vt 0.654804 -4.255327
vt 0.649678 -4.231215
vt 0.683905 -4.195744
vt 0.629129 -4.292330
vt 0.877032 -4.258875
vt 0.866432 -4.260604
vt 0.872907 -4.240860
vt 0.861852 -4.245410
vt 0.868327 -4.278575
vt 0.882552 -4.277347
vt 0.887374 -4.296468
vt 0.868479 -4.301550
vt 0.893243 -4.316928
vt 0.873756 -4.325647
vt 0.887769 -4.253963
vt 0.883432 -4.237175
vt 0.897580 -4.274420
vt 0.905512 -4.293512
vt 0.913337 -4.309087
vt 0.897960 -4.325966
vt 0.877077 -4.332001
vt 0.902160 -4.340888
vt 0.882506 -4.347394
vt 0.895836 -4.371249
vt 0.911760 -4.363879
vt 0.917462 -4.316836
vt 0.920677 -4.331850
vt 0.926151 -4.358813
vt 0.877896 -4.349850
vt 0.892212 -4.372508
vt 0.873589 -4.336187
vt 0.865961 -4.355659
vt 0.883492 -4.382001
vt 0.900416 -4.384351
vt 0.904844 -4.384184
vt 0.910258 -4.396028
vt 0.914762 -4.396680
vt 0.919054 -4.377633
vt 0.926728 -4.391540
vt 0.930610 -4.374326
vt 0.933764 -4.388643
vt 0.927076 -4.397818
vt 0.914368 -4.399289
vt 0.935933 -4.391039
vt 0.897429 -4.391145
vt 0.937768 -4.384412
vt 0.935084 -4.372250
vt 0.929002 -4.355417
vt 0.924786 -4.328514
vt 0.919373 -4.311452
vt 0.929761 -4.330971
vt 0.933961 -4.356144
vt 0.887572 -4.242604
vt 0.895700 -4.251642
vt 0.892470 -4.253720
vt 0.900250 -4.272493
vt 0.910076 -4.293483
vt 0.915187 -4.289707
vt 0.904283 -4.265852
vt 0.862610 -4.261955
vt 0.859850 -4.248670
vt 0.864490 -4.279728
vt 0.864354 -4.305251
vt 0.866492 -4.327664
vt 0.854573 -4.306782
vt 0.857105 -4.278105
vt 0.485714 -4.291724
vt 0.486988 -4.306115
vt 0.518364 -4.289827
vt 0.518561 -4.302218
vt 0.546040 -4.292815
vt 0.545873 -4.302187
vt 0.557869 -4.294164
vt 0.558961 -4.300154
vt 0.567286 -4.298623
vt 0.568333 -4.295363
vt 0.573474 -4.298092
vt 0.576992 -4.296667
vt 0.568166 -4.301399
vt 0.560144 -4.305099
vt 0.573292 -4.299442
vt 0.547329 -4.310921
vt 0.522110 -4.321629
vt 0.489596 -4.327649
vt 0.570426 -4.290949
vt 0.561342 -4.283504
vt 0.549225 -4.279212
vt 0.517318 -4.275178
vt 0.485623 -4.274708
vt 0.573489 -4.300959
vt 0.569273 -4.304309
vt 0.561493 -4.309602
vt 0.549604 -4.316185
vt 0.525750 -4.329924
vt 0.536335 -4.340373
vt 0.554351 -4.331213
vt 0.566741 -4.316882
vt 0.572791 -4.304886
vt 0.490430 -4.341661
vt 0.494980 -4.358525
vt 0.514876 -4.306494
vt 0.515589 -4.321780
vt 0.513997 -4.291420
vt 0.536805 -4.305174
vt 0.537639 -4.316108
vt 0.536259 -4.288903
vt 0.551409 -4.312409
vt 0.551287 -4.302747
vt 0.551045 -4.291132
vt 0.564754 -4.306797
vt 0.564344 -4.300595
vt 0.563980 -4.292557
vt 0.536229 -4.277726
vt 0.565527 -4.312574
vt 0.552379 -4.323388
vt 0.538549 -4.326648
vt 0.516271 -4.334671
vt 0.517651 -4.348562
vt 0.359875 -4.077714
vt 0.342738 -4.095048
vt 0.328301 -4.075378
vt 0.339311 -4.095593
vt 0.326314 -4.074272
vt 0.359541 -4.073907
vt 0.327603 -4.118039
vt 0.388627 -4.078169
vt 0.388506 -4.081142
vt 0.388248 -4.105027
vt 0.361133 -4.111501
vt 0.389355 -4.109273
vt 0.417699 -4.101296
vt 0.417593 -4.098218
vt 0.361391 -4.116355
vt 0.326239 -4.119176
vt 0.420049 -4.086010
vt 0.420641 -4.083810
vt 0.462936 -4.032765
vt 0.457962 -4.016370
vt 0.448287 -4.033599
vt 0.450122 -4.015068
vt 0.466712 -4.048961
vt 0.446694 -4.049933
vt 0.457537 -4.059455
vt 0.444920 -4.067903
vt 0.470382 -4.068372
vt 0.342010 -4.047840
vt 0.410511 -4.034934
vt 0.347530 -4.013959
vt 0.299609 -4.013793
vt 0.294043 -4.046536
vt 0.420717 -4.012337
vt 0.419488 -4.053814
vt 0.254022 -4.016720
vt 0.247320 -4.037876
vt 0.293422 -4.052495
vt 0.343178 -4.055058
vt 0.299882 -4.010746
vt 0.348137 -4.010170
vt 0.415621 -4.034419
vt 0.423901 -4.009274
vt 0.422688 -4.056196
vt 0.253886 -4.011292
vt 0.247775 -4.041030
vt 0.500181 -4.056543
vt 0.489369 -4.085342
vt 0.483985 -4.053981
vt 0.500257 -4.035753
vt 0.485395 -4.032629
vt 0.500045 -4.090453
vt 0.480027 -4.089483
vt 0.500318 -4.015872
vt 0.489854 -4.012717
vt 0.726443 -4.118007
vt 0.731342 -4.120996
vt 0.715585 -4.127167
vt 0.723956 -4.130519
vt 0.736164 -4.122905
vt 0.732282 -4.132794
vt 0.743747 -4.125257
vt 0.740319 -4.134932
vt 0.748311 -4.137207
vt 0.751223 -4.126986
vt 0.756485 -4.139482
vt 0.757228 -4.127895
vt 0.765311 -4.141347
vt 0.762885 -4.127683
vt 0.774759 -4.141740
vt 0.764902 -4.127274
vt 0.719058 -4.142515
vt 0.728233 -4.145016
vt 0.736922 -4.147398
vt 0.745491 -4.149733
vt 0.754392 -4.152159
vt 0.764053 -4.154783
vt 0.774774 -4.157710
vt 0.725731 -4.157543
vt 0.717329 -4.155466
vt 0.708973 -4.139770
vt 0.707684 -4.121874
vt 0.696583 -4.136387
vt 0.698130 -4.154935
vt 0.708215 -4.154131
vt 0.733798 -4.159909
vt 0.741760 -4.162078
vt 0.749949 -4.164200
vt 0.758350 -4.166899
vt 0.766524 -4.171116
vt 0.713053 -4.168538
vt 0.718269 -4.167976
vt 0.722955 -4.168264
vt 0.730280 -4.169630
vt 0.737802 -4.171707
vt 0.743929 -4.173770
vt 0.748251 -4.175559
vt 0.751344 -4.177758
vt 0.770255 -4.174589
vt 0.781811 -4.159636
vt 0.780036 -4.140634
vt 0.688682 -4.167780
vt 0.690366 -4.166611
vt 0.691033 -4.169038
vt 0.692095 -4.167279
vt 0.692534 -4.165747
vt 0.690912 -4.165701
vt 0.692201 -4.163579
vt 0.690821 -4.164322
vt 0.689896 -4.163458
vt 0.690715 -4.161834
vt 0.688607 -4.163534
vt 0.688470 -4.161653
vt 0.687242 -4.164671
vt 0.686241 -4.162487
vt 0.684633 -4.176606
vt 0.682374 -4.174558
vt 0.677309 -4.184598
vt 0.686559 -4.165460
vt 0.679720 -4.172056
vt 0.677506 -4.169812
vt 0.685331 -4.162806
vt 0.672456 -4.180093
vt 0.675019 -4.182428
vt 0.670014 -4.192605
vt 0.670151 -4.177940
vt 0.665161 -4.187995
vt 0.667830 -4.190436
vt 0.661279 -4.197078
vt 0.662659 -4.199475
vt 0.662887 -4.185948
vt 0.658913 -4.195000
vt 0.656472 -4.193758
vt 0.655850 -4.195274
vt 0.657837 -4.195941
vt 0.655395 -4.196790
vt 0.657169 -4.196956
vt 0.655471 -4.198746
vt 0.657033 -4.198201
vt 0.657685 -4.199308
vt 0.656684 -4.200748
vt 0.659095 -4.199460
vt 0.659111 -4.201233
vt 0.660096 -4.198897
vt 0.660824 -4.200733
vt 0.053799 -4.139982
vt 0.080429 -4.120085
vt 0.089877 -4.153070
vt 0.117174 -4.143622
vt 0.152751 -4.119372
vt 0.167643 -4.146655
vt 0.112548 -4.173315
vt 0.143819 -4.162957
vt 0.015523 -4.113731
vt 0.015523 -4.138451
vt 0.208437 -4.130899
vt 0.209422 -4.161759
vt 0.179456 -4.164322
vt 0.205207 -4.175302
vt 0.236143 -4.191468
vt 0.221145 -4.203691
vt 0.245970 -4.157452
vt 0.263167 -4.194303
vt 0.292754 -4.176727
vt 0.262788 -4.125166
vt 0.120692 -4.178441
vt 0.098111 -4.194061
vt 0.123498 -4.183536
vt 0.103328 -4.198413
vt 0.090468 -4.218536
vt 0.080110 -4.224679
vt 0.146427 -4.169448
vt 0.148732 -4.176802
vt 0.178941 -4.172420
vt 0.176090 -4.179228
vt 0.201067 -4.180276
vt 0.198413 -4.185901
vt 0.071785 -4.224345
vt 0.086419 -4.190270
vt 0.061928 -4.187494
vt 0.049887 -4.223086
vt 0.033372 -4.216004
vt 0.041470 -4.179456
vt 0.015523 -4.209437
vt 0.015523 -4.174089
vt 0.029383 -4.249322
vt 0.048188 -4.254781
vt 0.043123 -4.281668
vt 0.029808 -4.277119
vt 0.015523 -4.274996
vt 0.015523 -4.247350
vt 0.043578 -4.296849
vt 0.029717 -4.294529
vt 0.029717 -4.302110
vt 0.053814 -4.290479
vt 0.068267 -4.264502
vt 0.100902 -4.242512
vt 0.116658 -4.268080
vt 0.137601 -4.249064
vt 0.168583 -4.273268
vt 0.138936 -4.301990
vt 0.101281 -4.291724
vt 0.179305 -4.249413
vt 0.207921 -4.241663
vt 0.183869 -4.233672
vt 0.205025 -4.223102
vt 0.183460 -4.229228
vt 0.198034 -4.219235
vt 0.207936 -4.210559
vt 0.215261 -4.214746
vt 0.164276 -4.230775
vt 0.163442 -4.235764
vt 0.214033 -4.203599
vt 0.228333 -4.223193
vt 0.246046 -4.239359
vt 0.218051 -4.270901
vt 0.234733 -4.306160
vt 0.264608 -4.259709
vt 0.198200 -4.301246
vt 0.209165 -4.332289
vt 0.287310 -4.218006
vt 0.165565 -4.324662
vt 0.219052 -4.369368
vt 0.179987 -4.389295
vt 0.243331 -4.396347
vt 0.174391 -4.358297
vt 0.134720 -4.374766
vt 0.133385 -4.409844
vt 0.096109 -4.404657
vt 0.184400 -4.417350
vt 0.180033 -4.434972
vt 0.258663 -4.416259
vt 0.183854 -4.459373
vt 0.150704 -4.455081
vt 0.127820 -4.428724
vt 0.080808 -4.436518
vt 0.119585 -4.447240
vt 0.123755 -4.487640
vt 0.093137 -4.482499
vt 0.066629 -4.480255
vt 0.307191 -4.356629
vt 0.287886 -4.349957
vt 0.338340 -4.313045
vt 0.329636 -4.292815
vt 0.060335 -4.457128
vt 0.053875 -4.448938
vt 0.047430 -4.440750
vt 0.048522 -4.430499
vt 0.092303 -4.422340
vt 0.048673 -4.416092
vt 0.015523 -4.419397
vt 0.039620 -4.402534
vt 0.015523 -4.405082
vt 0.015523 -4.435063
vt 0.061442 -4.396680
vt 0.039817 -4.389067
vt 0.064535 -4.383487
vt 0.015523 -4.453776
vt 0.015523 -4.463543
vt 0.062155 -4.375935
vt 0.080793 -4.374813
vt 0.080004 -4.368716
vt 0.060699 -4.369869
vt 0.038755 -4.370929
vt 0.061958 -4.361361
vt 0.037421 -4.358707
vt 0.015523 -4.372614
vt 0.015523 -4.362331
vt 0.039165 -4.378498
vt 0.015523 -4.381485
vt 0.015523 -4.391646
vt 0.081597 -4.362438
vt 0.096807 -4.365653
vt 0.100705 -4.375556
vt 0.086358 -4.353019
vt 0.101463 -4.341025
vt 0.113489 -4.355598
vt 0.068069 -4.335868
vt 0.082218 -4.318975
vt 0.116840 -4.325056
vt 0.064081 -4.349805
vt 0.034342 -4.337537
vt 0.038043 -4.348865
vt 0.015523 -4.351170
vt 0.015523 -4.339947
vt 0.032310 -4.326830
vt 0.015523 -4.326936
vt 0.138693 -4.344634
vt 0.052722 -4.323948
vt 0.030688 -4.321265
vt 0.047157 -4.316169
vt 0.060957 -4.315820
vt 0.038998 -4.315699
vt 0.030324 -4.317019
vt 0.028367 -4.317034
vt 0.024515 -4.320158
vt 0.015523 -4.318019
vt 0.027533 -4.315912
vt 0.030930 -4.315183
vt 0.041440 -4.310467
vt 0.038012 -4.312924
vt 0.043305 -4.314001
vt 0.047672 -4.312074
vt 0.054421 -4.308692
vt 0.068039 -4.300731
vt 0.056286 -4.300292
vt 0.053496 -4.299700
vt 0.034449 -4.315259
vt 0.083886 -4.388551
vt 0.029717 -4.309679
vt 0.015523 -4.311180
vt 0.015523 -4.304083
vt 0.015523 -4.296986
vt 0.094775 -4.228410
vt 0.102903 -4.222828
vt 0.109440 -4.232140
vt 0.115339 -4.227135
vt 0.143015 -4.237842
vt 0.145077 -4.232337
vt 0.155966 -4.202204
vt 0.206829 -4.195441
vt 0.210135 -4.199185
vt 0.213608 -4.194910
vt 0.469336 -4.318839
vt 0.460297 -4.289934
vt 0.477525 -4.320492
vt 0.436594 -4.305357
vt 0.469396 -4.334686
vt 0.479800 -4.337854
vt 0.452973 -4.355310
vt 0.430483 -4.350367
vt 0.438687 -4.272646
vt 0.453337 -4.360724
vt 0.428087 -4.356296
vt 0.411329 -4.334155
vt 0.404809 -4.336961
vt 0.421793 -4.371264
vt 0.380848 -4.338553
vt 0.389704 -4.315593
vt 0.397014 -4.311438
vt 0.390902 -4.278453
vt 0.383547 -4.275162
vt 0.406204 -4.263441
vt 0.393693 -4.257434
vt 0.481104 -4.376207
vt 0.448605 -4.374676
vt 0.310133 -4.238237
vt 0.342162 -4.210469
vt 0.331956 -4.253887
vt 0.281229 -4.283671
vt 0.247714 -4.327664
vt 0.324934 -4.144229
vt 0.284747 -4.087146
vt 0.341328 -4.170494
vt 0.352459 -4.156026
vt 0.206753 -4.067447
vt 0.207982 -4.099703
vt 0.140604 -4.088193
vt 0.075758 -4.087511
vt 0.015523 -4.080868
vt 0.133992 -4.048142
vt 0.218127 -4.036707
vt 0.132581 -4.015355
vt 0.068267 -4.046717
vt 0.015523 -4.044898
vt 0.063793 -4.012276
vt 0.015523 -4.014066
vt 0.364485 -4.327604
vt 0.334792 -4.362407
vt 0.348061 -4.322433
vt 0.329211 -4.351307
vt 0.391175 -4.381455
vt 0.341358 -4.386428
vt 0.317322 -4.359237
vt 0.304917 -4.389582
vt 0.388142 -4.425449
vt 0.441220 -4.400199
vt 0.438096 -4.428042
vt 0.492295 -4.402989
vt 0.487094 -4.437353
vt 0.390235 -4.467895
vt 0.337188 -4.435442
vt 0.283837 -4.420535
vt 0.305144 -4.462693
vt 0.272570 -4.460738
vt 0.271068 -4.510175
vt 0.250943 -4.496861
vt 0.351701 -4.484470
vt 0.434198 -4.465560
vt 0.324934 -4.511859
vt 0.292496 -4.537442
vt 0.316336 -4.578038
vt 0.483803 -4.468790
vt 0.015523 -4.473325
vt 0.033084 -4.475705
vt 0.404354 -4.202826
vt 0.400107 -4.184809
vt 0.436064 -4.185932
vt 0.417107 -4.216323
vt 0.434941 -4.221661
vt 0.453064 -4.217430
vt 0.457598 -4.185750
vt 0.456461 -4.152433
vt 0.437186 -4.150188
vt 0.419064 -4.154419
vt 0.405491 -4.167081
vt 0.382956 -4.186584
vt 0.389568 -4.213381
vt 0.408706 -4.233276
vt 0.435214 -4.240951
vt 0.462011 -4.234324
vt 0.481907 -4.215201
vt 0.466651 -4.204767
vt 0.489581 -4.188692
vt 0.472020 -4.187055
vt 0.470488 -4.168720
vt 0.482954 -4.161895
vt 0.467956 -4.158802
vt 0.437322 -4.134326
vt 0.410526 -4.140937
vt 0.390629 -4.160061
vt 0.368033 -4.186144
vt 0.401806 -4.245925
vt 0.376905 -4.220554
vt 0.496481 -4.153009
vt 0.463831 -4.141999
vt 0.471580 -4.127637
vt 0.437337 -4.118114
vt 0.444374 -4.136373
vt 0.402913 -4.127000
vt 0.377557 -4.151887
vt 0.448742 -4.137632
vt 0.461025 -4.145912
vt 0.505352 -4.187419
vt 0.495829 -4.221676
vt 0.470473 -4.246562
vt 0.436048 -4.255448
vt 0.362422 -4.264472
vt 0.368974 -4.272161
vt 0.367260 -4.263319
vt 0.366775 -4.256207
vt 0.359374 -4.255235
vt 0.361179 -4.249306
vt 0.371157 -4.246213
vt 0.349790 -4.245440
vt 0.361057 -4.243816
vt 0.355795 -4.238798
vt 0.363287 -4.236280
vt 0.353247 -4.257541
vt 0.348941 -4.251885
vt 0.356887 -4.265397
vt 0.357084 -4.279136
vt 0.363681 -4.280456
vt 0.357357 -4.293072
vt 0.353460 -4.290677
vt 0.348759 -4.300019
vt 0.350548 -4.303128
vt 0.363302 -4.296105
vt 0.343466 -4.302263
vt 0.345589 -4.298259
vt 0.366835 -4.288903
vt 0.370702 -4.281002
vt 0.452366 -4.106724
vt 0.455414 -4.105147
vt 0.454140 -4.103010
vt 0.461116 -4.098550
vt 0.462572 -4.104011
vt 0.465651 -4.098233
vt 0.470109 -4.104557
vt 0.470594 -4.097899
vt 0.475053 -4.100371
vt 0.479511 -4.102843
vt 0.479087 -4.110395
vt 0.482954 -4.105012
vt 0.489081 -4.105770
vt 0.485744 -4.110653
vt 0.480816 -4.115794
vt 0.488368 -4.112382
vt 0.492644 -4.113700
vt 0.489202 -4.116613
vt 0.484167 -4.117416
vt 0.471398 -4.183400
vt 0.921678 -4.090725
vt 0.949687 -4.085237
vt 0.946882 -4.054966
vt 0.976757 -4.080596
vt 0.978183 -4.043700
vt 0.991831 -4.080323
vt 0.991770 -4.042941
vt 0.978653 -4.006832
vt 0.958877 -4.027865
vt 0.991710 -4.008759
vt 0.976196 -4.119024
vt 0.948338 -4.121572
vt 0.920601 -4.119160
vt 0.945638 -4.160440
vt 0.919236 -4.160803
vt 0.906846 -4.116143
vt 0.920510 -4.204311
vt 0.947170 -4.200354
vt 0.952478 -4.243088
vt 0.927941 -4.247229
vt 0.940331 -4.282897
vt 0.957998 -4.279789
vt 0.907589 -4.206481
vt 0.915142 -4.251203
vt 0.926121 -4.286536
vt 0.945851 -4.322524
vt 0.956815 -4.320901
vt 0.962896 -4.342860
vt 0.968371 -4.338265
vt 0.986599 -4.357054
vt 0.990481 -4.362241
vt 0.971207 -4.319111
vt 0.980685 -4.280304
vt 0.982489 -4.321188
vt 0.992149 -4.278757
vt 0.992089 -4.240314
vt 0.976924 -4.241663
vt 0.992028 -4.199808
vt 0.975529 -4.199748
vt 0.992225 -4.322751
vt 0.991968 -4.163275
vt 0.975529 -4.160561
vt 0.991892 -4.117962
vt 0.948732 -4.413514
vt 0.948671 -4.399168
vt 0.977682 -4.413423
vt 0.976909 -4.396620
vt 0.948596 -4.382607
vt 0.973860 -4.378437
vt 0.968219 -4.364485
vt 0.948520 -4.366805
vt 0.958756 -4.352020
vt 0.948444 -4.351610
vt 0.952569 -4.348289
vt 0.948414 -4.344407
vt 0.977819 -4.432061
vt 0.948808 -4.431059
vt 0.948884 -4.445815
vt 0.905057 -4.163912
vt 1.949699 -4.085237
vt 1.921674 -4.090725
vt 1.946879 -4.054966
vt 1.976754 -4.080596
vt 1.978179 -4.043700
vt 1.991828 -4.080323
vt 1.991767 -4.042941
vt 1.978649 -4.006832
vt 1.958889 -4.027865
vt 1.991706 -4.008759
vt 1.976192 -4.119024
vt 1.948334 -4.121572
vt 1.920598 -4.119160
vt 1.945635 -4.160440
vt 1.919233 -4.160803
vt 1.906843 -4.116143
vt 1.920507 -4.204311
vt 1.947167 -4.200354
vt 1.952474 -4.243088
vt 1.927937 -4.247229
vt 1.940342 -4.282897
vt 1.957994 -4.279789
vt 1.907586 -4.206481
vt 1.915138 -4.251203
vt 1.926118 -4.286536
vt 1.945862 -4.322524
vt 1.956812 -4.320901
vt 1.962908 -4.342860
vt 1.968382 -4.338265
vt 1.986596 -4.357054
vt 1.971203 -4.319111
vt 1.980681 -4.280304
vt 1.982501 -4.321188
vt 1.992146 -4.278757
vt 1.992085 -4.240314
vt 1.976920 -4.241663
vt 1.992025 -4.199808
vt 1.975525 -4.199748
vt 1.992222 -4.322751
vt 1.990493 -4.362241
vt 1.991964 -4.163275
vt 1.975525 -4.160561
vt 1.991888 -4.117962
vt 1.976905 -4.396620
vt 1.948668 -4.399168
vt 1.977679 -4.413423
vt 1.948729 -4.413514
vt 1.948592 -4.382607
vt 1.973857 -4.378437
vt 1.968216 -4.364485
vt 1.948516 -4.366805
vt 1.958753 -4.352020
vt 1.948456 -4.351610
vt 1.952565 -4.348289
vt 1.948410 -4.344407
vt 1.977815 -4.432061
vt 1.948820 -4.431059
vt 1.948880 -4.445815
vt 1.905053 -4.163912
vt 0.522503 -4.391887
vt 0.540687 -4.354719
vt 0.539307 -4.391752
vt 0.560007 -4.362165
vt 0.560083 -4.390129
vt 0.561615 -4.335823
vt 0.586728 -4.387430
vt 0.582057 -4.360785
vt 0.581162 -4.316352
vt 0.609369 -4.356144
vt 0.616103 -4.381757
vt 0.604031 -4.331274
vt 0.639017 -4.376708
vt 0.628326 -4.345453
vt 0.652802 -4.377406
vt 0.536183 -4.415712
vt 0.513692 -4.414969
vt 0.644931 -4.402261
vt 0.666208 -4.396195
vt 0.655426 -4.426874
vt 0.672714 -4.417366
vt 0.630525 -4.437990
vt 0.622730 -4.408933
vt 0.589336 -4.413377
vt 0.560129 -4.415834
vt 0.533453 -4.441675
vt 0.512071 -4.439657
vt 0.530875 -4.462057
vt 0.510190 -4.462648
vt 0.528585 -4.487246
vt 0.514421 -4.495344
vt 0.557520 -4.488853
vt 0.559052 -4.462935
vt 0.559689 -4.440840
vt 0.588260 -4.490582
vt 0.590443 -4.463390
vt 0.590277 -4.439476
vt 0.587365 -4.501864
vt 0.614101 -4.490763
vt 0.621001 -4.465075
vt 0.635635 -4.448696
vt 0.630039 -4.467243
vt 0.620303 -4.499560
vt 0.554533 -4.500121
vt 0.652377 -4.455762
vt 0.650118 -4.462527
vt 0.668255 -4.474174
vt 0.669620 -4.481164
vt 0.667300 -4.447497
vt 0.679219 -4.464665
vt 0.680402 -4.439915
vt 0.690078 -4.464438
vt 0.801859 -4.392812
vt 0.791622 -4.399425
vt 0.809896 -4.403564
vt 0.797537 -4.412801
vt 0.815856 -4.411542
vt 0.799326 -4.425631
vt 0.821118 -4.427359
vt 0.833008 -4.418669
vt 0.829838 -4.406780
vt 0.825941 -4.396514
vt 0.812763 -4.403473
vt 0.850099 -4.407630
vt 0.844564 -4.398106
vt 0.809881 -4.433591
vt 0.868160 -4.395983
vt 0.862307 -4.385018
vt 0.839377 -4.387703
vt 0.819405 -4.381652
vt 0.832416 -4.373251
vt 0.847748 -4.363363
vt 0.856316 -4.375389
vt 0.807379 -4.389416
s 1
usemtl wanwan_high_d2
f 1/1/1 2/2/2 3/3/3
f 4/4/4 3/3/3 2/2/2
f 4/4/4 2/2/2 5/5/5
f 6/6/6 5/5/5 2/2/2
f 6/6/6 7/7/7 5/5/5
f 2/2/2 8/8/8 6/6/6
f 2/2/2 1/1/1 8/8/8
f 9/9/9 6/6/6 8/8/8
f 9/9/9 10/10/10 6/6/6
f 10/10/10 7/7/7 6/6/6
f 7/7/7 10/10/10 11/11/11
f 12/12/12 11/11/11 10/10/10
f 1/1/1 3/3/3 13/13/13
f 14/14/14 13/13/13 3/3/3
f 14/14/14 15/15/15 13/13/13
f 16/16/16 13/13/13 15/15/15
f 15/15/15 17/17/17 16/16/16
f 18/18/18 16/16/16 17/17/17
f 19/19/19 18/18/18 17/17/17
f 18/18/18 20/20/20 16/16/16
f 18/18/18 21/21/21 20/20/20
f 21/21/21 18/18/18 22/22/22
f 23/23/23 22/22/22 18/18/18
f 23/23/23 18/18/18 19/19/19
f 24/24/24 16/16/16 20/20/20
f 24/24/24 25/25/25 16/16/16
f 13/13/13 16/16/16 25/25/25
f 19/19/19 26/26/26 23/23/23
f 27/27/27 23/23/23 26/26/26
f 28/28/28 27/27/27 26/26/26
f 29/29/29 28/28/28 26/26/26
f 17/17/17 30/30/30 19/19/19
f 31/31/31 19/19/19 30/30/30
f 30/30/30 17/17/17 32/32/32
f 15/15/15 32/32/32 17/17/17
f 32/32/32 15/15/15 33/33/33
f 14/14/14 33/33/33 15/15/15
f 33/33/33 14/14/14 34/34/34
f 3/3/3 34/34/34 14/14/14
f 34/34/34 3/3/3 35/35/35
f 4/4/4 35/35/35 3/3/3
f 29/29/29 26/26/26 36/36/36
f 37/37/37 36/36/36 26/26/26
f 31/31/31 37/37/37 19/19/19
f 26/26/26 19/19/19 37/37/37
f 35/35/35 4/4/4 38/38/38
f 5/5/5 38/38/38 4/4/4
f 38/38/38 5/5/5 39/39/39
f 7/7/7 39/39/39 5/5/5
f 39/39/39 7/7/7 40/40/40
f 11/11/11 40/40/40 7/7/7
f 40/40/40 11/11/11 41/41/41
f 42/42/42 41/41/41 11/11/11
f 41/41/41 42/42/42 43/43/43
f 44/44/44 43/43/43 42/42/42
f 12/12/12 42/42/42 11/11/11
f 40/40/40 45/45/45 39/39/39
f 39/39/39 45/45/45 38/38/38
f 46/46/46 38/38/38 45/45/45
f 46/46/46 47/47/47 38/38/38
f 35/35/35 38/38/38 47/47/47
f 47/47/47 48/48/48 35/35/35
f 34/34/34 35/35/35 48/48/48
f 34/34/34 48/48/48 33/33/33
f 49/49/49 33/33/33 48/48/48
f 33/33/33 49/49/49 32/32/32
f 50/50/50 32/32/32 49/49/49
f 50/50/50 51/51/51 32/32/32
f 30/30/30 32/32/32 51/51/51
f 51/51/51 31/31/31 30/30/30
f 49/49/49 52/52/52 50/50/50
f 49/49/49 48/48/48 52/52/52
f 53/53/53 50/50/50 52/52/52
f 53/53/53 52/52/52 54/54/54
f 54/54/54 55/55/55 53/53/53
f 56/56/56 55/55/55 54/54/54
f 54/54/54 57/57/57 56/56/56
f 57/57/57 54/54/54 58/58/58
f 58/58/58 59/59/59 57/57/57
f 60/60/60 57/57/57 59/59/59
f 61/61/61 58/58/58 54/54/54
f 61/61/61 54/54/54 52/52/52
f 62/62/62 56/56/56 57/57/57
f 57/57/57 63/63/63 62/62/62
f 57/57/57 60/60/60 63/63/63
f 60/60/60 64/64/64 63/63/63
f 65/65/65 62/62/62 63/63/63
f 58/58/58 61/61/61 66/66/66
f 67/67/67 66/66/66 61/61/61
f 61/61/61 52/52/52 67/67/67
f 68/68/68 67/67/67 52/52/52
f 55/55/55 69/69/69 53/53/53
f 55/55/55 70/70/70 69/69/69
f 69/69/69 70/70/70 71/71/71
f 71/71/71 70/70/70 72/72/72
f 73/73/73 71/71/71 72/72/72
f 71/71/71 73/73/73 31/31/31
f 37/37/37 31/31/31 73/73/73
f 73/73/73 74/74/74 37/37/37
f 75/75/75 74/74/74 73/73/73
f 75/75/75 73/73/73 72/72/72
f 36/36/36 37/37/37 74/74/74
f 69/69/69 71/71/71 51/51/51
f 31/31/31 51/51/51 71/71/71
f 67/67/67 76/76/76 66/66/66
f 77/77/77 66/66/66 76/76/76
f 76/76/76 78/78/78 77/77/77
f 79/79/79 77/77/77 78/78/78
f 77/77/77 79/79/79 80/80/80
f 81/81/81 80/80/80 79/79/79
f 78/78/78 82/82/82 79/79/79
f 83/83/83 79/79/79 82/82/82
f 79/79/79 83/83/83 84/84/84
f 81/81/81 79/79/79 84/84/84
f 85/85/85 81/81/81 84/84/84
f 86/86/86 84/84/84 83/83/83
f 87/87/87 82/82/82 78/78/78
f 87/87/87 78/78/78 88/88/88
f 76/76/76 89/89/89 78/78/78
f 88/88/88 78/78/78 89/89/89
f 88/88/88 89/89/89 46/46/46
f 47/47/47 46/46/46 89/89/89
f 46/46/46 90/90/90 88/88/88
f 90/90/90 87/87/87 88/88/88
f 91/91/91 87/87/87 90/90/90
f 91/91/91 90/90/90 92/92/92
f 91/91/91 92/92/92 93/93/93
f 93/93/93 92/92/92 94/94/94
f 92/92/92 40/40/40 94/94/94
f 41/41/41 94/94/94 40/40/40
f 94/94/94 41/41/41 95/95/95
f 43/43/43 95/95/95 41/41/41
f 40/40/40 92/92/92 45/45/45
f 90/90/90 45/45/45 92/92/92
f 45/45/45 90/90/90 46/46/46
f 47/47/47 89/89/89 48/48/48
f 68/68/68 48/48/48 89/89/89
f 68/68/68 52/52/52 48/48/48
f 68/68/68 89/89/89 67/67/67
f 76/76/76 67/67/67 89/89/89
f 94/94/94 96/96/96 93/93/93
f 94/94/94 95/95/95 96/96/96
f 96/96/96 95/95/95 97/97/97
f 98/98/98 93/93/93 96/96/96
f 98/98/98 96/96/96 97/97/97
f 99/99/99 100/100/100 101/101/101
f 102/102/102 101/101/101 100/100/100
f 100/100/100 99/99/99 103/103/103
f 104/104/104 103/103/103 99/99/99
f 104/104/104 105/105/105 103/103/103
f 106/106/106 105/105/105 104/104/104
f 107/107/107 103/103/103 105/105/105
f 105/105/105 108/108/108 107/107/107
f 109/109/109 107/107/107 108/108/108
f 101/101/101 102/102/102 110/110/110
f 111/111/111 110/110/110 102/102/102
f 110/110/110 111/111/111 112/112/112
f 113/113/113 112/112/112 111/111/111
f 112/112/112 113/113/113 114/114/114
f 115/115/115 114/114/114 113/113/113
f 116/116/116 109/109/109 108/108/108
f 109/109/109 116/116/116 117/117/117
f 118/118/118 117/117/117 116/116/116
f 117/117/117 118/118/118 119/119/119
f 120/120/120 119/119/119 118/118/118
f 121/121/121 120/120/120 118/118/118
f 119/119/119 120/120/120 122/122/122
f 123/123/123 122/122/122 120/120/120
f 122/122/122 124/124/124 119/119/119
f 125/125/125 119/119/119 124/124/124
f 119/119/119 125/125/125 117/117/117
f 124/124/124 126/126/126 125/125/125
f 127/127/127 125/125/125 126/126/126
f 125/125/125 127/127/127 128/128/128
f 128/128/128 117/117/117 125/125/125
f 129/129/129 128/128/128 127/127/127
f 128/128/128 130/130/130 117/117/117
f 128/128/128 131/131/131 130/130/130
f 132/132/132 130/130/130 131/131/131
f 131/131/131 133/133/133 132/132/132
f 134/134/134 132/132/132 133/133/133
f 132/132/132 134/134/134 135/135/135
f 136/136/136 135/135/135 134/134/134
f 135/135/135 137/137/137 132/132/132
f 130/130/130 132/132/132 137/137/137
f 130/130/130 137/137/137 109/109/109
f 109/109/109 117/117/117 130/130/130
f 107/107/107 109/109/109 137/137/137
f 137/137/137 138/138/138 107/107/107
f 103/103/103 107/107/107 138/138/138
f 133/133/133 139/139/139 134/134/134
f 140/140/140 134/134/134 139/139/139
f 134/134/134 140/140/140 136/136/136
f 139/139/139 141/141/141 140/140/140
f 142/142/142 140/140/140 141/141/141
f 142/142/142 141/141/141 143/143/143
f 144/144/144 142/142/142 143/143/143
f 145/145/145 143/143/143 141/141/141
f 142/142/142 146/146/146 140/140/140
f 142/142/142 147/147/147 146/146/146
f 144/144/144 147/147/147 142/142/142
f 148/148/148 140/140/140 146/146/146
f 149/149/149 144/144/144 143/143/143
f 148/148/148 136/136/136 140/140/140
f 146/146/146 147/147/147 150/150/150
f 146/146/146 150/150/150 148/148/148
f 151/151/151 150/150/150 147/147/147
f 152/152/152 148/148/148 150/150/150
f 136/136/136 148/148/148 153/153/153
f 152/152/152 153/153/153 148/148/148
f 153/153/153 154/154/154 136/136/136
f 135/135/135 136/136/136 154/154/154
f 135/135/135 154/154/154 137/137/137
f 138/138/138 137/137/137 154/154/154
f 138/138/138 154/154/154 155/155/155
f 155/155/155 100/100/100 138/138/138
f 100/100/100 155/155/155 102/102/102
f 156/156/156 102/102/102 155/155/155
f 102/102/102 156/156/156 111/111/111
f 157/157/157 111/111/111 156/156/156
f 157/157/157 156/156/156 158/158/158
f 159/159/159 158/158/158 156/156/156
f 156/156/156 155/155/155 159/159/159
f 158/158/158 159/159/159 160/160/160
f 161/161/161 160/160/160 159/159/159
f 157/157/157 162/162/162 111/111/111
f 162/162/162 157/157/157 163/163/163
f 163/163/163 164/164/164 162/162/162
f 165/165/165 162/162/162 164/164/164
f 162/162/162 165/165/165 113/113/113
f 113/113/113 111/111/111 162/162/162
f 115/115/115 113/113/113 165/165/165
f 166/166/166 163/163/163 157/157/157
f 159/159/159 167/167/167 161/161/161
f 168/168/168 161/161/161 167/167/167
f 167/167/167 159/159/159 155/155/155
f 160/160/160 161/161/161 169/169/169
f 170/170/170 169/169/169 161/161/161
f 161/161/161 168/168/168 170/170/170
f 169/169/169 170/170/170 171/171/171
f 172/172/172 171/171/171 170/170/170
f 172/172/172 173/173/173 171/171/171
f 172/172/172 174/174/174 173/173/173
f 175/175/175 171/171/171 173/173/173
f 172/172/172 170/170/170 176/176/176
f 177/177/177 172/172/172 176/176/176
f 177/177/177 174/174/174 172/172/172
f 178/178/178 176/176/176 170/170/170
f 178/178/178 170/170/170 168/168/168
f 174/174/174 179/179/179 173/173/173
f 167/167/167 155/155/155 154/154/154
f 167/167/167 154/154/154 168/168/168
f 176/176/176 150/150/150 177/177/177
f 176/176/176 178/178/178 150/150/150
f 151/151/151 177/177/177 150/150/150
f 152/152/152 150/150/150 178/178/178
f 152/152/152 178/178/178 153/153/153
f 153/153/153 168/168/168 154/154/154
f 168/168/168 153/153/153 178/178/178
f 180/180/180 181/181/181 182/182/182
f 183/183/183 182/182/182 181/181/181
f 180/180/180 184/184/184 181/181/181
f 185/185/185 181/181/181 184/184/184
f 185/185/185 184/184/184 186/186/186
f 187/187/187 186/186/186 184/184/184
f 186/186/186 187/187/187 188/188/188
f 189/189/189 188/188/188 187/187/187
f 189/189/189 190/190/190 188/188/188
f 191/191/191 188/188/188 190/190/190
f 190/190/190 192/192/192 191/191/191
f 193/193/193 191/191/191 192/192/192
f 192/192/192 194/194/194 193/193/193
f 195/195/195 193/193/193 194/194/194
f 195/195/195 194/194/194 196/196/196
f 197/197/197 196/196/196 194/194/194
f 196/196/196 197/197/197 198/198/198
f 199/199/199 198/198/198 197/197/197
f 198/198/198 200/200/200 196/196/196
f 201/201/201 196/196/196 200/200/200
f 196/196/196 201/201/201 195/195/195
f 193/193/193 195/195/195 202/202/202
f 201/201/201 202/202/202 195/195/195
f 193/193/193 202/202/202 191/191/191
f 203/203/203 191/191/191 202/202/202
f 191/191/191 203/203/203 188/188/188
f 204/204/204 188/188/188 203/203/203
f 201/201/201 205/205/205 202/202/202
f 206/206/206 202/202/202 205/205/205
f 202/202/202 206/206/206 203/203/203
f 207/207/207 203/203/203 206/206/206
f 204/204/204 203/203/203 208/208/208
f 207/207/207 208/208/208 203/203/203
f 204/204/204 208/208/208 209/209/209
f 204/204/204 209/209/209 186/186/186
f 188/188/188 204/204/204 186/186/186
f 185/185/185 186/186/186 209/209/209
f 185/185/185 209/209/209 181/181/181
f 210/210/210 181/181/181 209/209/209
f 211/211/211 209/209/209 208/208/208
f 210/210/210 209/209/209 211/211/211
f 205/205/205 212/212/212 206/206/206
f 213/213/213 206/206/206 212/212/212
f 207/207/207 206/206/206 214/214/214
f 213/213/213 214/214/214 206/206/206
f 208/208/208 207/207/207 215/215/215
f 214/214/214 215/215/215 207/207/207
f 211/211/211 208/208/208 216/216/216
f 215/215/215 216/216/216 208/208/208
f 217/217/217 211/211/211 216/216/216
f 216/216/216 215/215/215 218/218/218
f 219/219/219 218/218/218 215/215/215
f 219/219/219 215/215/215 220/220/220
f 214/214/214 220/220/220 215/215/215
f 220/220/220 214/214/214 221/221/221
f 213/213/213 221/221/221 214/214/214
f 213/213/213 212/212/212 221/221/221
f 222/222/222 221/221/221 212/212/212
f 212/212/212 223/223/223 222/222/222
f 224/224/224 222/222/222 223/223/223
f 219/219/219 225/225/225 218/218/218
f 219/219/219 220/220/220 225/225/225
f 226/226/226 218/218/218 225/225/225
f 226/226/226 225/225/225 227/227/227
f 228/228/228 227/227/227 225/225/225
f 225/225/225 229/229/229 228/228/228
f 220/220/220 221/221/221 229/229/229
f 229/229/229 225/225/225 220/220/220
f 230/230/230 228/228/228 229/229/229
f 229/229/229 231/231/231 230/230/230
f 231/231/231 229/229/229 221/221/221
f 232/232/232 230/230/230 231/231/231
f 232/232/232 231/231/231 233/233/233
f 234/234/234 233/233/233 231/231/231
f 231/231/231 221/221/221 234/234/234
f 222/222/222 234/234/234 221/221/221
f 233/233/233 235/235/235 232/232/232
f 236/236/236 232/232/232 235/235/235
f 236/236/236 237/237/237 232/232/232
f 230/230/230 232/232/232 237/237/237
f 237/237/237 238/238/238 230/230/230
f 228/228/228 230/230/230 238/238/238
f 233/233/233 234/234/234 239/239/239
f 240/240/240 239/239/239 234/234/234
f 234/234/234 222/222/222 240/240/240
f 224/224/224 240/240/240 222/222/222
f 224/224/224 241/241/241 240/240/240
f 241/241/241 224/224/224 242/242/242
f 223/223/223 242/242/242 224/224/224
f 223/223/223 243/243/243 242/242/242
f 243/243/243 223/223/223 205/205/205
f 205/205/205 201/201/201 243/243/243
f 200/200/200 243/243/243 201/201/201
f 212/212/212 205/205/205 223/223/223
f 244/244/244 242/242/242 243/243/243
f 243/243/243 200/200/200 244/244/244
f 239/239/239 240/240/240 245/245/245
f 246/246/246 245/245/245 240/240/240
f 241/241/241 246/246/246 240/240/240
f 247/247/247 244/244/244 200/200/200
f 200/200/200 198/198/198 247/247/247
f 248/248/248 247/247/247 198/198/198
f 198/198/198 199/199/199 248/248/248
f 249/249/249 248/248/248 199/199/199
f 247/247/247 248/248/248 250/250/250
f 251/251/251 250/250/250 248/248/248
f 250/250/250 252/252/252 247/247/247
f 253/253/253 247/247/247 252/252/252
f 251/251/251 248/248/248 254/254/254
f 249/249/249 254/254/254 248/248/248
f 254/254/254 255/255/255 251/251/251
f 256/256/256 251/251/251 255/255/255
f 256/256/256 250/250/250 251/251/251
f 244/244/244 247/247/247 257/257/257
f 257/257/257 247/247/247 253/253/253
f 258/258/258 245/245/245 259/259/259
f 260/260/260 258/258/258 259/259/259
f 260/260/260 261/261/261 258/258/258
f 262/262/262 258/258/258 261/261/261
f 258/258/258 262/262/262 263/263/263
f 264/264/264 263/263/263 262/262/262
f 263/263/263 264/264/264 265/265/265
f 266/266/266 265/265/265 264/264/264
f 265/265/265 266/266/266 267/267/267
f 266/266/266 264/264/264 268/268/268
f 266/266/266 268/268/268 267/267/267
f 269/269/269 268/268/268 264/264/264
f 270/270/270 267/267/267 268/268/268
f 267/267/267 270/270/270 271/271/271
f 272/272/272 267/267/267 271/271/271
f 272/272/272 265/265/265 267/267/267
f 272/272/272 271/271/271 273/273/273
f 274/274/274 273/273/273 271/271/271
f 274/274/274 275/275/275 273/273/273
f 276/276/276 273/273/273 275/275/275
f 277/277/277 276/276/276 275/275/275
f 278/278/278 276/276/276 277/277/277
f 238/238/238 276/276/276 278/278/278
f 279/279/279 271/271/271 270/270/270
f 271/271/271 279/279/279 274/274/274
f 280/280/280 274/274/274 279/279/279
f 280/280/280 281/281/281 274/274/274
f 275/275/275 274/274/274 281/281/281
f 281/281/281 282/282/282 275/275/275
f 277/277/277 275/275/275 282/282/282
f 268/268/268 269/269/269 283/283/283
f 270/270/270 268/268/268 284/284/284
f 283/283/283 284/284/284 268/268/268
f 279/279/279 270/270/270 285/285/285
f 284/284/284 285/285/285 270/270/270
f 279/279/279 285/285/285 280/280/280
f 286/286/286 280/280/280 285/285/285
f 280/280/280 286/286/286 281/281/281
f 287/287/287 281/281/281 286/286/286
f 287/287/287 288/288/288 281/281/281
f 282/282/282 281/281/281 288/288/288
f 288/288/288 289/289/289 282/282/282
f 290/290/290 282/282/282 289/289/289
f 289/289/289 288/288/288 291/291/291
f 292/292/292 291/291/291 288/288/288
f 287/287/287 293/293/293 288/288/288
f 292/292/292 288/288/288 293/293/293
f 286/286/286 294/294/294 287/287/287
f 293/293/293 287/287/287 294/294/294
f 285/285/285 295/295/295 286/286/286
f 294/294/294 286/286/286 295/295/295
f 285/285/285 284/284/284 295/295/295
f 296/296/296 295/295/295 284/284/284
f 284/284/284 283/283/283 296/296/296
f 297/297/297 296/296/296 283/283/283
f 291/291/291 292/292/292 298/298/298
f 298/298/298 299/299/299 291/291/291
f 300/300/300 291/291/291 299/299/299
f 291/291/291 300/300/300 289/289/289
f 299/299/299 301/301/301 300/300/300
f 302/302/302 300/300/300 301/301/301
f 300/300/300 302/302/302 303/303/303
f 303/303/303 289/289/289 300/300/300
f 304/304/304 303/303/303 302/302/302
f 305/305/305 298/298/298 292/292/292
f 292/292/292 293/293/293 305/305/305
f 306/306/306 305/305/305 293/293/293
f 301/301/301 299/299/299 307/307/307
f 308/308/308 307/307/307 299/299/299
f 298/298/298 309/309/309 299/299/299
f 308/308/308 299/299/299 309/309/309
f 305/305/305 310/310/310 298/298/298
f 309/309/309 298/298/298 310/310/310
f 296/296/296 297/297/297 311/311/311
f 312/312/312 311/311/311 297/297/297
f 312/312/312 297/297/297 313/313/313
f 314/314/314 313/313/313 297/297/297
f 297/297/297 283/283/283 314/314/314
f 315/315/315 314/314/314 283/283/283
f 315/315/315 283/283/283 269/269/269
f 269/269/269 316/316/316 315/315/315
f 317/317/317 315/315/315 316/316/316
f 314/314/314 315/315/315 318/318/318
f 317/317/317 318/318/318 315/315/315
f 313/313/313 314/314/314 319/319/319
f 318/318/318 319/319/319 314/314/314
f 311/311/311 312/312/312 320/320/320
f 311/311/311 320/320/320 321/321/321
f 311/311/311 321/321/321 296/296/296
f 295/295/295 296/296/296 321/321/321
f 295/295/295 321/321/321 294/294/294
f 322/322/322 294/294/294 321/321/321
f 294/294/294 322/322/322 293/293/293
f 306/306/306 293/293/293 322/322/322
f 322/322/322 323/323/323 306/306/306
f 324/324/324 306/306/306 323/323/323
f 306/306/306 324/324/324 305/305/305
f 310/310/310 305/305/305 324/324/324
f 323/323/323 322/322/322 325/325/325
f 321/321/321 325/325/325 322/322/322
f 325/325/325 321/321/321 320/320/320
f 317/317/317 326/326/326 318/318/318
f 326/326/326 317/317/317 327/327/327
f 316/316/316 327/327/327 317/317/317
f 327/327/327 316/316/316 328/328/328
f 262/262/262 328/328/328 316/316/316
f 262/262/262 316/316/316 264/264/264
f 269/269/269 264/264/264 316/316/316
f 328/328/328 329/329/329 327/327/327
f 328/328/328 261/261/261 329/329/329
f 261/261/261 328/328/328 262/262/262
f 330/330/330 327/327/327 329/329/329
f 326/326/326 327/327/327 331/331/331
f 330/330/330 331/331/331 327/327/327
f 326/326/326 331/331/331 332/332/332
f 333/333/333 332/332/332 331/331/331
f 333/333/333 334/334/334 332/332/332
f 335/335/335 332/332/332 334/334/334
f 334/334/334 333/333/333 336/336/336
f 337/337/337 336/336/336 333/333/333
f 336/336/336 337/337/337 338/338/338
f 339/339/339 338/338/338 337/337/337
f 337/337/337 340/340/340 339/339/339
f 341/341/341 339/339/339 340/340/340
f 338/338/338 342/342/342 336/336/336
f 343/343/343 336/336/336 342/342/342
f 343/343/343 344/344/344 336/336/336
f 334/334/334 336/336/336 344/344/344
f 334/334/334 344/344/344 335/335/335
f 344/344/344 345/345/345 335/335/335
f 319/319/319 335/335/335 345/345/345
f 345/345/345 346/346/346 319/319/319
f 313/313/313 319/319/319 346/346/346
f 346/346/346 347/347/347 313/313/313
f 312/312/312 313/313/313 347/347/347
f 347/347/347 320/320/320 312/312/312
f 340/340/340 337/337/337 348/348/348
f 333/333/333 348/348/348 337/337/337
f 331/331/331 348/348/348 333/333/333
f 348/348/348 349/349/349 340/340/340
f 350/350/350 340/340/340 349/349/349
f 350/350/350 349/349/349 351/351/351
f 352/352/352 351/351/351 349/349/349
f 350/350/350 351/351/351 353/353/353
f 354/354/354 353/353/353 351/351/351
f 349/349/349 330/330/330 352/352/352
f 331/331/331 330/330/330 348/348/348
f 349/349/349 348/348/348 330/330/330
f 330/330/330 355/355/355 352/352/352
f 356/356/356 352/352/352 355/355/355
f 355/355/355 330/330/330 329/329/329
f 353/353/353 341/341/341 350/350/350
f 340/340/340 350/350/350 341/341/341
f 357/357/357 358/358/358 359/359/359
f 360/360/360 359/359/359 358/358/358
f 357/357/357 359/359/359 361/361/361
f 362/362/362 361/361/361 359/359/359
f 358/358/358 357/357/357 363/363/363
f 364/364/364 363/363/363 357/357/357
f 364/364/364 357/357/357 361/361/361
f 363/363/363 364/364/364 365/365/365
f 366/366/366 365/365/365 364/364/364
f 366/366/366 303/303/303 365/365/365
f 366/366/366 367/367/367 303/303/303
f 366/366/366 364/364/364 367/367/367
f 367/367/367 364/364/364 361/361/361
f 289/289/289 303/303/303 367/367/367
f 304/304/304 365/365/365 303/303/303
f 368/368/368 369/369/369 370/370/370
f 371/371/371 370/370/370 369/369/369
f 371/371/371 372/372/372 370/370/370
f 373/373/373 370/370/370 372/372/372
f 372/372/372 374/374/374 373/373/373
f 375/375/375 373/373/373 374/374/374
f 374/374/374 376/376/376 375/375/375
f 377/377/377 375/375/375 376/376/376
f 377/377/377 376/376/376 378/378/378
f 379/379/379 378/378/378 376/376/376
f 378/378/378 379/379/379 380/380/380
f 381/381/381 380/380/380 379/379/379
f 380/380/380 381/381/381 382/382/382
f 383/383/383 382/382/382 381/381/381
f 384/384/384 385/385/385 386/386/386
f 387/387/387 386/386/386 385/385/385
f 385/385/385 388/388/388 387/387/387
f 389/389/389 387/387/387 388/388/388
f 388/388/388 390/390/390 389/389/389
f 391/391/391 389/389/389 390/390/390
f 386/386/386 392/392/392 384/384/384
f 393/393/393 384/384/384 392/392/392
f 392/392/392 394/394/394 393/393/393
f 395/395/395 393/393/393 394/394/394
f 396/396/396 395/395/395 394/394/394
f 397/397/397 398/398/398 399/399/399
f 400/400/400 399/399/399 398/398/398
f 401/401/401 400/400/400 398/398/398
f 400/400/400 401/401/401 402/402/402
f 403/403/403 402/402/402 401/401/401
f 402/402/402 403/403/403 404/404/404
f 405/405/405 404/404/404 403/403/403
f 404/404/404 405/405/405 406/406/406
f 407/407/407 406/406/406 405/405/405
f 406/406/406 407/407/407 408/408/408
f 409/409/409 408/408/408 407/407/407
f 409/409/409 410/410/410 408/408/408
f 411/411/411 408/408/408 410/410/410
f 411/411/411 410/410/410 412/412/412
f 413/413/413 412/412/412 410/410/410
f 412/412/412 413/413/413 414/414/414
f 415/415/415 414/414/414 413/413/413
f 414/414/414 415/415/415 416/416/416
f 417/417/417 416/416/416 415/415/415
f 416/416/416 417/417/417 418/418/418
f 419/417/419 420/419/420 418/418/421
f 421/420/422 418/418/421 420/419/420
f 421/420/422 422/421/423 418/418/421
f 423/422/424 418/418/421 422/421/423
f 218/218/218 424/423/425 425/424/426
f 425/424/426 216/216/216 218/218/218
f 226/226/226 424/423/425 218/218/218
f 425/424/426 217/217/217 216/216/216
f 265/265/265 426/425/427 263/263/263
f 427/426/428 263/263/263 426/425/427
f 426/425/427 265/265/265 428/427/429
f 428/427/429 236/236/236 426/425/427
f 235/235/235 426/425/427 236/236/236
f 235/235/235 427/426/428 426/425/427
f 236/236/236 428/427/429 237/237/237
f 429/428/430 237/237/237 428/427/429
f 235/235/235 233/233/233 427/426/428
f 239/239/239 427/426/428 233/233/233
f 429/428/430 238/238/238 237/237/237
f 272/272/272 428/427/429 265/265/265
f 272/272/272 273/273/273 428/427/429
f 429/428/430 428/427/429 273/273/273
f 273/273/273 276/276/276 429/428/430
f 238/238/238 429/428/430 276/276/276
f 263/263/263 427/426/428 258/258/258
f 427/426/428 245/245/245 258/258/258
f 239/239/239 245/245/245 427/426/428
f 238/238/238 278/278/278 228/228/228
f 227/227/227 228/228/228 278/278/278
f 278/278/278 430/429/431 227/227/227
f 278/278/278 431/430/432 430/429/431
f 431/430/432 278/278/278 277/277/277
f 431/430/432 277/277/277 432/431/433
f 433/432/434 432/431/433 277/277/277
f 433/432/434 277/277/277 290/290/290
f 282/282/282 290/290/290 277/277/277
f 434/433/435 8/8/8 1/1/1
f 1/1/1 435/434/436 434/433/435
f 13/13/13 435/434/436 1/1/1
f 436/435/437 434/433/435 435/434/436
f 25/25/25 435/434/436 13/13/13
f 210/210/210 437/436/438 181/181/181
f 183/183/183 181/181/181 437/436/438
f 437/436/438 438/437/439 183/183/183
f 438/437/439 439/438/440 183/183/183
f 440/439/441 183/183/183 439/438/440
f 183/183/183 440/439/441 182/182/182
f 441/440/442 182/182/182 440/439/441
f 442/441/443 443/442/444 444/443/445
f 445/444/446 444/443/445 443/442/444
f 446/445/447 444/443/445 445/444/446
f 443/442/444 442/441/443 447/446/448
f 447/446/448 448/447/449 443/442/444
f 449/448/450 443/442/444 448/447/449
f 443/442/444 449/448/450 445/444/446
f 447/446/448 450/449/451 448/447/449
f 450/449/451 447/446/448 451/450/452
f 451/450/452 452/451/453 450/449/451
f 453/452/454 450/449/451 452/451/453
f 454/453/455 451/450/452 447/446/448
f 454/453/455 447/446/448 442/441/443
f 455/454/456 448/447/449 450/449/451
f 456/455/457 445/444/446 449/448/450
f 445/444/446 456/455/457 446/445/447
f 449/448/450 457/456/458 456/455/457
f 458/457/459 456/455/457 457/456/458
f 454/453/455 459/458/460 451/450/452
f 460/459/461 451/450/452 459/458/460
f 460/459/461 452/451/453 451/450/452
f 461/460/462 446/445/447 456/455/457
f 456/455/457 458/457/459 461/460/462
f 457/456/458 449/448/450 462/461/463
f 448/447/449 462/461/463 449/448/450
f 448/447/449 455/454/456 462/461/463
f 462/461/463 463/462/464 457/456/458
f 464/463/465 457/456/458 463/462/464
f 457/456/458 464/463/465 458/457/459
f 462/461/463 465/464/466 463/462/464
f 465/464/466 462/461/463 455/454/456
f 466/465/467 463/462/464 465/464/466
f 465/464/466 467/466/468 466/465/467
f 468/467/469 466/465/467 467/466/468
f 455/454/456 469/468/470 465/464/466
f 467/466/468 465/464/466 469/468/470
f 455/454/456 470/469/471 469/468/470
f 471/470/472 458/457/459 464/463/465
f 458/457/459 471/470/472 472/471/473
f 472/471/473 461/460/462 458/457/459
f 473/472/474 472/471/473 471/470/472
f 464/463/465 463/462/464 474/473/475
f 475/474/476 474/473/475 463/462/464
f 463/462/464 466/465/467 475/474/476
f 466/465/467 468/467/469 476/475/477
f 476/475/477 475/474/476 466/465/467
f 477/476/478 476/475/477 468/467/469
f 473/472/474 471/470/472 478/477/479
f 479/478/480 478/477/479 471/470/472
f 474/473/475 479/478/480 464/463/465
f 471/470/472 464/463/465 479/478/480
f 474/473/475 475/474/476 480/479/481
f 481/480/482 480/479/481 475/474/476
f 475/474/476 476/475/477 481/480/482
f 480/479/481 481/480/482 482/481/483
f 483/482/484 482/481/483 481/480/482
f 481/480/482 484/483/485 483/482/484
f 476/475/477 477/476/478 484/483/485
f 484/483/485 481/480/482 476/475/477
f 485/484/486 483/482/484 484/483/485
f 485/484/486 486/485/487 483/482/484
f 486/485/487 485/484/486 487/486/488
f 488/487/489 487/486/488 485/484/486
f 485/484/486 484/483/485 488/487/489
f 489/488/490 483/482/484 486/485/487
f 483/482/484 489/488/490 482/481/483
f 490/489/491 488/487/489 484/483/485
f 490/489/491 484/483/485 477/476/478
f 491/490/492 482/481/483 489/488/490
f 491/490/492 492/491/493 482/481/483
f 493/492/494 482/481/483 492/491/493
f 482/481/483 493/492/494 480/479/481
f 494/493/495 480/479/481 493/492/494
f 486/485/487 495/494/496 489/488/490
f 486/485/487 487/486/488 495/494/496
f 496/495/497 489/488/490 495/494/496
f 491/490/492 489/488/490 497/496/498
f 496/495/497 497/496/498 489/488/490
f 492/491/493 491/490/492 497/496/498
f 493/492/494 498/497/499 494/493/495
f 499/498/500 494/493/495 498/497/499
f 499/498/500 500/499/501 494/493/495
f 494/493/495 500/499/501 479/478/480
f 500/499/501 478/477/479 479/478/480
f 479/478/480 474/473/475 494/493/495
f 480/479/481 494/493/495 474/473/475
f 501/500/502 498/497/499 493/492/494
f 492/491/493 501/500/502 493/492/494
f 442/441/443 502/501/503 454/453/455
f 503/502/504 454/453/455 502/501/503
f 502/501/503 442/441/443 444/443/445
f 503/502/504 459/458/460 454/453/455
f 453/452/454 470/469/471 450/449/451
f 450/449/451 470/469/471 455/454/456
f 504/503/505 505/504/506 506/505/507
f 507/506/508 506/505/507 505/504/506
f 506/505/507 507/506/508 508/507/509
f 509/508/510 508/507/509 507/506/508
f 508/507/509 509/508/510 510/509/511
f 511/510/512 510/509/511 509/508/510
f 510/509/511 511/510/512 512/511/513
f 513/512/514 512/511/513 511/510/512
f 513/512/514 514/513/515 512/511/513
f 515/514/516 512/511/513 514/513/515
f 514/513/515 516/515/517 515/514/516
f 517/516/518 515/514/516 516/515/517
f 516/515/517 518/517/519 517/516/518
f 519/518/520 517/516/518 518/517/519
f 519/518/520 518/517/519 520/519/521
f 521/520/522 520/519/521 518/517/519
f 520/519/521 522/521/523 519/518/520
f 523/522/524 519/518/520 522/521/523
f 523/522/524 524/523/525 519/518/520
f 517/516/518 519/518/520 524/523/525
f 524/523/525 525/524/526 517/516/518
f 515/514/516 517/516/518 525/524/526
f 525/524/526 526/525/527 515/514/516
f 512/511/513 515/514/516 526/525/527
f 526/525/527 527/526/528 512/511/513
f 510/509/511 512/511/513 527/526/528
f 510/509/511 527/526/528 508/507/509
f 528/527/529 508/507/509 527/526/528
f 528/527/529 529/528/530 508/507/509
f 506/505/507 508/507/509 529/528/530
f 529/528/530 530/529/531 506/505/507
f 504/503/505 506/505/507 530/529/531
f 522/521/523 531/530/532 523/522/524
f 532/531/533 523/522/524 531/530/532
f 523/522/524 532/531/533 524/523/525
f 533/532/534 524/523/525 532/531/533
f 531/530/532 534/533/535 532/531/533
f 535/534/536 532/531/533 534/533/535
f 530/529/531 529/528/530 536/535/537
f 537/536/538 536/535/537 529/528/530
f 529/528/530 528/527/529 537/536/538
f 538/537/539 537/536/538 528/527/529
f 528/527/529 527/526/528 538/537/539
f 539/538/540 538/537/539 527/526/528
f 535/534/536 540/539/541 532/531/533
f 533/532/534 532/531/533 540/539/541
f 540/539/541 541/540/542 533/532/534
f 542/541/543 533/532/534 541/540/542
f 533/532/534 542/541/543 524/523/525
f 525/524/526 524/523/525 542/541/543
f 525/524/526 542/541/543 526/525/527
f 527/526/528 526/525/527 539/538/540
f 543/542/544 539/538/540 526/525/527
f 543/542/544 526/525/527 542/541/543
f 541/540/542 544/543/545 542/541/543
f 543/542/544 542/541/543 544/543/545
f 543/542/544 544/543/545 539/538/540
f 545/544/546 539/538/540 544/543/545
f 539/538/540 545/544/546 538/537/539
f 546/545/547 538/537/539 545/544/546
f 538/537/539 546/545/547 537/536/538
f 547/546/548 537/536/538 546/545/547
f 537/536/538 547/546/548 536/535/537
f 548/547/549 536/535/537 547/546/548
f 549/548/550 550/549/551 548/547/549
f 536/535/537 548/547/549 550/549/551
f 536/535/537 550/549/551 530/529/531
f 551/550/552 530/529/531 550/549/551
f 550/549/551 552/551/553 551/550/552
f 552/551/553 550/549/551 549/548/550
f 553/552/554 551/550/552 552/551/553
f 551/550/552 553/552/554 554/553/555
f 551/550/552 554/553/555 530/529/531
f 555/554/556 554/553/555 553/552/554
f 554/553/555 555/554/556 556/555/557
f 557/556/558 556/555/557 555/554/556
f 504/503/505 530/529/531 554/553/555
f 504/503/505 554/553/555 505/504/506
f 556/555/557 505/504/506 554/553/555
f 552/551/553 549/548/550 558/557/559
f 558/557/559 549/548/550 559/558/560
f 560/559/561 559/558/560 549/548/550
f 561/560/562 555/554/556 553/552/554
f 557/556/558 555/554/556 562/561/563
f 561/560/562 562/561/563 555/554/556
f 561/560/562 563/562/564 562/561/563
f 564/563/565 562/561/563 563/562/564
f 563/562/564 565/564/566 564/563/565
f 566/565/567 564/563/565 565/564/566
f 565/564/566 563/562/564 567/566/568
f 568/567/569 567/566/568 563/562/564
f 563/562/564 561/560/562 568/567/569
f 569/568/570 568/567/569 561/560/562
f 553/552/554 569/568/570 561/560/562
f 553/552/554 552/551/553 569/568/570
f 570/569/571 569/568/570 552/551/553
f 568/567/569 569/568/570 571/570/572
f 570/569/571 571/570/572 569/568/570
f 571/570/572 572/571/573 568/567/569
f 567/566/568 568/567/569 572/571/573
f 572/571/573 573/572/574 567/566/568
f 574/573/575 567/566/568 573/572/574
f 567/566/568 574/573/575 565/564/566
f 575/574/576 574/573/575 573/572/574
f 575/574/576 576/575/577 574/573/575
f 577/576/578 574/573/575 576/575/577
f 577/576/578 578/577/579 574/573/575
f 579/578/580 574/573/575 578/577/579
f 578/577/579 580/579/581 579/578/580
f 581/580/582 579/578/580 580/579/581
f 579/578/580 565/564/566 574/573/575
f 565/564/566 579/578/580 566/565/567
f 581/580/582 566/565/567 579/578/580
f 577/576/578 576/575/577 582/581/583
f 582/581/583 583/582/584 577/576/578
f 583/582/584 582/581/583 584/583/585
f 583/582/584 584/583/585 585/584/586
f 586/585/587 585/584/586 584/583/585
f 584/583/585 587/586/588 586/585/587
f 588/587/589 586/585/587 587/586/588
f 587/586/588 589/588/590 588/587/589
f 590/589/591 588/587/589 589/588/590
f 585/584/586 591/579/592 583/582/584
f 592/577/593 583/582/584 591/579/592
f 589/588/590 587/586/588 593/590/594
f 594/591/595 593/590/594 587/586/588
f 587/586/588 584/583/585 594/591/595
f 595/592/596 584/583/585 582/581/583
f 595/592/596 594/591/595 584/583/585
f 592/577/593 577/576/578 583/582/584
f 593/590/594 594/591/595 596/593/597
f 597/594/598 596/593/597 594/591/595
f 594/591/595 595/592/596 597/594/598
f 596/593/597 598/595/599 593/590/594
f 599/596/600 593/590/594 598/595/599
f 593/590/594 599/596/600 589/588/590
f 600/597/601 597/594/598 595/592/596
f 600/597/601 595/592/596 601/598/602
f 595/592/596 582/581/583 601/598/602
f 602/599/603 601/598/602 582/581/583
f 602/599/603 582/581/583 576/575/577
f 590/589/591 589/588/590 603/600/604
f 604/601/605 603/600/604 589/588/590
f 604/601/605 589/588/590 599/596/600
f 332/332/332 318/318/318 326/326/326
f 332/332/332 335/335/335 318/318/318
f 319/319/319 318/318/318 335/335/335
f 69/69/69 50/50/50 53/53/53
f 51/51/51 50/50/50 69/69/69
f 129/129/129 605/602/606 128/128/128
f 606/603/607 66/66/66 607/604/608
f 66/66/66 608/605/609 607/604/608
f 66/66/66 606/603/607 58/58/58
f 59/59/59 58/58/58 606/603/607
f 66/66/66 77/77/77 608/605/609
f 80/80/80 608/605/609 77/77/77
f 103/103/103 138/138/138 100/100/100
f 609/606/610 610/607/611 611/608/612
f 612/609/613 611/608/612 610/607/611
f 613/610/614 611/608/612 612/609/613
f 611/608/612 613/610/614 614/611/615
f 613/610/614 615/612/616 614/611/615
f 615/612/616 616/613/617 614/611/615
f 611/608/612 617/614/618 609/606/610
f 614/611/615 617/614/618 611/608/612
f 616/613/617 617/614/618 614/611/615
f 617/614/618 616/613/617 618/615/619
f 619/616/620 618/615/619 616/613/617
f 620/617/621 609/606/610 617/614/618
f 619/616/620 616/613/617 621/618/622
f 622/619/623 621/618/622 613/610/624
f 621/618/622 623/620/625 613/610/624
f 616/613/617 623/620/625 621/618/622
f 622/619/623 624/621/626 621/618/622
f 625/622/627 621/618/622 624/621/626
f 625/622/627 619/616/620 621/618/622
f 625/622/627 624/621/626 626/623/628
f 625/622/627 626/623/628 627/624/629
f 619/616/620 625/622/627 627/624/629
f 626/623/628 624/621/626 628/625/630
f 627/624/629 626/623/628 628/625/630
f 624/621/626 629/626/631 628/625/630
f 629/626/631 630/627/632 628/625/630
f 630/627/632 627/624/629 628/625/630
f 629/626/631 631/628/633 630/627/632
f 629/626/631 632/629/634 631/628/633
f 632/629/634 629/626/631 633/630/635
f 632/629/634 633/630/635 634/631/636
f 635/632/637 634/631/636 633/630/635
f 634/631/636 636/633/638 632/629/634
f 632/629/634 636/633/638 631/628/633
f 636/633/638 634/631/636 637/634/639
f 638/635/640 637/634/639 634/631/636
f 638/635/640 639/636/641 637/634/639
f 640/637/642 637/634/639 639/636/641
f 640/637/642 641/638/643 637/634/639
f 641/638/643 640/637/642 642/639/644
f 643/640/645 642/639/644 640/637/642
f 643/640/645 644/641/646 642/639/644
f 645/642/647 642/639/644 644/641/646
f 644/641/646 646/643/648 645/642/647
f 645/642/647 646/643/648 647/644/649
f 647/644/649 646/643/648 648/645/650
f 648/645/650 649/646/651 647/644/649
f 647/644/649 649/646/651 650/647/652
f 650/647/652 649/646/651 651/648/653
f 651/648/653 652/649/654 650/647/652
f 650/647/652 652/649/654 653/650/655
f 653/650/655 652/649/654 654/651/656
f 654/651/656 655/652/657 653/650/655
f 656/653/658 653/650/655 655/652/657
f 655/652/657 657/654/659 656/653/658
f 656/653/658 657/654/659 658/655/660
f 658/655/660 657/654/659 659/656/661
f 659/656/661 657/654/659 660/657/662
f 661/658/663 659/656/661 660/657/662
f 662/659/664 659/656/661 661/658/663
f 663/660/665 662/659/664 661/658/663
f 664/661/666 660/657/662 657/654/659
f 665/662/667 660/657/662 664/661/666
f 665/662/667 666/663/668 660/657/662
f 667/664/669 660/657/662 666/663/668
f 667/664/669 661/658/663 660/657/662
f 666/663/668 668/665/670 667/664/669
f 669/666/671 667/664/669 668/665/670
f 667/664/669 670/667/672 661/658/663
f 669/666/671 670/667/672 667/664/669
f 671/668/673 661/658/663 670/667/672
f 659/656/661 672/669/674 658/655/660
f 659/656/661 662/659/664 672/669/674
f 672/669/674 662/659/664 673/670/675
f 673/670/675 674/671/676 672/669/674
f 675/672/677 674/671/676 673/670/675
f 676/673/678 672/669/674 674/671/676
f 674/671/676 677/674/679 676/673/678
f 676/673/678 677/674/679 678/675/680
f 679/676/681 678/675/680 677/674/679
f 679/676/681 677/674/679 680/677/682
f 680/677/682 681/678/683 679/676/681
f 680/677/682 682/679/684 681/678/683
f 683/680/685 681/678/683 682/679/684
f 679/676/681 681/678/683 684/681/686
f 679/676/681 684/681/686 678/675/680
f 685/682/687 682/679/684 680/677/682
f 686/683/688 682/679/684 685/682/687
f 677/674/679 674/671/676 686/683/689
f 674/671/676 687/684/690 686/683/689
f 687/684/690 674/671/676 675/672/677
f 688/685/691 680/677/682 677/674/679
f 689/677/692 688/685/693 685/682/694
f 684/681/686 690/686/695 678/675/680
f 691/687/696 690/686/695 684/681/686
f 690/686/695 691/687/696 692/688/697
f 693/689/698 692/688/697 691/687/696
f 693/689/698 691/687/696 694/690/699
f 695/691/700 694/690/699 691/687/696
f 691/687/696 684/681/686 695/691/700
f 695/691/700 684/681/686 696/692/701
f 683/680/685 696/692/701 681/678/683
f 696/692/701 684/681/686 681/678/683
f 683/680/685 697/693/702 696/692/701
f 695/691/700 696/692/701 697/693/702
f 698/694/703 699/695/704 700/696/705
f 701/697/706 700/696/705 699/695/704
f 702/698/707 698/694/703 700/696/705
f 701/697/706 699/695/704 703/699/708
f 677/674/709 704/683/710 705/685/711
f 706/682/712 707/685/712 704/683/713
f 708/700/714 709/701/714 710/702/714
f 711/703/715 712/702/715 713/701/715
f 714/702/716 715/703/717 716/704/718
f 717/700/719 714/702/716 716/704/718
f 717/700/719 716/704/718 718/705/720
f 718/705/720 716/704/718 719/706/721
f 720/707/722 719/706/721 716/704/718
f 720/707/722 716/704/718 721/708/723
f 720/707/722 721/708/723 722/709/724
f 720/707/722 722/709/724 719/706/721
f 721/708/723 723/710/725 722/709/724
f 724/711/726 723/710/725 721/708/723
f 716/704/718 724/711/726 721/708/723
f 723/710/725 725/712/727 722/709/724
f 722/709/724 725/712/727 726/713/728
f 722/709/724 726/713/728 727/714/729
f 719/706/721 722/709/724 728/715/730
f 722/709/724 727/714/729 728/715/730
f 727/714/729 729/716/731 728/715/730
f 729/716/731 730/717/732 728/715/730
f 729/716/731 727/714/729 731/718/733
f 732/719/734 730/717/732 729/716/731
f 732/719/734 729/716/731 733/720/735
f 734/721/736 733/720/735 729/716/731
f 735/722/737 734/721/736 729/716/731
f 735/722/737 729/716/731 731/718/733
f 730/717/732 732/719/734 736/723/738
f 737/724/739 736/723/738 732/719/734
f 732/719/734 738/725/740 737/724/739
f 738/725/740 732/719/734 733/720/735
f 739/726/741 737/724/739 738/725/740
f 737/724/739 739/726/741 740/727/742
f 737/724/739 740/727/742 741/728/743
f 737/724/739 741/728/743 742/729/744
f 742/729/744 736/723/738 737/724/739
f 742/729/744 741/728/743 743/730/745
f 743/730/745 741/728/743 744/731/746
f 745/732/747 744/731/746 741/728/743
f 745/732/747 746/733/748 744/731/746
f 744/731/746 746/733/748 743/730/745
f 746/733/748 747/734/749 743/730/745
f 747/734/749 748/735/750 743/730/745
f 749/736/751 743/730/745 748/735/750
f 749/736/751 748/735/750 750/737/752
f 749/736/751 750/737/752 751/738/753
f 752/739/754 751/738/753 750/737/752
f 751/738/753 752/739/754 753/740/755
f 754/741/756 753/740/755 752/739/754
f 753/740/755 754/741/756 755/742/757
f 756/743/758 755/742/757 754/741/756
f 750/737/752 748/735/750 757/744/759
f 758/745/760 750/737/752 757/744/759
f 759/746/761 750/737/752 758/745/760
f 750/737/752 759/746/761 752/739/754
f 752/739/754 759/746/761 760/747/762
f 761/748/763 752/739/754 760/747/762
f 752/739/754 761/748/763 762/749/764
f 763/750/765 757/744/759 748/735/750
f 748/735/750 764/751/766 763/750/765
f 764/751/766 748/735/750 765/752/767
f 748/735/750 747/734/749 765/752/767
f 766/753/768 765/752/767 747/734/749
f 747/734/749 746/733/748 766/753/768
f 767/754/769 766/753/768 746/733/748
f 756/743/758 768/755/770 755/742/757
f 756/743/758 769/756/771 768/755/770
f 769/756/771 756/743/758 770/757/772
f 756/743/758 771/758/773 770/757/772
f 756/743/758 754/741/756 771/758/773
f 772/759/774 771/758/773 754/741/756
f 754/741/756 773/760/775 772/759/774
f 774/761/776 768/755/770 769/756/771
f 775/762/777 768/755/770 774/761/776
f 776/763/778 768/755/770 775/762/777
f 768/755/770 776/763/778 777/764/779
f 777/764/779 776/763/778 778/765/780
f 777/764/779 778/765/780 779/766/781
f 780/767/782 779/766/781 778/765/780
f 780/767/782 781/768/783 779/766/781
f 781/768/783 782/769/784 779/766/781
f 783/770/785 779/766/781 782/769/784
f 781/768/783 784/771/786 782/769/784
f 780/767/782 785/772/787 781/768/783
f 780/767/782 778/765/780 786/773/788
f 787/772/789 780/767/782 786/773/788
f 776/763/778 788/774/790 778/765/780
f 789/775/791 778/765/780 788/774/790
f 789/775/791 790/773/792 778/765/780
f 786/773/793 789/775/791 791/776/794
f 776/763/778 792/777/795 788/774/790
f 782/769/784 793/778/796 783/770/785
f 793/778/796 782/769/784 794/779/797
f 789/775/791 795/780/798 791/776/794
f 789/775/791 788/774/790 795/780/798
f 795/780/798 796/781/799 791/776/794
f 796/781/799 795/780/798 797/782/800
f 798/774/801 797/782/800 795/780/798
f 797/782/800 798/774/801 799/777/802
f 800/773/803 791/776/804 801/783/803
f 802/776/805 796/781/806 803/783/807
f 804/772/808 803/783/809 805/784/810
f 803/783/809 804/772/808 806/773/811
f 804/772/808 805/784/810 807/785/812
f 808/777/813 776/763/778 775/762/777
f 785/772/787 807/785/812 781/768/783
f 807/785/812 809/771/814 781/768/783
f 810/771/815 807/785/816 811/779/817
f 810/771/815 811/779/817 812/769/818
f 813/786/819 814/787/820 815/788/820
f 815/788/820 814/787/820 816/789/821
f 817/790/822 818/791/823 819/792/824
f 818/791/823 820/793/825 819/792/824
f 821/794/826 820/793/825 818/791/823
f 822/795/826 820/793/825 821/794/826
f 673/670/675 823/796/827 675/672/677
f 824/797/828 823/796/827 673/670/675
f 662/659/664 824/797/828 673/670/675
f 663/660/665 823/796/827 824/797/828
f 663/660/665 824/797/828 662/659/664
f 825/798/829 658/655/660 672/669/674
f 672/669/674 676/673/678 825/798/829
f 678/675/680 825/798/829 676/673/678
f 826/799/830 827/800/831 655/652/657
f 655/652/657 827/800/831 657/654/659
f 664/661/666 657/654/659 827/800/831
f 664/661/666 827/800/831 665/662/667
f 828/801/832 665/662/667 827/800/831
f 827/800/831 829/802/833 828/801/832
f 826/799/830 829/802/833 827/800/831
f 830/803/834 829/802/833 826/799/830
f 830/803/834 828/801/832 829/802/833
f 655/652/657 831/804/835 826/799/830
f 826/799/830 831/804/835 830/803/834
f 831/804/835 832/805/836 830/803/834
f 833/806/837 831/804/835 655/652/657
f 833/806/837 832/805/836 831/804/835
f 654/651/656 833/806/837 655/652/657
f 654/651/656 834/807/838 833/806/837
f 835/808/839 833/806/837 834/807/838
f 835/808/839 832/805/836 833/806/837
f 836/809/840 834/807/838 654/651/656
f 837/810/841 834/807/838 836/809/840
f 837/810/841 836/809/840 838/811/842
f 839/812/843 838/811/842 836/809/840
f 836/809/840 654/651/656 839/812/843
f 839/812/843 840/813/844 838/811/842
f 841/814/845 838/811/842 840/813/844
f 840/813/844 839/812/843 652/649/654
f 654/651/656 652/649/654 839/812/843
f 841/814/845 840/813/844 842/815/846
f 652/649/654 651/648/653 840/813/844
f 843/815/847 840/813/844 651/648/653
f 844/815/848 651/648/653 845/816/849
f 845/816/849 651/648/653 846/817/850
f 649/646/651 846/817/850 651/648/653
f 845/816/849 846/817/850 847/818/851
f 649/646/651 648/645/650 846/817/850
f 848/819/852 846/817/850 648/645/650
f 846/817/850 848/819/852 849/820/853
f 847/818/851 846/817/850 850/821/854
f 848/819/852 648/645/650 851/822/855
f 646/643/648 851/822/855 648/645/650
f 851/822/855 852/823/856 848/819/852
f 853/824/857 848/819/852 852/823/856
f 848/819/852 853/824/857 854/825/858
f 849/820/853 848/819/852 855/825/859
f 646/643/648 644/641/646 851/822/855
f 856/826/860 851/822/855 644/641/646
f 851/822/855 856/826/860 857/827/861
f 851/822/855 857/827/861 858/828/862
f 852/823/856 851/822/855 858/828/862
f 856/826/860 644/641/646 859/829/863
f 643/640/645 859/829/863 644/641/646
f 856/826/860 859/829/863 860/830/864
f 860/830/864 859/829/863 861/831/865
f 862/832/866 861/831/865 859/829/863
f 856/826/860 860/830/864 863/833/867
f 857/827/861 856/826/860 863/833/867
f 859/829/863 643/640/645 864/834/868
f 862/832/866 859/829/863 864/834/868
f 864/834/868 643/640/645 865/835/869
f 865/835/869 862/832/866 864/834/868
f 640/637/642 865/835/869 643/640/645
f 640/637/642 639/636/641 865/835/869
f 639/636/641 866/836/870 865/835/869
f 866/836/870 639/636/641 638/635/640
f 866/836/870 638/635/640 634/631/636
f 866/836/870 867/837/871 865/835/869
f 866/836/870 635/632/637 867/837/871
f 634/631/636 635/632/637 866/836/870
f 868/838/872 869/839/873 870/840/874
f 871/841/875 870/840/874 869/839/873
f 871/841/875 869/839/873 872/842/876
f 873/843/877 872/842/876 869/839/873
f 873/843/877 874/844/878 872/842/876
f 875/845/879 872/842/876 874/844/878
f 874/844/878 876/846/880 875/845/879
f 877/847/881 875/845/879 876/846/880
f 877/847/881 878/848/882 875/845/879
f 879/849/883 875/845/879 878/848/882
f 880/850/884 879/849/883 878/848/882
f 880/850/884 881/851/885 879/849/883
f 882/852/886 879/849/883 881/851/885
f 881/851/885 883/853/887 882/852/886
f 884/854/888 882/852/886 883/853/887
f 885/855/889 884/854/888 883/853/887
f 884/854/888 885/855/889 886/856/890
f 887/857/891 886/856/890 885/855/889
f 888/858/892 886/856/890 887/857/891
f 889/859/893 885/855/889 883/853/887
f 886/856/894 890/858/895 891/860/896
f 892/861/897 891/860/896 890/858/895
f 892/861/898 893/862/899 894/860/900
f 895/863/901 891/860/902 893/862/903
f 893/862/903 896/864/904 895/863/901
f 895/863/901 896/864/904 897/865/905
f 898/866/906 897/865/905 896/864/904
f 898/866/906 899/867/907 897/865/905
f 899/867/907 900/868/908 897/865/905
f 897/865/905 900/868/908 901/869/909
f 900/868/908 902/870/910 901/869/909
f 901/869/909 902/870/910 903/871/911
f 904/872/912 903/871/911 902/870/910
f 904/872/912 905/873/913 903/871/911
f 905/873/913 906/874/914 903/871/911
f 907/875/915 903/871/911 906/874/914
f 846/817/916 908/820/917 909/821/917
f 910/620/918 911/613/919 912/612/920
f 910/620/918 912/612/920 913/610/921
f 914/876/922 915/877/923 916/878/924
f 915/877/923 917/879/925 916/878/924
f 918/880/926 916/878/924 917/879/925
f 918/880/926 917/879/925 919/881/927
f 920/882/928 919/881/927 917/879/925
f 921/883/929 919/881/927 920/882/928
f 922/884/930 919/881/927 921/883/929
f 923/885/931 922/884/930 921/883/929
f 923/885/931 924/886/932 922/884/930
f 925/887/933 922/884/930 924/886/932
f 926/888/934 925/887/933 924/886/932
f 927/889/935 925/887/933 926/888/934
f 928/890/936 927/889/935 926/888/934
f 929/891/937 930/749/937 761/748/938
f 120/120/120 931/892/939 123/123/123
f 932/893/940 933/894/941 934/895/942
f 933/894/941 935/896/943 934/895/942
f 934/895/942 935/896/943 936/897/944
f 937/898/945 936/897/944 935/896/943
f 937/898/945 938/899/946 936/897/944
f 939/900/947 936/897/944 938/899/946
f 938/899/946 940/901/948 939/900/947
f 940/901/948 941/902/949 939/900/947
f 941/902/949 942/903/950 939/900/947
f 939/900/947 942/903/950 943/904/951
f 944/905/952 945/904/953 946/906/954
f 947/903/955 946/906/954 945/904/953
f 948/907/956 949/908/956 950/909/956
f 951/910/957 952/911/957 953/912/957
f 954/913/958 955/914/959 956/915/958
f 957/916/960 954/913/958 956/915/958
f 958/917/961 959/918/961 960/919/961
f 961/920/962 962/921/963 963/922/964
f 962/921/963 964/923/965 963/922/964
f 963/922/964 964/923/965 965/924/966
f 966/925/967 740/727/742 739/726/741
f 967/926/968 968/927/968 969/928/968
f 735/722/737 970/929/969 734/721/736
f 971/821/970 849/820/971 972/825/970
f 973/930/972 637/634/639 641/638/643
f 637/634/639 973/930/972 636/633/638
f 974/931/973 973/930/972 641/638/643
f 973/930/972 974/931/973 975/932/974
f 636/633/638 973/930/972 975/932/974
f 974/931/973 976/933/975 975/932/974
f 627/624/629 975/932/974 976/933/975
f 975/932/974 631/628/633 636/633/638
f 630/627/632 631/628/633 975/932/974
f 627/624/629 630/627/632 975/932/974
f 976/933/975 619/616/620 627/624/629
f 977/907/976 978/909/976 979/934/976
f 755/742/757 768/755/770 777/764/779
f 752/739/754 980/749/977 754/741/756
f 773/760/775 754/741/756 762/749/978
f 981/935/979 726/713/728 725/712/727
f 726/713/728 981/935/979 727/714/729
f 731/718/733 727/714/729 981/935/979
f 982/936/980 166/166/166 157/157/157
f 983/937/981 984/938/982 985/939/983
f 986/940/984 985/939/983 984/938/982
f 983/937/981 985/939/983 987/941/985
f 988/942/986 987/941/985 985/939/983
f 986/940/984 989/943/987 985/939/983
f 990/944/988 985/939/983 989/943/987
f 986/940/984 991/945/989 989/943/987
f 992/946/990 989/943/987 991/945/989
f 992/946/990 991/945/989 993/947/991
f 994/948/992 993/947/991 991/945/989
f 993/947/991 994/948/992 995/949/993
f 996/950/994 995/949/993 994/948/992
f 996/950/994 994/948/992 997/951/995
f 998/952/996 997/951/995 994/948/992
f 994/948/992 991/945/989 998/952/996
f 996/950/994 999/953/997 995/949/993
f 996/950/994 997/951/995 999/953/997
f 1000/954/998 995/949/993 999/953/997
f 999/953/997 1001/955/999 1000/954/998
f 999/953/997 1002/956/1000 1001/955/999
f 1002/956/1000 999/953/997 997/951/995
f 1003/957/1001 1001/955/999 1002/956/1000
f 1004/958/1002 1000/954/998 1001/955/999
f 1001/955/999 1005/959/1003 1004/958/1002
f 1001/955/999 1003/957/1001 1005/959/1003
f 1006/960/1004 1004/958/1002 1005/959/1003
f 1007/961/1005 998/952/996 991/945/989
f 998/952/996 1008/962/1006 997/951/995
f 1009/963/1007 997/951/995 1008/962/1006
f 1003/957/1001 1002/956/1000 1010/964/1008
f 1011/965/1009 1010/964/1008 1002/956/1000
f 1009/963/1007 1011/965/1009 997/951/995
f 1002/956/1000 997/951/995 1011/965/1009
f 1012/966/1010 1005/959/1003 1003/957/1001
f 1007/961/1005 1013/967/1011 998/952/996
f 1008/962/1006 998/952/996 1013/967/1011
f 1013/967/1011 1007/961/1005 1014/968/1012
f 984/938/982 1014/968/1012 1007/961/1005
f 984/938/982 983/937/981 1014/968/1012
f 1015/969/1013 1014/968/1012 983/937/981
f 984/938/982 1007/961/1005 986/940/984
f 991/945/989 986/940/984 1007/961/1005
f 983/937/981 987/941/985 1015/969/1013
f 1009/963/1007 1008/962/1006 1016/970/1014
f 1017/971/1015 1016/970/1014 1008/962/1006
f 1008/962/1006 1013/967/1011 1017/971/1015
f 1018/972/1016 1015/969/1013 987/941/985
f 1019/973/1017 1015/969/1013 1018/972/1016
f 1019/973/1017 1017/971/1015 1013/967/1011
f 1013/967/1011 1014/968/1012 1019/973/1017
f 1014/968/1012 1015/969/1013 1019/973/1017
f 1018/972/1016 1020/974/1018 1019/973/1017
f 1017/971/1015 1019/973/1017 1020/974/1018
f 1016/970/1014 1017/971/1015 1021/975/1019
f 1020/974/1018 1021/975/1019 1017/971/1015
f 1016/970/1014 1021/975/1019 1022/976/1020
f 1023/977/1021 1022/976/1020 1021/975/1019
f 1022/976/1020 1023/977/1021 1024/978/1022
f 1025/979/1023 1024/978/1022 1023/977/1021
f 1016/970/1014 1022/976/1020 1009/963/1007
f 1011/965/1009 1009/963/1007 1022/976/1020
f 1022/976/1020 1024/978/1022 1011/965/1009
f 1024/978/1022 1025/979/1023 1026/980/1024
f 1024/978/1022 1026/980/1024 1010/964/1008
f 1010/964/1008 1011/965/1009 1024/978/1022
f 1027/981/1025 1010/964/1008 1026/980/1024
f 1010/964/1008 1027/981/1025 1003/957/1001
f 1012/966/1010 1003/957/1001 1027/981/1025
f 1028/982/1026 1026/980/1024 1025/979/1023
f 990/944/988 1029/942/1027 985/939/983
f 990/944/1028 1030/943/1029 1031/939/1030
f 1032/940/1031 1031/939/1030 1030/943/1029
f 1032/940/1031 1033/938/1032 1031/939/1030
f 1034/937/1033 1031/939/1030 1033/938/1032
f 1034/937/1033 1035/983/1034 1031/939/1030
f 1036/942/1035 1031/939/1030 1035/983/1034
f 1032/940/1031 1030/943/1029 1037/945/1036
f 1038/946/1037 1037/945/1036 1030/943/1029
f 1038/946/1037 1039/947/1038 1037/945/1036
f 1040/948/1039 1037/945/1036 1039/947/1038
f 1039/947/1038 1041/949/1040 1040/948/1039
f 1042/950/1041 1040/948/1039 1041/949/1040
f 1042/950/1041 1043/951/1042 1040/948/1039
f 1044/952/1043 1040/948/1039 1043/951/1042
f 1040/948/1039 1044/952/1043 1037/945/1036
f 1042/950/1041 1041/949/1040 1045/953/1044
f 1042/950/1041 1045/953/1044 1043/951/1042
f 1046/954/1045 1045/953/1044 1041/949/1040
f 1045/953/1044 1046/954/1045 1047/955/1046
f 1045/953/1044 1047/955/1046 1048/956/1047
f 1048/956/1047 1043/951/1042 1045/953/1044
f 1049/957/1048 1048/956/1047 1047/955/1046
f 1050/958/1049 1047/955/1046 1046/954/1045
f 1047/955/1046 1050/958/1049 1051/959/1050
f 1047/955/1046 1051/959/1050 1049/957/1048
f 1052/960/1051 1051/959/1050 1050/958/1049
f 1053/961/1052 1037/945/1036 1044/952/1043
f 1044/952/1043 1043/951/1042 1054/962/1053
f 1055/963/1054 1054/962/1053 1043/951/1042
f 1049/957/1048 1056/964/1055 1048/956/1047
f 1057/965/1056 1048/956/1047 1056/964/1055
f 1048/956/1047 1057/965/1056 1043/951/1042
f 1055/963/1054 1043/951/1042 1057/965/1056
f 1058/966/1057 1049/957/1048 1051/959/1050
f 1054/962/1053 1059/967/1058 1044/952/1043
f 1053/961/1052 1044/952/1043 1059/967/1058
f 1059/967/1058 1060/968/1059 1053/961/1052
f 1033/938/1032 1053/961/1052 1060/968/1059
f 1033/938/1032 1060/968/1059 1034/937/1033
f 1061/969/1060 1034/937/1033 1060/968/1059
f 1033/938/1032 1032/940/1031 1053/961/1052
f 1037/945/1036 1053/961/1052 1032/940/1031
f 1034/937/1033 1061/969/1060 1035/983/1034
f 1055/963/1054 1062/970/1061 1054/962/1053
f 1063/971/1062 1054/962/1053 1062/970/1061
f 1054/962/1053 1063/971/1062 1059/967/1058
f 1061/969/1060 1064/972/1063 1035/983/1034
f 1061/969/1060 1065/973/1064 1064/972/1063
f 1065/973/1064 1059/967/1058 1063/971/1062
f 1059/967/1058 1065/973/1064 1060/968/1059
f 1060/968/1059 1065/973/1064 1061/969/1060
f 1063/971/1062 1066/974/1065 1065/973/1064
f 1064/972/1063 1065/973/1064 1066/974/1065
f 1062/970/1061 1067/975/1066 1063/971/1062
f 1066/974/1065 1063/971/1062 1067/975/1066
f 1062/970/1061 1068/984/1067 1067/975/1066
f 1069/985/1068 1067/975/1066 1068/984/1067
f 1068/984/1067 1070/986/1069 1069/985/1068
f 1071/987/1070 1069/985/1068 1070/986/1069
f 1062/970/1061 1055/963/1054 1068/984/1067
f 1057/965/1056 1068/984/1067 1055/963/1054
f 1068/984/1067 1057/965/1056 1070/986/1069
f 1070/986/1069 1072/988/1071 1071/987/1070
f 1070/986/1069 1056/964/1055 1072/988/1071
f 1056/964/1055 1070/986/1069 1057/965/1056
f 1073/981/1072 1072/988/1071 1056/964/1055
f 1056/964/1055 1049/957/1048 1073/981/1072
f 1058/966/1057 1073/981/1072 1049/957/1048
f 1074/989/1073 1071/987/1070 1072/988/1071
f 1075/942/1074 990/944/1028 1031/939/1030
f 1076/990/1075 1077/991/1076 1078/992/1077
f 1079/993/1078 1078/992/1077 1077/991/1076
f 1077/991/1076 1076/990/1075 1080/994/1079
f 1081/995/1080 1080/994/1079 1076/990/1075
f 1079/993/1078 1082/996/1081 1078/992/1077
f 1083/997/1082 1078/992/1077 1082/996/1081
f 1078/992/1077 1084/998/1083 1076/990/1075
f 1085/999/1084 1076/990/1075 1084/998/1083
f 1083/997/1082 1086/1000/1085 1078/992/1077
f 1084/998/1083 1078/992/1077 1086/1000/1085
f 1086/1000/1085 1083/997/1082 1087/1001/1086
f 1088/1002/1087 1087/1001/1086 1083/997/1082
f 1083/997/1082 1089/1003/1088 1088/1002/1087
f 1083/997/1082 1082/996/1081 1089/1003/1088
f 1090/1004/1089 1088/1002/1087 1089/1003/1088
f 1090/1004/1089 1089/1003/1088 1091/1005/1090
f 1090/1004/1089 1091/1005/1090 1092/1006/1091
f 1093/1007/1092 1092/1006/1091 1091/1005/1090
f 1092/1006/1091 1093/1007/1092 1094/1008/1093
f 1095/1009/1094 1094/1008/1093 1093/1007/1092
f 1095/1009/1094 1096/1010/1095 1094/1008/1093
f 1097/1011/1096 1094/1008/1093 1096/1010/1095
f 1096/1010/1095 1098/1012/1097 1097/1011/1096
f 1099/1013/1098 1097/1011/1096 1098/1012/1097
f 1098/1012/1097 1100/1014/1099 1099/1013/1098
f 1101/1015/1100 1099/1013/1098 1100/1014/1099
f 1101/1015/1100 1100/1014/1099 1102/1016/1101
f 1103/1017/1102 1102/1016/1101 1100/1014/1099
f 1092/1006/1091 1104/1018/1103 1090/1004/1089
f 1088/1002/1087 1090/1004/1089 1104/1018/1103
f 1094/1008/1093 1105/1019/1104 1092/1006/1091
f 1104/1018/1103 1092/1006/1091 1105/1019/1104
f 1094/1008/1093 1097/1011/1096 1105/1019/1104
f 1106/1020/1105 1105/1019/1104 1097/1011/1096
f 1097/1011/1096 1099/1013/1098 1106/1020/1105
f 1107/1021/1106 1106/1020/1105 1099/1013/1098
f 1107/1021/1106 1099/1013/1098 1101/1015/1100
f 1107/1021/1106 1101/1015/1100 1108/1022/1107
f 1102/1016/1101 1108/1022/1107 1101/1015/1100
f 1087/1001/1086 1088/1002/1087 1104/1018/1103
f 1105/1019/1104 1109/1023/1108 1104/1018/1103
f 1087/1001/1086 1104/1018/1103 1109/1023/1108
f 1106/1020/1105 1109/1023/1108 1105/1019/1104
f 1107/1021/1106 1110/1024/1109 1106/1020/1105
f 1109/1023/1108 1106/1020/1105 1110/1024/1109
f 1107/1021/1106 1108/1022/1107 1110/1024/1109
f 1111/1025/1110 1110/1024/1109 1108/1022/1107
f 1108/1022/1107 1112/1026/1111 1111/1025/1110
f 1112/1026/1111 1108/1022/1107 1113/1027/1112
f 1114/1016/1113 1113/1027/1112 1108/1022/1107
f 1115/1028/1114 1111/1025/1110 1112/1026/1111
f 1109/1023/1108 1116/1029/1115 1087/1001/1086
f 1109/1023/1108 1110/1024/1109 1116/1029/1115
f 1117/1030/1116 1087/1001/1086 1116/1029/1115
f 1087/1001/1086 1117/1030/1116 1086/1000/1085
f 1118/1031/1117 1086/1000/1085 1117/1030/1116
f 1086/1000/1085 1118/1031/1117 1084/998/1083
f 1119/1032/1118 1084/998/1083 1118/1031/1117
f 1120/1033/1119 1116/1029/1115 1110/1024/1109
f 1110/1024/1109 1111/1025/1110 1120/1033/1119
f 1121/1034/1120 1120/1033/1119 1111/1025/1110
f 1111/1025/1110 1115/1028/1114 1121/1034/1120
f 1122/1035/1121 1121/1034/1120 1115/1028/1114
f 1084/998/1083 1119/1032/1118 1085/999/1084
f 1123/1036/1122 1085/999/1084 1119/1032/1118
f 1123/1036/1122 1124/1037/1123 1085/999/1084
f 1125/1038/1124 1085/999/1084 1124/1037/1123
f 1085/999/1084 1125/1038/1124 1076/990/1075
f 1081/995/1080 1076/990/1075 1125/1038/1124
f 1117/1030/1116 1126/1039/1125 1118/1031/1117
f 1127/1040/1126 1118/1031/1117 1126/1039/1125
f 1118/1031/1117 1127/1040/1126 1119/1032/1118
f 1126/1039/1125 1117/1030/1116 1128/1041/1127
f 1116/1029/1115 1128/1041/1127 1117/1030/1116
f 1120/1033/1119 1129/1042/1128 1116/1029/1115
f 1128/1041/1127 1116/1029/1115 1129/1042/1128
f 1120/1033/1119 1121/1034/1120 1129/1042/1128
f 1130/1043/1129 1129/1042/1128 1121/1034/1120
f 1121/1034/1120 1122/1035/1121 1130/1043/1129
f 1131/1044/1130 1130/1043/1129 1122/1035/1121
f 1124/1037/1123 1123/1036/1122 1132/1045/1131
f 1133/1046/1132 1132/1045/1131 1123/1036/1122
f 1133/1046/1132 1123/1036/1122 1134/1047/1133
f 1119/1032/1118 1134/1047/1133 1123/1036/1122
f 1134/1047/1133 1119/1032/1118 1127/1040/1126
f 1126/1039/1125 1135/1048/1134 1127/1040/1126
f 1136/1049/1135 1127/1040/1126 1135/1048/1134
f 1127/1040/1126 1136/1049/1135 1134/1047/1133
f 1128/1041/1127 1137/1050/1136 1126/1039/1125
f 1135/1048/1134 1126/1039/1125 1137/1050/1136
f 1129/1042/1128 1138/1051/1137 1128/1041/1127
f 1137/1050/1136 1128/1041/1127 1138/1051/1137
f 1129/1042/1128 1130/1043/1129 1138/1051/1137
f 1139/1052/1138 1138/1051/1137 1130/1043/1129
f 1130/1043/1129 1131/1044/1130 1139/1052/1138
f 1140/1053/1139 1139/1052/1138 1131/1044/1130
f 1132/1045/1131 1133/1046/1132 1141/1054/1140
f 1142/1055/1141 1141/1054/1140 1133/1046/1132
f 1134/1047/1133 1143/1056/1142 1133/1046/1132
f 1142/1055/1141 1133/1046/1132 1143/1056/1142
f 1143/1056/1142 1134/1047/1133 1136/1049/1135
f 1144/1057/1143 1145/1058/1144 1146/1059/1145
f 1147/1060/1146 1146/1059/1145 1145/1058/1144
f 1146/1059/1145 1147/1060/1146 1148/1061/1147
f 1149/1062/1148 1148/1061/1147 1147/1060/1146
f 1148/1061/1147 1149/1062/1148 1150/1063/1149
f 1151/1064/1150 1150/1063/1149 1149/1062/1148
f 1151/1064/1150 1152/1065/1151 1150/1063/1149
f 1153/1066/1152 1150/1063/1149 1152/1065/1151
f 1153/1066/1152 1152/1065/1151 1154/1067/1153
f 1155/1068/1154 1154/1067/1153 1152/1065/1151
f 1145/1058/1144 1144/1057/1143 1156/1069/1155
f 1157/1070/1156 1156/1069/1155 1144/1057/1143
f 1157/1070/1156 1158/1071/1157 1156/1069/1155
f 1159/1072/1158 1156/1069/1155 1158/1071/1157
f 1159/1072/1158 1158/1071/1157 1160/1073/1159
f 1161/1074/1160 1160/1073/1159 1158/1071/1157
f 1157/1070/1156 1162/1075/1161 1158/1071/1157
f 1163/1076/1162 1158/1071/1157 1162/1075/1161
f 1162/1075/1161 1157/1070/1156 1164/1077/1163
f 1144/1057/1143 1164/1077/1163 1157/1070/1156
f 1164/1077/1163 1144/1057/1143 1165/1078/1164
f 1146/1059/1145 1165/1078/1164 1144/1057/1143
f 1165/1078/1164 1146/1059/1145 1166/1079/1165
f 1148/1061/1147 1166/1079/1165 1146/1059/1145
f 1166/1079/1165 1148/1061/1147 1167/1080/1166
f 1150/1063/1149 1167/1080/1166 1148/1061/1147
f 1150/1063/1149 1153/1066/1152 1167/1080/1166
f 1168/1081/1167 1167/1080/1166 1153/1066/1152
f 1153/1066/1152 1154/1067/1153 1168/1081/1167
f 1169/1082/1168 1168/1081/1167 1154/1067/1153
f 1163/1076/1162 1162/1075/1161 1170/1083/1169
f 1171/1084/1170 1170/1083/1169 1162/1075/1161
f 1162/1075/1161 1164/1077/1163 1171/1084/1170
f 1172/1085/1171 1171/1084/1170 1164/1077/1163
f 1165/1078/1164 1173/1086/1172 1164/1077/1163
f 1172/1085/1171 1164/1077/1163 1173/1086/1172
f 1168/1081/1167 1174/1087/1173 1167/1080/1166
f 1175/1088/1174 1167/1080/1166 1174/1087/1173
f 1167/1080/1166 1175/1088/1174 1166/1079/1165
f 1176/1089/1175 1174/1087/1173 1168/1081/1167
f 1168/1081/1167 1169/1082/1168 1176/1089/1175
f 1177/1090/1176 1166/1079/1165 1175/1088/1174
f 1175/1088/1174 1178/1091/1177 1177/1090/1176
f 1175/1088/1174 1174/1087/1173 1178/1091/1177
f 1179/1092/1178 1177/1090/1176 1178/1091/1177
f 1177/1090/1176 1179/1092/1178 1173/1086/1172
f 1180/1093/1179 1178/1091/1177 1174/1087/1173
f 1181/1094/1180 1180/1093/1179 1174/1087/1173
f 1176/1089/1175 1181/1094/1180 1174/1087/1173
f 1176/1089/1175 1182/1095/1181 1181/1094/1180
f 1182/1095/1181 1176/1089/1175 1169/1082/1168
f 1183/1096/1182 1181/1094/1180 1182/1095/1181
f 1172/1085/1171 1184/1097/1183 1171/1084/1170
f 1185/1098/1184 1171/1084/1170 1184/1097/1183
f 1170/1083/1169 1171/1084/1170 1186/1099/1185
f 1185/1098/1184 1186/1099/1185 1171/1084/1170
f 1170/1083/1169 1186/1099/1185 1187/1100/1186
f 1170/1083/1169 1187/1100/1186 1163/1076/1162
f 1188/1101/1187 1163/1076/1162 1187/1100/1186
f 1163/1076/1162 1188/1101/1187 1158/1071/1157
f 1161/1074/1160 1158/1071/1157 1188/1101/1187
f 1186/1099/1185 1189/1102/1188 1187/1100/1186
f 1186/1099/1185 1190/1103/1189 1189/1102/1188
f 1191/1104/1190 1190/1103/1189 1186/1099/1185
f 1185/1098/1184 1191/1104/1190 1186/1099/1185
f 1185/1098/1184 1184/1097/1183 1191/1104/1190
f 1192/1105/1191 1189/1102/1188 1190/1103/1189
f 1189/1102/1188 1192/1105/1191 1193/1106/1192
f 1189/1102/1188 1193/1106/1192 1194/1107/1193
f 1187/1100/1186 1189/1102/1188 1194/1107/1193
f 1194/1107/1193 1195/1108/1194 1187/1100/1186
f 1187/1100/1186 1195/1108/1194 1188/1101/1187
f 1192/1105/1191 1190/1103/1189 1196/1109/1195
f 1197/1110/1196 1196/1109/1195 1190/1103/1189
f 1190/1103/1189 1198/1111/1197 1197/1110/1196
f 1191/1104/1190 1198/1111/1197 1190/1103/1189
f 1191/1104/1190 1199/1112/1198 1198/1111/1197
f 1199/1112/1198 1191/1104/1190 1184/1097/1183
f 1199/1112/1198 1184/1097/1183 1200/1113/1199
f 1201/1114/1200 1200/1113/1199 1184/1097/1183
f 1200/1113/1199 1201/1114/1200 1202/1115/1201
f 1179/1092/1178 1202/1115/1201 1201/1114/1200
f 1202/1115/1201 1179/1092/1178 1203/1116/1202
f 1203/1116/1202 1204/1117/1203 1202/1115/1201
f 1205/1118/1204 1202/1115/1201 1204/1117/1203
f 1202/1115/1201 1205/1118/1204 1200/1113/1199
f 1204/1117/1203 1203/1116/1202 1206/1119/1205
f 1207/1120/1206 1206/1119/1205 1203/1116/1202
f 1206/1119/1205 1207/1120/1206 1208/1121/1207
f 1209/1122/1208 1208/1121/1207 1207/1120/1206
f 1178/1091/1177 1203/1116/1202 1179/1092/1178
f 1178/1091/1177 1180/1093/1179 1203/1116/1202
f 1207/1120/1206 1203/1116/1202 1180/1093/1179
f 1209/1122/1208 1207/1120/1206 1181/1094/1180
f 1180/1093/1179 1181/1094/1180 1207/1120/1206
f 1209/1122/1208 1181/1094/1180 1210/1123/1209
f 1209/1122/1208 1210/1123/1209 1208/1121/1207
f 1179/1092/1178 1201/1114/1200 1173/1086/1172
f 1211/1124/1210 1200/1113/1199 1205/1118/1204
f 1173/1086/1172 1201/1114/1200 1172/1085/1171
f 1184/1097/1183 1172/1085/1171 1201/1114/1200
f 1212/1125/1211 1208/1121/1207 1210/1123/1209
f 1205/1118/1204 1213/1126/1212 1211/1124/1210
f 1214/1127/1213 1211/1124/1210 1213/1126/1212
f 1214/1127/1213 1215/1128/1214 1211/1124/1210
f 1216/1129/1215 1211/1124/1210 1215/1128/1214
f 1211/1124/1210 1216/1129/1215 1200/1113/1199
f 1199/1112/1198 1200/1113/1199 1216/1129/1215
f 1216/1129/1215 1198/1111/1197 1199/1112/1198
f 1198/1111/1197 1216/1129/1215 1217/1130/1216
f 1215/1128/1214 1217/1130/1216 1216/1129/1215
f 1217/1130/1216 1197/1110/1196 1198/1111/1197
f 1173/1086/1172 1165/1078/1164 1177/1090/1176
f 1166/1079/1165 1177/1090/1176 1165/1078/1164
f 1213/1126/1212 1205/1118/1204 1218/1131/1217
f 1204/1117/1203 1218/1131/1217 1205/1118/1204
f 1218/1131/1217 1204/1117/1203 1219/1132/1218
f 1206/1119/1205 1219/1132/1218 1204/1117/1203
f 1219/1132/1218 1206/1119/1205 1220/1133/1219
f 1208/1121/1207 1220/1133/1219 1206/1119/1205
f 1208/1121/1207 1212/1125/1211 1220/1133/1219
f 1221/1134/1220 1220/1133/1219 1212/1125/1211
f 1196/1109/1195 1222/1135/1221 1192/1105/1191
f 1223/1136/1222 1192/1105/1191 1222/1135/1221
f 1193/1106/1192 1192/1105/1191 1223/1136/1222
f 1183/1096/1182 1210/1123/1209 1181/1094/1180
f 1224/1137/1223 1225/1138/1224 1226/1139/1225
f 1227/1140/1226 1226/1139/1225 1225/1138/1224
f 1226/1139/1225 1227/1140/1226 1228/1141/1227
f 1229/1142/1228 1228/1141/1227 1227/1140/1226
f 1228/1141/1227 1229/1142/1228 1230/1143/1229
f 1231/1144/1230 1230/1143/1229 1229/1142/1228
f 1224/1137/1223 1232/1145/1231 1225/1138/1224
f 1233/1146/1232 1225/1138/1224 1232/1145/1231
f 1232/1145/1231 1234/1147/1233 1233/1146/1232
f 1235/1148/1234 1233/1146/1232 1234/1147/1233
f 1234/1147/1233 1236/1149/1235 1235/1148/1234
f 1237/1150/1236 1235/1148/1234 1236/1149/1235
f 1236/1149/1235 1238/1151/1237 1237/1150/1236
f 1239/1152/1238 1237/1150/1236 1238/1151/1237
f 1238/1151/1237 1236/1149/1235 1240/1153/1239
f 1236/1149/1235 1241/1154/1240 1240/1153/1239
f 1241/1154/1240 1236/1149/1235 1242/1155/1241
f 1242/1155/1241 1236/1149/1235 1234/1147/1233
f 1242/1155/1241 1234/1147/1233 1243/1156/1242
f 1244/1157/1243 1243/1156/1242 1234/1147/1233
f 1234/1147/1233 1232/1145/1231 1244/1157/1243
f 1243/1156/1242 1244/1157/1243 1245/1158/1244
f 1244/1157/1243 1246/1159/1245 1245/1158/1244
f 1246/1159/1245 1244/1157/1243 1232/1145/1231
f 1246/1159/1245 1232/1145/1231 1247/1160/1246
f 1247/1160/1246 1232/1145/1231 1248/1161/1247
f 1224/1137/1223 1248/1161/1247 1232/1145/1231
f 1248/1161/1247 1224/1137/1223 1249/1162/1248
f 1224/1137/1223 1250/1163/1249 1249/1162/1248
f 1224/1137/1223 1226/1139/1225 1250/1163/1249
f 1250/1163/1249 1226/1139/1225 1251/1164/1250
f 1226/1139/1225 1252/1165/1251 1251/1164/1250
f 1226/1139/1225 1228/1141/1227 1252/1165/1251
f 1252/1165/1251 1228/1141/1227 1253/1166/1252
f 1253/1166/1252 1228/1141/1227 1254/1167/1253
f 1228/1141/1227 1230/1143/1229 1254/1167/1253
f 1255/1168/1254 1254/1167/1253 1230/1143/1229
f 1230/1143/1229 1256/1169/1255 1255/1168/1254
f 1256/1169/1255 1230/1143/1229 1231/1144/1230
f 1231/1144/1230 1257/1170/1256 1256/1169/1255
f 1257/1170/1256 1231/1144/1230 1258/1171/1257
f 1229/1142/1228 1258/1171/1257 1231/1144/1230
f 1258/1171/1257 1229/1142/1228 1259/1172/1258
f 1227/1140/1226 1259/1172/1258 1229/1142/1228
f 1259/1172/1258 1227/1140/1226 1260/1173/1259
f 1225/1138/1224 1260/1173/1259 1227/1140/1226
f 1260/1173/1259 1225/1138/1224 1261/1174/1260
f 1233/1146/1232 1261/1174/1260 1225/1138/1224
f 1233/1146/1232 1235/1148/1234 1261/1174/1260
f 1262/1175/1261 1261/1174/1260 1235/1148/1234
f 1235/1148/1234 1237/1150/1236 1262/1175/1261
f 1263/1176/1262 1262/1175/1261 1237/1150/1236
f 1237/1150/1236 1239/1152/1238 1263/1176/1262
f 1264/1177/1263 1263/1176/1262 1239/1152/1238
f 1239/1152/1238 1265/1178/1264 1264/1177/1263
f 1266/1179/1265 1264/1177/1263 1265/1178/1264
f 1265/1178/1264 1239/1152/1238 1267/1180/1266
f 1239/1152/1238 1238/1151/1237 1267/1180/1266
f 1268/1181/1267 1269/1182/1268 1270/1183/1269
f 1270/1183/1269 1271/1184/1270 1268/1181/1267
f 1272/1185/1271 1268/1181/1267 1271/1184/1270
f 1273/1186/1272 1268/1181/1267 1272/1185/1271
f 1274/1187/1273 1271/1184/1270 1270/1183/1269
f 1275/1188/1274 1274/1187/1273 1270/1183/1269
f 1275/1188/1274 1276/1189/1275 1274/1187/1273
f 1274/1187/1273 1276/1189/1275 1277/1190/1276
f 1278/1191/1277 1277/1190/1276 1276/1189/1275
f 1274/1187/1273 1277/1190/1276 1279/1192/1278
f 1280/1193/1279 1279/1192/1278 1277/1190/1276
f 1280/1193/1279 1277/1190/1276 1281/1194/1280
f 1278/1191/1277 1281/1194/1280 1277/1190/1276
f 1280/1193/1279 1281/1194/1280 1282/1195/1281
f 1280/1193/1279 1283/1196/1282 1279/1192/1278
f 1284/1197/1283 1279/1192/1278 1283/1196/1282
f 1284/1197/1283 1283/1196/1282 1285/1198/1284
f 1286/1199/1285 1285/1198/1284 1283/1196/1282
f 1287/1200/1286 1280/1193/1279 1282/1195/1281
f 1283/1196/1282 1288/1201/1287 1286/1199/1285
f 1280/1193/1279 1289/1202/1288 1283/1196/1282
f 1287/1200/1286 1289/1202/1288 1280/1193/1279
f 1290/1203/1289 1276/1189/1275 1275/1188/1274
f 1290/1203/1289 1275/1188/1274 1291/1204/1290
f 1291/1204/1290 1275/1188/1274 1270/1183/1269
f 1292/1205/1291 1286/1199/1285 1288/1201/1287
f 1292/1205/1291 1285/1198/1284 1286/1199/1285
f 1292/1205/1291 1293/1206/1292 1285/1198/1284
f 1293/1206/1292 1294/1207/1293 1285/1198/1284
f 1295/1208/1294 1285/1198/1284 1294/1207/1293
f 1296/1209/1295 1295/1208/1294 1294/1207/1293
f 1297/1210/1296 1296/1209/1295 1294/1207/1293
f 1273/1186/1272 1272/1185/1271 1298/1211/1297
f 1298/1211/1297 1299/1212/1298 1273/1186/1272
f 1298/1211/1297 1300/1213/1299 1299/1212/1298
f 1300/1213/1299 1298/1211/1297 1301/1214/1300
f 1302/1215/1301 1303/1216/1302 1304/1217/1303
f 1304/1217/1303 1303/1216/1302 1257/1170/1256
f 1303/1216/1302 1256/1169/1255 1257/1170/1256
f 1305/993/1304 1306/991/1305 1307/992/1306
f 1308/990/1307 1307/992/1306 1306/991/1305
f 1306/991/1305 1309/994/1308 1308/990/1307
f 1310/995/1309 1308/990/1307 1309/994/1308
f 1305/993/1304 1307/992/1306 1311/996/1310
f 1312/997/1311 1311/996/1310 1307/992/1306
f 1307/992/1306 1308/990/1307 1313/998/1312
f 1314/999/1313 1313/998/1312 1308/990/1307
f 1313/998/1312 1315/1000/1314 1307/992/1306
f 1312/997/1311 1307/992/1306 1315/1000/1314
f 1315/1000/1314 1316/1001/1315 1312/997/1311
f 1317/1002/1316 1312/997/1311 1316/1001/1315
f 1312/997/1311 1317/1002/1316 1318/1003/1317
f 1311/996/1310 1312/997/1311 1318/1003/1317
f 1319/1004/1318 1318/1003/1317 1317/1002/1316
f 1318/1003/1317 1319/1004/1318 1320/1005/1319
f 1319/1004/1318 1321/1006/1320 1320/1005/1319
f 1322/1007/1321 1320/1005/1319 1321/1006/1320
f 1321/1006/1320 1323/1008/1322 1322/1007/1321
f 1324/1009/1323 1322/1007/1321 1323/1008/1322
f 1324/1009/1323 1323/1008/1322 1325/1010/1324
f 1326/1011/1325 1325/1010/1324 1323/1008/1322
f 1325/1010/1324 1326/1011/1325 1327/1012/1326
f 1328/1013/1327 1327/1012/1326 1326/1011/1325
f 1327/1012/1326 1328/1013/1327 1329/1014/1328
f 1330/1015/1329 1329/1014/1328 1328/1013/1327
f 1329/1014/1328 1330/1015/1329 1331/1218/1330
f 1332/1016/1331 1331/1218/1330 1330/1015/1329
f 1317/1002/1316 1333/1018/1332 1319/1004/1318
f 1321/1006/1320 1319/1004/1318 1333/1018/1332
f 1333/1018/1332 1334/1019/1333 1321/1006/1320
f 1323/1008/1322 1321/1006/1320 1334/1019/1333
f 1323/1008/1322 1334/1019/1333 1326/1011/1325
f 1335/1020/1334 1326/1011/1325 1334/1019/1333
f 1326/1011/1325 1335/1020/1334 1328/1013/1327
f 1336/1021/1335 1328/1013/1327 1335/1020/1334
f 1328/1013/1327 1336/1021/1335 1330/1015/1329
f 1332/1016/1331 1330/1015/1329 1337/1022/1336
f 1336/1021/1335 1337/1022/1336 1330/1015/1329
f 1332/1016/1331 1337/1022/1336 1338/1027/1337
f 1339/1026/1338 1338/1027/1337 1337/1022/1336
f 1317/1002/1316 1316/1001/1315 1333/1018/1332
f 1316/1001/1315 1340/1023/1339 1333/1018/1332
f 1334/1019/1333 1333/1018/1332 1340/1023/1339
f 1340/1023/1339 1335/1020/1334 1334/1019/1333
f 1340/1023/1339 1341/1024/1340 1335/1020/1334
f 1336/1021/1335 1335/1020/1334 1341/1024/1340
f 1336/1021/1335 1341/1024/1340 1337/1022/1336
f 1342/1025/1341 1337/1022/1336 1341/1024/1340
f 1337/1022/1336 1342/1025/1341 1339/1026/1338
f 1343/1028/1342 1339/1026/1338 1342/1025/1341
f 1340/1023/1339 1316/1001/1315 1344/1029/1343
f 1340/1023/1339 1344/1029/1343 1341/1024/1340
f 1345/1030/1344 1344/1029/1343 1316/1001/1315
f 1316/1001/1315 1315/1000/1314 1345/1030/1344
f 1346/1031/1345 1345/1030/1344 1315/1000/1314
f 1315/1000/1314 1313/998/1312 1346/1031/1345
f 1347/1032/1346 1346/1031/1345 1313/998/1312
f 1348/1033/1347 1341/1024/1340 1344/1029/1343
f 1341/1024/1340 1348/1033/1347 1342/1025/1341
f 1349/1034/1348 1342/1025/1341 1348/1033/1347
f 1342/1025/1341 1349/1034/1348 1343/1028/1342
f 1350/1035/1349 1343/1028/1342 1349/1034/1348
f 1313/998/1312 1314/999/1313 1347/1032/1346
f 1351/1036/1350 1347/1032/1346 1314/999/1313
f 1351/1036/1350 1314/999/1313 1352/1037/1351
f 1353/1038/1352 1352/1037/1351 1314/999/1313
f 1314/999/1313 1308/990/1307 1353/1038/1352
f 1310/995/1309 1353/1038/1352 1308/990/1307
f 1345/1030/1344 1346/1031/1345 1354/1039/1353
f 1355/1040/1354 1354/1039/1353 1346/1031/1345
f 1346/1031/1345 1347/1032/1346 1355/1040/1354
f 1354/1039/1353 1356/1041/1355 1345/1030/1344
f 1348/1033/1347 1357/1042/1356 1349/1034/1348
f 1348/1033/1347 1344/1029/1343 1357/1042/1356
f 1356/1041/1355 1357/1042/1356 1344/1029/1343
f 1344/1029/1343 1345/1030/1344 1356/1041/1355
f 1358/1043/1357 1349/1034/1348 1357/1042/1356
f 1349/1034/1348 1358/1043/1357 1350/1035/1349
f 1359/1044/1358 1350/1035/1349 1358/1043/1357
f 1352/1037/1351 1360/1045/1359 1351/1036/1350
f 1361/1046/1360 1351/1036/1350 1360/1045/1359
f 1361/1046/1360 1362/1047/1361 1351/1036/1350
f 1347/1032/1346 1351/1036/1350 1362/1047/1361
f 1362/1047/1361 1355/1040/1354 1347/1032/1346
f 1354/1039/1353 1355/1040/1354 1363/1048/1362
f 1364/1049/1363 1363/1048/1362 1355/1040/1354
f 1355/1040/1354 1362/1047/1361 1364/1049/1363
f 1363/1048/1362 1365/1050/1364 1354/1039/1353
f 1356/1041/1355 1354/1039/1353 1365/1050/1364
f 1356/1041/1355 1365/1050/1364 1357/1042/1356
f 1366/1051/1365 1357/1042/1356 1365/1050/1364
f 1357/1042/1356 1366/1051/1365 1358/1043/1357
f 1367/1052/1366 1358/1043/1357 1366/1051/1365
f 1358/1043/1357 1367/1052/1366 1359/1044/1358
f 1368/1053/1367 1359/1044/1358 1367/1052/1366
f 1360/1045/1359 1369/1054/1368 1361/1046/1360
f 1370/1055/1369 1361/1046/1360 1369/1054/1368
f 1370/1055/1369 1371/1056/1370 1361/1046/1360
f 1362/1047/1361 1361/1046/1360 1371/1056/1370
f 1371/1056/1370 1364/1049/1363 1362/1047/1361
f 1372/1060/1371 1373/1058/1372 1374/1059/1373
f 1375/1057/1374 1374/1059/1373 1373/1058/1372
f 1374/1059/1373 1376/1061/1375 1372/1060/1371
f 1377/1062/1376 1372/1060/1371 1376/1061/1375
f 1376/1061/1375 1378/1063/1377 1377/1062/1376
f 1379/1064/1378 1377/1062/1376 1378/1063/1377
f 1379/1064/1378 1378/1063/1377 1380/1065/1379
f 1381/1066/1380 1380/1065/1379 1378/1063/1377
f 1381/1066/1380 1382/1067/1381 1380/1065/1379
f 1383/1068/1382 1380/1065/1379 1382/1067/1381
f 1373/1058/1372 1384/1069/1383 1375/1057/1374
f 1385/1070/1384 1375/1057/1374 1384/1069/1383
f 1385/1070/1384 1384/1069/1383 1386/1071/1385
f 1387/1072/1386 1386/1071/1385 1384/1069/1383
f 1387/1072/1386 1388/1073/1387 1386/1071/1385
f 1389/1074/1388 1386/1071/1385 1388/1073/1387
f 1386/1071/1385 1390/1076/1389 1385/1070/1384
f 1391/1075/1390 1385/1070/1384 1390/1076/1389
f 1391/1075/1390 1392/1077/1391 1385/1070/1384
f 1375/1057/1374 1385/1070/1384 1392/1077/1391
f 1392/1077/1391 1393/1078/1392 1375/1057/1374
f 1374/1059/1373 1375/1057/1374 1393/1078/1392
f 1393/1078/1392 1394/1079/1393 1374/1059/1373
f 1376/1061/1375 1374/1059/1373 1394/1079/1393
f 1394/1079/1393 1395/1080/1394 1376/1061/1375
f 1378/1063/1377 1376/1061/1375 1395/1080/1394
f 1395/1080/1394 1396/1081/1395 1378/1063/1377
f 1381/1066/1380 1378/1063/1377 1396/1081/1395
f 1381/1066/1380 1396/1081/1395 1382/1067/1381
f 1397/1082/1396 1382/1067/1381 1396/1081/1395
f 1390/1076/1389 1398/1083/1397 1391/1075/1390
f 1399/1084/1398 1391/1075/1390 1398/1083/1397
f 1391/1075/1390 1399/1084/1398 1392/1077/1391
f 1400/1085/1399 1392/1077/1391 1399/1084/1398
f 1400/1085/1399 1401/1086/1400 1392/1077/1391
f 1393/1078/1392 1392/1077/1391 1401/1086/1400
f 1396/1081/1395 1395/1080/1394 1402/1087/1401
f 1403/1088/1402 1402/1087/1401 1395/1080/1394
f 1395/1080/1394 1394/1079/1393 1403/1088/1402
f 1402/1087/1401 1404/1089/1403 1396/1081/1395
f 1396/1081/1395 1404/1089/1403 1397/1082/1396
f 1405/1090/1404 1403/1088/1402 1394/1079/1393
f 1403/1088/1402 1405/1090/1404 1406/1091/1405
f 1403/1088/1402 1406/1091/1405 1402/1087/1401
f 1407/1092/1406 1406/1091/1405 1405/1090/1404
f 1407/1092/1406 1405/1090/1404 1401/1086/1400
f 1408/1093/1407 1402/1087/1401 1406/1091/1405
f 1408/1093/1407 1409/1094/1408 1402/1087/1401
f 1409/1094/1408 1404/1089/1403 1402/1087/1401
f 1404/1089/1403 1409/1094/1408 1410/1095/1409
f 1410/1095/1409 1397/1082/1396 1404/1089/1403
f 1411/1096/1410 1410/1095/1409 1409/1094/1408
f 1400/1085/1399 1399/1084/1398 1412/1097/1411
f 1413/1098/1412 1412/1097/1411 1399/1084/1398
f 1413/1098/1412 1399/1084/1398 1414/1099/1413
f 1398/1083/1397 1414/1099/1413 1399/1084/1398
f 1414/1099/1413 1398/1083/1397 1415/1100/1414
f 1398/1083/1397 1390/1076/1389 1415/1100/1414
f 1416/1101/1415 1415/1100/1414 1390/1076/1389
f 1390/1076/1389 1386/1071/1385 1416/1101/1415
f 1389/1074/1388 1416/1101/1415 1386/1071/1385
f 1417/1102/1416 1414/1099/1413 1415/1100/1414
f 1414/1099/1413 1417/1102/1416 1418/1103/1417
f 1418/1103/1417 1419/1104/1418 1414/1099/1413
f 1419/1104/1418 1413/1098/1412 1414/1099/1413
f 1413/1098/1412 1419/1104/1418 1412/1097/1411
f 1420/1105/1419 1418/1103/1417 1417/1102/1416
f 1420/1105/1419 1417/1102/1416 1421/1106/1420
f 1421/1106/1420 1417/1102/1416 1422/1107/1421
f 1417/1102/1416 1415/1100/1414 1422/1107/1421
f 1423/1108/1422 1422/1107/1421 1415/1100/1414
f 1423/1108/1422 1415/1100/1414 1416/1101/1415
f 1424/1112/1423 1412/1097/1411 1419/1104/1418
f 1419/1104/1418 1425/1111/1424 1424/1112/1423
f 1425/1111/1424 1419/1104/1418 1418/1103/1417
f 1426/1129/1425 1424/1112/1423 1425/1111/1424
f 1424/1112/1423 1426/1129/1425 1427/1113/1426
f 1424/1112/1423 1427/1113/1426 1412/1097/1411
f 1428/1114/1427 1412/1097/1411 1427/1113/1426
f 1427/1113/1426 1429/1115/1428 1428/1114/1427
f 1407/1092/1406 1428/1114/1427 1429/1115/1428
f 1429/1115/1428 1430/1116/1429 1407/1092/1406
f 1430/1116/1429 1429/1115/1428 1431/1117/1430
f 1432/1118/1431 1431/1117/1430 1429/1115/1428
f 1429/1115/1428 1427/1113/1426 1432/1118/1431
f 1431/1117/1430 1433/1119/1432 1430/1116/1429
f 1434/1120/1433 1430/1116/1429 1433/1119/1432
f 1433/1119/1432 1435/1121/1434 1434/1120/1433
f 1436/1122/1435 1434/1120/1433 1435/1121/1434
f 1406/1091/1405 1407/1092/1406 1430/1116/1429
f 1434/1120/1433 1408/1093/1407 1430/1116/1429
f 1406/1091/1405 1430/1116/1429 1408/1093/1407
f 1408/1093/1407 1434/1120/1433 1409/1094/1408
f 1436/1122/1435 1409/1094/1408 1434/1120/1433
f 1409/1094/1408 1436/1122/1435 1437/1123/1436
f 1436/1122/1435 1435/1121/1434 1437/1123/1436
f 1428/1114/1427 1407/1092/1406 1401/1086/1400
f 1412/1097/1411 1428/1114/1427 1400/1085/1399
f 1401/1086/1400 1400/1085/1399 1428/1114/1427
f 1438/1125/1437 1437/1123/1436 1435/1121/1434
f 1431/1117/1430 1432/1118/1431 1439/1131/1438
f 1440/1126/1439 1439/1131/1438 1432/1118/1431
f 1432/1118/1431 1441/1124/1440 1440/1126/1439
f 1441/1124/1440 1432/1118/1431 1427/1113/1426
f 1441/1124/1440 1427/1113/1426 1426/1129/1425
f 1426/1129/1425 1442/1128/1441 1441/1124/1440
f 1443/1127/1442 1441/1124/1440 1442/1128/1441
f 1443/1127/1442 1440/1126/1439 1441/1124/1440
f 1442/1128/1441 1426/1129/1425 1444/1130/1443
f 1425/1111/1424 1444/1130/1443 1426/1129/1425
f 1444/1130/1443 1425/1111/1424 1445/1110/1444
f 1418/1103/1417 1445/1110/1444 1425/1111/1424
f 1445/1110/1444 1418/1103/1417 1446/1109/1445
f 1420/1105/1419 1446/1109/1445 1418/1103/1417
f 1446/1109/1445 1420/1105/1419 1447/1135/1446
f 1448/1136/1447 1447/1135/1446 1420/1105/1419
f 1420/1105/1419 1421/1106/1420 1448/1136/1447
f 1401/1086/1400 1405/1090/1404 1393/1078/1392
f 1394/1079/1393 1393/1078/1392 1405/1090/1404
f 1439/1131/1438 1449/1132/1448 1431/1117/1430
f 1433/1119/1432 1431/1117/1430 1449/1132/1448
f 1449/1132/1448 1450/1133/1449 1433/1119/1432
f 1435/1121/1434 1433/1119/1432 1450/1133/1449
f 1435/1121/1434 1450/1133/1449 1438/1125/1437
f 1451/1134/1450 1438/1125/1437 1450/1133/1449
f 1437/1123/1436 1411/1096/1410 1409/1094/1408
f 1452/1140/1451 1453/1138/1452 1454/1139/1453
f 1455/1137/1454 1454/1139/1453 1453/1138/1452
f 1454/1139/1453 1456/1141/1455 1452/1140/1451
f 1457/1142/1456 1452/1140/1451 1456/1141/1455
f 1456/1141/1455 1458/1219/1457 1457/1142/1456
f 1459/1220/1458 1457/1142/1456 1458/1219/1457
f 1453/1138/1452 1460/1221/1459 1455/1137/1454
f 1461/1145/1460 1455/1137/1454 1460/1221/1459
f 1461/1145/1460 1460/1221/1459 1462/1147/1461
f 1463/1148/1462 1462/1147/1461 1460/1221/1459
f 1462/1147/1461 1463/1148/1462 1464/1149/1463
f 1465/1150/1464 1464/1149/1463 1463/1148/1462
f 1464/1149/1463 1465/1150/1464 1466/1151/1465
f 1467/1152/1466 1466/1151/1465 1465/1150/1464
f 1464/1149/1463 1466/1151/1465 1468/1153/1467
f 1469/1154/1468 1464/1149/1463 1468/1153/1467
f 1464/1149/1463 1469/1154/1468 1470/1155/1469
f 1464/1149/1463 1470/1155/1469 1462/1147/1461
f 1470/1155/1469 1471/1156/1470 1462/1147/1461
f 1472/1157/1471 1462/1147/1461 1471/1156/1470
f 1462/1147/1461 1472/1157/1471 1461/1145/1460
f 1472/1157/1471 1471/1156/1470 1473/1158/1472
f 1474/1222/1473 1472/1157/1471 1473/1158/1472
f 1474/1222/1474 1461/1145/1460 1475/1157/1475
f 1461/1145/1460 1474/1222/1474 1476/1160/1476
f 1476/1160/1476 1477/1223/1477 1461/1145/1460
f 1467/1152/1466 1478/1180/1478 1466/1151/1465
f 1479/1178/1479 1478/1180/1478 1467/1152/1466
f 1465/1150/1464 1480/1176/1480 1467/1152/1466
f 1480/1176/1480 1465/1150/1464 1481/1175/1481
f 1463/1148/1462 1481/1175/1481 1465/1150/1464
f 1481/1175/1481 1463/1148/1462 1482/1174/1482
f 1460/1221/1459 1482/1174/1482 1463/1148/1462
f 1482/1174/1482 1460/1221/1459 1483/1173/1483
f 1453/1138/1452 1483/1173/1483 1460/1221/1459
f 1453/1138/1452 1452/1140/1451 1483/1173/1483
f 1484/1172/1484 1483/1173/1483 1452/1140/1451
f 1452/1140/1451 1457/1142/1456 1484/1172/1484
f 1485/1171/1485 1484/1172/1484 1457/1142/1456
f 1457/1142/1456 1459/1220/1458 1485/1171/1485
f 1486/1170/1486 1485/1171/1485 1459/1220/1458
f 1459/1220/1458 1487/1224/1487 1486/1170/1486
f 1486/1170/1486 1487/1224/1487 1488/1225/1488
f 1489/1217/1489 1486/1170/1486 1488/1225/1488
f 1488/1225/1488 1490/1226/1490 1489/1217/1489
f 1458/1219/1457 1487/1224/1487 1459/1220/1458
f 1458/1219/1457 1491/1168/1491 1487/1224/1487
f 1491/1168/1491 1458/1219/1457 1492/1167/1492
f 1456/1141/1455 1492/1167/1492 1458/1219/1457
f 1456/1141/1455 1493/1166/1493 1492/1167/1492
f 1456/1141/1455 1494/1165/1494 1493/1166/1493
f 1456/1141/1455 1454/1139/1453 1494/1165/1494
f 1494/1165/1494 1454/1139/1453 1495/1164/1495
f 1454/1139/1453 1496/1163/1496 1495/1164/1495
f 1454/1139/1453 1455/1137/1454 1496/1163/1496
f 1455/1137/1454 1497/1162/1497 1496/1163/1496
f 1455/1137/1454 1477/1223/1477 1497/1162/1497
f 1455/1137/1454 1461/1145/1460 1477/1223/1477
f 1498/1227/1498 1487/1224/1487 1491/1168/1491
f 1499/1182/1499 1500/1181/1500 1501/1228/1501
f 1499/1182/1499 1501/1228/1501 1502/1183/1502
f 1501/1228/1501 1500/1181/1500 1503/1184/1503
f 1501/1228/1501 1503/1184/1503 1502/1183/1502
f 1504/1185/1504 1503/1184/1503 1500/1181/1500
f 1500/1181/1500 1505/1186/1505 1504/1185/1504
f 1503/1184/1503 1506/1187/1506 1502/1183/1502
f 1502/1183/1502 1506/1187/1506 1507/1188/1507
f 1508/1229/1508 1507/1188/1507 1506/1187/1506
f 1508/1229/1508 1509/1203/1509 1507/1188/1507
f 1509/1203/1509 1510/1204/1510 1507/1188/1507
f 1510/1204/1510 1502/1183/1502 1507/1188/1507
f 1508/1229/1508 1506/1187/1506 1511/1190/1511
f 1512/1191/1512 1508/1229/1508 1511/1190/1511
f 1513/1230/1513 1512/1191/1512 1511/1190/1511
f 1511/1190/1511 1514/1193/1514 1513/1230/1513
f 1513/1230/1513 1514/1193/1514 1515/1195/1515
f 1514/1193/1514 1516/1200/1516 1515/1195/1515
f 1506/1187/1506 1517/1192/1517 1511/1190/1511
f 1514/1193/1514 1511/1190/1511 1517/1192/1517
f 1514/1193/1514 1517/1192/1517 1518/1196/1518
f 1519/1197/1519 1518/1196/1518 1517/1192/1517
f 1518/1196/1518 1519/1197/1519 1520/1231/1520
f 1521/1198/1521 1520/1231/1520 1519/1197/1519
f 1520/1231/1520 1522/1201/1522 1518/1196/1518
f 1522/1201/1522 1523/1232/1523 1518/1196/1518
f 1523/1232/1523 1524/1202/1524 1518/1196/1518
f 1514/1193/1514 1518/1196/1518 1524/1202/1524
f 1524/1202/1524 1516/1200/1516 1514/1193/1514
f 1525/1205/1525 1522/1201/1522 1520/1231/1520
f 1525/1205/1525 1520/1231/1520 1521/1198/1521
f 1526/1206/1526 1525/1205/1525 1521/1198/1521
f 1526/1206/1526 1521/1198/1521 1527/1207/1527
f 1528/1208/1528 1527/1207/1527 1521/1198/1521
f 1529/1233/1529 1527/1207/1527 1528/1208/1528
f 1530/1234/1530 1527/1207/1527 1529/1233/1529
f 1531/1224/1531 1532/1227/1531 1533/1225/1531
f 1504/1185/1504 1505/1186/1505 1534/1211/1532
f 1505/1186/1505 1535/1212/1533 1534/1211/1532
f 1536/1213/1534 1534/1211/1532 1535/1212/1533
f 1534/1211/1532 1536/1213/1534 1537/1214/1535
f 1538/1177/1536 1467/1152/1466 1480/1176/1480
f 1467/1152/1466 1538/1177/1536 1479/1178/1479
f 1539/1179/1537 1479/1178/1479 1538/1177/1536
f 1540/1235/1538 1541/1236/1539 1542/1237/1540
f 1543/1238/1541 1542/1237/1540 1541/1236/1539
f 1542/1237/1540 1544/1239/1542 1540/1235/1538
f 1545/1240/1543 1540/1235/1538 1544/1239/1542
f 1541/1236/1539 1546/1241/1544 1543/1238/1541
f 1546/1241/1544 1547/1242/1545 1543/1238/1541
f 1548/1243/1546 1546/1241/1544 1541/1236/1539
f 1548/1243/1546 1541/1236/1539 1549/1244/1547
f 1550/1245/1548 1549/1244/1547 1541/1236/1539
f 1541/1236/1539 1551/1235/1549 1550/1245/1548
f 1548/1243/1546 1549/1244/1547 1552/1246/1550
f 1552/1246/1550 1546/1241/1544 1548/1243/1546
f 1553/1247/1551 1546/1241/1544 1552/1246/1550
f 1553/1247/1551 1552/1246/1550 1554/1248/1552
f 1555/1249/1553 1554/1248/1552 1552/1246/1550
f 1555/1249/1553 1552/1246/1550 1549/1244/1547
f 1554/1248/1552 1556/1250/1554 1553/1247/1551
f 1557/1251/1555 1553/1247/1551 1556/1250/1554
f 1557/1251/1555 1546/1241/1544 1553/1247/1551
f 1545/1240/1556 1558/1239/1557 1559/1252/1558
f 1560/1253/1559 1559/1252/1558 1558/1239/1557
f 1561/1254/1560 1550/1245/1561 1562/1235/1562
f 1561/1254/1560 1562/1235/1562 1563/1255/1563
f 1564/1240/1564 1563/1255/1563 1562/1235/1562
f 1563/1255/1563 1564/1240/1564 1565/1252/1565
f 1566/1256/1566 1567/1257/1567 1557/1251/1555
f 1568/1258/1568 1557/1251/1555 1567/1257/1567
f 1567/1257/1567 1566/1256/1566 1569/1259/1569
f 1570/1260/1570 1569/1259/1569 1566/1256/1566
f 1571/1261/1571 1566/1256/1572 1556/1250/1573
f 1572/1251/1574 1556/1250/1573 1566/1256/1572
f 1571/1261/1571 1573/1262/1575 1566/1256/1572
f 1574/1260/1576 1566/1256/1572 1573/1262/1575
f 1574/1260/1576 1573/1262/1575 1575/1263/1577
f 1576/1264/1578 1577/1253/1579 1578/1265/1580
f 1579/1266/1581 1578/1265/1580 1577/1253/1579
f 1580/1266/1582 1581/1267/1583 1578/1265/1584
f 1582/1268/1585 1578/1265/1584 1581/1267/1583
f 1581/1267/1583 1583/1269/1586 1582/1268/1585
f 1584/1270/1587 1582/1268/1585 1583/1269/1586
f 1585/1271/1588 1586/1272/1589 1584/1270/1590
f 1587/1273/1591 1586/1272/1589 1585/1271/1588
f 1588/1274/1592 1587/1273/1591 1585/1271/1588
f 1589/1269/1593 1585/1271/1588 1584/1270/1590
f 1590/1275/1594 1585/1271/1588 1589/1269/1593
f 1591/1276/1595 1585/1271/1588 1590/1275/1594
f 1592/1277/1596 1585/1271/1588 1591/1276/1595
f 1592/1277/1596 1591/1276/1595 1593/1278/1597
f 1594/1279/1598 1593/1278/1597 1591/1276/1595
f 1594/1279/1598 1591/1276/1595 1595/1242/1599
f 1590/1275/1594 1596/1242/1600 1591/1276/1595
f 1596/1242/1600 1590/1275/1594 1597/1238/1601
f 1598/1269/1602 1597/1238/1601 1590/1275/1594
f 1598/1269/1602 1599/1267/1603 1597/1238/1601
f 1600/1237/1604 1597/1238/1601 1599/1267/1603
f 1599/1267/1603 1601/1266/1605 1600/1237/1604
f 1602/1239/1606 1600/1237/1604 1601/1266/1605
f 1603/1253/1607 1602/1239/1606 1601/1266/1605
f 1592/1277/1596 1593/1278/1597 1604/1280/1608
f 1594/1279/1598 1595/1242/1599 1546/1241/1609
f 1605/1278/1610 1594/1279/1598 1546/1241/1609
f 1593/1278/1611 1546/1241/1612 1606/1258/1613
f 1606/1258/1613 1546/1241/1612 1607/1251/1614
f 1604/1280/1615 1608/1258/1616 1609/1281/1617
f 1610/1257/1618 1611/1281/1619 1608/1258/1620
f 1611/1281/1619 1610/1257/1618 1612/1282/1621
f 1613/1259/1622 1612/1282/1621 1610/1257/1618
f 1613/1259/1622 1614/1283/1623 1612/1282/1621
f 1612/1282/1621 1614/1283/1623 1615/1284/1624
f 1616/1263/1625 1615/1284/1624 1614/1283/1623
f 1612/1282/1621 1615/1284/1624 1617/1281/1626
f 1618/1285/1627 1619/1281/1628 1615/1284/1629
f 1618/1285/1627 1620/1286/1630 1619/1281/1628
f 1621/1280/1631 1619/1281/1628 1620/1286/1630
f 1620/1286/1632 1585/1271/1588 1622/1280/1633
f 1622/1280/1633 1585/1271/1588 1592/1277/1596
f 1588/1274/1592 1585/1271/1588 1620/1286/1632
f 1623/1260/1634 1624/1263/1635 1625/1259/1636
f 1626/1283/1637 1625/1259/1636 1624/1263/1635
f 1627/1258/1638 1604/1280/1639 1628/1278/1638
f 1629/1287/1640 1630/1288/1641 1631/1289/1642
f 1632/1290/1643 1631/1289/1642 1630/1288/1641
f 1630/1288/1641 1629/1287/1640 1633/1291/1644
f 1634/1292/1645 1633/1291/1644 1629/1287/1640
f 1633/1291/1644 1634/1292/1645 1635/1293/1646
f 1636/1294/1647 1635/1293/1646 1634/1292/1645
f 1635/1293/1646 1636/1294/1647 1637/1295/1648
f 1638/1296/1649 1637/1295/1648 1636/1294/1647
f 1638/1296/1649 1639/1297/1650 1637/1295/1648
f 1640/1298/1651 1637/1295/1648 1639/1297/1650
f 1639/1297/1650 1641/1299/1652 1640/1298/1651
f 1642/1300/1653 1640/1298/1651 1641/1299/1652
f 1641/1299/1652 1643/1301/1654 1642/1300/1653
f 1644/1302/1655 1642/1300/1653 1643/1301/1654
f 1643/1301/1654 1645/1303/1656 1644/1302/1655
f 1646/1304/1657 1644/1302/1655 1645/1303/1656
f 1647/1305/1658 1648/1306/1659 1649/1307/1660
f 1650/1308/1661 1649/1307/1660 1648/1306/1659
f 1649/1307/1660 1650/1308/1661 1651/1309/1662
f 1652/1310/1663 1651/1309/1662 1650/1308/1661
f 1651/1309/1662 1652/1310/1663 1653/1311/1664
f 1654/1312/1665 1653/1311/1664 1652/1310/1663
f 1653/1311/1664 1654/1312/1665 1655/1313/1666
f 1656/1314/1667 1655/1313/1666 1654/1312/1665
f 1655/1313/1666 1656/1314/1667 1657/1315/1668
f 1658/1316/1669 1657/1315/1668 1656/1314/1667
f 1657/1315/1668 1658/1316/1669 1659/1317/1670
f 1660/1318/1671 1659/1317/1670 1658/1316/1669
f 1660/1318/1671 1661/1319/1672 1659/1317/1670
f 1662/1320/1673 1659/1317/1670 1661/1319/1672
f 1661/1319/1672 1663/1321/1674 1662/1320/1673
f 1664/1322/1675 1662/1320/1673 1663/1321/1674
f 1665/1323/1676 1666/1324/1677 1667/1325/1678
f 1668/1326/1679 1667/1325/1678 1666/1324/1677
f 1667/1325/1678 1669/1327/1680 1665/1323/1676
f 1670/1328/1681 1665/1323/1676 1669/1327/1680
f 1669/1327/1680 1671/1329/1682 1670/1328/1681
f 1672/1330/1683 1670/1328/1681 1671/1329/1682
f 1671/1329/1682 1673/1331/1684 1672/1330/1683
f 1674/1332/1685 1672/1330/1683 1673/1331/1684
f 1674/1332/1685 1673/1331/1684 1675/1333/1686
f 1676/1334/1687 1675/1333/1686 1673/1331/1684
f 1675/1333/1686 1676/1334/1687 1677/1335/1688
f 1678/1336/1689 1677/1335/1688 1676/1334/1687
f 1677/1335/1688 1678/1336/1689 1679/1337/1690
f 1680/1338/1691 1679/1337/1690 1678/1336/1689
f 1679/1337/1690 1680/1338/1691 1681/1339/1692
f 1682/1340/1693 1681/1339/1692 1680/1338/1691
f 1683/1341/1694 1684/1342/1695 1685/1343/1696
f 1686/1344/1697 1685/1343/1696 1684/1342/1695
f 1685/1343/1696 1687/1345/1698 1683/1341/1694
f 1688/1346/1699 1683/1341/1694 1687/1345/1698
f 1687/1345/1698 1689/1347/1700 1688/1346/1699
f 1690/1348/1701 1688/1346/1699 1689/1347/1700
f 1689/1347/1700 1691/1349/1702 1690/1348/1701
f 1692/1350/1703 1690/1348/1701 1691/1349/1702
f 1691/1349/1702 1693/1351/1704 1692/1350/1703
f 1694/1352/1705 1692/1350/1703 1693/1351/1704
f 1693/1351/1704 1695/1353/1706 1694/1352/1705
f 1696/1354/1707 1694/1352/1705 1695/1353/1706
f 1696/1354/1707 1695/1353/1706 1697/1355/1708
f 1698/1356/1709 1697/1355/1708 1695/1353/1706
f 1697/1355/1708 1698/1356/1709 1699/1357/1710
f 1700/1358/1711 1699/1357/1710 1698/1356/1709
f 1701/1359/1712 1702/1360/1713 1703/1361/1714
f 1702/1360/1713 1701/1359/1712 1704/1362/1715
f 1705/1363/1716 1704/1362/1715 1701/1359/1712
f 1704/1362/1715 1705/1363/1716 1706/1364/1717
f 1707/1365/1718 1706/1364/1717 1705/1363/1716
f 1706/1364/1717 1707/1365/1718 1708/1366/1719
f 1709/1367/1720 1708/1366/1719 1707/1365/1718
f 1708/1366/1719 1709/1367/1720 1710/1368/1721
f 1701/1359/1712 1703/1361/1714 1711/1369/1722
f 1701/1359/1712 1711/1369/1722 1705/1363/1716
f 1712/1370/1723 1711/1369/1722 1703/1361/1714
f 1702/1360/1713 1713/1371/1724 1703/1361/1714
f 1714/1372/1725 1703/1361/1714 1713/1371/1724
f 1709/1367/1720 1715/1373/1726 1710/1368/1721
f 1709/1367/1720 1707/1365/1718 1715/1373/1726
f 1716/1374/1727 1710/1368/1721 1715/1373/1726
f 1708/1366/1719 1710/1368/1721 1717/1375/1728
f 1708/1366/1719 1717/1375/1728 1706/1364/1717
f 1718/1376/1729 1717/1375/1728 1710/1368/1721
f 1719/1377/1730 1706/1364/1717 1717/1375/1728
f 1706/1364/1717 1719/1377/1730 1704/1362/1715
f 1720/1378/1731 1715/1373/1726 1707/1365/1718
f 1721/1379/1732 1705/1363/1716 1711/1369/1722
f 1720/1378/1731 1707/1365/1718 1721/1379/1732
f 1705/1363/1716 1721/1379/1732 1707/1365/1718
f 1713/1371/1724 1702/1360/1713 1722/1380/1733
f 1704/1362/1715 1722/1380/1733 1702/1360/1713
f 1722/1380/1733 1704/1362/1715 1719/1377/1730
f 1723/1235/1734 1724/1236/1735 1725/1237/1736
f 1726/1238/1737 1725/1237/1736 1724/1236/1735
f 1723/1235/1734 1725/1237/1736 1727/1240/1738
f 1728/1239/1739 1727/1240/1738 1725/1237/1736
f 1728/1239/1739 1729/1253/1740 1727/1240/1738
f 1724/1236/1735 1730/1241/1741 1726/1238/1737
f 1730/1241/1741 1731/1242/1742 1726/1238/1737
f 1732/1243/1743 1730/1241/1741 1724/1236/1735
f 1732/1243/1743 1724/1236/1735 1733/1244/1744
f 1734/1245/1745 1733/1244/1744 1724/1236/1735
f 1724/1236/1735 1735/1235/1746 1734/1245/1745
f 1732/1243/1743 1733/1244/1744 1736/1246/1747
f 1736/1246/1747 1730/1241/1741 1732/1243/1743
f 1737/1247/1748 1730/1241/1741 1736/1246/1747
f 1737/1247/1748 1736/1246/1747 1738/1248/1749
f 1739/1249/1750 1738/1248/1749 1736/1246/1747
f 1739/1249/1750 1736/1246/1747 1733/1244/1744
f 1738/1248/1749 1740/1250/1751 1737/1247/1748
f 1741/1251/1752 1737/1247/1748 1740/1250/1751
f 1741/1251/1752 1730/1241/1741 1737/1247/1748
f 1742/1252/1753 1727/1240/1754 1743/1253/1753
f 1744/1254/1755 1734/1245/1756 1745/1235/1757
f 1744/1254/1755 1745/1235/1757 1746/1255/1758
f 1747/1240/1759 1746/1255/1758 1745/1235/1757
f 1746/1255/1758 1747/1240/1759 1748/1252/1760
f 1749/1256/1761 1750/1257/1762 1741/1251/1752
f 1751/1258/1763 1741/1251/1752 1750/1257/1762
f 1750/1257/1762 1749/1256/1761 1752/1259/1764
f 1753/1260/1765 1752/1259/1764 1749/1256/1761
f 1754/1261/1766 1749/1256/1767 1740/1250/1768
f 1755/1251/1769 1740/1250/1768 1749/1256/1767
f 1754/1261/1766 1756/1262/1770 1749/1256/1767
f 1757/1260/1771 1749/1256/1767 1756/1262/1770
f 1757/1260/1771 1756/1262/1770 1758/1263/1772
f 1759/1264/1773 1760/1253/1774 1761/1265/1775
f 1762/1266/1776 1761/1265/1775 1760/1253/1774
f 1763/1266/1777 1764/1267/1778 1761/1265/1779
f 1765/1268/1780 1761/1265/1779 1764/1267/1778
f 1764/1267/1778 1766/1269/1781 1765/1268/1780
f 1767/1270/1782 1765/1268/1780 1766/1269/1781
f 1768/1271/1783 1769/1272/1784 1767/1270/1785
f 1770/1273/1786 1769/1272/1784 1768/1271/1783
f 1771/1274/1787 1770/1273/1786 1768/1271/1783
f 1772/1269/1788 1768/1271/1783 1767/1270/1785
f 1773/1275/1789 1768/1271/1783 1772/1269/1788
f 1774/1276/1790 1768/1271/1783 1773/1275/1789
f 1775/1277/1791 1768/1271/1783 1774/1276/1790
f 1775/1277/1791 1774/1276/1790 1776/1278/1792
f 1777/1279/1793 1776/1278/1792 1774/1276/1790
f 1777/1279/1793 1774/1276/1790 1778/1242/1794
f 1773/1275/1789 1779/1242/1795 1774/1276/1790
f 1779/1242/1795 1773/1275/1789 1780/1238/1796
f 1781/1269/1797 1780/1238/1796 1773/1275/1789
f 1780/1238/1796 1781/1269/1797 1782/1237/1798
f 1783/1267/1799 1782/1237/1798 1781/1269/1797
f 1783/1267/1799 1784/1266/1800 1782/1237/1798
f 1785/1239/1801 1782/1237/1798 1784/1266/1800
f 1786/1253/1802 1785/1239/1801 1784/1266/1800
f 1775/1277/1791 1776/1278/1792 1787/1280/1803
f 1777/1279/1793 1778/1242/1794 1730/1241/1804
f 1788/1278/1805 1777/1279/1793 1730/1241/1804
f 1776/1278/1806 1730/1241/1807 1789/1258/1808
f 1789/1258/1808 1730/1241/1807 1790/1251/1809
f 1787/1280/1810 1791/1258/1811 1792/1281/1812
f 1793/1257/1813 1794/1281/1814 1791/1258/1811
f 1794/1281/1814 1793/1257/1813 1795/1282/1815
f 1796/1259/1816 1795/1282/1815 1793/1257/1813
f 1796/1259/1816 1797/1283/1817 1795/1282/1815
f 1795/1282/1815 1797/1283/1817 1798/1284/1818
f 1799/1263/1819 1798/1284/1818 1797/1283/1817
f 1795/1282/1815 1798/1284/1818 1800/1281/1820
f 1801/1285/1821 1802/1281/1822 1798/1284/1823
f 1801/1285/1821 1803/1286/1824 1802/1281/1822
f 1804/1280/1825 1802/1281/1822 1803/1286/1824
f 1803/1286/1826 1768/1271/1783 1805/1280/1827
f 1805/1280/1827 1768/1271/1783 1775/1277/1791
f 1771/1274/1787 1768/1271/1783 1803/1286/1826
f 1806/1260/1828 1807/1263/1829 1808/1259/1830
f 1809/1283/1831 1808/1259/1830 1807/1263/1829
f 1810/1258/1832 1787/1280/1833 1811/1278/1832
f 1812/1235/1834 1813/1236/1835 1814/1237/1836
f 1815/1238/1837 1814/1237/1836 1813/1236/1835
f 1814/1237/1836 1816/1239/1838 1812/1235/1834
f 1817/1240/1839 1812/1235/1834 1816/1239/1838
f 1813/1236/1835 1818/1241/1840 1815/1238/1837
f 1818/1241/1840 1819/1242/1841 1815/1238/1837
f 1820/1243/1842 1818/1241/1840 1813/1236/1835
f 1820/1243/1842 1813/1236/1835 1821/1244/1843
f 1822/1245/1844 1821/1244/1843 1813/1236/1835
f 1813/1236/1835 1823/1235/1845 1822/1245/1844
f 1820/1243/1842 1821/1244/1843 1824/1246/1846
f 1824/1246/1846 1818/1241/1840 1820/1243/1842
f 1825/1247/1847 1818/1241/1840 1824/1246/1846
f 1825/1247/1847 1824/1246/1846 1826/1248/1848
f 1827/1249/1849 1826/1248/1848 1824/1246/1846
f 1827/1249/1849 1824/1246/1846 1821/1244/1843
f 1826/1248/1848 1828/1250/1850 1825/1247/1847
f 1829/1251/1851 1825/1247/1847 1828/1250/1850
f 1829/1251/1851 1818/1241/1840 1825/1247/1847
f 1817/1240/1852 1830/1239/1853 1831/1252/1854
f 1832/1253/1855 1831/1252/1854 1830/1239/1853
f 1833/1254/1856 1822/1245/1857 1834/1235/1858
f 1833/1254/1856 1834/1235/1858 1835/1255/1859
f 1836/1240/1860 1835/1255/1859 1834/1235/1858
f 1835/1255/1859 1836/1240/1860 1837/1252/1861
f 1838/1256/1862 1839/1257/1863 1829/1251/1851
f 1840/1258/1864 1829/1251/1851 1839/1257/1863
f 1839/1257/1863 1838/1256/1862 1841/1259/1865
f 1842/1260/1866 1841/1259/1865 1838/1256/1862
f 1843/1261/1867 1838/1256/1868 1828/1250/1869
f 1844/1251/1870 1828/1250/1869 1838/1256/1868
f 1843/1261/1867 1845/1262/1871 1838/1256/1868
f 1846/1260/1872 1838/1256/1868 1845/1262/1871
f 1846/1260/1872 1845/1262/1871 1847/1263/1873
f 1848/1264/1874 1849/1253/1875 1850/1265/1876
f 1851/1266/1877 1850/1265/1876 1849/1253/1875
f 1852/1266/1878 1853/1267/1879 1850/1265/1880
f 1854/1268/1881 1850/1265/1880 1853/1267/1879
f 1853/1267/1879 1855/1269/1882 1854/1268/1881
f 1856/1270/1883 1854/1268/1881 1855/1269/1882
f 1857/1271/1884 1858/1272/1885 1856/1270/1886
f 1859/1273/1887 1858/1272/1885 1857/1271/1884
f 1860/1274/1888 1859/1273/1887 1857/1271/1884
f 1861/1269/1889 1857/1271/1884 1856/1270/1886
f 1862/1275/1890 1857/1271/1884 1861/1269/1889
f 1863/1276/1891 1857/1271/1884 1862/1275/1890
f 1864/1277/1892 1857/1271/1884 1863/1276/1891
f 1864/1277/1892 1863/1276/1891 1865/1278/1893
f 1866/1279/1894 1865/1278/1893 1863/1276/1891
f 1866/1279/1894 1863/1276/1891 1867/1242/1895
f 1862/1275/1890 1868/1242/1896 1863/1276/1891
f 1868/1242/1896 1862/1275/1890 1869/1238/1897
f 1870/1269/1898 1869/1238/1897 1862/1275/1890
f 1870/1269/1898 1871/1267/1899 1869/1238/1897
f 1872/1237/1900 1869/1238/1897 1871/1267/1899
f 1871/1267/1899 1873/1266/1901 1872/1237/1900
f 1874/1239/1902 1872/1237/1900 1873/1266/1901
f 1875/1253/1903 1874/1239/1902 1873/1266/1901
f 1864/1277/1892 1865/1278/1893 1876/1280/1904
f 1866/1279/1894 1867/1242/1895 1818/1241/1905
f 1877/1278/1906 1866/1279/1894 1818/1241/1905
f 1865/1278/1907 1818/1241/1908 1878/1258/1909
f 1878/1258/1909 1818/1241/1908 1879/1251/1910
f 1876/1280/1911 1880/1258/1912 1881/1281/1913
f 1882/1257/1914 1883/1281/1915 1880/1258/1912
f 1883/1281/1915 1882/1257/1914 1884/1282/1916
f 1885/1259/1917 1884/1282/1916 1882/1257/1914
f 1885/1259/1917 1886/1283/1918 1884/1282/1916
f 1884/1282/1916 1886/1283/1918 1887/1284/1919
f 1888/1263/1920 1887/1284/1919 1886/1283/1918
f 1884/1282/1916 1887/1284/1919 1889/1281/1921
f 1890/1285/1922 1891/1281/1923 1887/1284/1924
f 1890/1285/1922 1892/1286/1925 1891/1281/1923
f 1893/1280/1926 1891/1281/1923 1892/1286/1925
f 1892/1286/1927 1857/1271/1884 1894/1280/1928
f 1894/1280/1928 1857/1271/1884 1864/1277/1892
f 1860/1274/1888 1857/1271/1884 1892/1286/1927
f 1895/1260/1929 1896/1263/1930 1897/1259/1930
f 1898/1283/1931 1897/1259/1930 1896/1263/1930
f 1899/1258/1932 1876/1280/1933 1900/1278/1932
f 1901/1235/1934 1902/1236/1935 1903/1237/1936
f 1904/1238/1937 1903/1237/1936 1902/1236/1935
f 1903/1237/1936 1905/1239/1938 1901/1235/1934
f 1906/1240/1939 1901/1235/1934 1905/1239/1938
f 1902/1236/1935 1907/1241/1940 1904/1238/1937
f 1907/1241/1940 1908/1242/1941 1904/1238/1937
f 1906/1240/1942 1909/1239/1943 1910/1252/1944
f 1911/1253/1945 1910/1252/1944 1909/1239/1943
f 1912/1247/1946 1907/1241/1947 1913/1246/1948
f 1912/1247/1946 1913/1246/1948 1914/1248/1949
f 1915/1249/1950 1914/1248/1949 1913/1246/1948
f 1914/1248/1949 1916/1250/1951 1912/1247/1946
f 1917/1251/1952 1912/1247/1946 1916/1250/1951
f 1917/1251/1952 1907/1241/1947 1912/1247/1946
f 1915/1249/1950 1913/1246/1948 1918/1244/1953
f 1919/1243/1954 1918/1244/1953 1913/1246/1948
f 1913/1246/1948 1907/1241/1947 1919/1243/1954
f 1919/1243/1954 1920/1236/1955 1918/1244/1953
f 1919/1243/1954 1907/1241/1947 1920/1236/1955
f 1921/1245/1956 1918/1244/1953 1920/1236/1955
f 1921/1245/1956 1920/1236/1955 1922/1254/1957
f 1923/1235/1958 1922/1254/1959 1924/1236/1960
f 1922/1254/1959 1923/1235/1958 1925/1255/1961
f 1926/1240/1962 1925/1255/1961 1923/1235/1958
f 1925/1255/1961 1926/1240/1962 1927/1252/1963
f 1928/1256/1964 1929/1257/1965 1917/1251/1966
f 1930/1258/1967 1917/1251/1966 1929/1257/1965
f 1929/1257/1965 1928/1256/1964 1931/1259/1968
f 1932/1260/1969 1931/1259/1968 1928/1256/1964
f 1933/1261/1970 1928/1256/1971 1916/1250/1972
f 1934/1251/1973 1916/1250/1972 1928/1256/1971
f 1933/1261/1970 1935/1262/1974 1928/1256/1971
f 1936/1260/1975 1928/1256/1971 1935/1262/1974
f 1936/1260/1975 1935/1262/1974 1937/1263/1976
f 1938/1264/1977 1939/1253/1978 1940/1265/1979
f 1941/1266/1980 1940/1265/1979 1939/1253/1978
f 1942/1266/1981 1943/1267/1982 1940/1265/1983
f 1944/1268/1984 1940/1265/1983 1943/1267/1982
f 1943/1267/1982 1945/1269/1985 1944/1268/1984
f 1946/1270/1986 1944/1268/1987 1947/1269/1988
f 1947/1269/1988 1948/1271/1989 1946/1270/1986
f 1948/1271/1989 1949/1272/1990 1946/1270/1986
f 1950/1273/1991 1949/1272/1990 1948/1271/1989
f 1951/1274/1992 1950/1273/1991 1948/1271/1989
f 1952/1275/1993 1948/1271/1989 1947/1269/1988
f 1947/1269/1988 1953/1238/1994 1952/1275/1993
f 1953/1238/1994 1947/1269/1988 1954/1237/1995
f 1955/1267/1996 1954/1237/1995 1947/1269/1988
f 1955/1267/1996 1956/1266/1997 1954/1237/1995
f 1957/1239/1998 1954/1237/1995 1956/1266/1997
f 1958/1253/1999 1957/1239/1998 1956/1266/1997
f 1959/1242/2000 1952/1275/1993 1953/1238/1994
f 1960/1276/2001 1948/1271/1989 1952/1275/1993
f 1961/1277/2002 1948/1271/1989 1960/1276/2001
f 1952/1275/1993 1962/1242/2003 1960/1276/2001
f 1963/1279/2004 1960/1276/2001 1962/1242/2003
f 1963/1279/2004 1964/1278/2005 1960/1276/2001
f 1965/1277/2006 1960/1276/2001 1964/1278/2005
f 1961/1277/2007 1966/1278/2008 1967/1280/2009
f 1968/1258/2010 1967/1280/2009 1966/1278/2008
f 1967/1280/2011 1969/1258/2012 1970/1281/2013
f 1971/1257/2014 1972/1281/2015 1969/1258/2012
f 1972/1281/2015 1971/1257/2014 1973/1282/2016
f 1974/1259/2017 1973/1282/2016 1971/1257/2014
f 1974/1259/2017 1975/1283/2018 1973/1282/2016
f 1973/1282/2016 1975/1283/2018 1976/1284/2019
f 1977/1263/2020 1976/1284/2019 1975/1283/2018
f 1973/1282/2016 1976/1284/2019 1978/1281/2021
f 1979/1285/2022 1980/1281/2023 1976/1284/2024
f 1979/1285/2022 1981/1286/2025 1980/1281/2023
f 1982/1280/2026 1980/1281/2023 1981/1286/2025
f 1981/1286/2027 1948/1271/1989 1983/1280/2028
f 1983/1280/2028 1948/1271/1989 1984/1277/2029
f 1951/1274/1992 1948/1271/1989 1981/1286/2027
f 1985/1260/2030 1986/1263/2031 1987/1259/2032
f 1988/1283/2033 1987/1259/2032 1986/1263/2031
f 1989/1278/2034 1963/1279/2035 1907/1241/2036
f 1963/1279/2035 1990/1242/2037 1907/1241/2036
f 1989/1278/2034 1907/1241/2036 1991/1258/2038
f 1991/1258/2038 1907/1241/2036 1992/1251/2039
f 1993/1238/2040 1994/1236/2041 1995/1237/2042
f 1996/1235/2043 1995/1237/2042 1994/1236/2041
f 1995/1237/2042 1996/1235/2043 1997/1239/2044
f 1998/1240/2045 1997/1239/2044 1996/1235/2043
f 1999/1241/2046 1994/1236/2041 1993/1238/2040
f 2000/1242/2047 1999/1241/2046 1993/1238/2040
f 1998/1240/2048 2001/1252/2049 2002/1239/2049
f 2003/1253/2050 2002/1239/2049 2001/1252/2049
f 1999/1241/2051 2004/1247/2052 2005/1246/2053
f 2004/1247/2052 2006/1248/2054 2005/1246/2053
f 2007/1249/2055 2005/1246/2053 2006/1248/2054
f 2006/1248/2054 2004/1247/2052 2008/1250/2056
f 2009/1251/2057 2008/1250/2056 2004/1247/2052
f 1999/1241/2051 2009/1251/2057 2004/1247/2052
f 2007/1249/2055 2010/1244/2058 2005/1246/2053
f 2011/1243/2059 2005/1246/2053 2010/1244/2058
f 1999/1241/2051 2005/1246/2053 2011/1243/2059
f 2011/1243/2059 2010/1244/2058 2012/1236/2060
f 1999/1241/2051 2011/1243/2059 2012/1236/2060
f 2013/1245/2061 2012/1236/2060 2010/1244/2058
f 2013/1245/2061 2014/1254/2062 2012/1236/2060
f 2015/1235/2063 2016/1236/2064 2014/1254/2065
f 2014/1254/2065 2017/1255/2066 2015/1235/2063
f 2018/1240/2067 2015/1235/2063 2017/1255/2066
f 2018/1240/2067 2017/1255/2066 2019/1252/2068
f 2020/1258/2069 2021/1257/2070 2009/1251/2071
f 2022/1256/2072 2009/1251/2071 2021/1257/2070
f 2021/1257/2070 2023/1259/2073 2022/1256/2072
f 2024/1260/2074 2022/1256/2072 2023/1259/2073
f 2025/1251/2075 2022/1256/2076 2008/1250/2077
f 2026/1261/2078 2008/1250/2077 2022/1256/2076
f 2026/1261/2078 2022/1256/2076 2027/1262/2079
f 2028/1260/2080 2027/1262/2079 2022/1256/2076
f 2027/1262/2079 2028/1260/2080 2029/1263/2081
f 2030/1266/2082 2031/1253/2083 2032/1265/2084
f 2033/1264/2085 2032/1265/2084 2031/1253/2083
f 2034/1268/2086 2035/1267/2087 2032/1265/2088
f 2036/1266/2089 2032/1265/2088 2035/1267/2087
f 2035/1267/2087 2034/1268/2086 2037/1269/2090
f 2038/1270/2091 2039/1269/2092 2034/1268/2093
f 2040/1271/2094 2039/1269/2092 2038/1270/2091
f 2041/1272/2095 2040/1271/2094 2038/1270/2091
f 2041/1272/2095 2042/1273/2096 2040/1271/2094
f 2042/1273/2096 2043/1274/2097 2040/1271/2094
f 2040/1271/2094 2044/1275/2098 2039/1269/2092
f 2039/1269/2092 2044/1275/2098 2045/1238/2099
f 2045/1238/2099 2046/1237/2100 2039/1269/2092
f 2047/1267/2101 2039/1269/2092 2046/1237/2100
f 2047/1267/2101 2046/1237/2100 2048/1266/2102
f 2049/1239/2017 2048/1266/2102 2046/1237/2100
f 2049/1239/2017 2050/1253/2103 2048/1266/2102
f 2051/1242/2104 2045/1238/2099 2044/1275/2098
f 2040/1271/2094 2052/1276/2105 2044/1275/2098
f 2040/1271/2094 2053/1277/2106 2052/1276/2105
f 2044/1275/2098 2052/1276/2105 2054/1242/2107
f 2055/1279/2108 2054/1242/2107 2052/1276/2105
f 2055/1279/2108 2052/1276/2105 2056/1278/2109
f 2057/1277/2110 2056/1278/2109 2052/1276/2105
f 2053/1277/2111 2058/1280/2112 2059/1278/2113
f 2060/1258/2114 2059/1278/2113 2058/1280/2112
f 2058/1280/2115 2061/1281/2116 2062/1258/2117
f 2063/1257/2118 2062/1258/2117 2064/1281/2119
f 2064/1281/2119 2065/1282/2120 2063/1257/2118
f 2066/1259/1998 2063/1257/2118 2065/1282/2120
f 2067/1283/2121 2066/1259/1998 2065/1282/2120
f 2065/1282/2120 2068/1284/2122 2067/1283/2121
f 2069/1263/2123 2067/1283/2121 2068/1284/2122
f 2065/1282/2120 2070/1281/2124 2068/1284/2122
f 2071/1285/2125 2068/1284/2126 2072/1281/2127
f 2071/1285/2125 2072/1281/2127 2073/1286/2128
f 2074/1280/2129 2073/1286/2128 2072/1281/2127
f 2040/1271/2094 2073/1286/2130 2075/1280/2131
f 2040/1271/2094 2075/1280/2131 2076/1277/2132
f 2040/1271/2094 2043/1274/2097 2073/1286/2130
f 2077/1283/2133 2078/1263/2134 2079/1259/2135
f 2080/1260/2136 2079/1259/2135 2078/1263/2134
f 2055/1279/2137 2081/1278/2138 1999/1241/2139
f 2082/1242/2140 2055/1279/2137 1999/1241/2139
f 1999/1241/2139 2081/1278/2138 2083/1258/2141
f 1999/1241/2139 2083/1258/2141 2084/1251/2142
f 2085/1381/2143 2086/1382/2144 2087/1383/2145
f 2086/1382/2144 2085/1381/2143 2088/1384/2146
f 2089/1385/2147 2088/1384/2146 2085/1381/2143
f 2088/1384/2146 2089/1385/2147 2090/1386/2148
f 2091/1387/2149 2088/1384/2146 2090/1386/2148
f 2088/1384/2146 2091/1387/2149 2092/1388/2150
f 2093/1389/2151 2092/1388/2150 2091/1387/2149
f 2091/1387/2149 2094/1390/2152 2093/1389/2151
f 2094/1390/2152 2091/1387/2149 2095/1391/2153
f 2095/1391/2153 2091/1387/2149 2090/1386/2148
f 2096/1392/2154 2094/1390/2152 2095/1391/2153
f 2096/1392/2154 2097/1393/2155 2094/1390/2152
f 2098/1394/2156 2094/1390/2152 2097/1393/2155
f 2098/1394/2156 2097/1393/2155 2099/1395/2157
f 2100/1396/2158 2093/1389/2151 2094/1390/2152
f 2092/1388/2150 2093/1389/2151 2101/1397/2159
f 2102/1398/2160 2092/1388/2150 2101/1397/2159
f 2092/1388/2150 2102/1398/2160 2103/1399/2161
f 2088/1384/2146 2092/1388/2150 2103/1399/2161
f 2104/1400/2162 2101/1397/2159 2093/1389/2151
f 2104/1400/2162 2093/1389/2151 2105/1401/2163
f 2093/1389/2151 2100/1396/2158 2105/1401/2163
f 2105/1401/2163 2100/1396/2158 2106/1402/2164
f 2094/1390/2152 2107/1403/2165 2100/1396/2158
f 2094/1390/2152 2098/1394/2156 2107/1403/2165
f 2100/1396/2158 2107/1403/2165 2106/1402/2164
f 2108/1404/2166 2109/1405/2167 2110/1406/2168
f 2111/1407/2169 2110/1406/2168 2109/1405/2167
f 2109/1405/2167 2108/1404/2166 2112/1408/2170
f 2113/1409/2171 2112/1408/2170 2108/1404/2166
f 2112/1408/2170 2113/1409/2171 2114/1410/2172
f 2115/1411/2173 2114/1410/2172 2113/1409/2171
f 2114/1410/2172 2115/1411/2173 2116/1412/2174
f 2117/1413/2175 2116/1412/2174 2115/1411/2173
f 2117/1413/2175 2118/1414/2176 2116/1412/2174
f 2119/1415/2177 2116/1412/2174 2118/1414/2176
f 2120/1416/2178 2121/1417/2179 2122/1418/2179
f 2123/1419/2180 2122/1418/2179 2121/1417/2179
f 2124/1420/2181 2125/1421/2182 2126/1422/2183
f 2127/1423/2184 2126/1422/2183 2125/1421/2182
f 2124/1420/2181 2126/1422/2183 2128/1416/2185
f 2129/1417/2186 2128/1416/2185 2126/1422/2183
f 2130/1424/2187 2131/1425/2188 2132/1426/2189
f 2133/1427/2190 2132/1426/2189 2131/1425/2188
f 2130/1424/2187 2132/1426/2189 2134/1428/2191
f 2135/1429/2192 2134/1428/2191 2132/1426/2189
f 2134/1428/2191 2135/1429/2192 2136/1430/2193
f 2137/1431/2194 2136/1430/2193 2135/1429/2192
f 2137/1431/2194 2138/1432/2195 2136/1430/2193
f 2139/1433/2196 2136/1430/2193 2138/1432/2195
f 2139/1433/2196 2138/1432/2195 2140/1434/2197
f 2141/1435/2198 2140/1434/2197 2138/1432/2195
f 2142/1436/2199 2140/1434/2197 2141/1435/2198
f 2141/1435/2198 2143/1437/2200 2142/1436/2199
f 2144/1438/2201 2142/1436/2199 2143/1437/2200
f 2145/1439/2202 2146/1440/2203 2147/1441/2204
f 2148/1442/2205 2147/1441/2204 2146/1440/2203
f 2147/1441/2204 2148/1442/2205 2149/1443/2206
f 2150/1444/2207 2149/1443/2206 2148/1442/2205
f 2151/1445/2208 2152/1443/2208 2153/1444/2209
f 2154/1446/2210 2152/1443/2208 2151/1445/2208
f 2155/1382/2211 2156/1381/2212 2157/1383/2213
f 2155/1382/2211 2158/1384/2214 2156/1381/2212
f 2159/1385/2215 2156/1381/2212 2158/1384/2214
f 2159/1385/2215 2158/1384/2214 2160/1386/2216
f 2158/1384/2214 2161/1387/2217 2160/1386/2216
f 2158/1384/2214 2162/1388/2218 2161/1387/2217
f 2163/1389/2219 2161/1387/2217 2162/1388/2218
f 2161/1387/2217 2163/1389/2219 2164/1390/2220
f 2161/1387/2217 2164/1390/2220 2165/1391/2221
f 2161/1387/2217 2165/1391/2221 2160/1386/2216
f 2164/1390/2220 2166/1392/2222 2165/1391/2221
f 2166/1392/2222 2164/1390/2220 2167/1393/2223
f 2168/1394/2224 2167/1393/2223 2164/1390/2220
f 2167/1393/2223 2168/1394/2224 2169/1395/2225
f 2170/1396/2226 2164/1390/2220 2163/1389/2219
f 2162/1388/2218 2171/1397/2227 2163/1389/2219
f 2162/1388/2218 2172/1398/2228 2171/1397/2227
f 2172/1398/2228 2162/1388/2218 2173/1399/2229
f 2162/1388/2218 2158/1384/2214 2173/1399/2229
f 2174/1400/2230 2163/1389/2219 2171/1397/2227
f 2163/1389/2219 2174/1400/2230 2175/1401/2231
f 2170/1396/2226 2163/1389/2219 2175/1401/2231
f 2170/1396/2226 2175/1401/2231 2176/1402/2232
f 2177/1403/2233 2164/1390/2220 2170/1396/2226
f 2168/1394/2224 2164/1390/2220 2177/1403/2233
f 2177/1403/2233 2170/1396/2226 2176/1402/2232
f 2178/1407/2234 2179/1405/2235 2180/1406/2236
f 2181/1404/2237 2180/1406/2236 2179/1405/2235
f 2179/1405/2235 2182/1408/2238 2181/1404/2237
f 2183/1409/2239 2181/1404/2237 2182/1408/2238
f 2182/1408/2238 2184/1410/2240 2183/1409/2239
f 2185/1411/2241 2183/1409/2239 2184/1410/2240
f 2184/1410/2240 2186/1412/2242 2185/1411/2241
f 2187/1413/2243 2185/1411/2241 2186/1412/2242
f 2187/1413/2243 2186/1412/2242 2188/1414/2244
f 2189/1415/2245 2188/1414/2244 2186/1412/2242
f 2190/1419/2246 2191/1417/2247 2192/1418/2247
f 2193/1416/2248 2192/1418/2247 2191/1417/2247
f 2194/1423/2249 2195/1421/2250 2196/1422/2251
f 2197/1420/2252 2196/1422/2251 2195/1421/2250
f 2197/1420/2252 2198/1416/2253 2196/1422/2251
f 2199/1417/2254 2196/1422/2251 2198/1416/2253
f 2200/1427/2255 2201/1425/2256 2202/1426/2257
f 2203/1424/2258 2202/1426/2257 2201/1425/2256
f 2203/1424/2258 2204/1428/2259 2202/1426/2257
f 2205/1429/2260 2202/1426/2257 2204/1428/2259
f 2204/1428/2259 2206/1430/2261 2205/1429/2260
f 2207/1431/2262 2205/1429/2260 2206/1430/2261
f 2207/1431/2262 2206/1430/2261 2208/1432/2263
f 2209/1433/2264 2208/1432/2263 2206/1430/2261
f 2209/1433/2264 2210/1434/2265 2208/1432/2263
f 2211/1435/2266 2208/1432/2263 2210/1434/2265
f 2210/1434/2265 2212/1436/2267 2211/1435/2266
f 2211/1435/2266 2212/1436/2267 2213/1437/2268
f 2214/1438/2269 2213/1437/2268 2212/1436/2267
f 2215/1442/2270 2216/1440/2271 2217/1441/2272
f 2218/1439/2273 2217/1441/2272 2216/1440/2271
f 2217/1441/2272 2219/1443/2274 2215/1442/2270
f 2220/1444/2275 2215/1442/2270 2219/1443/2274
f 2221/1443/2276 2222/1445/2276 2223/1444/2277
f 2221/1443/2276 2224/1446/2278 2222/1445/2276
f 2225/1447/2279 2226/1448/2280 2227/1449/2281
f 2228/1450/2282 2227/1449/2281 2226/1448/2280
f 2228/1450/2282 2226/1448/2280 2229/1451/2283
f 2230/1452/2284 2229/1451/2283 2226/1448/2280
f 2229/1451/2283 2230/1452/2284 2231/1453/2285
f 2230/1452/2284 2226/1448/2280 2232/1454/2286
f 2233/1455/2287 2232/1454/2286 2226/1448/2280
f 2225/1447/2279 2233/1455/2287 2226/1448/2280
f 2232/1454/2286 2233/1455/2287 2234/1456/2288
f 2235/1457/2289 2234/1456/2288 2233/1455/2287
f 2229/1451/2283 2236/1458/2290 2228/1450/2282
f 2231/1453/2285 2236/1458/2290 2229/1451/2283
f 2237/1459/2291 2228/1450/2282 2236/1458/2290
f 2228/1450/2282 2237/1459/2291 2227/1449/2281
f 2238/1460/2292 2227/1449/2281 2237/1459/2291
f 2237/1459/2291 2239/1461/2293 2238/1460/2292
f 2240/1462/2294 2238/1460/2292 2239/1461/2293
f 2240/1462/2294 2239/1461/2293 2241/1463/2295
f 2242/1464/2296 2241/1463/2295 2239/1461/2293
f 2239/1461/2293 2237/1459/2291 2243/1465/2297
f 2244/1466/2298 2243/1465/2297 2237/1459/2291
f 2236/1458/2290 2244/1466/2298 2237/1459/2291
f 2242/1464/2296 2239/1461/2293 2245/1467/2299
f 2243/1465/2297 2245/1467/2299 2239/1461/2293
f 2231/1453/2285 2230/1452/2284 2246/1468/2300
f 2247/1469/2301 2246/1468/2300 2230/1452/2284
f 2247/1469/2301 2230/1452/2284 2248/1470/2302
f 2232/1454/2286 2248/1470/2302 2230/1452/2284
f 2244/1466/2298 2249/1471/2303 2243/1465/2297
f 2250/1472/2304 2243/1465/2297 2249/1471/2303
f 2243/1465/2297 2250/1472/2304 2245/1467/2299
f 2249/1471/2303 2244/1466/2298 2251/1473/2305
f 2236/1458/2290 2251/1473/2305 2244/1466/2298
f 2251/1473/2305 2236/1458/2290 2252/1468/2306
f 2253/1453/2307 2252/1468/2306 2236/1458/2290
f 2254/1474/2308 2245/1467/2299 2250/1472/2304
f 2254/1474/2308 2255/1475/2309 2245/1467/2299
f 2256/1476/2310 2248/1470/2311 2234/1456/2288
f 2257/1454/2312 2234/1456/2288 2248/1470/2311
f 2234/1456/2288 2258/1477/2313 2256/1476/2310
f 2234/1456/2288 2235/1457/2289 2258/1477/2313
f 2259/1478/2314 2258/1477/2313 2235/1457/2289
f 2235/1457/2289 2260/1479/2315 2259/1478/2314
f 2261/1480/2316 2259/1478/2314 2260/1479/2315
f 2259/1478/2314 2261/1480/2316 2262/1481/2317
f 2258/1477/2313 2259/1478/2314 2262/1481/2317
f 2263/1482/2318 2262/1481/2317 2261/1480/2316
f 2235/1457/2289 2233/1455/2287 2260/1479/2315
f 2225/1447/2279 2260/1479/2315 2233/1455/2287
f 2264/1483/2319 2256/1476/2310 2258/1477/2313
f 2264/1483/2319 2258/1477/2313 2265/1484/2320
f 2262/1481/2321 2265/1484/2322 2266/1477/2323
f 2242/1464/2324 2267/1467/2325 2255/1475/2326
f 2268/1485/2327 2269/1486/2328 2270/1487/2329
f 2271/1488/2330 2270/1487/2329 2269/1486/2328
f 2270/1487/2329 2272/1489/2331 2268/1485/2327
f 2268/1485/2327 2273/1490/2332 2269/1486/2328
f 2274/1491/2333 2269/1486/2328 2273/1490/2332
f 2271/1488/2330 2275/1492/2334 2270/1487/2329
f 2276/1493/2335 2270/1487/2329 2275/1492/2334
f 2272/1489/2331 2270/1487/2329 2276/1493/2335
f 2277/1494/2336 2276/1493/2335 2275/1492/2334
f 2277/1494/2336 2275/1492/2334 2278/1495/2337
f 2279/1496/2338 2278/1495/2337 2275/1492/2334
f 2278/1495/2337 2279/1496/2338 2280/1497/2339
f 2281/1498/2340 2280/1497/2339 2279/1496/2338
f 2273/1490/2332 2282/1499/2341 2274/1491/2333
f 2283/1500/2342 2274/1491/2333 2282/1499/2341
f 2282/1499/2341 2284/1501/2343 2283/1500/2342
f 2285/1502/2344 2283/1500/2342 2284/1501/2343
f 2284/1501/2343 2286/1503/2345 2285/1502/2344
f 2287/1450/2346 2288/1448/2347 2289/1449/2348
f 2290/1447/2349 2289/1449/2348 2288/1448/2347
f 2287/1450/2346 2291/1451/2350 2288/1448/2347
f 2292/1452/2351 2288/1448/2347 2291/1451/2350
f 2292/1452/2351 2291/1451/2350 2293/1453/2352
f 2292/1452/2351 2294/1454/2353 2288/1448/2347
f 2295/1455/2354 2288/1448/2347 2294/1454/2353
f 2295/1455/2354 2290/1447/2349 2288/1448/2347
f 2294/1454/2353 2296/1456/2355 2295/1455/2354
f 2297/1457/2356 2295/1455/2354 2296/1456/2355
f 2291/1451/2350 2287/1450/2346 2298/1458/2357
f 2298/1458/2357 2293/1453/2352 2291/1451/2350
f 2299/1459/2358 2298/1458/2357 2287/1450/2346
f 2287/1450/2346 2289/1449/2348 2299/1459/2358
f 2300/1460/2359 2299/1459/2358 2289/1449/2348
f 2299/1459/2358 2300/1460/2359 2301/1461/2360
f 2302/1462/2361 2301/1461/2360 2300/1460/2359
f 2302/1462/2361 2303/1463/2362 2301/1461/2360
f 2304/1464/2363 2301/1461/2360 2303/1463/2362
f 2301/1461/2360 2305/1465/2364 2299/1459/2358
f 2306/1466/2365 2299/1459/2358 2305/1465/2364
f 2306/1466/2365 2298/1458/2357 2299/1459/2358
f 2305/1465/2364 2301/1461/2360 2307/1467/2366
f 2304/1464/2363 2307/1467/2366 2301/1461/2360
f 2293/1453/2352 2308/1468/2367 2292/1452/2351
f 2306/1466/2365 2305/1465/2364 2309/1471/2368
f 2310/1472/2369 2309/1471/2368 2305/1465/2364
f 2305/1465/2364 2307/1467/2366 2310/1472/2369
f 2309/1471/2368 2311/1473/2370 2306/1466/2365
f 2298/1458/2357 2306/1466/2365 2311/1473/2370
f 2311/1473/2370 2312/1468/2371 2298/1458/2357
f 2313/1453/2372 2298/1458/2357 2312/1468/2371
f 2314/1474/2373 2310/1472/2369 2307/1467/2366
f 2314/1474/2373 2307/1467/2366 2315/1475/2374
f 2304/1464/2375 2315/1475/2376 2316/1467/2377
f 2317/1469/2378 2292/1452/2351 2308/1468/2367
f 2317/1469/2378 2318/1470/2379 2292/1452/2351
f 2294/1454/2353 2292/1452/2351 2318/1470/2379
f 2319/1454/2380 2318/1470/2381 2296/1456/2355
f 2320/1476/2382 2296/1456/2355 2318/1470/2381
f 2296/1456/2355 2320/1476/2382 2321/1477/2383
f 2296/1456/2355 2321/1477/2383 2297/1457/2356
f 2322/1504/2384 2297/1457/2356 2321/1477/2383
f 2297/1457/2356 2322/1504/2384 2323/1479/2385
f 2324/1505/2386 2323/1479/2385 2322/1504/2384
f 2322/1504/2384 2325/1481/2387 2324/1505/2386
f 2322/1504/2384 2321/1477/2383 2325/1481/2387
f 2326/1482/2388 2324/1505/2386 2325/1481/2387
f 2297/1457/2356 2323/1479/2385 2295/1455/2354
f 2290/1447/2349 2295/1455/2354 2323/1479/2385
f 2327/1483/2389 2321/1477/2383 2320/1476/2382
f 2327/1483/2389 2328/1484/2390 2321/1477/2383
f 2325/1481/2391 2329/1477/2392 2328/1484/2393
f 2330/1488/2394 2331/1486/2395 2332/1487/2396
f 2333/1485/2397 2332/1487/2396 2331/1486/2395
f 2334/1489/2398 2332/1487/2396 2333/1485/2397
f 2333/1485/2397 2331/1486/2395 2335/1490/2399
f 2336/1491/2400 2335/1490/2399 2331/1486/2395
f 2330/1488/2394 2332/1487/2396 2337/1492/2401
f 2338/1493/2402 2337/1492/2401 2332/1487/2396
f 2332/1487/2396 2334/1489/2398 2338/1493/2402
f 2338/1493/2402 2339/1494/2403 2337/1492/2401
f 2339/1494/2403 2340/1495/2404 2337/1492/2401
f 2341/1496/2405 2337/1492/2401 2340/1495/2404
f 2340/1495/2404 2342/1497/2406 2341/1496/2405
f 2343/1498/2407 2341/1496/2405 2342/1497/2406
f 2335/1490/2399 2336/1491/2400 2344/1499/2408
f 2345/1500/2409 2344/1499/2408 2336/1491/2400
f 2344/1499/2408 2345/1500/2409 2346/1501/2410
f 2347/1502/2411 2346/1501/2410 2345/1500/2409
f 2348/1503/2412 2346/1501/2410 2347/1502/2411
f 2349/874/2413 2350/1506/2413 2351/875/2413
f 2352/358/2414 2353/357/2415 2354/360/2416
f 2355/359/2417 2354/360/2416 2353/357/2415
f 2352/358/2414 2356/363/2418 2353/357/2415
f 2357/364/2419 2353/357/2415 2356/363/2418
f 2356/363/2418 2358/365/2420 2357/364/2419
f 2359/366/2421 2357/364/2419 2358/365/2420
f 2358/365/2420 2360/303/2422 2359/366/2421
f 2361/304/2423 2360/303/2422 2358/365/2420
f 2361/304/2423 2362/302/2424 2360/303/2422
f 2363/300/2425 2360/303/2422 2362/302/2424
f 2362/302/2424 2364/301/2426 2363/300/2425
f 2365/299/2427 2363/300/2425 2364/301/2426
f 2364/301/2426 2366/307/2428 2365/299/2427
f 2367/308/2429 2365/299/2427 2366/307/2428
f 2368/1507/2430 2369/1508/2431 2370/1509/2432
f 2371/1510/2433 2370/1509/2432 2369/1508/2431
f 2371/1510/2433 2372/1511/2434 2370/1509/2432
f 2373/1512/2435 2370/1509/2432 2372/1511/2434
f 2373/1512/2435 2372/1511/2434 2374/1513/2436
f 2373/1512/2435 2374/1513/2436 2375/1514/2437
f 2373/1512/2435 2375/1514/2437 2376/1515/2438
f 2377/1516/2439 2376/1515/2438 2375/1514/2437
f 2376/1515/2438 2377/1516/2439 2378/1517/2440
f 2378/1517/2440 2379/1518/2441 2376/1515/2438
f 2380/1519/2442 2376/1515/2438 2379/1518/2441
f 2370/1509/2432 2373/1512/2435 2380/1519/2442
f 2376/1515/2438 2380/1519/2442 2373/1512/2435
f 2379/1518/2441 2381/1520/2443 2380/1519/2442
f 2382/1521/2444 2380/1519/2442 2381/1520/2443
f 2380/1519/2442 2382/1521/2444 2370/1509/2432
f 2368/1507/2430 2370/1509/2432 2382/1521/2444
f 2381/1520/2443 2379/1518/2441 2383/1522/2445
f 2384/1523/2446 2383/1522/2445 2379/1518/2441
f 2379/1518/2441 2378/1517/2440 2384/1523/2446
f 2385/1524/2447 2384/1523/2446 2378/1517/2440
f 2378/1517/2440 2386/1525/2448 2385/1524/2447
f 2386/1525/2448 2378/1517/2440 2377/1516/2439
f 2387/1526/2449 2385/1524/2447 2386/1525/2448
f 2381/1520/2443 2388/1527/2450 2382/1521/2444
f 2389/1528/2451 2382/1521/2444 2388/1527/2450
f 2390/1529/2452 2382/1521/2444 2389/1528/2451
f 2388/1527/2450 2381/1520/2443 2391/1530/2453
f 2383/1522/2445 2391/1530/2453 2381/1520/2443
f 2391/1530/2453 2392/1531/2454 2388/1527/2450
f 2393/1532/2455 2388/1527/2450 2392/1531/2454
f 2393/1532/2455 2394/1533/2456 2388/1527/2450
f 2389/1528/2451 2388/1527/2450 2394/1533/2456
f 2368/1507/2430 2382/1521/2444 2390/1529/2452
f 2395/1534/2457 2368/1507/2430 2390/1529/2452
f 2395/1534/2457 2396/1535/2458 2368/1507/2430
f 2369/1508/2431 2368/1507/2430 2396/1535/2458
f 2387/1526/2449 2397/1536/2459 2385/1524/2447
f 2398/1537/2460 2399/1538/2461 2400/1539/2462
f 2401/1540/2463 2400/1539/2462 2399/1538/2461
f 2401/1540/2463 2399/1538/2461 2402/1541/2464
f 2403/1542/2465 2402/1541/2464 2399/1538/2461
f 2402/1541/2464 2403/1542/2465 2404/1543/2466
f 2405/1544/2467 2404/1543/2466 2403/1542/2465
f 2404/1543/2466 2405/1544/2467 2406/1545/2468
f 2407/1546/2468 2406/1545/2468 2405/1544/2467
f 2398/1537/2460 2400/1539/2462 2408/1547/2469
f 2409/1548/2470 2408/1547/2469 2400/1539/2462
f 2408/1547/2469 2409/1548/2470 2410/1549/2471
f 2411/1550/2472 2410/1549/2471 2409/1548/2470
f 2412/1546/2473 2413/1544/2473 2414/1551/2473
f 2415/1552/2474 2416/1553/2475 2417/1554/2476
f 2418/1555/2477 2417/1554/2476 2416/1553/2475
f 2417/1554/2476 2418/1555/2477 2419/1556/2478
f 2420/1519/2479 2419/1556/2478 2418/1555/2477
f 2419/1556/2478 2420/1519/2479 2421/1507/2480
f 2422/1509/2481 2421/1507/2480 2420/1519/2479
f 2421/1507/2480 2422/1509/2481 2423/1508/2482
f 2424/1510/2483 2423/1508/2482 2422/1509/2481
f 2416/1553/2475 2425/1517/2484 2418/1555/2477
f 2426/1557/2485 2418/1555/2477 2425/1517/2484
f 2418/1555/2477 2426/1557/2485 2420/1519/2479
f 2424/1510/2483 2422/1509/2481 2427/1511/2486
f 2428/1512/2487 2427/1511/2486 2422/1509/2481
f 2425/1517/2484 2429/1525/2488 2426/1557/2485
f 2430/1558/2489 2426/1557/2485 2429/1525/2488
f 2429/1525/2488 2425/1517/2484 2431/1559/2490
f 2432/1560/2491 2431/1559/2490 2425/1517/2484
f 2426/1557/2485 2430/1558/2489 2433/1515/2492
f 2433/1515/2492 2420/1519/2479 2426/1557/2485
f 2428/1512/2487 2422/1509/2481 2433/1515/2492
f 2420/1519/2479 2433/1515/2492 2422/1509/2481
f 2434/1516/2493 2433/1515/2492 2430/1558/2489
f 2434/1516/2493 2435/1514/2494 2433/1515/2492
f 2428/1512/2487 2433/1515/2492 2435/1514/2494
f 2428/1512/2487 2436/1513/2495 2427/1511/2486
f 2435/1514/2494 2436/1513/2495 2428/1512/2487
f 2437/1561/2496 2421/1507/2480 2423/1508/2482
f 2438/1535/2497 2437/1561/2496 2423/1508/2482
f 2425/1517/2484 2416/1553/2475 2432/1560/2491
f 2439/1562/2498 2432/1560/2491 2416/1553/2475
f 2416/1553/2475 2415/1552/2474 2439/1562/2498
f 2440/1563/2499 2439/1562/2498 2415/1552/2474
f 2415/1552/2474 2441/1564/2500 2440/1563/2499
f 2441/1564/2500 2415/1552/2474 2442/1565/2501
f 2417/1554/2476 2442/1565/2501 2415/1552/2474
f 2442/1565/2501 2417/1554/2476 2443/1566/2502
f 2419/1556/2478 2443/1566/2502 2417/1554/2476
f 2443/1566/2502 2419/1556/2478 2444/1567/2503
f 2444/1567/2503 2419/1556/2478 2421/1507/2480
f 2445/1568/2504 2421/1507/2480 2437/1561/2496
f 2445/1568/2504 2444/1567/2503 2421/1507/2480
f 2446/1569/2505 2440/1563/2499 2441/1564/2500
f 2440/1563/2499 2447/1522/2506 2439/1562/2498
f 2446/1569/2505 2447/1522/2506 2440/1563/2499
f 2448/1523/2507 2439/1562/2498 2447/1522/2506
f 2439/1562/2498 2448/1523/2507 2432/1560/2491
f 2449/1524/2508 2432/1560/2491 2448/1523/2507
f 2432/1560/2491 2449/1524/2508 2431/1559/2490
f 2450/1536/2509 2431/1559/2490 2449/1524/2508
f 2451/1531/2510 2447/1522/2506 2446/1569/2505
f 2452/1570/2511 2453/1571/2512 2454/1541/2513
f 2455/1542/2514 2454/1541/2513 2453/1571/2512
f 2454/1541/2513 2455/1542/2514 2456/1540/2515
f 2457/1538/2516 2456/1540/2515 2455/1542/2514
f 2457/1538/2516 2458/1572/2517 2456/1540/2515
f 2459/1573/2518 2456/1540/2515 2458/1572/2517
f 2459/1573/2518 2458/1572/2517 2460/1539/2519
f 2461/1537/2520 2460/1539/2519 2458/1572/2517
f 2460/1539/2519 2461/1537/2520 2462/1548/2521
f 2463/1547/2522 2462/1548/2521 2461/1537/2520
f 2463/1547/2522 2464/1549/2523 2462/1548/2521
f 2465/1550/2524 2462/1548/2521 2464/1549/2523
f 2466/1570/2525 2467/1541/2526 2468/1571/2526
f 2469/1542/2527 2468/1571/2526 2467/1541/2526
f 2470/593/2528 2471/590/2529 2472/595/2530
f 2473/596/2531 2472/595/2530 2471/590/2529
f 2471/590/2529 2474/588/2532 2473/596/2531
f 2475/601/2533 2473/596/2531 2474/588/2532
f 2475/601/2533 2474/588/2532 2476/600/2534
f 2477/589/2535 2476/600/2534 2474/588/2532
f 2478/1574/2536 75/75/75 72/72/72
f 2478/1574/2536 2479/1575/2537 75/75/75
f 2479/1575/2537 74/74/74 75/75/75
usemtl wanwan_high_d1
f 2480/1576/2538 2481/1577/2539 2482/1578/2540
f 2483/1579/2541 2482/1578/2540 2481/1577/2539
f 2481/1577/2539 2484/1580/2542 2483/1579/2541
f 2485/1581/2543 2483/1579/2541 2484/1580/2542
f 2482/1578/2540 2483/1579/2541 2486/1582/2544
f 2487/1583/2545 2486/1582/2544 2483/1579/2541
f 2483/1579/2541 2485/1581/2543 2487/1583/2545
f 2486/1582/2544 2488/1584/2546 2482/1578/2540
f 2489/1585/2547 2482/1578/2540 2488/1584/2546
f 2482/1578/2540 2489/1585/2547 2480/1576/2538
f 2489/1585/2547 2488/1584/2546 2490/1586/2548
f 2491/1587/2549 2490/1586/2548 2488/1584/2546
f 2492/1588/2550 2487/1583/2545 2485/1581/2543
f 2493/1589/2551 2480/1576/2538 2489/1585/2547
f 2489/1585/2547 2490/1586/2548 2493/1589/2551
f 2487/1583/2545 2492/1588/2550 2494/1590/2552
f 2495/1591/2553 2494/1590/2552 2492/1588/2550
f 2486/1582/2544 2496/1592/2554 2488/1584/2546
f 2486/1582/2544 2487/1583/2545 2496/1592/2554
f 2494/1590/2552 2496/1592/2554 2487/1583/2545
f 2497/1593/2555 2488/1584/2546 2496/1592/2554
f 2488/1584/2546 2497/1593/2555 2491/1587/2549
f 2498/1594/2556 2491/1587/2549 2497/1593/2555
f 2498/1594/2556 2497/1593/2555 2499/1595/2557
f 2500/1596/2558 2499/1595/2557 2497/1593/2555
f 2491/1587/2549 2498/1594/2556 2501/1597/2559
f 2502/1598/2560 2501/1597/2559 2498/1594/2556
f 2498/1594/2556 2499/1595/2557 2502/1598/2560
f 2502/1598/2560 2503/1599/2561 2501/1597/2559
f 2504/1600/2562 2501/1597/2559 2503/1599/2561
f 2504/1600/2562 2505/1601/2563 2501/1597/2559
f 2505/1601/2563 2504/1600/2562 2506/1602/2564
f 2507/1603/2565 2506/1602/2564 2504/1600/2562
f 2506/1602/2564 2507/1603/2565 2508/1604/2566
f 2508/1604/2566 2509/1605/2567 2506/1602/2564
f 2510/1606/2568 2506/1602/2564 2509/1605/2567
f 2506/1602/2564 2510/1606/2568 2505/1601/2563
f 2511/1607/2569 2508/1604/2566 2507/1603/2565
f 2508/1604/2566 2511/1607/2569 2512/1608/2570
f 2513/1609/2571 2512/1608/2570 2511/1607/2569
f 2514/1610/2572 2501/1597/2559 2505/1601/2563
f 2503/1599/2561 2515/1611/2573 2504/1600/2562
f 2507/1603/2565 2504/1600/2562 2515/1611/2573
f 2507/1603/2565 2515/1611/2573 2511/1607/2569
f 2516/1612/2574 2511/1607/2569 2515/1611/2573
f 2513/1609/2571 2511/1607/2569 2517/1613/2575
f 2516/1612/2574 2517/1613/2575 2511/1607/2569
f 2503/1599/2561 2502/1598/2560 2518/1614/2576
f 2503/1599/2561 2518/1614/2576 2515/1611/2573
f 2519/1615/2577 2518/1614/2576 2502/1598/2560
f 2519/1615/2577 2502/1598/2560 2499/1595/2557
f 2515/1611/2573 2520/1616/2578 2516/1612/2574
f 2520/1616/2578 2515/1611/2573 2518/1614/2576
f 2518/1614/2576 2521/1617/2579 2520/1616/2578
f 2522/1618/2580 2520/1616/2578 2521/1617/2579
f 2523/1619/2581 2516/1612/2574 2520/1616/2578
f 2521/1617/2579 2518/1614/2576 2524/1620/2582
f 2519/1615/2577 2524/1620/2582 2518/1614/2576
f 2519/1615/2577 2525/1621/2583 2524/1620/2582
f 2499/1595/2557 2525/1621/2583 2519/1615/2577
f 2526/1622/2584 2524/1620/2582 2525/1621/2583
f 2526/1622/2584 2525/1621/2583 2527/1623/2585
f 2528/1624/2586 2527/1623/2585 2525/1621/2583
f 2525/1621/2583 2499/1595/2557 2528/1624/2586
f 2527/1623/2585 2528/1624/2586 2529/1625/2587
f 2530/1626/2588 2529/1625/2587 2528/1624/2586
f 2523/1619/2581 2520/1616/2578 2531/1627/2589
f 2522/1618/2580 2531/1627/2589 2520/1616/2578
f 2523/1619/2581 2531/1627/2589 2532/1628/2590
f 2533/1629/2591 2532/1628/2590 2531/1627/2589
f 2533/1629/2591 2531/1627/2589 2534/1630/2592
f 2535/1631/2593 2534/1630/2592 2531/1627/2589
f 2531/1627/2589 2522/1618/2580 2535/1631/2593
f 2527/1623/2585 2536/1632/2594 2526/1622/2584
f 2537/1633/2595 2526/1622/2584 2536/1632/2594
f 2526/1622/2584 2537/1633/2595 2524/1620/2582
f 2538/1634/2596 2524/1620/2582 2537/1633/2595
f 2524/1620/2582 2538/1634/2596 2521/1617/2579
f 2539/1635/2597 2521/1617/2579 2538/1634/2596
f 2521/1617/2579 2539/1635/2597 2522/1618/2580
f 2540/1636/2598 2535/1631/2593 2522/1618/2580
f 2540/1636/2598 2522/1618/2580 2539/1635/2597
f 2528/1624/2586 2500/1596/2558 2530/1626/2588
f 2541/1637/2599 2530/1626/2588 2500/1596/2558
f 2541/1637/2599 2542/1638/2600 2530/1626/2588
f 2543/1639/2601 2530/1626/2588 2542/1638/2600
f 2542/1638/2600 2541/1637/2599 2494/1590/2552
f 2494/1590/2552 2495/1591/2553 2542/1638/2600
f 2544/1640/2602 2542/1638/2600 2495/1591/2553
f 2542/1638/2600 2544/1640/2602 2543/1639/2601
f 2496/1592/2554 2494/1590/2552 2541/1637/2599
f 2500/1596/2558 2497/1593/2555 2541/1637/2599
f 2496/1592/2554 2541/1637/2599 2497/1593/2555
f 2545/1641/2603 2543/1639/2601 2544/1640/2602
f 2543/1639/2601 2545/1641/2603 2546/1642/2604
f 2547/1643/2605 2546/1642/2604 2545/1641/2603
f 2546/1642/2604 2547/1643/2605 2548/1644/2606
f 2549/1645/2607 2548/1644/2606 2547/1643/2605
f 2546/1642/2604 2529/1625/2587 2543/1639/2601
f 2530/1626/2588 2543/1639/2601 2529/1625/2587
f 2529/1625/2587 2546/1642/2604 2550/1646/2608
f 2548/1644/2606 2550/1646/2608 2546/1642/2604
f 2529/1625/2587 2550/1646/2608 2527/1623/2585
f 2536/1632/2594 2527/1623/2585 2550/1646/2608
f 2551/1647/2609 2552/1648/2610 2553/1649/2611
f 2554/1650/2612 2553/1649/2611 2552/1648/2610
f 2554/1650/2612 2509/1605/2567 2553/1649/2611
f 2509/1605/2567 2554/1650/2612 2510/1606/2568
f 2555/1651/2613 2510/1606/2568 2554/1650/2612
f 2510/1606/2568 2555/1651/2613 2556/1652/2614
f 2556/1652/2614 2505/1601/2563 2510/1606/2568
f 2505/1601/2563 2556/1652/2614 2514/1610/2572
f 2557/1653/2615 2514/1610/2572 2556/1652/2614
f 2557/1653/2615 2558/1654/2616 2514/1610/2572
f 2490/1586/2548 2514/1610/2572 2558/1654/2616
f 2490/1586/2548 2491/1587/2549 2514/1610/2572
f 2501/1597/2559 2514/1610/2572 2491/1587/2549
f 2558/1654/2616 2493/1589/2551 2490/1586/2548
f 2556/1652/2614 2559/1655/2617 2557/1653/2615
f 2559/1655/2617 2556/1652/2614 2555/1651/2613
f 2560/1656/2618 2557/1653/2615 2559/1655/2617
f 2493/1589/2551 2558/1654/2616 2561/1657/2619
f 2561/1657/2619 2562/1658/2620 2493/1589/2551
f 2480/1576/2538 2493/1589/2551 2562/1658/2620
f 2562/1658/2620 2563/1659/2621 2480/1576/2538
f 2481/1577/2539 2480/1576/2538 2563/1659/2621
f 2563/1659/2621 2564/1660/2622 2481/1577/2539
f 2564/1660/2622 2563/1659/2621 2565/1661/2623
f 2566/1662/2624 2565/1661/2623 2563/1659/2621
f 2563/1659/2621 2562/1658/2620 2566/1662/2624
f 2484/1580/2542 2481/1577/2539 2564/1660/2622
f 2567/1663/2625 2561/1657/2619 2558/1654/2616
f 2560/1656/2618 2567/1663/2625 2557/1653/2615
f 2558/1654/2616 2557/1653/2615 2567/1663/2625
f 2568/1664/2626 2566/1662/2624 2562/1658/2620
f 2562/1658/2620 2561/1657/2619 2568/1664/2626
f 2569/1665/2627 2568/1664/2626 2561/1657/2619
f 2561/1657/2619 2567/1663/2625 2569/1665/2627
f 2559/1655/2617 2570/1666/2628 2560/1656/2618
f 2570/1666/2628 2559/1655/2617 2571/1667/2629
f 2555/1651/2613 2571/1667/2629 2559/1655/2617
f 2572/1668/2630 2569/1665/2627 2567/1663/2625
f 2572/1668/2630 2567/1663/2625 2573/1669/2631
f 2573/1669/2631 2560/1656/2618 2570/1666/2628
f 2560/1656/2618 2573/1669/2631 2567/1663/2625
f 2574/1670/2632 2571/1667/2629 2555/1651/2613
f 2565/1661/2623 2566/1662/2624 2575/1671/2633
f 2574/1670/2632 2576/1672/2634 2571/1667/2629
f 2577/1673/2635 2571/1667/2629 2576/1672/2634
f 2571/1667/2629 2577/1673/2635 2570/1666/2628
f 2578/1674/2636 2570/1666/2628 2577/1673/2635
f 2570/1666/2628 2578/1674/2636 2573/1669/2631
f 2568/1664/2626 2569/1665/2627 2579/1675/2637
f 2579/1675/2637 2580/1676/2638 2568/1664/2626
f 2580/1676/2638 2575/1671/2633 2566/1662/2624
f 2566/1662/2624 2568/1664/2626 2580/1676/2638
f 2581/1677/2639 2573/1669/2631 2578/1674/2636
f 2573/1669/2631 2581/1677/2639 2572/1668/2630
f 2582/1678/2640 2572/1668/2630 2581/1677/2639
f 2582/1678/2640 2583/1679/2641 2572/1668/2630
f 2583/1679/2641 2579/1675/2637 2569/1665/2627
f 2569/1665/2627 2572/1668/2630 2583/1679/2641
f 2580/1676/2638 2579/1675/2637 2584/1680/2642
f 2585/1681/2643 2584/1680/2642 2579/1675/2637
f 2579/1675/2637 2583/1679/2641 2585/1681/2643
f 2586/1682/2644 2585/1681/2643 2583/1679/2641
f 2577/1673/2635 2576/1672/2634 2587/1683/2645
f 2577/1673/2635 2587/1683/2645 2578/1674/2636
f 2588/1684/2646 2587/1683/2645 2576/1672/2634
f 2589/1685/2647 2578/1674/2636 2587/1683/2645
f 2578/1674/2636 2589/1685/2647 2581/1677/2639
f 2590/1686/2648 2581/1677/2639 2589/1685/2647
f 2581/1677/2639 2590/1686/2648 2582/1678/2640
f 2586/1682/2644 2583/1679/2641 2591/1687/2649
f 2582/1678/2640 2591/1687/2649 2583/1679/2641
f 2591/1687/2649 2582/1678/2640 2590/1686/2648
f 2588/1684/2646 2592/1688/2650 2587/1683/2645
f 2593/1689/2651 2587/1683/2645 2592/1688/2650
f 2587/1683/2645 2593/1689/2651 2589/1685/2647
f 2594/1690/2652 2589/1685/2647 2593/1689/2651
f 2589/1685/2647 2594/1690/2652 2590/1686/2648
f 2595/1691/2653 2590/1686/2648 2594/1690/2652
f 2591/1687/2649 2590/1686/2648 2596/1692/2654
f 2595/1691/2653 2596/1692/2654 2590/1686/2648
f 2591/1687/2649 2596/1692/2654 2586/1682/2644
f 2597/1693/2655 2586/1682/2644 2596/1692/2654
f 2586/1682/2644 2597/1693/2655 2585/1681/2643
f 2598/1694/2656 2585/1681/2643 2597/1693/2655
f 2585/1681/2643 2598/1694/2656 2584/1680/2642
f 2599/1695/2657 2584/1680/2642 2598/1694/2656
f 2599/1695/2657 2600/1696/2658 2584/1680/2642
f 2588/1684/2646 2601/1697/2659 2592/1688/2650
f 2601/1697/2659 2588/1684/2646 2602/1698/2660
f 2576/1672/2634 2602/1698/2660 2588/1684/2646
f 2576/1672/2634 2603/1699/2661 2602/1698/2660
f 2576/1672/2634 2574/1670/2632 2603/1699/2661
f 2552/1648/2610 2603/1699/2661 2574/1670/2632
f 2603/1699/2661 2552/1648/2610 2604/1700/2662
f 2551/1647/2609 2604/1700/2662 2552/1648/2610
f 2603/1699/2661 2604/1700/2662 2605/1701/2663
f 2552/1648/2610 2574/1670/2632 2554/1650/2612
f 2554/1650/2612 2574/1670/2632 2555/1651/2613
f 2605/1701/2663 2606/1698/2664 2603/1699/2661
f 2597/1693/2655 2607/1702/2665 2598/1694/2656
f 2607/1702/2665 2597/1693/2655 2608/1703/2666
f 2596/1692/2654 2608/1703/2666 2597/1693/2655
f 2608/1703/2666 2596/1692/2654 2609/1704/2667
f 2595/1691/2653 2609/1704/2667 2596/1692/2654
f 2609/1704/2667 2595/1691/2653 2610/1705/2668
f 2594/1690/2652 2610/1705/2668 2595/1691/2653
f 2594/1690/2652 2593/1689/2651 2610/1705/2668
f 2611/1706/2669 2610/1705/2668 2593/1689/2651
f 2593/1689/2651 2592/1688/2650 2611/1706/2669
f 2612/1707/2670 2611/1706/2669 2592/1688/2650
f 2592/1688/2650 2613/1708/2671 2612/1707/2670
f 2613/1708/2671 2592/1688/2650 2601/1697/2659
f 2614/1709/2672 2612/1707/2670 2613/1708/2671
f 2615/1710/2673 2598/1694/2656 2607/1702/2665
f 2598/1694/2656 2615/1710/2673 2599/1695/2657
f 2616/1711/2674 2599/1695/2657 2615/1710/2673
f 2616/1711/2674 2617/1712/2675 2599/1695/2657
f 2600/1696/2658 2599/1695/2657 2617/1712/2675
f 2618/1713/2676 2584/1680/2642 2600/1696/2658
f 2584/1680/2642 2618/1713/2676 2580/1676/2638
f 2619/1714/2677 2580/1676/2638 2618/1713/2676
f 2580/1676/2638 2619/1714/2677 2575/1671/2633
f 2620/1715/2678 2575/1671/2633 2619/1714/2677
f 2523/1619/2581 2621/1716/2679 2516/1612/2574
f 2517/1613/2575 2516/1612/2574 2621/1716/2679
f 2523/1619/2581 2532/1628/2590 2621/1716/2679
f 2509/1605/2567 2508/1604/2566 2622/1717/2680
f 2512/1608/2570 2622/1717/2680 2508/1604/2566
f 2622/1717/2680 2553/1649/2611 2509/1605/2567
f 2623/1718/2681 2624/1701/2681 2604/1700/2682
f 2625/1719/2683 2626/1720/2684 2627/1721/2685
f 2628/1722/2686 2627/1721/2685 2626/1720/2684
f 2626/1720/2684 2625/1719/2683 2629/1723/2687
f 2630/1724/2688 2629/1723/2687 2625/1719/2683
f 2629/1723/2687 2630/1724/2688 2631/1725/2689
f 2632/1726/2690 2631/1725/2689 2630/1724/2688
f 2631/1725/2689 2632/1726/2690 2633/1727/2691
f 2634/1728/2692 2633/1727/2691 2632/1726/2690
f 2633/1727/2691 2634/1728/2692 2635/1729/2693
f 2636/1730/2694 2635/1729/2693 2634/1728/2692
f 2627/1721/2685 2628/1722/2686 2637/1731/2695
f 2638/1732/2696 2637/1731/2695 2628/1722/2686
f 2638/1732/2696 2639/1733/2697 2637/1731/2695
f 2640/1734/2698 2637/1731/2695 2639/1733/2697
f 2639/1733/2697 2641/1735/2699 2640/1734/2698
f 2642/1736/2700 2640/1734/2698 2641/1735/2699
f 2641/1735/2699 2643/1737/2701 2642/1736/2700
f 2644/1738/2702 2642/1736/2700 2643/1737/2701
f 2645/1739/2703 2646/1740/2704 2647/1741/2705
f 2648/1742/2706 2647/1741/2705 2646/1740/2704
f 2648/1742/2706 2646/1740/2704 2649/1743/2707
f 2650/1744/2708 2649/1743/2707 2646/1740/2704
f 2649/1743/2707 2650/1744/2708 2651/1745/2709
f 2652/1746/2710 2651/1745/2709 2650/1744/2708
f 2652/1746/2710 2653/1747/2711 2651/1745/2709
f 2654/1748/2712 2651/1745/2709 2653/1747/2711
f 2653/1747/2711 2655/1749/2713 2654/1748/2712
f 2656/1750/2714 2654/1748/2712 2655/1749/2713
f 2655/1749/2713 2657/1751/2715 2656/1750/2714
f 2658/1752/2716 2656/1750/2714 2657/1751/2715
f 2657/1751/2715 2659/1753/2717 2658/1752/2716
f 2660/1754/2718 2658/1752/2716 2659/1753/2717
f 2659/1753/2717 2661/1755/2719 2660/1754/2718
f 2662/1756/2720 2660/1754/2718 2661/1755/2719
f 2661/1755/2719 2663/1757/2721 2662/1756/2720
f 2664/1758/2722 2662/1756/2720 2663/1757/2721
f 2663/1757/2721 2665/1759/2723 2664/1758/2722
f 2650/1744/2708 2666/1760/2724 2652/1746/2710
f 2650/1744/2708 2646/1740/2704 2666/1760/2724
f 2667/1761/2725 2666/1760/2724 2646/1740/2704
f 2646/1740/2704 2645/1739/2703 2667/1761/2725
f 2668/1762/2726 2667/1761/2725 2645/1739/2703
f 2669/1763/2727 2668/1762/2726 2645/1739/2703
f 2645/1739/2703 2647/1741/2705 2669/1763/2727
f 2670/1764/2728 2669/1763/2727 2647/1741/2705
f 2670/1764/2728 2671/1765/2729 2669/1763/2727
f 2672/1766/2730 2669/1763/2727 2671/1765/2729
f 2669/1763/2727 2672/1766/2730 2668/1762/2726
f 2671/1765/2729 2673/1767/2731 2672/1766/2730
f 2674/1768/2732 2672/1766/2730 2673/1767/2731
f 2673/1767/2731 2675/1769/2733 2674/1768/2732
f 2676/1770/2734 2668/1762/2726 2672/1766/2730
f 2668/1762/2726 2676/1770/2734 2667/1761/2725
f 2672/1766/2730 2677/1768/2735 2676/1770/2734
f 2678/1771/2736 2676/1770/2734 2677/1768/2735
f 2679/1772/2737 2667/1761/2725 2676/1770/2734
f 2676/1770/2734 2678/1771/2736 2679/1772/2737
f 2680/1773/2738 2679/1772/2737 2678/1771/2736
f 2680/1773/2738 2678/1771/2736 2681/1774/2739
f 2682/1769/2740 2681/1774/2739 2678/1771/2736
f 2681/1774/2739 2683/1775/2741 2680/1773/2738
f 2684/1776/2742 2680/1773/2738 2683/1775/2741
f 2680/1773/2738 2684/1776/2742 2679/1772/2737
f 2685/1777/2743 2679/1772/2737 2684/1776/2742
f 2685/1777/2743 2666/1760/2724 2679/1772/2737
f 2667/1761/2725 2679/1772/2737 2666/1760/2724
f 2685/1777/2743 2686/1778/2744 2666/1760/2724
f 2687/1779/2745 2666/1760/2724 2686/1778/2744
f 2687/1779/2745 2652/1746/2710 2666/1760/2724
f 2652/1746/2710 2687/1779/2745 2653/1747/2711
f 2688/1780/2746 2653/1747/2711 2687/1779/2745
f 2687/1779/2745 2686/1778/2744 2688/1780/2746
f 2688/1780/2746 2689/1781/2747 2653/1747/2711
f 2655/1749/2713 2653/1747/2711 2689/1781/2747
f 2655/1749/2713 2689/1781/2747 2657/1751/2715
f 2690/1782/2748 2657/1751/2715 2689/1781/2747
f 2657/1751/2715 2690/1782/2748 2659/1753/2717
f 2691/1783/2749 2659/1753/2717 2690/1782/2748
f 2661/1755/2719 2659/1753/2717 2691/1783/2749
f 2692/1784/2750 2688/1780/2746 2686/1778/2744
f 2692/1784/2750 2693/1785/2751 2688/1780/2746
f 2689/1781/2747 2688/1780/2746 2693/1785/2751
f 2693/1785/2751 2694/1786/2752 2689/1781/2747
f 2690/1782/2748 2689/1781/2747 2694/1786/2752
f 2691/1783/2749 2690/1782/2748 2695/1787/2753
f 2694/1786/2752 2695/1787/2753 2690/1782/2748
f 2691/1783/2749 2695/1787/2753 2661/1755/2719
f 2663/1757/2721 2661/1755/2719 2695/1787/2753
f 2663/1757/2721 2695/1787/2753 2665/1759/2723
f 2696/1788/2754 2665/1759/2723 2695/1787/2753
f 2695/1787/2753 2694/1786/2752 2696/1788/2754
f 2697/1789/2755 2696/1788/2754 2694/1786/2752
f 2694/1786/2752 2693/1785/2751 2697/1789/2755
f 2696/1788/2754 2697/1789/2755 2698/1790/2756
f 2699/1791/2757 2698/1790/2756 2697/1789/2755
f 2700/1792/2758 2697/1789/2755 2693/1785/2751
f 2700/1792/2758 2701/1793/2759 2697/1789/2755
f 2699/1791/2757 2697/1789/2755 2701/1793/2759
f 2700/1792/2758 2693/1785/2751 2702/1794/2760
f 2692/1784/2750 2702/1794/2760 2693/1785/2751
f 2702/1794/2760 2703/1795/2761 2700/1792/2758
f 2701/1793/2759 2700/1792/2758 2703/1795/2761
f 2692/1784/2750 2704/1796/2762 2702/1794/2760
f 2702/1794/2760 2704/1796/2762 2703/1795/2761
f 2705/1797/2763 2703/1795/2761 2704/1796/2762
f 2704/1796/2762 2706/1798/2764 2705/1797/2763
f 2707/1799/2765 2705/1797/2763 2706/1798/2764
f 2706/1798/2764 2684/1776/2742 2707/1799/2765
f 2684/1776/2742 2706/1798/2764 2685/1777/2743
f 2686/1778/2744 2685/1777/2743 2706/1798/2764
f 2706/1798/2764 2704/1796/2762 2686/1778/2744
f 2683/1775/2741 2707/1799/2765 2684/1776/2742
f 2686/1778/2744 2704/1796/2762 2692/1784/2750
f 2698/1790/2766 2708/1800/2767 2709/1788/2768
f 2665/1759/2723 2709/1788/2768 2708/1800/2767
f 2708/1800/2769 2664/1758/2770 2710/1759/2771
f 2678/1771/2772 2711/1768/2773 2712/1769/2773
f 2713/1801/2774 2714/1802/2775 2715/1803/2776
f 2716/1804/2777 2715/1803/2776 2714/1802/2775
f 2715/1803/2776 2717/1805/2778 2713/1801/2774
f 2718/1806/2779 2713/1801/2774 2717/1805/2778
f 2718/1806/2779 2717/1805/2778 2719/1807/2780
f 2720/1808/2781 2719/1807/2780 2717/1805/2778
f 2721/1809/2782 2717/1805/2778 2715/1803/2776
f 2721/1809/2782 2722/1810/2783 2717/1805/2778
f 2720/1808/2781 2717/1805/2778 2722/1810/2783
f 2721/1809/2782 2723/1811/2784 2722/1810/2783
f 2724/1812/2785 2722/1810/2783 2723/1811/2784
f 2724/1812/2785 2723/1811/2784 2725/1813/2786
f 2726/1814/2787 2725/1813/2786 2723/1811/2784
f 2714/1802/2775 2727/1815/2788 2716/1804/2777
f 2728/1816/2789 2716/1804/2777 2727/1815/2788
f 2724/1812/2785 2725/1813/2786 2729/1817/2790
f 2724/1812/2785 2729/1817/2790 2722/1810/2783
f 2730/1818/2791 2729/1817/2790 2725/1813/2786
f 2731/1819/2792 2722/1810/2783 2729/1817/2790
f 2722/1810/2783 2731/1819/2792 2720/1808/2781
f 2732/1820/2793 2720/1808/2781 2731/1819/2792
f 2720/1808/2781 2732/1820/2793 2719/1807/2780
f 2733/1821/2794 2719/1807/2780 2732/1820/2793
f 2718/1806/2779 2719/1807/2780 2734/1822/2795
f 2718/1806/2779 2734/1822/2795 2713/1801/2774
f 2735/1823/2796 2713/1801/2774 2734/1822/2795
f 2713/1801/2774 2735/1823/2796 2714/1802/2775
f 2714/1802/2775 2736/1824/2797 2727/1815/2788
f 2736/1824/2797 2714/1802/2775 2735/1823/2796
f 2737/1825/2798 2727/1815/2788 2736/1824/2797
f 2737/1825/2798 2736/1824/2797 2738/1826/2799
f 2739/1827/2800 2738/1826/2799 2736/1824/2797
f 2736/1824/2797 2735/1823/2796 2739/1827/2800
f 2740/1828/2801 2739/1827/2800 2735/1823/2796
f 2740/1828/2801 2735/1823/2796 2741/1829/2802
f 2734/1822/2795 2741/1829/2802 2735/1823/2796
f 2741/1829/2802 2734/1822/2795 2742/1830/2803
f 2743/1831/2804 2742/1830/2803 2734/1822/2795
f 2743/1831/2804 2734/1822/2795 2719/1807/2780
f 2733/1821/2794 2743/1831/2804 2719/1807/2780
f 2737/1825/2798 2738/1826/2799 2744/1832/2805
f 2737/1825/2798 2744/1832/2805 2745/1833/2806
f 2737/1825/2798 2745/1833/2806 2727/1815/2788
f 2728/1816/2789 2727/1815/2788 2745/1833/2806
f 2746/1834/2807 2745/1833/2806 2744/1832/2805
f 2744/1832/2805 2747/1835/2808 2746/1834/2807
f 2748/1836/2809 2746/1834/2807 2747/1835/2808
f 2748/1836/2809 2747/1835/2808 2749/1837/2810
f 2750/1838/2811 2749/1837/2810 2747/1835/2808
f 2749/1837/2810 2750/1838/2811 2751/1839/2812
f 2752/1840/2813 2751/1839/2812 2750/1838/2811
f 2752/1840/2813 2753/1841/2814 2751/1839/2812
f 2754/1842/2815 2751/1839/2812 2753/1841/2814
f 2754/1842/2815 2753/1841/2814 2755/1843/2816
f 2755/1843/2816 2756/1844/2817 2754/1842/2815
f 2757/1845/2818 2754/1842/2815 2756/1844/2817
f 2756/1844/2817 2758/1846/2819 2757/1845/2818
f 2759/1847/2820 2757/1845/2818 2758/1846/2819
f 2760/1848/2821 2755/1843/2816 2753/1841/2814
f 2756/1844/2817 2761/1849/2822 2758/1846/2819
f 2756/1844/2817 2755/1843/2816 2761/1849/2822
f 2762/1850/2823 2758/1846/2819 2761/1849/2822
f 2763/1851/2824 2761/1849/2822 2755/1843/2816
f 2755/1843/2816 2760/1848/2821 2763/1851/2824
f 2764/1852/2825 2763/1851/2824 2760/1848/2821
f 2752/1840/2813 2750/1838/2811 2765/1853/2826
f 2752/1840/2813 2765/1853/2826 2753/1841/2814
f 2766/1854/2827 2765/1853/2826 2750/1838/2811
f 2767/1855/2828 2753/1841/2814 2765/1853/2826
f 2753/1841/2814 2767/1855/2828 2760/1848/2821
f 2768/1856/2829 2760/1848/2821 2767/1855/2828
f 2764/1852/2825 2760/1848/2821 2769/1857/2830
f 2768/1856/2829 2769/1857/2830 2760/1848/2821
f 2766/1854/2827 2770/1858/2831 2765/1853/2826
f 2770/1858/2831 2766/1854/2827 2771/1859/2832
f 2744/1832/2805 2771/1859/2832 2766/1854/2827
f 2771/1859/2832 2744/1832/2805 2738/1826/2799
f 2744/1832/2805 2766/1854/2827 2747/1835/2808
f 2750/1838/2811 2747/1835/2808 2766/1854/2827
f 2772/1860/2833 2765/1853/2826 2770/1858/2831
f 2765/1853/2826 2772/1860/2833 2767/1855/2828
f 2773/1861/2834 2767/1855/2828 2772/1860/2833
f 2768/1856/2829 2767/1855/2828 2773/1861/2834
f 2768/1856/2829 2773/1861/2834 2774/1862/2835
f 2769/1857/2830 2768/1856/2829 2774/1862/2835
f 2773/1861/2834 2775/1863/2836 2774/1862/2835
f 2776/1864/2837 2774/1862/2835 2775/1863/2836
f 2775/1863/2836 2773/1861/2834 2777/1865/2838
f 2772/1860/2833 2777/1865/2838 2773/1861/2834
f 2777/1865/2838 2772/1860/2833 2778/1866/2839
f 2770/1858/2831 2778/1866/2839 2772/1860/2833
f 2778/1866/2839 2770/1858/2831 2779/1867/2840
f 2771/1859/2832 2779/1867/2840 2770/1858/2831
f 2771/1859/2832 2780/1868/2841 2779/1867/2840
f 2780/1868/2841 2771/1859/2832 2781/1869/2842
f 2738/1826/2799 2781/1869/2842 2771/1859/2832
f 2738/1826/2799 2782/1870/2843 2781/1869/2842
f 2738/1826/2799 2739/1827/2800 2782/1870/2843
f 2783/1871/2844 2782/1870/2843 2739/1827/2800
f 2783/1871/2844 2739/1827/2800 2784/1872/2845
f 2740/1828/2801 2784/1872/2845 2739/1827/2800
f 2740/1828/2801 2741/1829/2802 2784/1872/2845
f 2785/1873/2846 2784/1872/2845 2741/1829/2802
f 2741/1829/2802 2742/1830/2803 2785/1873/2846
f 2786/1874/2847 2785/1873/2846 2742/1830/2803
f 2787/1875/2848 2781/1869/2842 2782/1870/2843
f 2782/1870/2843 2783/1871/2844 2787/1875/2848
f 2778/1866/2839 2779/1867/2840 2788/1876/2849
f 2778/1866/2839 2788/1876/2849 2777/1865/2838
f 2789/1877/2850 2788/1876/2849 2779/1867/2840
f 2789/1877/2850 2779/1867/2840 2790/1868/2851
f 2788/1876/2849 2789/1877/2850 2791/1878/2852
f 2780/1868/2841 2791/1878/2852 2789/1877/2850
f 2788/1876/2849 2791/1878/2852 2792/1879/2853
f 2792/1879/2853 2777/1865/2838 2788/1876/2849
f 2777/1865/2838 2792/1879/2853 2775/1863/2836
f 2793/1880/2854 2775/1863/2836 2792/1879/2853
f 2793/1880/2854 2794/1881/2855 2775/1863/2836
f 2776/1864/2837 2775/1863/2836 2794/1881/2855
f 2794/1881/2855 2793/1880/2854 2795/1882/2856
f 2796/1883/2857 2795/1882/2856 2793/1880/2854
f 2796/1883/2857 2793/1880/2854 2797/1884/2858
f 2792/1879/2853 2797/1884/2858 2793/1880/2854
f 2797/1884/2858 2792/1879/2853 2791/1878/2852
f 2796/1883/2857 2798/1885/2859 2795/1882/2856
f 2799/1886/2860 2795/1882/2856 2798/1885/2859
f 2797/1884/2858 2800/1887/2861 2796/1883/2857
f 2798/1885/2859 2796/1883/2857 2800/1887/2861
f 2800/1887/2861 2797/1884/2858 2801/1888/2862
f 2791/1878/2852 2801/1888/2862 2797/1884/2858
f 2791/1878/2852 2780/1868/2841 2801/1888/2862
f 2802/1889/2863 2801/1888/2862 2780/1868/2841
f 2780/1868/2841 2781/1869/2842 2802/1889/2863
f 2803/1890/2864 2802/1889/2863 2781/1869/2842
f 2781/1869/2842 2804/1891/2865 2803/1890/2864
f 2781/1869/2842 2787/1875/2848 2804/1891/2865
f 2805/1892/2866 2804/1891/2865 2787/1875/2848
f 2805/1892/2866 2787/1875/2848 2783/1871/2844
f 2805/1892/2866 2783/1871/2844 2806/1893/2867
f 2805/1892/2866 2806/1893/2867 2804/1891/2865
f 2784/1872/2845 2806/1893/2867 2783/1871/2844
f 2806/1893/2867 2784/1872/2845 2807/1894/2868
f 2785/1873/2846 2807/1894/2868 2784/1872/2845
f 2807/1894/2868 2785/1873/2846 2808/1895/2869
f 2786/1874/2847 2808/1895/2869 2785/1873/2846
f 2809/1896/2870 2803/1890/2864 2804/1891/2865
f 2810/1897/2871 2804/1891/2865 2806/1893/2867
f 2806/1893/2867 2807/1894/2868 2810/1897/2871
f 2811/1898/2872 2810/1897/2871 2807/1894/2868
f 2807/1894/2868 2808/1895/2869 2811/1898/2872
f 2812/1899/2873 2811/1898/2872 2808/1895/2869
f 2809/1896/2870 2804/1891/2865 2813/1900/2874
f 2810/1897/2871 2813/1900/2874 2804/1891/2865
f 2811/1898/2872 2814/1901/2875 2810/1897/2871
f 2813/1900/2874 2810/1897/2871 2814/1901/2875
f 2814/1901/2875 2811/1898/2872 2815/1902/2876
f 2812/1899/2873 2815/1902/2876 2811/1898/2872
f 2813/1900/2874 2816/1903/2877 2809/1896/2870
f 2813/1900/2874 2814/1901/2875 2816/1903/2877
f 2817/1904/2878 2809/1896/2870 2816/1903/2877
f 2817/1904/2878 2818/1905/2879 2809/1896/2870
f 2803/1890/2864 2809/1896/2870 2818/1905/2879
f 2818/1905/2879 2819/1906/2880 2803/1890/2864
f 2820/1907/2881 2803/1890/2864 2819/1906/2880
f 2802/1889/2863 2803/1890/2864 2820/1907/2881
f 2802/1889/2863 2820/1907/2881 2821/1908/2882
f 2822/1906/2883 2821/1908/2882 2820/1907/2881
f 2823/1909/2884 2816/1903/2877 2814/1901/2875
f 2814/1901/2875 2815/1902/2876 2823/1909/2884
f 2818/1905/2879 2817/1904/2878 2824/1910/2885
f 2825/1911/2886 2824/1910/2885 2817/1904/2878
f 2817/1904/2878 2816/1903/2877 2825/1911/2886
f 2826/1906/2887 2818/1905/2879 2824/1910/2885
f 2821/1908/2882 2826/1906/2888 2827/1912/2889
f 2828/1913/2890 2825/1911/2886 2816/1903/2877
f 2823/1909/2884 2829/1914/2891 2816/1903/2877
f 2828/1913/2890 2816/1903/2877 2829/1914/2891
f 2829/1914/2891 2823/1909/2884 2830/1915/2892
f 2815/1902/2876 2830/1915/2892 2823/1909/2884
f 2821/1908/2882 2831/1916/2893 2802/1889/2863
f 2801/1888/2862 2802/1889/2863 2831/1916/2893
f 2831/1916/2893 2832/1917/2894 2801/1888/2862
f 2800/1887/2861 2801/1888/2862 2832/1917/2894
f 2832/1917/2894 2833/1918/2895 2800/1887/2861
f 2798/1885/2859 2800/1887/2861 2833/1918/2895
f 2798/1885/2859 2833/1918/2895 2799/1886/2860
f 2834/1919/2896 2799/1886/2860 2833/1918/2895
f 2833/1918/2895 2835/1920/2897 2834/1919/2896
f 2833/1918/2895 2832/1917/2894 2835/1920/2897
f 2836/1921/2898 2834/1919/2896 2835/1920/2897
f 2837/1922/2899 2835/1920/2897 2832/1917/2894
f 2832/1917/2894 2838/1923/2900 2837/1922/2899
f 2831/1916/2893 2838/1923/2900 2832/1917/2894
f 2836/1921/2898 2835/1920/2897 2839/1924/2901
f 2840/1925/2902 2839/1924/2901 2835/1920/2897
f 2835/1920/2897 2837/1922/2899 2840/1925/2902
f 2841/1926/2903 2840/1925/2902 2837/1922/2899
f 2837/1922/2899 2838/1923/2900 2841/1926/2903
f 2842/1927/2904 2838/1923/2900 2831/1916/2893
f 2831/1916/2893 2843/1928/2905 2842/1927/2904
f 2821/1908/2882 2843/1928/2905 2831/1916/2893
f 2827/1912/2889 2843/1928/2905 2821/1908/2882
f 2844/1929/2906 2841/1926/2903 2838/1923/2900
f 2838/1923/2900 2842/1927/2904 2844/1929/2906
f 2845/1930/2907 2844/1929/2906 2842/1927/2904
f 2842/1927/2904 2843/1928/2905 2845/1930/2907
f 2846/1931/2908 2845/1930/2907 2843/1928/2905
f 2839/1924/2901 2840/1925/2902 2847/1932/2909
f 2848/1933/2910 2847/1932/2909 2840/1925/2902
f 2840/1925/2902 2841/1926/2903 2848/1933/2910
f 2849/1934/2911 2848/1933/2910 2841/1926/2903
f 2841/1926/2903 2844/1929/2906 2849/1934/2911
f 2850/1935/2912 2849/1934/2911 2844/1929/2906
f 2844/1929/2906 2845/1930/2907 2850/1935/2912
f 2849/1934/2911 2851/1936/2913 2848/1933/2910
f 2847/1932/2909 2848/1933/2910 2851/1936/2913
f 2850/1935/2912 2852/1937/2914 2849/1934/2911
f 2851/1936/2913 2849/1934/2911 2852/1937/2914
f 2853/1938/2915 2850/1935/2912 2845/1930/2907
f 2845/1930/2907 2846/1931/2908 2853/1938/2915
f 2850/1935/2912 2853/1938/2915 2852/1937/2914
f 2854/1939/2916 2853/1938/2915 2846/1931/2908
f 2855/1940/2917 2852/1937/2914 2853/1938/2915
f 2853/1938/2915 2854/1939/2916 2855/1940/2917
f 2852/1937/2914 2855/1940/2917 2851/1936/2913
f 2856/1941/2918 2855/1940/2917 2854/1939/2916
f 2854/1939/2916 2846/1931/2908 2857/1942/2919
f 2857/1942/2919 2858/1943/2920 2854/1939/2916
f 2856/1941/2918 2854/1939/2916 2858/1943/2920
f 2851/1936/2913 2859/1944/2921 2847/1932/2909
f 2859/1944/2921 2851/1936/2913 2855/1940/2917
f 2855/1940/2917 2856/1941/2918 2859/1944/2921
f 2860/1945/2922 2859/1944/2921 2856/1941/2918
f 2858/1943/2920 2861/1946/2923 2856/1941/2918
f 2860/1945/2922 2856/1941/2918 2861/1946/2923
f 2861/1946/2923 2858/1943/2920 2862/1947/2924
f 2863/1942/2925 2862/1947/2924 2858/1943/2920
f 2862/1947/2924 2863/1942/2925 2864/1948/2926
f 2864/1948/2926 2865/1949/2927 2862/1947/2924
f 2827/1912/2889 2865/1949/2927 2864/1948/2926
f 2864/1948/2926 2866/1950/2928 2827/1912/2889
f 2843/1928/2905 2827/1912/2889 2866/1950/2928
f 2846/1931/2908 2843/1928/2905 2866/1950/2928
f 2866/1950/2928 2867/1942/2929 2846/1931/2908
f 2866/1950/2928 2864/1948/2926 2867/1942/2929
f 2868/1951/2930 2862/1947/2924 2865/1949/2927
f 2862/1947/2924 2868/1951/2930 2861/1946/2923
f 2869/1952/2931 2861/1946/2923 2868/1951/2930
f 2861/1946/2923 2869/1952/2931 2860/1945/2922
f 2869/1952/2931 2868/1951/2930 2870/1953/2932
f 2871/1954/2933 2870/1953/2932 2868/1951/2930
f 2868/1951/2930 2865/1949/2927 2871/1954/2933
f 2826/1906/2888 2865/1949/2927 2827/1912/2889
f 2865/1949/2927 2826/1906/2888 2872/1955/2934
f 2872/1955/2934 2873/1954/2935 2865/1949/2927
f 2871/1954/2933 2874/1956/2936 2870/1953/2932
f 2875/1957/2937 2870/1953/2932 2874/1956/2936
f 2874/1956/2936 2876/1958/2938 2875/1957/2937
f 2877/1959/2939 2875/1957/2937 2876/1958/2938
f 2877/1959/2939 2876/1958/2938 2878/1960/2940
f 2879/1961/2941 2878/1960/2940 2876/1958/2938
f 2874/1956/2936 2871/1954/2933 2880/1962/2942
f 2881/1955/2943 2880/1962/2942 2871/1954/2933
f 2881/1955/2943 2826/1906/2887 2880/1962/2942
f 2880/1962/2942 2882/1963/2944 2874/1956/2936
f 2876/1958/2938 2874/1956/2936 2882/1963/2944
f 2876/1958/2938 2882/1963/2944 2879/1961/2941
f 2882/1963/2944 2880/1962/2942 2826/1906/2887
f 2883/1964/2945 2879/1961/2941 2882/1963/2944
f 2882/1963/2944 2824/1910/2885 2883/1964/2945
f 2824/1910/2885 2882/1963/2944 2826/1906/2887
f 2878/1960/2940 2879/1961/2941 2884/1965/2946
f 2885/1966/2947 2884/1965/2946 2879/1961/2941
f 2885/1966/2947 2886/1967/2948 2884/1965/2946
f 2887/1968/2949 2884/1965/2946 2886/1967/2948
f 2885/1966/2947 2879/1961/2941 2888/1969/2950
f 2883/1964/2945 2888/1969/2950 2879/1961/2941
f 2885/1966/2947 2888/1969/2950 2886/1967/2948
f 2889/1970/2951 2886/1967/2948 2888/1969/2950
f 2886/1967/2948 2889/1970/2951 2887/1968/2949
f 2890/1971/2952 2887/1968/2949 2889/1970/2951
f 2824/1910/2885 2825/1911/2886 2883/1964/2945
f 2888/1969/2950 2883/1964/2945 2825/1911/2886
f 2888/1969/2950 2825/1911/2886 2889/1970/2951
f 2828/1913/2890 2889/1970/2951 2825/1911/2886
f 2889/1970/2951 2828/1913/2890 2890/1971/2952
f 2891/1972/2953 2890/1971/2952 2828/1913/2890
f 2829/1914/2891 2891/1972/2953 2828/1913/2890
f 2830/1915/2892 2891/1972/2953 2829/1914/2891
f 2890/1971/2952 2892/1973/2954 2887/1968/2949
f 2891/1972/2953 2892/1973/2954 2890/1971/2952
f 2893/1974/2955 2887/1968/2949 2892/1973/2954
f 2894/1968/2956 2893/1974/2957 2884/1965/2946
f 2895/1975/2958 2884/1965/2946 2893/1974/2957
f 2884/1965/2946 2895/1975/2958 2878/1960/2940
f 2878/1960/2940 2895/1975/2958 2877/1959/2939
f 2877/1959/2939 2895/1975/2958 2875/1957/2937
f 2896/1976/2959 2875/1957/2937 2895/1975/2958
f 2875/1957/2937 2896/1976/2959 2870/1953/2932
f 2870/1953/2932 2896/1976/2959 2869/1952/2931
f 2896/1976/2959 2860/1945/2922 2869/1952/2931
f 2897/1977/2960 2898/1978/2961 2899/1979/2962
f 2900/1980/2963 2899/1979/2962 2898/1978/2961
f 2897/1977/2960 2899/1979/2962 2901/1981/2964
f 2902/1982/2965 2901/1981/2964 2899/1979/2962
f 2901/1981/2964 2902/1982/2965 2903/1983/2966
f 2904/1984/2967 2903/1983/2966 2902/1982/2965
f 2904/1984/2967 2905/1985/2968 2903/1983/2966
f 2906/1986/2969 2903/1983/2966 2905/1985/2968
f 2905/1985/2968 2907/1987/2970 2906/1986/2969
f 2908/1988/2971 2906/1986/2969 2907/1987/2970
f 2907/1987/2970 2909/1989/2972 2908/1988/2971
f 2910/1990/2973 2908/1988/2971 2909/1989/2972
f 2909/1989/2972 2911/1991/2974 2910/1990/2973
f 2912/1992/2975 2910/1990/2973 2911/1991/2974
f 2728/1816/2789 2745/1833/2806 2913/1993/2976
f 2746/1834/2807 2913/1993/2976 2745/1833/2806
f 2748/1836/2809 2913/1993/2976 2746/1834/2807
f 2914/1994/2977 2915/1995/2977 2916/1996/2977
f 2917/1994/2978 2918/1996/2979 2919/1997/2980
f 2920/1998/2981 2919/1997/2980 2918/1996/2979
f 2920/1998/2981 2918/1996/2979 2921/1999/2982
f 2922/2000/2983 2921/1999/2982 2918/1996/2979
f 2921/1999/2982 2922/2000/2983 2923/2001/2984
f 2924/2002/2985 2923/2001/2984 2922/2000/2983
f 2924/2002/2985 2925/2003/2986 2923/2001/2984
f 2926/2004/2987 2923/2001/2984 2925/2003/2986
f 2925/2003/2986 2927/2005/2988 2926/2004/2987
f 2926/2004/2987 2927/2005/2988 2928/2006/2989
f 2928/2006/2989 2927/2005/2988 2929/2007/2990
f 2929/2007/2990 2930/2008/2991 2928/2006/2989
f 2931/2009/2992 2928/2006/2989 2930/2008/2991
f 2931/2009/2992 2930/2008/2991 2932/2010/2993
f 2933/2011/2994 2932/2010/2993 2930/2008/2991
f 2932/2010/2993 2933/2011/2994 2934/2012/2995
f 2935/2013/2996 2934/2012/2995 2933/2011/2994
f 2935/2013/2996 2936/2014/2997 2934/2012/2995
f 2937/2015/2998 2934/2012/2995 2936/2014/2997
f 2936/2014/2997 2938/2016/2999 2937/2015/2998
f 2939/2017/3000 2937/2015/2998 2938/2016/2999
f 2939/2017/3000 2938/2016/2999 2940/2018/3001
f 2941/2019/3002 2940/2018/3001 2938/2016/2999
f 2940/2018/3001 2941/2019/3002 2942/2020/3003
f 2943/2021/3004 2942/2020/3003 2941/2019/3002
f 2943/2021/3004 2944/2022/3005 2942/2020/3003
f 2945/2023/3006 2942/2020/3003 2944/2022/3005
f 2944/2022/3005 2946/2024/3007 2945/2023/3006
f 2945/2023/3006 2946/2024/3007 2947/2025/3008
f 2948/2026/3009 2947/2025/3008 2946/2024/3007
f 2947/2025/3008 2948/2026/3009 2949/2027/3010
f 2950/2028/3011 2949/2027/3010 2948/2026/3009
f 2949/2027/3010 2950/2028/3011 2951/2029/3012
f 2952/2030/3013 2951/2029/3012 2950/2028/3011
f 2951/2029/3012 2952/2030/3013 2953/2031/3014
f 2954/2032/3015 2953/2031/3014 2952/2030/3013
f 2953/2031/3014 2954/2032/3015 2955/2033/3016
f 2956/2034/3017 2955/2033/3016 2954/2032/3015
f 2956/2034/3017 2957/2035/3018 2955/2033/3016
f 2958/2036/3019 2955/2033/3016 2957/2035/3018
f 2957/2035/3018 2959/2037/3020 2958/2036/3019
f 2960/2038/3021 2958/2036/3019 2959/2037/3020
f 2959/2037/3020 2961/2039/3022 2960/2038/3021
f 2962/2040/3023 2960/2038/3021 2961/2039/3022
f 2962/2040/3023 2961/2039/3022 2963/2041/3024
f 2964/2042/3025 2963/2041/3024 2961/2039/3022
f 2964/2042/3025 2965/2043/3026 2963/2041/3024
f 2966/2044/3027 2963/2041/3024 2965/2043/3026
f 2965/2043/3026 2917/1994/2978 2966/2044/3027
f 2919/1997/2980 2966/2044/3027 2917/1994/2978
f 2967/2042/3028 2968/2045/3029 2969/2043/3030
f 2970/2046/3031 2969/2043/3030 2968/2045/3029
f 2971/2047/3032 2972/2022/3032 2973/2021/3032
f 2974/2048/3033 2975/2049/3033 2976/2050/3033
f 2977/2051/3034 2976/2050/3033 2975/2049/3033
f 2978/2052/3033 2974/2048/3033 2976/2050/3033
f 2974/2048/3033 2978/2052/3033 2979/2053/3035
f 2980/2054/3036 2979/2053/3035 2978/2052/3033
f 2981/2055/3037 2979/2053/3035 2980/2054/3036
f 2982/2056/3038 2979/2053/3035 2981/2055/3037
f 2983/2057/3039 2979/2053/3035 2982/2056/3038
f 2984/2058/3040 2985/2051/3041 2986/2059/3042
f 2987/2049/3043 2986/2059/3042 2985/2051/3041
f 2986/2059/3042 2988/2060/3044 2984/2058/3040
f 2989/2061/3045 2984/2058/3040 2988/2060/3044
f 2989/2061/3045 2988/2060/3044 2990/2062/3046
f 2991/2063/3047 2990/2062/3046 2988/2060/3044
f 2992/2064/3048 2990/2062/3046 2991/2063/3047
f 2990/2062/3046 2992/2064/3048 2993/2065/3049
f 2992/2064/3048 2994/2066/3050 2993/2065/3049
f 2995/2067/3051 2993/2065/3049 2994/2066/3050
f 2996/2068/3052 2995/2067/3051 2994/2066/3050
f 2991/2063/3047 2997/2069/3053 2992/2064/3048
f 2998/2070/3054 2992/2064/3048 2997/2069/3053
f 2997/2069/3053 2999/2071/3055 2998/2070/3054
f 2999/2071/3055 3000/2072/3056 2998/2070/3054
f 3001/2073/3057 3000/2072/3056 2999/2071/3055
f 3001/2073/3057 3002/2074/3058 3000/2072/3056
f 3003/2075/3059 3002/2074/3058 3001/2073/3057
f 3004/2076/3060 3005/2077/3061 3006/2078/3062
f 3007/2079/3063 3006/2078/3062 3005/2077/3061
f 3007/2079/3063 3008/2080/3064 3006/2078/3062
f 3009/2081/3065 3006/2078/3062 3008/2080/3064
f 3008/2080/3064 3010/2082/3066 3009/2081/3065
f 3011/2083/3067 3009/2081/3065 3010/2082/3066
f 3010/2082/3066 3012/2084/3068 3011/2083/3067
f 3013/2085/3069 3011/2083/3067 3012/2084/3068
f 3014/2086/3070 3005/2077/3061 3004/2076/3060
f 3014/2086/3070 3004/2076/3060 3015/2087/3071
f 3016/2088/3072 3015/2087/3071 3004/2076/3060
f 3015/2087/3071 3016/2088/3072 3017/2089/3073
f 3017/2089/3073 3016/2088/3072 3018/2090/3074
f 3019/2091/3075 3017/2089/3073 3018/2090/3074
f 3004/2076/3060 3020/2092/3076 3016/2088/3072
f 3021/2093/3077 3016/2088/3072 3020/2092/3076
f 3016/2088/3072 3021/2093/3077 3018/2090/3074
f 3020/2092/3076 3004/2076/3060 3022/2094/3078
f 3006/2078/3062 3022/2094/3078 3004/2076/3060
f 3006/2078/3062 3009/2081/3065 3022/2094/3078
f 3023/2095/3079 3022/2094/3078 3009/2081/3065
f 3009/2081/3065 3011/2083/3067 3023/2095/3079
f 3024/2096/3080 3023/2095/3079 3011/2083/3067
f 3011/2083/3067 3013/2085/3069 3024/2096/3080
f 3025/2097/3081 3024/2096/3080 3013/2085/3069
f 3026/2098/3082 3018/2090/3074 3021/2093/3077
f 3020/2092/3076 3027/2099/3083 3021/2093/3077
f 3028/2100/3084 3021/2093/3077 3027/2099/3083
f 3021/2093/3077 3028/2100/3084 3026/2098/3082
f 3027/2099/3083 3020/2092/3076 3029/2101/3085
f 3022/2094/3078 3029/2101/3085 3020/2092/3076
f 3029/2101/3085 3022/2094/3078 3030/2102/3086
f 3023/2095/3079 3030/2102/3086 3022/2094/3078
f 3023/2095/3079 3024/2096/3080 3030/2102/3086
f 3031/2103/3087 3030/2102/3086 3024/2096/3080
f 3024/2096/3080 3025/2097/3081 3031/2103/3087
f 3032/2104/3088 3031/2103/3087 3025/2097/3081
f 3033/2105/3089 3026/2098/3082 3028/2100/3084
f 3034/2106/3033 3035/2107/3033 3036/2108/3033
f 3037/2109/3033 3035/2107/3033 3034/2106/3033
f 3038/2110/3033 3035/2107/3033 3037/2109/3033
f 3039/2111/3033 3035/2107/3033 3038/2110/3033
f 3040/2112/3033 3035/2107/3033 3039/2111/3033
f 3036/2108/3033 3035/2107/3033 3040/2112/3033
f 2500/1596/2558 2528/1624/2586 2499/1595/2557
f 3041/1579/3090 3042/1577/3091 3043/1578/3092
f 3044/1576/3093 3043/1578/3092 3042/1577/3091
f 3042/1577/3091 3041/1579/3090 3045/1580/3094
f 3046/1581/3095 3045/1580/3094 3041/1579/3090
f 3043/1578/3092 3047/1582/3096 3041/1579/3090
f 3048/1583/3097 3041/1579/3090 3047/1582/3096
f 3041/1579/3090 3048/1583/3097 3046/1581/3095
f 3047/1582/3096 3043/1578/3092 3049/1584/3098
f 3050/1585/3099 3049/1584/3098 3043/1578/3092
f 3043/1578/3092 3044/1576/3093 3050/1585/3099
f 3050/1585/3099 3051/1586/3100 3049/1584/3098
f 3052/1587/3101 3049/1584/3098 3051/1586/3100
f 3053/1588/3102 3046/1581/3095 3048/1583/3097
f 3054/1589/3103 3050/1585/3099 3044/1576/3093
f 3050/1585/3099 3054/1589/3103 3051/1586/3100
f 3048/1583/3097 3055/1590/3104 3053/1588/3102
f 3056/1591/3105 3053/1588/3102 3055/1590/3104
f 3047/1582/3096 3049/1584/3098 3057/1592/3106
f 3055/1590/3104 3048/1583/3097 3057/1592/3106
f 3047/1582/3096 3057/1592/3106 3048/1583/3097
f 3058/1593/3107 3057/1592/3106 3049/1584/3098
f 3049/1584/3098 3052/1587/3101 3058/1593/3107
f 3059/1594/3108 3058/1593/3107 3052/1587/3101
f 3059/1594/3108 3060/1595/3109 3058/1593/3107
f 3061/1596/3110 3058/1593/3107 3060/1595/3109
f 3052/1587/3101 3062/1597/3111 3059/1594/3108
f 3063/1598/3112 3059/1594/3108 3062/1597/3111
f 3059/1594/3108 3063/1598/3112 3060/1595/3109
f 3063/1598/3112 3062/1597/3111 3064/1599/3113
f 3065/1600/3114 3064/1599/3113 3062/1597/3111
f 3065/1600/3114 3062/1597/3111 3066/1601/3115
f 3066/1601/3115 3067/1602/3116 3065/1600/3114
f 3068/1603/3117 3065/1600/3114 3067/1602/3116
f 3067/1602/3116 3069/1604/3118 3068/1603/3117
f 3069/1604/3118 3067/1602/3116 3070/1605/3119
f 3071/1606/3120 3070/1605/3119 3067/1602/3116
f 3067/1602/3116 3066/1601/3115 3071/1606/3120
f 3072/1607/3121 3068/1603/3117 3069/1604/3118
f 3069/1604/3118 3073/1608/3122 3072/1607/3121
f 3074/1609/3123 3072/1607/3121 3073/1608/3122
f 3075/1610/3124 3066/1601/3115 3062/1597/3111
f 3068/1603/3117 3076/1611/3125 3065/1600/3114
f 3064/1599/3113 3065/1600/3114 3076/1611/3125
f 3068/1603/3117 3072/1607/3121 3076/1611/3125
f 3077/1612/3126 3076/1611/3125 3072/1607/3121
f 3077/1612/3126 3072/1607/3121 3078/1613/3127
f 3074/1609/3123 3078/1613/3127 3072/1607/3121
f 3064/1599/3113 3079/1614/3128 3063/1598/3112
f 3064/1599/3113 3076/1611/3125 3079/1614/3128
f 3076/1611/3125 3077/1612/3126 3080/1616/3129
f 3080/1616/3129 3079/1614/3128 3076/1611/3125
f 3079/1614/3128 3080/1616/3129 3081/1617/3130
f 3082/1618/3131 3081/1617/3130 3080/1616/3129
f 3083/1619/3132 3080/1616/3129 3077/1612/3126
f 3081/1617/3130 3084/1620/3133 3079/1614/3128
f 3085/1615/3134 3079/1614/3128 3084/1620/3133
f 3085/1615/3134 3084/1620/3133 3086/1621/3135
f 3087/1622/3136 3086/1621/3135 3084/1620/3133
f 3087/1622/3136 3088/1623/3137 3086/1621/3135
f 3089/1624/3138 3086/1621/3135 3088/1623/3137
f 3085/1615/3134 3063/1598/3112 3079/1614/3128
f 3085/1615/3134 3060/1595/3109 3063/1598/3112
f 3086/1621/3135 3060/1595/3109 3085/1615/3134
f 3086/1621/3135 3089/1624/3138 3060/1595/3109
f 3088/1623/3137 3090/1625/3139 3089/1624/3138
f 3091/1626/3140 3089/1624/3138 3090/1625/3139
f 3082/1618/3131 3080/1616/3129 3092/1627/3141
f 3083/1619/3132 3092/1627/3141 3080/1616/3129
f 3083/1619/3132 3093/1628/3142 3092/1627/3141
f 3094/1629/3143 3092/1627/3141 3093/1628/3142
f 3094/1629/3143 3095/1630/3144 3092/1627/3141
f 3096/1631/3145 3092/1627/3141 3095/1630/3144
f 3088/1623/3137 3087/1622/3136 3097/1632/3146
f 3098/1633/3147 3097/1632/3146 3087/1622/3136
f 3087/1622/3136 3084/1620/3133 3098/1633/3147
f 3099/1634/3148 3098/1633/3147 3084/1620/3133
f 3084/1620/3133 3081/1617/3130 3099/1634/3148
f 3100/1635/3149 3099/1634/3148 3081/1617/3130
f 3092/1627/3141 3096/1631/3145 3082/1618/3131
f 3081/1617/3130 3082/1618/3131 3100/1635/3149
f 3101/1636/3150 3082/1618/3131 3096/1631/3145
f 3101/1636/3150 3100/1635/3149 3082/1618/3131
f 3091/1626/3140 3090/1625/3139 3102/1639/3151
f 3102/1639/3151 3103/1638/3152 3091/1626/3140
f 3104/1637/3153 3091/1626/3140 3103/1638/3152
f 3103/1638/3152 3055/1590/3104 3104/1637/3153
f 3055/1590/3104 3103/1638/3152 3056/1591/3105
f 3105/1640/3154 3056/1591/3105 3103/1638/3152
f 3103/1638/3152 3102/1639/3151 3105/1640/3154
f 3057/1592/3106 3104/1637/3153 3055/1590/3104
f 3057/1592/3106 3058/1593/3107 3104/1637/3153
f 3061/1596/3110 3104/1637/3153 3058/1593/3107
f 3104/1637/3153 3061/1596/3110 3091/1626/3140
f 3089/1624/3138 3091/1626/3140 3061/1596/3110
f 3106/1641/3155 3105/1640/3154 3102/1639/3151
f 3102/1639/3151 3107/1642/3156 3106/1641/3155
f 3108/1643/3157 3106/1641/3155 3107/1642/3156
f 3107/1642/3156 3109/1644/3158 3108/1643/3157
f 3110/1645/3159 3108/1643/3157 3109/1644/3158
f 3107/1642/3156 3102/1639/3151 3090/1625/3139
f 3109/1644/3158 3107/1642/3156 3111/1646/3160
f 3090/1625/3139 3111/1646/3160 3107/1642/3156
f 3090/1625/3139 3088/1623/3137 3111/1646/3160
f 3097/1632/3146 3111/1646/3160 3088/1623/3137
f 3061/1596/3110 3060/1595/3109 3089/1624/3138
f 3112/1650/3161 3113/1648/3162 3114/1649/3163
f 3115/1647/3164 3114/1649/3163 3113/1648/3162
f 3112/1650/3161 3114/1649/3163 3070/1605/3119
f 3070/1605/3119 3071/1606/3120 3112/1650/3161
f 3116/1651/3165 3112/1650/3161 3071/1606/3120
f 3071/1606/3120 3117/1652/3166 3116/1651/3165
f 3117/1652/3166 3071/1606/3120 3066/1601/3115
f 3066/1601/3115 3075/1610/3124 3117/1652/3166
f 3118/1653/3167 3117/1652/3166 3075/1610/3124
f 3118/1653/3167 3075/1610/3124 3119/1654/3168
f 3051/1586/3100 3119/1654/3168 3075/1610/3124
f 3051/1586/3100 3075/1610/3124 3052/1587/3101
f 3062/1597/3111 3052/1587/3101 3075/1610/3124
f 3119/1654/3168 3051/1586/3100 3054/1589/3103
f 3117/1652/3166 3118/1653/3167 3120/1655/3169
f 3120/1655/3169 3116/1651/3165 3117/1652/3166
f 3121/1656/3170 3120/1655/3169 3118/1653/3167
f 3054/1589/3103 3122/1657/3171 3119/1654/3168
f 3122/1657/3171 3054/1589/3103 3123/1658/3172
f 3044/1576/3093 3123/1658/3172 3054/1589/3103
f 3123/1658/3172 3044/1576/3093 3124/1659/3173
f 3042/1577/3091 3124/1659/3173 3044/1576/3093
f 3124/1659/3173 3042/1577/3091 3125/1660/3174
f 3125/1660/3174 3126/1661/3175 3124/1659/3173
f 3127/1662/3176 3124/1659/3173 3126/1661/3175
f 3124/1659/3173 3127/1662/3176 3123/1658/3172
f 3045/1580/3094 3125/1660/3174 3042/1577/3091
f 3128/1663/3177 3119/1654/3168 3122/1657/3171
f 3121/1656/3170 3118/1653/3167 3128/1663/3177
f 3119/1654/3168 3128/1663/3177 3118/1653/3167
f 3129/1664/3178 3123/1658/3172 3127/1662/3176
f 3123/1658/3172 3129/1664/3178 3122/1657/3171
f 3130/1665/3179 3122/1657/3171 3129/1664/3178
f 3122/1657/3171 3130/1665/3179 3128/1663/3177
f 3120/1655/3169 3121/1656/3170 3131/1666/3180
f 3131/1666/3180 3132/1667/3181 3120/1655/3169
f 3116/1651/3165 3120/1655/3169 3132/1667/3181
f 3133/1668/3182 3128/1663/3177 3130/1665/3179
f 3133/1668/3182 3134/1669/3183 3128/1663/3177
f 3134/1669/3183 3131/1666/3180 3121/1656/3170
f 3121/1656/3170 3128/1663/3177 3134/1669/3183
f 3132/1667/3181 3135/1670/3184 3116/1651/3165
f 3126/1661/3175 3136/1671/3185 3127/1662/3176
f 3135/1670/3184 3132/1667/3181 3137/1672/3186
f 3138/1673/3187 3137/1672/3186 3132/1667/3181
f 3132/1667/3181 3131/1666/3180 3138/1673/3187
f 3139/1674/3188 3138/1673/3187 3131/1666/3180
f 3131/1666/3180 3134/1669/3183 3139/1674/3188
f 3129/1664/3178 3140/1675/3189 3130/1665/3179
f 3140/1675/3189 3129/1664/3178 3141/1676/3190
f 3141/1676/3190 3127/1662/3176 3136/1671/3185
f 3127/1662/3176 3141/1676/3190 3129/1664/3178
f 3142/1677/3191 3139/1674/3188 3134/1669/3183
f 3134/1669/3183 3133/1668/3182 3142/1677/3191
f 3143/1678/3192 3142/1677/3191 3133/1668/3182
f 3143/1678/3192 3133/1668/3182 3144/1679/3193
f 3144/1679/3193 3130/1665/3179 3140/1675/3189
f 3130/1665/3179 3144/1679/3193 3133/1668/3182
f 3141/1676/3190 3145/1680/3194 3140/1675/3189
f 3146/1681/3195 3140/1675/3189 3145/1680/3194
f 3140/1675/3189 3146/1681/3195 3144/1679/3193
f 3147/1682/3196 3144/1679/3193 3146/1681/3195
f 3138/1673/3187 3148/1683/3197 3137/1672/3186
f 3138/1673/3187 3139/1674/3188 3148/1683/3197
f 3149/1684/3198 3137/1672/3186 3148/1683/3197
f 3150/1685/3199 3148/1683/3197 3139/1674/3188
f 3139/1674/3188 3142/1677/3191 3150/1685/3199
f 3151/1686/3200 3150/1685/3199 3142/1677/3191
f 3142/1677/3191 3143/1678/3192 3151/1686/3200
f 3143/1678/3192 3144/1679/3193 3152/1687/3201
f 3147/1682/3196 3152/1687/3201 3144/1679/3193
f 3152/1687/3201 3151/1686/3200 3143/1678/3192
f 3149/1684/3198 3148/1683/3197 3153/1688/3202
f 3154/1689/3203 3153/1688/3202 3148/1683/3197
f 3148/1683/3197 3150/1685/3199 3154/1689/3203
f 3155/1690/3204 3154/1689/3203 3150/1685/3199
f 3150/1685/3199 3151/1686/3200 3155/1690/3204
f 3156/1691/3205 3155/1690/3204 3151/1686/3200
f 3156/1691/3205 3151/1686/3200 3157/1692/3206
f 3152/1687/3201 3157/1692/3206 3151/1686/3200
f 3152/1687/3201 3147/1682/3196 3157/1692/3206
f 3158/1693/3207 3157/1692/3206 3147/1682/3196
f 3147/1682/3196 3146/1681/3195 3158/1693/3207
f 3159/1694/3208 3158/1693/3207 3146/1681/3195
f 3146/1681/3195 3145/1680/3194 3159/1694/3208
f 3160/1695/3209 3159/1694/3208 3145/1680/3194
f 3160/1695/3209 3145/1680/3194 3161/1696/3210
f 3162/1713/3211 3161/1696/3210 3145/1680/3194
f 3145/1680/3194 3141/1676/3190 3162/1713/3211
f 3163/1714/3212 3162/1713/3211 3141/1676/3190
f 3141/1676/3190 3136/1671/3185 3163/1714/3212
f 3164/1715/3213 3163/1714/3212 3136/1671/3185
f 3154/1689/3203 3165/1706/3214 3153/1688/3202
f 3166/1707/3215 3153/1688/3202 3165/1706/3214
f 3155/1690/3204 3167/1705/3216 3154/1689/3203
f 3155/1690/3204 3156/1691/3205 3167/1705/3216
f 3165/1706/3214 3154/1689/3203 3167/1705/3216
f 3168/1704/3217 3167/1705/3216 3156/1691/3205
f 3156/1691/3205 3157/1692/3206 3168/1704/3217
f 3158/1693/3207 3159/1694/3208 3169/1702/3218
f 3169/1702/3218 3170/1703/3219 3158/1693/3207
f 3170/1703/3219 3168/1704/3217 3157/1692/3206
f 3157/1692/3206 3158/1693/3207 3170/1703/3219
f 3171/1710/3220 3169/1702/3218 3159/1694/3208
f 3159/1694/3208 3160/1695/3209 3171/1710/3220
f 3172/1711/3221 3171/1710/3220 3160/1695/3209
f 3172/1711/3221 3160/1695/3209 3173/1712/3222
f 3161/1696/3210 3173/1712/3222 3160/1695/3209
f 3153/1688/3202 3166/1707/3215 3174/1708/3223
f 3174/1708/3223 3175/1697/3224 3153/1688/3202
f 3149/1684/3198 3153/1688/3202 3175/1697/3224
f 3175/1697/3224 3176/1698/3225 3149/1684/3198
f 3137/1672/3186 3149/1684/3198 3176/1698/3225
f 3137/1672/3186 3176/1698/3225 3177/1699/3226
f 3137/1672/3186 3177/1699/3226 3135/1670/3184
f 3113/1648/3162 3135/1670/3184 3177/1699/3226
f 3177/1699/3226 3178/1700/3227 3113/1648/3162
f 3115/1647/3164 3113/1648/3162 3178/1700/3227
f 3177/1699/3226 2605/1701/2663 3178/1700/3227
f 3179/1718/3228 3178/1700/3227 2605/1701/2663
f 3135/1670/3184 3113/1648/3162 3112/1650/3161
f 3135/1670/3184 3112/1650/3161 3116/1651/3165
f 2605/1701/2663 3177/1699/3226 2606/1698/2664
f 3180/1709/3229 3174/1708/3223 3166/1707/3215
f 3078/1613/3127 3181/1716/3230 3077/1612/3126
f 3083/1619/3132 3077/1612/3126 3181/1716/3230
f 3093/1628/3142 3083/1619/3132 3181/1716/3230
f 3073/1608/3122 3069/1604/3118 3182/1717/3231
f 3070/1605/3119 3182/1717/3231 3069/1604/3118
f 3182/1717/3231 3070/1605/3119 3114/1649/3163
f 3183/2113/3232 3184/2114/3233 3185/2115/3234
f 3186/2116/3235 3185/2115/3234 3184/2114/3233
f 3184/2114/3233 3183/2113/3232 3187/2117/3236
f 3188/2118/3237 3187/2117/3236 3183/2113/3232
f 3188/2118/3237 3189/2119/3238 3187/2117/3236
f 3190/2120/3239 3187/2117/3236 3189/2119/3238
f 3189/2119/3238 3191/2121/3240 3190/2120/3239
f 3192/2122/3241 3190/2120/3239 3191/2121/3240
f 3192/2122/3241 3191/2121/3240 3193/2123/3242
f 3194/2124/3243 3193/2123/3242 3191/2121/3240
f 3194/2124/3243 3195/2125/3244 3193/2123/3242
f 3196/2126/3245 3193/2123/3242 3195/2125/3244
f 3195/2125/3244 3197/2127/3246 3196/2126/3245
f 3198/2128/3247 3196/2126/3245 3197/2127/3246
f 3197/2127/3246 3199/2129/3248 3198/2128/3247
f 3200/2130/3249 3198/2128/3247 3199/2129/3248
f 3188/2118/3237 3183/2113/3232 3201/2131/3250
f 3202/2132/3251 3201/2131/3250 3183/2113/3232
f 3189/2119/3238 3188/2118/3237 3203/2133/3252
f 3201/2131/3250 3203/2133/3252 3188/2118/3237
f 3189/2119/3238 3203/2133/3252 3191/2121/3240
f 3204/2134/3253 3191/2121/3240 3203/2133/3252
f 3195/2125/3244 3194/2124/3243 3205/2135/3254
f 3195/2125/3244 3205/2135/3254 3197/2127/3246
f 3206/2136/3255 3205/2135/3254 3194/2124/3243
f 3194/2124/3243 3191/2121/3240 3206/2136/3255
f 3204/2134/3253 3206/2136/3255 3191/2121/3240
f 3207/2137/3256 3197/2127/3246 3205/2135/3254
f 3197/2127/3246 3207/2137/3256 3199/2129/3248
f 3208/2138/3257 3199/2129/3248 3207/2137/3256
f 3183/2113/3232 3185/2115/3234 3202/2132/3251
f 3209/2139/3258 3202/2132/3251 3185/2115/3234
f 3185/2115/3234 3210/2140/3259 3209/2139/3258
f 3210/2140/3259 3185/2115/3234 3211/2141/3260
f 3186/2116/3235 3211/2141/3260 3185/2115/3234
f 3212/2142/3261 3209/2139/3258 3210/2140/3259
f 3207/2137/3256 3205/2135/3254 3213/2143/3262
f 3214/2144/3263 3213/2143/3262 3205/2135/3254
f 3208/2138/3257 3207/2137/3256 3215/2145/3264
f 3213/2143/3262 3215/2145/3264 3207/2137/3256
f 3209/2139/3258 3212/2142/3261 3216/2146/3265
f 3217/2147/3266 3216/2146/3265 3212/2142/3261
f 3216/2146/3265 3218/2148/3267 3209/2139/3258
f 3202/2132/3251 3209/2139/3258 3218/2148/3267
f 3202/2132/3251 3218/2148/3267 3201/2131/3250
f 3219/2149/3268 3201/2131/3250 3218/2148/3267
f 3201/2131/3250 3219/2149/3268 3203/2133/3252
f 3220/2150/3269 3203/2133/3252 3219/2149/3268
f 3203/2133/3252 3220/2150/3269 3204/2134/3253
f 3221/2151/3270 3204/2134/3253 3220/2150/3269
f 3204/2134/3253 3221/2151/3270 3206/2136/3255
f 3222/2152/3271 3206/2136/3255 3221/2151/3270
f 3214/2144/3263 3205/2135/3254 3222/2152/3271
f 3206/2136/3255 3222/2152/3271 3205/2135/3254
f 3213/2143/3262 3214/2144/3263 3223/2153/3272
f 3215/2145/3264 3213/2143/3262 3224/2154/3273
f 3223/2153/3272 3224/2154/3273 3213/2143/3262
f 3219/2149/3268 3218/2148/3267 3225/2155/3274
f 3219/2149/3268 3225/2155/3274 3220/2150/3269
f 3226/2156/3275 3225/2155/3274 3218/2148/3267
f 3227/2157/3276 3220/2150/3269 3225/2155/3274
f 3220/2150/3269 3227/2157/3276 3221/2151/3270
f 3228/2158/3277 3221/2151/3270 3227/2157/3276
f 3221/2151/3270 3228/2158/3277 3222/2152/3271
f 3229/2159/3278 3222/2152/3271 3228/2158/3277
f 3222/2152/3271 3229/2159/3278 3214/2144/3263
f 3230/2160/3279 3223/2153/3272 3214/2144/3263
f 3230/2160/3279 3214/2144/3263 3229/2159/3278
f 3230/2160/3279 3231/2161/3280 3223/2153/3272
f 3232/2162/3281 3223/2153/3272 3231/2161/3280
f 3224/2154/3273 3223/2153/3272 3233/2163/3282
f 3232/2162/3281 3233/2163/3282 3223/2153/3272
f 3225/2155/3274 3226/2156/3275 3234/2164/3283
f 3225/2155/3274 3234/2164/3283 3227/2157/3276
f 3235/2165/3284 3234/2164/3283 3226/2156/3275
f 3226/2156/3275 3236/2166/3285 3235/2165/3284
f 3236/2166/3285 3226/2156/3275 3216/2146/3265
f 3216/2146/3265 3217/2147/3266 3236/2166/3285
f 3237/2167/3286 3236/2166/3285 3217/2147/3266
f 3218/2148/3267 3216/2146/3265 3226/2156/3275
f 3236/2166/3285 3237/2167/3286 3238/2168/3287
f 3238/2168/3287 3235/2165/3284 3236/2166/3285
f 3239/2169/3288 3238/2168/3287 3237/2167/3286
f 3228/2158/3277 3240/2170/3289 3229/2159/3278
f 3240/2170/3289 3228/2158/3277 3241/2171/3290
f 3241/2171/3290 3227/2157/3276 3234/2164/3283
f 3227/2157/3276 3241/2171/3290 3228/2158/3277
f 3234/2164/3283 3235/2165/3284 3242/2172/3291
f 3243/2173/3292 3242/2172/3291 3235/2165/3284
f 3235/2165/3284 3238/2168/3287 3243/2173/3292
f 3241/2171/3290 3234/2164/3283 3244/2174/3293
f 3242/2172/3291 3244/2174/3293 3234/2164/3283
f 3240/2170/3289 3241/2171/3290 3245/2175/3294
f 3244/2174/3293 3245/2175/3294 3241/2171/3290
f 3240/2170/3289 3245/2175/3294 3246/2176/3295
f 3246/2176/3295 3229/2159/3278 3240/2170/3289
f 3229/2159/3278 3246/2176/3295 3230/2160/3279
f 3231/2161/3280 3230/2160/3279 3246/2176/3295
f 3247/2177/3296 3246/2176/3295 3245/2175/3294
f 3246/2176/3295 3247/2177/3296 3231/2161/3280
f 3248/2178/3297 3231/2161/3280 3247/2177/3296
f 3248/2178/3297 3249/2179/3298 3231/2161/3280
f 3232/2162/3281 3231/2161/3280 3249/2179/3298
f 3249/2179/3298 3250/2180/3299 3232/2162/3281
f 3233/2163/3282 3232/2162/3281 3250/2180/3299
f 3242/2172/3291 3243/2173/3292 3251/2181/3300
f 3242/2172/3291 3251/2181/3300 3244/2174/3293
f 3252/2182/3301 3251/2181/3300 3243/2173/3292
f 3253/2183/3302 3244/2174/3293 3251/2181/3300
f 3244/2174/3293 3253/2183/3302 3245/2175/3294
f 3254/2184/3303 3245/2175/3294 3253/2183/3302
f 3245/2175/3294 3254/2184/3303 3247/2177/3296
f 3247/2177/3296 3255/2185/3304 3248/2178/3297
f 3255/2185/3304 3247/2177/3296 3254/2184/3303
f 3256/2186/3305 3248/2178/3297 3255/2185/3304
f 3249/2179/3298 3248/2178/3297 3257/2187/3306
f 3256/2186/3305 3257/2187/3306 3248/2178/3297
f 3250/2180/3299 3249/2179/3298 3258/2188/3307
f 3257/2187/3306 3258/2188/3307 3249/2179/3298
f 3243/2173/3292 3259/2189/3308 3252/2182/3301
f 3259/2189/3308 3243/2173/3292 3238/2168/3287
f 3238/2168/3287 3239/2169/3288 3259/2189/3308
f 3260/2190/3309 3259/2189/3308 3239/2169/3288
f 3259/2189/3308 3260/2190/3309 3261/2191/3310
f 3261/2191/3310 3252/2182/3301 3259/2189/3308
f 3262/2192/3311 3261/2191/3310 3260/2190/3309
f 3263/2193/3312 3264/2194/3313 3265/2195/3314
f 3266/2196/3315 3265/2195/3314 3264/2194/3313
f 3264/2194/3313 3267/2197/3316 3266/2196/3315
f 3268/2198/3317 3266/2196/3315 3267/2197/3316
f 3268/2198/3317 3267/2197/3316 3269/2199/3318
f 3270/2200/3319 3269/2199/3318 3267/2197/3316
f 3269/2199/3318 3270/2200/3319 3271/2201/3320
f 3272/2202/3321 3271/2201/3320 3270/2200/3319
f 3272/2202/3321 3273/2203/3322 3271/2201/3320
f 3274/2204/3323 3271/2201/3320 3273/2203/3322
f 3274/2204/3323 3273/2203/3322 3275/2205/3324
f 3276/2206/3325 3275/2205/3324 3273/2203/3322
f 3275/2205/3324 3276/2206/3325 3277/2207/3326
f 3278/2208/3327 3277/2207/3326 3276/2206/3325
f 3277/2207/3326 3278/2208/3327 3279/2209/3328
f 3280/2210/3329 3279/2209/3328 3278/2208/3327
f 3268/2198/3317 3281/2211/3330 3266/2196/3315
f 3282/2212/3331 3266/2196/3315 3281/2211/3330
f 3281/2211/3330 3268/2198/3317 3283/2213/3332
f 3269/2199/3318 3283/2213/3332 3268/2198/3317
f 3269/2199/3318 3271/2201/3320 3283/2213/3332
f 3284/2214/3333 3283/2213/3332 3271/2201/3320
f 3284/2214/3333 3271/2201/3320 3285/2215/3334
f 3274/2204/3323 3285/2215/3334 3271/2201/3320
f 3285/2215/3334 3274/2204/3323 3286/2216/3335
f 3275/2205/3324 3286/2216/3335 3274/2204/3323
f 3275/2205/3324 3277/2207/3326 3286/2216/3335
f 3287/2217/3336 3286/2216/3335 3277/2207/3326
f 3277/2207/3326 3279/2209/3328 3287/2217/3336
f 3288/2218/3337 3287/2217/3336 3279/2209/3328
f 3287/2217/3336 3289/2219/3338 3286/2216/3335
f 3290/2220/3339 3286/2216/3335 3289/2219/3338
f 3289/2219/3338 3287/2217/3336 3291/2221/3340
f 3288/2218/3337 3291/2221/3340 3287/2217/3336
f 3282/2212/3331 3281/2211/3330 3292/2222/3341
f 3282/2212/3331 3292/2222/3341 3293/2223/3342
f 3293/2223/3342 3265/2195/3314 3282/2212/3331
f 3265/2195/3314 3293/2223/3342 3294/2224/3343
f 3294/2224/3343 3295/2225/3344 3265/2195/3314
f 3263/2193/3312 3265/2195/3314 3295/2225/3344
f 3296/2226/3345 3294/2224/3343 3293/2223/3342
f 3293/2223/3342 3297/2227/3346 3296/2226/3345
f 3297/2227/3346 3293/2223/3342 3292/2222/3341
f 3298/2228/3347 3296/2226/3345 3297/2227/3346
f 3285/2215/3334 3286/2216/3335 3299/2229/3348
f 3299/2229/3348 3300/2230/3349 3285/2215/3334
f 3284/2214/3333 3285/2215/3334 3300/2230/3349
f 3300/2230/3349 3301/2231/3350 3284/2214/3333
f 3283/2213/3332 3284/2214/3333 3301/2231/3350
f 3301/2231/3350 3302/2232/3351 3283/2213/3332
f 3302/2232/3351 3292/2222/3341 3281/2211/3330
f 3281/2211/3330 3283/2213/3332 3302/2232/3351
f 3297/2227/3346 3303/2233/3352 3298/2228/3347
f 3304/2234/3353 3298/2228/3347 3303/2233/3352
f 3303/2233/3352 3297/2227/3346 3305/2235/3354
f 3292/2222/3341 3305/2235/3354 3297/2227/3346
f 3305/2235/3354 3292/2222/3341 3306/2236/3355
f 3302/2232/3351 3306/2236/3355 3292/2222/3341
f 3302/2232/3351 3301/2231/3350 3306/2236/3355
f 3307/2237/3356 3306/2236/3355 3301/2231/3350
f 3301/2231/3350 3300/2230/3349 3307/2237/3356
f 3308/2238/3357 3307/2237/3356 3300/2230/3349
f 3300/2230/3349 3299/2229/3348 3308/2238/3357
f 3309/2239/3358 3308/2238/3357 3299/2229/3348
f 3299/2229/3348 3290/2220/3339 3309/2239/3358
f 3290/2220/3339 3299/2229/3348 3286/2216/3335
f 3310/2240/3359 3309/2239/3358 3290/2220/3339
f 3310/2240/3359 3290/2220/3339 3311/2241/3360
f 3289/2219/3338 3311/2241/3360 3290/2220/3339
f 3311/2241/3360 3289/2219/3338 3312/2242/3361
f 3291/2221/3340 3312/2242/3361 3289/2219/3338
f 3310/2240/3359 3311/2241/3360 3313/2243/3362
f 3314/2244/3363 3313/2243/3362 3311/2241/3360
f 3314/2244/3363 3311/2241/3360 3315/2245/3364
f 3312/2242/3361 3315/2245/3364 3311/2241/3360
f 3306/2236/3355 3316/2246/3365 3305/2235/3354
f 3306/2236/3355 3307/2237/3356 3316/2246/3365
f 3317/2247/3366 3316/2246/3365 3307/2237/3356
f 3307/2237/3356 3308/2238/3357 3317/2247/3366
f 3318/2248/3367 3317/2247/3366 3308/2238/3357
f 3308/2238/3357 3309/2239/3358 3318/2248/3367
f 3319/2249/3368 3318/2248/3367 3309/2239/3358
f 3309/2239/3358 3310/2240/3359 3319/2249/3368
f 3313/2243/3362 3319/2249/3368 3310/2240/3359
f 3317/2247/3366 3320/2250/3369 3316/2246/3365
f 3321/2251/3370 3316/2246/3365 3320/2250/3369
f 3316/2246/3365 3321/2251/3370 3322/2252/3371
f 3322/2252/3371 3305/2235/3354 3316/2246/3365
f 3305/2235/3354 3322/2252/3371 3303/2233/3352
f 3323/2253/3372 3303/2233/3352 3322/2252/3371
f 3303/2233/3352 3323/2253/3372 3304/2234/3353
f 3324/2254/3373 3304/2234/3353 3323/2253/3372
f 3325/2255/3374 3322/2252/3371 3321/2251/3370
f 3322/2252/3371 3325/2255/3374 3323/2253/3372
f 3318/2248/3367 3326/2256/3375 3317/2247/3366
f 3320/2250/3369 3317/2247/3366 3326/2256/3375
f 3318/2248/3367 3319/2249/3368 3326/2256/3375
f 3327/2257/3376 3326/2256/3375 3319/2249/3368
f 3319/2249/3368 3313/2243/3362 3327/2257/3376
f 3328/2258/3377 3327/2257/3376 3313/2243/3362
f 3328/2258/3377 3313/2243/3362 3329/2259/3378
f 3314/2244/3363 3329/2259/3378 3313/2243/3362
f 3329/2259/3378 3314/2244/3363 3330/2260/3379
f 3315/2245/3364 3330/2260/3379 3314/2244/3363
f 3323/2253/3372 3331/2261/3380 3324/2254/3373
f 3331/2261/3380 3323/2253/3372 3325/2255/3374
f 3332/2262/3381 3324/2254/3373 3331/2261/3380
f 3327/2257/3376 3328/2258/3377 3333/2263/3382
f 3334/2264/3383 3333/2263/3382 3328/2258/3377
f 3334/2264/3383 3328/2258/3377 3335/2265/3384
f 3329/2259/3378 3335/2265/3384 3328/2258/3377
f 3335/2265/3384 3329/2259/3378 3336/2266/3385
f 3330/2260/3379 3336/2266/3385 3329/2259/3378
f 3331/2261/3380 3337/2267/3386 3332/2262/3381
f 3338/2268/3387 3332/2262/3381 3337/2267/3386
f 3337/2267/3386 3331/2261/3380 3339/2269/3388
f 3325/2255/3374 3339/2269/3388 3331/2261/3380
f 3339/2269/3388 3325/2255/3374 3340/2270/3389
f 3321/2251/3370 3340/2270/3389 3325/2255/3374
f 3321/2251/3370 3320/2250/3369 3340/2270/3389
f 3341/2271/3390 3340/2270/3389 3320/2250/3369
f 3320/2250/3369 3326/2256/3375 3341/2271/3390
f 3342/2272/3391 3341/2271/3390 3326/2256/3375
f 3333/2263/3382 3342/2272/3391 3327/2257/3376
f 3326/2256/3375 3327/2257/3376 3342/2272/3391
f 3266/2196/3315 3282/2212/3331 3265/2195/3314
f 3343/2273/3392 3344/2274/3393 3345/2275/3394
f 3346/2276/3395 3345/2275/3394 3344/2274/3393
f 3346/2276/3395 3344/2274/3393 3347/2277/3396
f 3343/2273/3392 3348/2278/3397 3344/2274/3393
f 3349/2279/3398 3344/2274/3393 3348/2278/3397
f 3347/2277/3396 3344/2274/3393 3349/2279/3398
f 3348/2278/3397 3350/2280/3399 3349/2279/3398
f 3351/2281/3400 3349/2279/3398 3350/2280/3399
f 3349/2279/3398 3351/2281/3400 3347/2277/3396
f 3350/2280/3399 3352/2282/3401 3351/2281/3400
f 3353/2283/3402 3351/2281/3400 3352/2282/3401
f 3351/2281/3400 3353/2283/3402 3354/2277/3403
f 3345/2275/3394 3346/2276/3395 3355/2284/3404
f 3356/2285/3405 3355/2284/3404 3346/2276/3395
f 3357/2277/3406 3356/2285/3405 3346/2276/3395
f 3350/2280/3399 3358/2286/3407 3352/2282/3401
f 3359/2287/3408 3352/2282/3401 3358/2286/3407
f 3348/2278/3397 3360/2288/3409 3350/2280/3399
f 3358/2286/3407 3350/2280/3399 3360/2288/3409
f 3348/2278/3397 3343/2273/3392 3360/2288/3409
f 3361/2289/3410 3360/2288/3409 3343/2273/3392
f 3361/2289/3410 3343/2273/3392 3362/2290/3411
f 3345/2275/3394 3362/2290/3411 3343/2273/3392
f 3345/2275/3394 3355/2284/3404 3362/2290/3411
f 3363/2291/3412 3362/2290/3411 3355/2284/3404
f 3364/2278/3413 3365/2273/3414 3366/2279/3415
f 3367/2274/3416 3366/2279/3415 3365/2273/3414
f 3364/2278/3413 3366/2279/3415 3368/2280/3417
f 3369/2281/3418 3368/2280/3417 3366/2279/3415
f 3369/2281/3418 3366/2279/3415 3370/2277/3419
f 3366/2279/3415 3367/2274/3416 3370/2277/3419
f 3365/2273/3414 3371/2275/3420 3367/2274/3416
f 3372/2276/3421 3367/2274/3416 3371/2275/3420
f 3370/2277/3419 3367/2274/3416 3372/2276/3421
f 3371/2275/3420 3373/2284/3422 3372/2276/3421
f 3374/2285/3423 3372/2276/3421 3373/2284/3422
f 3372/2276/3421 3374/2285/3423 3375/2277/3424
f 3375/2277/3425 3376/2283/3426 3369/2281/3418
f 3376/2283/3426 3377/2282/3427 3369/2281/3418
f 3368/2280/3417 3369/2281/3418 3377/2282/3427
f 3368/2280/3417 3377/2282/3427 3378/2286/3428
f 3379/2287/3429 3378/2286/3428 3377/2282/3427
f 3378/2286/3428 3380/2288/3430 3368/2280/3417
f 3364/2278/3413 3368/2280/3417 3380/2288/3430
f 3371/2275/3420 3381/2290/3431 3373/2284/3422
f 3382/2291/3432 3373/2284/3422 3381/2290/3431
f 3381/2290/3431 3371/2275/3420 3383/2289/3433
f 3365/2273/3414 3383/2289/3433 3371/2275/3420
f 3380/2288/3430 3383/2289/3433 3364/2278/3413
f 3365/2273/3414 3364/2278/3413 3383/2289/3433
f 3384/2273/3434 3385/2275/3435 3386/2274/3436
f 3387/2276/3437 3386/2274/3436 3385/2275/3435
f 3388/2277/3438 3386/2274/3436 3387/2276/3437
f 3384/2273/3434 3386/2274/3436 3389/2278/3439
f 3390/2279/3440 3389/2278/3439 3386/2274/3436
f 3390/2279/3440 3386/2274/3436 3388/2277/3438
f 3389/2278/3439 3390/2279/3440 3391/2280/3441
f 3392/2281/3442 3391/2280/3441 3390/2279/3440
f 3388/2277/3438 3392/2281/3442 3390/2279/3440
f 3391/2280/3441 3392/2281/3442 3393/2282/3443
f 3394/2283/3444 3393/2282/3443 3392/2281/3442
f 3395/2277/3445 3394/2283/3444 3392/2281/3442
f 3385/2275/3435 3396/2284/3446 3387/2276/3437
f 3397/2285/3447 3387/2276/3437 3396/2284/3446
f 3387/2276/3437 3397/2285/3447 3398/2277/3448
f 3391/2280/3441 3393/2282/3443 3399/2286/3449
f 3400/2287/3450 3399/2286/3449 3393/2282/3443
f 3389/2278/3439 3391/2280/3441 3401/2288/3451
f 3399/2286/3449 3401/2288/3451 3391/2280/3441
f 3389/2278/3439 3401/2288/3451 3384/2273/3434
f 3402/2289/3452 3384/2273/3434 3401/2288/3451
f 3402/2289/3452 3403/2290/3453 3384/2273/3434
f 3385/2275/3435 3384/2273/3434 3403/2290/3453
f 3385/2275/3435 3403/2290/3453 3396/2284/3446
f 3404/2291/3454 3396/2284/3446 3403/2290/3453
f 3405/2278/3455 3406/2279/3456 3407/2273/3457
f 3408/2274/3458 3407/2273/3457 3406/2279/3456
f 3405/2278/3455 3409/2280/3459 3406/2279/3456
f 3410/2281/3460 3406/2279/3456 3409/2280/3459
f 3411/2277/3461 3406/2279/3456 3410/2281/3460
f 3411/2277/3461 3408/2274/3458 3406/2279/3456
f 3407/2273/3457 3408/2274/3458 3412/2275/3462
f 3413/2276/3463 3412/2275/3462 3408/2274/3458
f 3413/2276/3463 3408/2274/3458 3411/2277/3461
f 3412/2275/3462 3413/2276/3463 3414/2284/3464
f 3415/2285/3465 3414/2284/3464 3413/2276/3463
f 3416/2277/3466 3415/2285/3465 3413/2276/3463
f 3410/2281/3460 3417/2283/3467 3416/2277/3468
f 3417/2283/3467 3410/2281/3460 3418/2282/3469
f 3409/2280/3459 3418/2282/3469 3410/2281/3460
f 3409/2280/3459 3419/2286/3470 3418/2282/3469
f 3420/2287/3471 3418/2282/3469 3419/2286/3470
f 3419/2286/3470 3409/2280/3459 3421/2288/3472
f 3405/2278/3455 3421/2288/3472 3409/2280/3459
f 3412/2275/3462 3414/2284/3464 3422/2290/3473
f 3423/2291/3474 3422/2290/3473 3414/2284/3464
f 3422/2290/3473 3424/2289/3475 3412/2275/3462
f 3407/2273/3457 3412/2275/3462 3424/2289/3475
f 3421/2288/3472 3405/2278/3455 3424/2289/3475
f 3407/2273/3457 3424/2289/3475 3405/2278/3455
f 3425/2292/3476 3426/2293/3477 3427/2294/3478
f 3427/2294/3478 3426/2293/3477 3428/2295/3479
f 3429/2296/3480 3428/2295/3479 3426/2293/3477
f 3426/2293/3477 3425/2292/3476 3430/2297/3481
f 3431/2298/3482 3430/2297/3481 3425/2292/3476
f 3428/2295/3479 3429/2296/3480 3432/2299/3483
f 3433/2300/3484 3432/2299/3483 3429/2296/3480
f 3433/2300/3484 3429/2296/3480 3434/2301/3485
f 3435/2302/3486 3434/2301/3485 3429/2296/3480
f 3426/2293/3477 3436/2303/3487 3429/2296/3480
f 3435/2302/3486 3429/2296/3480 3436/2303/3487
f 3430/2297/3481 3437/2304/3488 3426/2293/3477
f 3436/2303/3487 3426/2293/3477 3437/2304/3488
f 3434/2301/3485 3435/2302/3486 3438/2305/3489
f 3439/2306/3490 3438/2305/3489 3435/2302/3486
f 3438/2305/3489 3439/2306/3490 3440/2307/3491
f 3441/2308/3492 3440/2307/3491 3439/2306/3490
f 3441/2308/3492 3439/2306/3490 3442/2309/3493
f 3443/2310/3494 3442/2309/3493 3439/2306/3490
f 3439/2306/3490 3435/2302/3486 3443/2310/3494
f 3436/2303/3487 3443/2310/3494 3435/2302/3486
f 3442/2309/3493 3443/2310/3494 3444/2311/3495
f 3445/2312/3496 3444/2311/3495 3443/2310/3494
f 3443/2310/3494 3436/2303/3487 3445/2312/3496
f 3437/2304/3488 3445/2312/3496 3436/2303/3487
f 3440/2307/3491 3441/2308/3492 3446/2313/3497
f 3447/2314/3498 3446/2313/3497 3441/2308/3492
f 3441/2308/3492 3442/2309/3493 3447/2314/3498
f 3446/2313/3497 3447/2314/3498 3448/2315/3499
f 3449/2316/3500 3448/2315/3499 3447/2314/3498
f 3449/2316/3500 3447/2314/3498 3450/2317/3501
f 3451/2318/3502 3450/2317/3501 3447/2314/3498
f 3447/2314/3498 3442/2309/3493 3451/2318/3502
f 3444/2311/3495 3451/2318/3502 3442/2309/3493
f 3448/2315/3499 3449/2316/3500 3452/2319/3503
f 3453/2320/3504 3452/2319/3503 3449/2316/3500
f 3453/2320/3504 3449/2316/3500 3454/2321/3505
f 3450/2317/3501 3454/2321/3505 3449/2316/3500
f 3452/2319/3503 3453/2320/3504 3455/2322/3506
f 3452/2319/3503 3455/2322/3506 3456/2323/3507
f 3456/2323/3507 3457/2324/3508 3452/2319/3503
f 3458/2325/3509 3452/2319/3503 3457/2324/3508
f 3452/2319/3503 3458/2325/3509 3448/2315/3499
f 3448/2315/3499 3458/2325/3509 3446/2313/3497
f 3457/2324/3508 3459/2326/3510 3458/2325/3509
f 3460/2327/3511 3458/2325/3509 3459/2326/3510
f 3460/2327/3511 3446/2313/3497 3458/2325/3509
f 3461/2328/3512 3456/2323/3507 3455/2322/3506
f 3462/2329/3513 3455/2322/3506 3453/2320/3504
f 3454/2321/3505 3463/2330/3514 3453/2320/3504
f 3462/2329/3513 3453/2320/3504 3463/2330/3514
f 3459/2326/3510 3464/2331/3515 3460/2327/3511
f 3465/2332/3516 3460/2327/3511 3464/2331/3515
f 3464/2331/3515 3466/2333/3517 3465/2332/3516
f 3467/2334/3518 3465/2332/3516 3466/2333/3517
f 3466/2333/3517 3468/2335/3519 3467/2334/3518
f 3469/2336/3520 3467/2334/3518 3468/2335/3519
f 3468/2335/3519 3470/2337/3521 3469/2336/3520
f 3471/2338/3522 3469/2336/3520 3470/2337/3521
f 3471/2338/3522 3470/2337/3521 3472/2339/3523
f 3473/2340/3524 3472/2339/3523 3470/2337/3521
f 3463/2330/3514 3474/2341/3525 3462/2329/3513
f 3475/2342/3526 3462/2329/3513 3474/2341/3525
f 3474/2341/3525 3476/2343/3527 3475/2342/3526
f 3477/2344/3528 3475/2342/3526 3476/2343/3527
f 3475/2342/3526 3477/2344/3528 3478/2345/3529
f 3479/2346/3530 3478/2345/3529 3477/2344/3528
f 3478/2345/3529 3479/2346/3530 3480/2347/3531
f 3481/2348/3532 3480/2347/3531 3479/2346/3530
f 3480/2347/3531 3461/2328/3512 3478/2345/3529
f 3455/2322/3506 3478/2345/3529 3461/2328/3512
f 3478/2345/3529 3455/2322/3506 3475/2342/3526
f 3462/2329/3513 3475/2342/3526 3455/2322/3506
f 3471/2338/3522 3472/2339/3523 3433/2300/3484
f 3432/2299/3483 3433/2300/3484 3472/2339/3523
f 3433/2300/3484 3434/2301/3485 3471/2338/3522
f 3469/2336/3520 3471/2338/3522 3434/2301/3485
f 3434/2301/3485 3438/2305/3489 3469/2336/3520
f 3467/2334/3518 3469/2336/3520 3438/2305/3489
f 3438/2305/3489 3440/2307/3491 3467/2334/3518
f 3465/2332/3516 3467/2334/3518 3440/2307/3491
f 3465/2332/3516 3440/2307/3491 3460/2327/3511
f 3446/2313/3497 3460/2327/3511 3440/2307/3491
f 3482/2292/3533 3483/2294/3534 3484/2293/3535
f 3483/2294/3534 3485/2295/3536 3484/2293/3535
f 3486/2296/3537 3484/2293/3535 3485/2295/3536
f 3484/2293/3535 3487/2297/3538 3482/2292/3533
f 3488/2298/3539 3482/2292/3533 3487/2297/3538
f 3486/2296/3537 3485/2295/3536 3489/2300/3540
f 3490/2299/3541 3489/2300/3540 3485/2295/3536
f 3489/2300/3540 3491/2301/3542 3486/2296/3537
f 3492/2302/3543 3486/2296/3537 3491/2301/3542
f 3484/2293/3535 3486/2296/3537 3493/2303/3544
f 3492/2302/3543 3493/2303/3544 3486/2296/3537
f 3487/2297/3538 3484/2293/3535 3494/2349/3545
f 3493/2303/3544 3494/2349/3545 3484/2293/3535
f 3491/2301/3542 3495/2305/3546 3492/2302/3543
f 3496/2306/3547 3492/2302/3543 3495/2305/3546
f 3495/2305/3546 3497/2307/3548 3496/2306/3547
f 3498/2308/3549 3496/2306/3547 3497/2307/3548
f 3496/2306/3547 3498/2308/3549 3499/2310/3550
f 3493/2303/3544 3492/2302/3543 3499/2310/3550
f 3496/2306/3547 3499/2310/3550 3492/2302/3543
f 3500/2309/3551 3499/2310/3550 3498/2308/3549
f 3500/2309/3551 3501/2350/3552 3499/2310/3550
f 3502/2312/3553 3499/2310/3550 3501/2350/3552
f 3499/2310/3550 3502/2312/3553 3493/2303/3544
f 3494/2349/3545 3493/2303/3544 3502/2312/3553
f 3497/2307/3548 3503/2313/3554 3498/2308/3549
f 3504/2314/3555 3498/2308/3549 3503/2313/3554
f 3498/2308/3549 3504/2314/3555 3500/2309/3551
f 3503/2313/3554 3505/2315/3556 3504/2314/3555
f 3506/2316/3557 3504/2314/3555 3505/2315/3556
f 3506/2316/3557 3507/2317/3558 3504/2314/3555
f 3508/2318/3559 3504/2314/3555 3507/2317/3558
f 3504/2314/3555 3508/2318/3559 3500/2309/3551
f 3501/2350/3552 3500/2309/3551 3508/2318/3559
f 3505/2315/3556 3509/2319/3560 3506/2316/3557
f 3510/2320/3561 3506/2316/3557 3509/2319/3560
f 3510/2320/3561 3511/2321/3562 3506/2316/3557
f 3507/2317/3558 3506/2316/3557 3511/2321/3562
f 3509/2319/3560 3512/2322/3563 3510/2320/3561
f 3509/2319/3560 3513/2323/3564 3512/2322/3563
f 3513/2323/3564 3509/2319/3560 3514/2324/3565
f 3515/2325/3566 3514/2324/3565 3509/2319/3560
f 3509/2319/3560 3505/2315/3556 3515/2325/3566
f 3505/2315/3556 3503/2313/3554 3515/2325/3566
f 3514/2324/3565 3515/2325/3566 3516/2326/3567
f 3517/2327/3568 3516/2326/3567 3515/2325/3566
f 3517/2327/3568 3515/2325/3566 3503/2313/3554
f 3518/2328/3569 3512/2322/3563 3513/2323/3564
f 3519/2329/3570 3510/2320/3561 3512/2322/3563
f 3511/2321/3562 3510/2320/3561 3520/2330/3571
f 3519/2329/3570 3520/2330/3571 3510/2320/3561
f 3516/2326/3567 3517/2327/3568 3521/2331/3572
f 3522/2332/3573 3521/2331/3572 3517/2327/3568
f 3521/2331/3572 3522/2332/3573 3523/2333/3574
f 3524/2334/3575 3523/2333/3574 3522/2332/3573
f 3523/2333/3574 3524/2334/3575 3525/2335/3576
f 3526/2336/3577 3525/2335/3576 3524/2334/3575
f 3525/2335/3576 3526/2336/3577 3527/2337/3578
f 3528/2338/3579 3527/2337/3578 3526/2336/3577
f 3528/2338/3579 3529/2339/3580 3527/2337/3578
f 3530/2340/3581 3527/2337/3578 3529/2339/3580
f 3520/2330/3571 3519/2329/3570 3531/2341/3582
f 3532/2342/3583 3531/2341/3582 3519/2329/3570
f 3531/2341/3582 3532/2342/3583 3533/2343/3584
f 3534/2344/3585 3533/2343/3584 3532/2342/3583
f 3532/2342/3583 3535/2345/3586 3534/2344/3585
f 3536/2346/3587 3534/2344/3585 3535/2345/3586
f 3535/2345/3586 3537/2347/3588 3536/2346/3587
f 3538/2348/3589 3536/2346/3587 3537/2347/3588
f 3537/2347/3588 3535/2345/3586 3518/2328/3569
f 3512/2322/3563 3518/2328/3569 3535/2345/3586
f 3535/2345/3586 3532/2342/3583 3512/2322/3563
f 3519/2329/3570 3512/2322/3563 3532/2342/3583
f 3528/2338/3579 3489/2300/3540 3529/2339/3580
f 3490/2299/3541 3529/2339/3580 3489/2300/3540
f 3489/2300/3540 3528/2338/3579 3491/2301/3542
f 3526/2336/3577 3491/2301/3542 3528/2338/3579
f 3491/2301/3542 3526/2336/3577 3495/2305/3546
f 3524/2334/3575 3495/2305/3546 3526/2336/3577
f 3495/2305/3546 3524/2334/3575 3497/2307/3548
f 3522/2332/3573 3497/2307/3548 3524/2334/3575
f 3522/2332/3573 3517/2327/3568 3497/2307/3548
f 3503/2313/3554 3497/2307/3548 3517/2327/3568
f 3539/2351/3590 3540/2352/3591 3541/2353/3592
f 3542/2354/3593 3541/2353/3592 3540/2352/3591
f 3542/2354/3593 3540/2352/3591 3543/2355/3594
f 3544/2356/3595 3543/2355/3594 3540/2352/3591
f 3541/2353/3592 3545/2357/3596 3539/2351/3590
f 3546/2358/3597 3539/2351/3590 3545/2357/3596
f 3543/2355/3594 3544/2356/3595 3547/2359/3598
f 3548/2360/3599 3547/2359/3598 3544/2356/3595
f 3547/2359/3598 3548/2360/3599 3549/2361/3600
f 3550/2362/3601 3549/2361/3600 3548/2360/3599
f 3550/2362/3601 3551/2363/3602 3549/2361/3600
f 3552/2364/3603 3549/2361/3600 3551/2363/3602
f 3553/2365/3604 3554/2366/3605 3555/2367/3606
f 3556/2368/3607 3555/2367/3606 3554/2366/3605
f 3555/2367/3606 3556/2368/3607 3557/2369/3608
f 3558/2370/3609 3557/2369/3608 3556/2368/3607
f 3557/2369/3608 3558/2370/3609 3559/2371/3610
f 3560/2372/3611 3559/2371/3610 3558/2370/3609
f 3559/2371/3610 3560/2372/3611 3561/2373/3612
f 3562/2374/3613 3561/2373/3612 3560/2372/3611
f 3561/2373/3612 3562/2374/3613 3563/2375/3614
f 3564/2376/3615 3563/2375/3614 3562/2374/3613
f 3563/2375/3614 3564/2376/3615 3565/2377/3616
f 3566/2378/3617 3565/2377/3616 3564/2376/3615
f 3565/2377/3616 3566/2378/3617 3567/2379/3618
f 3568/2380/3619 3567/2379/3618 3566/2378/3617
f 3567/2379/3618 3568/2380/3619 3569/2381/3620
f 3570/2382/3621 3569/2381/3620 3568/2380/3619
f 3570/2382/3621 3571/2383/3622 3569/2381/3620
f 3572/2384/3623 3569/2381/3620 3571/2383/3622
f 3572/2384/3623 3571/2383/3622 3573/2385/3624
f 3574/2386/3625 3573/2385/3624 3571/2383/3622
f 3575/2387/3626 3576/2388/3627 3577/2389/3628
f 3578/2390/3629 3577/2389/3628 3576/2388/3627
f 3576/2388/3627 3575/2387/3626 3579/2391/3630
f 3580/2392/3631 3579/2391/3630 3575/2387/3626
f 3579/2391/3630 3580/2392/3631 3581/2393/3632
f 3582/2394/3633 3581/2393/3632 3580/2392/3631
f 3581/2393/3632 3582/2394/3633 3583/2395/3634
f 3584/2396/3635 3583/2395/3634 3582/2394/3633
f 3583/2395/3634 3584/2396/3635 3585/2397/3636
f 3586/2398/3637 3585/2397/3636 3584/2396/3635
f 3585/2397/3636 3586/2398/3637 3587/2399/3638
f 3588/2400/3639 3587/2399/3638 3586/2398/3637
f 3587/2399/3638 3588/2400/3639 3589/2401/3640
f 3590/2402/3641 3589/2401/3640 3588/2400/3639
f 3589/2401/3640 3590/2402/3641 3591/2403/3642
f 3592/2404/3643 3591/2403/3642 3590/2402/3641
f 3591/2403/3642 3592/2404/3643 3593/2405/3644
f 3594/2406/3645 3593/2405/3644 3592/2404/3643
f 3594/2406/3645 3595/2407/3646 3593/2405/3644
f 3596/2408/3647 3593/2405/3644 3595/2407/3646
f 3597/2409/3648 3598/2410/3649 3599/2411/3650
f 3599/2411/3650 3600/2412/3651 3597/2409/3648
f 3600/2412/3651 3599/2411/3650 3601/2413/3652
f 3602/2414/3653 3601/2413/3652 3599/2411/3650
f 3599/2411/3650 3603/2410/3654 3602/2414/3653
f 3601/2413/3652 3602/2414/3653 3604/2415/3655
f 3605/2416/3656 3604/2415/3655 3602/2414/3653
f 3602/2414/3653 3606/2410/3657 3605/2416/3656
f 3604/2415/3655 3605/2416/3656 3607/2417/3658
f 3608/2418/3659 3607/2417/3658 3605/2416/3656
f 3605/2416/3656 3609/2410/3660 3608/2418/3659
f 3608/2418/3659 3609/2410/3660 3610/2419/3661
f 3608/2418/3659 3610/2419/3661 3607/2417/3658
f 3611/2420/3662 3597/2409/3648 3600/2412/3651
f 3611/2420/3662 3612/2421/3663 3597/2409/3648
f 3613/2422/3664 3597/2409/3648 3612/2421/3663
f 3613/2422/3664 3614/2410/3665 3597/2409/3648
f 3613/2422/3664 3612/2421/3663 3615/2423/3666
f 3611/2420/3662 3616/2424/3667 3612/2421/3663
f 3617/2425/3668 3612/2421/3663 3616/2424/3667
f 3611/2420/3662 3600/2412/3651 3616/2424/3667
f 3618/2426/3669 3616/2424/3667 3600/2412/3651
f 3618/2426/3669 3600/2412/3651 3619/2427/3670
f 3601/2413/3652 3619/2427/3670 3600/2412/3651
f 3615/2423/3666 3612/2421/3663 3620/2428/3671
f 3617/2425/3668 3620/2428/3671 3612/2421/3663
f 3620/2428/3671 3617/2425/3668 3621/2429/3672
f 3620/2428/3671 3621/2429/3672 3622/2430/3673
f 3623/2431/3674 3622/2430/3673 3621/2429/3672
f 3621/2429/3672 3624/2432/3675 3623/2431/3674
f 3621/2429/3672 3625/2433/3676 3624/2432/3675
f 3626/2434/3677 3623/2431/3674 3624/2432/3675
f 3623/2431/3674 3626/2434/3677 3627/2435/3678
f 3627/2435/3678 3628/2436/3679 3623/2431/3674
f 3629/2437/3680 3623/2431/3674 3628/2436/3679
f 3623/2431/3674 3629/2437/3680 3622/2430/3673
f 3630/2438/3681 3629/2437/3680 3628/2436/3679
f 3630/2438/3681 3631/2439/3682 3629/2437/3680
f 3632/2440/3683 3629/2437/3680 3631/2439/3682
f 3621/2429/3672 3633/2441/3684 3625/2433/3676
f 3634/2442/3685 3625/2433/3676 3633/2441/3684
f 3633/2441/3684 3635/2443/3686 3634/2442/3685
f 3636/2444/3687 3634/2442/3685 3635/2443/3686
f 3626/2434/3677 3624/2432/3675 3637/2445/3688
f 3638/2446/3689 3637/2445/3688 3624/2432/3675
f 3637/2445/3688 3639/2447/3690 3626/2434/3677
f 3627/2435/3678 3626/2434/3677 3639/2447/3690
f 3636/2444/3687 3640/2448/3691 3634/2442/3685
f 3641/2449/3692 3634/2442/3685 3640/2448/3691
f 3640/2448/3691 3636/2444/3687 3642/2450/3693
f 3643/2451/3694 3642/2450/3693 3636/2444/3687
f 3642/2450/3693 3643/2451/3694 3644/2452/3695
f 3645/2453/3696 3644/2452/3695 3643/2451/3694
f 3645/2453/3696 3643/2451/3694 3646/2454/3697
f 3647/2455/3698 3646/2454/3697 3643/2451/3694
f 3643/2451/3694 3636/2444/3687 3647/2455/3698
f 3635/2443/3686 3647/2455/3698 3636/2444/3687
f 3645/2453/3696 3646/2454/3697 3648/2456/3699
f 3649/2457/3700 3648/2456/3699 3646/2454/3697
f 3648/2456/3699 3649/2457/3700 3650/2458/3701
f 3651/2459/3702 3650/2458/3701 3649/2457/3700
f 3650/2458/3701 3651/2459/3702 3652/2460/3703
f 3653/2461/3704 3652/2460/3703 3651/2459/3702
f 3652/2460/3703 3653/2461/3704 3654/2462/3705
f 3655/2463/3706 3654/2462/3705 3653/2461/3704
f 3654/2462/3705 3655/2463/3706 3656/2464/3707
f 3657/2465/3708 3656/2464/3707 3655/2463/3706
f 3648/2456/3699 3650/2458/3701 3658/2466/3709
f 3648/2456/3699 3658/2466/3709 3645/2453/3696
f 3659/2467/3710 3658/2466/3709 3650/2458/3701
f 3660/2468/3711 3645/2453/3696 3658/2466/3709
f 3645/2453/3696 3660/2468/3711 3661/2469/3712
f 3655/2463/3706 3662/2470/3713 3657/2465/3708
f 3655/2463/3706 3653/2461/3704 3662/2470/3713
f 3663/2471/3714 3657/2465/3708 3662/2470/3713
f 3662/2470/3713 3604/2415/3655 3663/2471/3714
f 3663/2471/3714 3604/2415/3655 3664/2472/3715
f 3607/2417/3658 3664/2472/3715 3604/2415/3655
f 3665/2473/3716 3657/2465/3708 3663/2471/3714
f 3663/2471/3714 3666/2474/3717 3665/2473/3716
f 3666/2474/3717 3663/2471/3714 3664/2472/3715
f 3665/2473/3716 3666/2474/3717 3667/2475/3718
f 3668/2476/3719 3667/2475/3718 3666/2474/3717
f 3666/2474/3717 3669/2477/3720 3668/2476/3719
f 3670/2478/3721 3668/2476/3719 3669/2477/3720
f 3667/2475/3718 3671/2479/3722 3665/2473/3716
f 3672/2480/3723 3665/2473/3716 3671/2479/3722
f 3672/2480/3723 3671/2479/3722 3673/2481/3724
f 3672/2480/3723 3673/2481/3724 3656/2464/3707
f 3674/2482/3725 3656/2464/3707 3673/2481/3724
f 3673/2481/3724 3675/2483/3726 3674/2482/3725
f 3676/2484/3727 3674/2482/3725 3675/2483/3726
f 3674/2482/3725 3676/2484/3727 3677/2485/3728
f 3678/2486/3729 3677/2485/3728 3676/2484/3727
f 3677/2485/3728 3678/2486/3729 3679/2487/3730
f 3680/2488/3731 3679/2487/3730 3678/2486/3729
f 3673/2481/3724 3681/2489/3732 3675/2483/3726
f 3681/2489/3732 3673/2481/3724 3671/2479/3722
f 3682/2490/3733 3675/2483/3726 3681/2489/3732
f 3676/2484/3727 3683/2491/3734 3678/2486/3729
f 3684/2492/3735 3678/2486/3729 3683/2491/3734
f 3678/2486/3729 3684/2492/3735 3680/2488/3731
f 3683/2491/3734 3676/2484/3727 3685/2493/3736
f 3675/2483/3726 3685/2493/3736 3676/2484/3727
f 3682/2490/3733 3685/2493/3736 3675/2483/3726
f 3683/2491/3734 3685/2493/3736 3686/2494/3737
f 3683/2491/3734 3686/2494/3737 3684/2492/3735
f 3687/2495/3738 3686/2494/3737 3685/2493/3736
f 3687/2495/3738 3688/2496/3739 3686/2494/3737
f 3689/2497/3740 3686/2494/3737 3688/2496/3739
f 3689/2497/3740 3690/2498/3741 3686/2494/3737
f 3691/2499/3742 3686/2494/3737 3690/2498/3741
f 3691/2499/3742 3684/2492/3735 3686/2494/3737
f 3688/2496/3739 3687/2495/3738 3692/2500/3743
f 3693/2501/3744 3692/2500/3743 3687/2495/3738
f 3685/2493/3736 3682/2490/3733 3693/2501/3744
f 3687/2495/3738 3685/2493/3736 3693/2501/3744
f 3691/2499/3742 3690/2498/3741 3694/2502/3745
f 3684/2492/3735 3694/2502/3745 3680/2488/3731
f 3694/2502/3745 3684/2492/3735 3691/2499/3742
f 3695/2503/3746 3694/2502/3745 3690/2498/3741
f 3688/2496/3739 3696/2504/3747 3689/2497/3740
f 3692/2500/3743 3696/2504/3747 3688/2496/3739
f 3697/2505/3748 3689/2497/3740 3696/2504/3747
f 3696/2504/3747 3692/2500/3743 3698/2506/3749
f 3696/2504/3747 3699/2507/3750 3697/2505/3748
f 3699/2507/3750 3696/2504/3747 3698/2506/3749
f 3698/2506/3749 3700/2508/3751 3699/2507/3750
f 3701/2509/3752 3699/2507/3750 3700/2508/3751
f 3700/2508/3751 3702/2510/3753 3701/2509/3752
f 3703/2511/3754 3701/2509/3752 3702/2510/3753
f 3699/2507/3750 3701/2509/3752 3704/2512/3755
f 3704/2512/3755 3697/2505/3748 3699/2507/3750
f 3697/2505/3748 3704/2512/3755 3705/2513/3756
f 3690/2498/3741 3705/2513/3756 3695/2503/3746
f 3706/2514/3757 3705/2513/3756 3704/2512/3755
f 3707/2515/3758 3704/2512/3755 3701/2509/3752
f 3701/2509/3752 3708/2511/3759 3707/2515/3758
f 3709/2516/3760 3707/2515/3758 3708/2511/3759
f 3709/2516/3760 3708/2511/3759 3710/2517/3761
f 3711/2510/3762 3710/2517/3761 3708/2511/3759
f 3709/2516/3760 3710/2517/3761 3712/2518/3763
f 3709/2516/3760 3712/2518/3763 3707/2515/3758
f 3713/2519/3764 3712/2518/3763 3710/2517/3761
f 3714/2520/3765 3707/2515/3758 3712/2518/3763
f 3712/2518/3763 3713/2519/3764 3714/2520/3765
f 3707/2515/3758 3714/2520/3765 3704/2512/3755
f 3706/2514/3757 3704/2512/3755 3714/2520/3765
f 3715/2521/3766 3714/2520/3765 3713/2519/3764
f 3714/2520/3765 3715/2521/3766 3706/2514/3757
f 3716/2522/3767 3706/2514/3757 3715/2521/3766
f 3705/2513/3756 3706/2514/3757 3716/2522/3767
f 3695/2503/3746 3705/2513/3756 3716/2522/3767
f 3697/2505/3748 3705/2513/3756 3689/2497/3740
f 3690/2498/3741 3689/2497/3740 3705/2513/3756
f 3717/2523/3768 3718/2410/3769 3613/2422/3664
f 3717/2523/3768 3719/2524/3770 3718/2410/3769
f 3719/2524/3770 3717/2523/3768 3720/2525/3771
f 3721/2526/3772 3720/2525/3771 3717/2523/3768
f 3720/2525/3771 3722/2527/3773 3719/2524/3770
f 3723/2528/3774 3719/2524/3770 3722/2527/3773
f 3719/2524/3770 3723/2528/3774 3724/2410/3775
f 3720/2525/3771 3725/2529/3776 3722/2527/3773
f 3720/2525/3771 3721/2526/3772 3725/2529/3776
f 3726/2530/3777 3722/2527/3773 3725/2529/3776
f 3725/2529/3776 3721/2526/3772 3727/2531/3778
f 3727/2531/3778 3721/2526/3772 3622/2430/3673
f 3622/2430/3673 3728/2532/3779 3727/2531/3778
f 3728/2532/3779 3622/2430/3673 3629/2437/3680
f 3726/2530/3777 3725/2529/3776 3729/2533/3780
f 3729/2533/3780 3725/2529/3776 3727/2531/3778
f 3730/2534/3781 3729/2533/3780 3727/2531/3778
f 3728/2532/3779 3731/2535/3782 3730/2534/3783
f 3728/2532/3779 3632/2440/3683 3731/2535/3782
f 3632/2440/3683 3728/2532/3779 3629/2437/3680
f 3732/2536/3784 3731/2535/3782 3632/2440/3683
f 3733/2537/3785 3726/2530/3777 3729/2533/3780
f 3732/2536/3784 3632/2440/3683 3734/2538/3786
f 3631/2439/3682 3734/2538/3786 3632/2440/3683
f 3734/2538/3786 3631/2439/3682 3735/2539/3787
f 3736/2540/3788 3735/2539/3787 3631/2439/3682
f 3735/2539/3787 3736/2540/3788 3737/2541/3789
f 3738/2542/3790 3737/2541/3789 3736/2540/3788
f 3736/2540/3788 3739/2543/3791 3738/2542/3790
f 3736/2540/3788 3631/2439/3682 3739/2543/3791
f 3740/2544/3792 3738/2542/3790 3739/2543/3791
f 3630/2438/3681 3739/2543/3791 3631/2439/3682
f 3737/2541/3789 3738/2542/3790 3741/2545/3793
f 3742/2546/3794 3741/2545/3793 3738/2542/3790
f 3742/2546/3794 3743/2547/3795 3741/2545/3793
f 3744/2548/3796 3741/2545/3793 3743/2547/3795
f 3743/2547/3795 3742/2546/3794 3745/2549/3797
f 3746/2550/3798 3745/2549/3797 3742/2546/3794
f 3740/2544/3792 3746/2550/3798 3738/2542/3790
f 3742/2546/3794 3738/2542/3790 3746/2550/3798
f 3744/2548/3796 3743/2547/3795 3747/2551/3799
f 3748/2552/3800 3747/2551/3799 3743/2547/3795
f 3743/2547/3795 3745/2549/3797 3748/2552/3800
f 3747/2551/3799 3748/2552/3800 3749/2553/3801
f 3750/2554/3802 3749/2553/3801 3748/2552/3800
f 3749/2553/3801 3750/2554/3802 3751/2555/3803
f 3752/2556/3804 3751/2555/3803 3750/2554/3802
f 3752/2556/3804 3750/2554/3802 3753/2557/3805
f 3754/2558/3806 3753/2557/3805 3750/2554/3802
f 3750/2554/3802 3748/2552/3800 3754/2558/3806
f 3755/2559/3807 3754/2558/3806 3748/2552/3800
f 3755/2559/3807 3748/2552/3800 3745/2549/3797
f 3630/2438/3681 3628/2436/3679 3756/2560/3808
f 3757/2561/3809 3756/2560/3808 3628/2436/3679
f 3756/2560/3808 3757/2561/3809 3758/2562/3810
f 3759/2563/3811 3758/2562/3810 3757/2561/3809
f 3757/2561/3809 3760/2564/3812 3759/2563/3811
f 3761/2565/3813 3759/2563/3811 3760/2564/3812
f 3628/2436/3679 3627/2435/3678 3757/2561/3809
f 3760/2564/3812 3757/2561/3809 3627/2435/3678
f 3761/2565/3813 3762/2566/3814 3759/2563/3811
f 3763/2567/3815 3759/2563/3811 3762/2566/3814
f 3762/2566/3814 3764/2568/3816 3763/2567/3815
f 3765/2569/3817 3763/2567/3815 3764/2568/3816
f 3765/2569/3817 3766/2570/3818 3763/2567/3815
f 3767/2571/3819 3763/2567/3815 3766/2570/3818
f 3763/2567/3815 3767/2571/3819 3759/2563/3811
f 3758/2562/3810 3759/2563/3811 3767/2571/3819
f 3764/2568/3816 3768/2572/3820 3765/2569/3817
f 3769/2573/3821 3765/2569/3817 3768/2572/3820
f 3768/2572/3820 3770/2574/3822 3769/2573/3821
f 3771/2575/3823 3769/2573/3821 3770/2574/3822
f 3770/2574/3822 3772/2576/3824 3771/2575/3823
f 3773/2577/3825 3771/2575/3823 3772/2576/3824
f 3773/2577/3825 3774/2578/3826 3771/2575/3823
f 3775/2579/3827 3771/2575/3823 3774/2578/3826
f 3771/2575/3823 3775/2579/3827 3769/2573/3821
f 3776/2580/3828 3769/2573/3821 3775/2579/3827
f 3766/2570/3818 3765/2569/3817 3776/2580/3828
f 3769/2573/3821 3776/2580/3828 3765/2569/3817
f 3777/2581/3829 3778/2582/3830 3610/2419/3661
f 3777/2581/3829 3779/2583/3831 3778/2582/3830
f 3780/2584/3832 3778/2582/3830 3779/2583/3831
f 3780/2584/3832 3781/2585/3833 3778/2582/3830
f 3607/2417/3658 3778/2582/3830 3781/2585/3833
f 3778/2582/3830 3607/2417/3658 3610/2419/3661
f 3780/2584/3832 3782/2586/3834 3781/2585/3833
f 3669/2477/3720 3781/2585/3833 3782/2586/3834
f 3779/2583/3831 3783/2587/3835 3780/2584/3832
f 3782/2586/3834 3780/2584/3832 3783/2587/3835
f 3783/2587/3835 3784/2588/3836 3782/2586/3834
f 3785/2589/3837 3782/2586/3834 3784/2588/3836
f 3784/2588/3836 3786/2590/3838 3785/2589/3837
f 3787/2591/3839 3785/2589/3837 3786/2590/3838
f 3787/2591/3839 3788/2592/3840 3785/2589/3837
f 3789/2593/3841 3785/2589/3837 3788/2592/3840
f 3785/2589/3837 3789/2593/3841 3782/2586/3834
f 3669/2477/3720 3782/2586/3834 3789/2593/3841
f 3788/2592/3840 3787/2591/3839 3790/2594/3842
f 3791/2595/3843 3790/2594/3842 3787/2591/3839
f 3791/2595/3843 3792/2596/3844 3790/2594/3842
f 3792/2596/3844 3791/2595/3843 3793/2597/3845
f 3794/2598/3846 3793/2597/3845 3791/2595/3843
f 3786/2590/3838 3794/2598/3846 3787/2591/3839
f 3791/2595/3843 3787/2591/3839 3794/2598/3846
f 3795/2599/3847 3790/2594/3842 3792/2596/3844
f 3795/2599/3847 3792/2596/3844 3796/2600/3848
f 3797/2601/3849 3796/2600/3848 3792/2596/3844
f 3793/2597/3845 3798/2602/3850 3792/2596/3844
f 3797/2601/3849 3792/2596/3844 3798/2602/3850
f 3796/2600/3848 3799/2603/3851 3795/2599/3847
f 3800/2604/3852 3795/2599/3847 3799/2603/3851
f 3800/2604/3852 3790/2594/3842 3795/2599/3847
f 3798/2602/3850 3801/2605/3853 3797/2601/3849
f 3802/2606/3854 3797/2601/3849 3801/2605/3853
f 3796/2600/3848 3797/2601/3849 3803/2607/3855
f 3802/2606/3854 3803/2607/3855 3797/2601/3849
f 3803/2607/3855 3804/2608/3856 3796/2600/3848
f 3799/2603/3851 3796/2600/3848 3804/2608/3856
f 3804/2608/3856 3803/2607/3855 3805/2609/3857
f 3806/2606/3858 3805/2609/3857 3803/2607/3855
f 3801/2605/3859 3807/2610/3860 3808/2606/3860
f 3809/2609/3861 3808/2606/3860 3807/2610/3860
f 3800/2604/3852 3810/2611/3862 3790/2594/3842
f 3810/2611/3862 3788/2592/3840 3790/2594/3842
f 3810/2611/3862 3811/2612/3863 3788/2592/3840
f 3789/2593/3841 3788/2592/3840 3811/2612/3863
f 3811/2612/3863 3670/2478/3721 3789/2593/3841
f 3669/2477/3720 3789/2593/3841 3670/2478/3721
f 3669/2477/3720 3666/2474/3717 3781/2585/3833
f 3664/2472/3715 3781/2585/3833 3666/2474/3717
f 3664/2472/3715 3607/2417/3658 3781/2585/3833
f 3812/2613/3864 3813/2614/3865 3814/2615/3866
f 3815/2616/3867 3814/2615/3866 3813/2614/3865
f 3812/2613/3864 3814/2615/3866 3816/2617/3868
f 3817/2618/3869 3816/2617/3868 3814/2615/3866
f 3816/2617/3868 3818/2619/3870 3812/2613/3864
f 3819/2620/3871 3812/2613/3864 3818/2619/3870
f 3818/2619/3870 3820/2621/3872 3819/2620/3871
f 3820/2621/3872 3818/2619/3870 3821/2622/3873
f 3822/2623/3874 3821/2622/3873 3818/2619/3870
f 3818/2619/3870 3816/2617/3868 3822/2623/3874
f 3823/2624/3875 3819/2620/3871 3820/2621/3872
f 3819/2620/3871 3823/2624/3875 3824/2625/3876
f 3825/2626/3877 3824/2625/3876 3823/2624/3875
f 3825/2626/3877 3823/2624/3875 3826/2627/3878
f 3827/2628/3879 3826/2627/3878 3823/2624/3875
f 3823/2624/3875 3820/2621/3872 3827/2628/3879
f 3821/2622/3873 3828/2629/3880 3820/2621/3872
f 3829/2630/3881 3820/2621/3872 3828/2629/3880
f 3829/2630/3881 3827/2628/3879 3820/2621/3872
f 3819/2620/3871 3830/2631/3882 3812/2613/3864
f 3824/2625/3876 3830/2631/3882 3819/2620/3871
f 3831/2632/3883 3822/2623/3874 3816/2617/3868
f 3816/2617/3868 3817/2618/3869 3831/2632/3883
f 3832/2633/3884 3831/2632/3883 3817/2618/3869
f 3832/2633/3884 3817/2618/3869 3833/2634/3885
f 3834/2534/3886 3833/2634/3885 3817/2618/3869
f 3834/2534/3886 3731/2535/3887 3833/2634/3885
f 3834/2534/3886 3817/2618/3869 3729/2533/3780
f 3814/2615/3866 3729/2533/3780 3817/2618/3869
f 3814/2615/3866 3815/2616/3867 3729/2533/3780
f 3733/2537/3785 3729/2533/3780 3815/2616/3867
f 3728/2532/3779 3834/2534/3888 3727/2531/3778
f 3830/2631/3882 3813/2614/3865 3812/2613/3864
f 3647/2455/3698 3635/2443/3686 3616/2424/3667
f 3616/2424/3667 3635/2443/3686 3617/2425/3668
f 3633/2441/3684 3617/2425/3668 3635/2443/3686
f 3633/2441/3684 3621/2429/3672 3617/2425/3668
f 3618/2426/3669 3647/2455/3698 3616/2424/3667
f 3646/2454/3697 3647/2455/3698 3618/2426/3669
f 3618/2426/3669 3649/2457/3700 3646/2454/3697
f 3619/2427/3670 3649/2457/3700 3618/2426/3669
f 3651/2459/3702 3649/2457/3700 3619/2427/3670
f 3619/2427/3670 3653/2461/3704 3651/2459/3702
f 3662/2470/3713 3653/2461/3704 3619/2427/3670
f 3619/2427/3670 3601/2413/3652 3662/2470/3713
f 3604/2415/3655 3662/2470/3713 3601/2413/3652
f 3835/2635/3889 3836/2469/3890 3660/2468/3711
f 3660/2468/3711 3837/2636/3891 3835/2635/3889
f 3838/2637/3892 3835/2635/3889 3837/2636/3891
f 3837/2636/3891 3660/2468/3711 3839/2638/3893
f 3837/2636/3891 3839/2638/3893 3840/2639/3894
f 3840/2639/3894 3838/2637/3892 3837/2636/3891
f 3841/2640/3895 3840/2639/3894 3839/2638/3893
f 3839/2638/3893 3842/2641/3896 3841/2640/3895
f 3843/2642/3897 3841/2640/3895 3842/2641/3896
f 3840/2639/3894 3841/2640/3895 3844/2643/3898
f 3845/2644/3899 3844/2643/3898 3841/2640/3895
f 3844/2643/3898 3845/2644/3899 3846/2645/3900
f 3847/2646/3901 3846/2645/3900 3845/2644/3899
f 3847/2646/3901 3845/2644/3899 3848/2647/3902
f 3849/2648/3903 3848/2647/3902 3845/2644/3899
f 3843/2642/3897 3849/2648/3903 3841/2640/3895
f 3845/2644/3899 3841/2640/3895 3849/2648/3903
f 3846/2645/3900 3850/2649/3904 3844/2643/3898
f 3851/2650/3905 3844/2643/3898 3850/2649/3904
f 3851/2650/3905 3840/2639/3894 3844/2643/3898
f 3851/2650/3905 3838/2637/3892 3840/2639/3894
f 3849/2648/3903 3852/2651/3906 3848/2647/3902
f 3849/2648/3903 3843/2642/3897 3852/2651/3906
f 3853/2652/3907 3848/2647/3902 3852/2651/3906
f 3848/2647/3902 3854/2653/3908 3847/2646/3901
f 3848/2647/3902 3853/2652/3907 3854/2653/3908
f 3855/2654/3909 3847/2646/3901 3854/2653/3908
f 3843/2642/3897 3856/2655/3910 3852/2651/3906
f 3842/2641/3896 3856/2655/3910 3843/2642/3897
f 3856/2655/3910 3842/2641/3896 3857/2656/3911
f 3659/2467/3710 3857/2656/3911 3842/2641/3896
f 3857/2656/3911 3659/2467/3710 3858/2657/3912
f 3859/2458/3913 3858/2657/3912 3659/2467/3710
f 3855/2654/3909 3860/2658/3914 3847/2646/3901
f 3846/2645/3900 3847/2646/3901 3860/2658/3914
f 3846/2645/3900 3860/2658/3914 3850/2649/3904
f 3860/2658/3914 3855/2654/3909 3861/2659/3915
f 3862/2660/3916 3861/2659/3915 3855/2654/3909
f 3855/2654/3909 3854/2653/3908 3862/2660/3916
f 3861/2659/3915 3862/2660/3916 3863/2661/3917
f 3864/2662/3918 3863/2661/3917 3862/2660/3916
f 3863/2661/3917 3864/2662/3918 3865/2663/3919
f 3866/2664/3920 3865/2663/3919 3864/2662/3918
f 3866/2664/3920 3864/2662/3918 3867/2665/3921
f 3868/2666/3922 3867/2665/3921 3864/2662/3918
f 3864/2662/3918 3862/2660/3916 3868/2666/3922
f 3866/2664/3920 3869/2667/3923 3865/2663/3919
f 3870/2668/3924 3865/2663/3919 3869/2667/3923
f 3867/2665/3921 3871/2669/3925 3866/2664/3920
f 3869/2667/3923 3866/2664/3920 3871/2669/3925
f 3870/2668/3924 3872/2670/3926 3865/2663/3919
f 3863/2661/3917 3865/2663/3919 3872/2670/3926
f 3868/2666/3922 3873/2671/3927 3867/2665/3921
f 3871/2669/3925 3867/2665/3921 3873/2671/3927
f 3872/2670/3926 3874/2672/3928 3863/2661/3917
f 3861/2659/3915 3863/2661/3917 3874/2672/3928
f 3873/2671/3927 3868/2666/3922 3875/2673/3929
f 3876/2674/3930 3875/2673/3929 3868/2666/3922
f 3876/2674/3930 3868/2666/3922 3862/2660/3916
f 3874/2672/3928 3877/2675/3931 3861/2659/3915
f 3854/2653/3908 3875/2673/3929 3876/2674/3930
f 3876/2674/3930 3862/2660/3916 3854/2653/3908
f 3853/2652/3907 3875/2673/3929 3854/2653/3908
f 3860/2658/3914 3861/2659/3915 3877/2675/3931
f 3877/2675/3931 3850/2649/3904 3860/2658/3914
f 3878/2676/3932 3879/2677/3933 3880/2678/3934
f 3881/2679/3935 3880/2678/3934 3879/2677/3933
f 3880/2678/3934 3881/2679/3935 3882/2680/3936
f 3883/2681/3937 3882/2680/3936 3881/2679/3935
f 3883/2681/3937 3884/2682/3938 3882/2680/3936
f 3885/2683/3939 3882/2680/3936 3884/2682/3938
f 3884/2682/3938 3886/2684/3940 3885/2683/3939
f 3887/2685/3941 3885/2683/3939 3886/2684/3940
f 3880/2678/3934 3882/2680/3936 3888/2686/3942
f 3880/2678/3934 3888/2686/3942 3878/2676/3932
f 3889/2687/3943 3888/2686/3942 3882/2680/3936
f 3889/2687/3943 3882/2680/3936 3890/2688/3944
f 3885/2683/3939 3890/2688/3944 3882/2680/3936
f 3887/2685/3941 3890/2688/3944 3885/2683/3939
f 3890/2688/3944 3891/2689/3945 3889/2687/3943
f 3892/2690/3946 3889/2687/3943 3891/2689/3945
f 3892/2690/3946 3891/2689/3945 3893/2691/3947
f 3893/2691/3947 3894/2692/3948 3892/2690/3946
f 3895/2693/3949 3892/2690/3946 3894/2692/3948
f 3892/2690/3946 3895/2693/3949 3889/2687/3943
f 3888/2686/3942 3889/2687/3943 3895/2693/3949
f 3896/2694/3950 3893/2691/3947 3891/2689/3945
f 3894/2692/3948 3897/2695/3951 3895/2693/3949
f 3898/2696/3952 3895/2693/3949 3897/2695/3951
f 3898/2696/3952 3888/2686/3942 3895/2693/3949
f 3896/2694/3950 3891/2689/3945 3899/2697/3953
f 3900/2698/3954 3899/2697/3953 3891/2689/3945
f 3890/2688/3944 3887/2685/3941 3900/2698/3954
f 3891/2689/3945 3890/2688/3944 3900/2698/3954
f 3893/2691/3947 3896/2694/3950 3901/2699/3955
f 3893/2691/3947 3901/2699/3955 3894/2692/3948
f 3902/2700/3956 3901/2699/3955 3896/2694/3950
f 3899/2697/3953 3902/2700/3956 3896/2694/3950
f 3888/2686/3942 3898/2696/3952 3878/2676/3932
f 3902/2700/3956 3899/2697/3953 3903/2701/3957
f 3901/2699/3955 3902/2700/3956 3904/2702/3958
f 3904/2702/3958 3905/2703/3959 3901/2699/3955
f 3906/2704/3960 3901/2699/3955 3905/2703/3959
f 3906/2704/3960 3894/2692/3948 3901/2699/3955
f 3894/2692/3948 3906/2704/3960 3897/2695/3951
f 3905/2703/3959 3904/2702/3958 3907/2705/3961
f 3905/2703/3959 3907/2705/3961 3908/2706/3962
f 3906/2704/3960 3905/2703/3959 3908/2706/3962
f 3897/2695/3951 3906/2704/3960 3908/2706/3962
f 3909/2707/3963 3908/2706/3962 3907/2705/3961
f 3907/2705/3961 3910/2708/3964 3909/2707/3963
f 3907/2705/3961 3911/2709/3965 3910/2708/3964
f 3911/2709/3965 3907/2705/3961 3904/2702/3958
f 3912/2710/3966 3910/2708/3964 3911/2709/3965
f 3910/2708/3964 3912/2710/3966 3913/2711/3967
f 3913/2711/3967 3909/2707/3963 3910/2708/3964
f 3914/2712/3968 3913/2711/3967 3912/2710/3966
f 3912/2710/3966 3915/2713/3969 3914/2712/3968
f 3912/2710/3966 3911/2709/3965 3915/2713/3969
f 3916/2714/3970 3914/2712/3968 3915/2713/3969
f 3917/2715/3971 3915/2713/3969 3911/2709/3965
f 3911/2709/3965 3904/2702/3958 3917/2715/3971
f 3917/2715/3971 3918/2716/3972 3915/2713/3969
f 3916/2714/3970 3915/2713/3969 3918/2716/3972
f 3918/2716/3972 3917/2715/3971 3903/2701/3957
f 3919/2717/3973 3903/2701/3957 3917/2715/3971
f 3919/2717/3973 3917/2715/3971 3904/2702/3958
f 3919/2717/3973 3904/2702/3958 3902/2700/3956
f 3919/2717/3973 3902/2700/3956 3903/2701/3957
f 3645/2453/3696 3920/2469/3974 3644/2452/3695
f 3921/2718/3975 3644/2452/3695 3920/2469/3974
f 3921/2718/3975 3922/2719/3976 3644/2452/3695
f 3644/2452/3695 3922/2719/3976 3642/2450/3693
f 3923/2720/3977 3642/2450/3693 3922/2719/3976
f 3923/2720/3977 3924/2721/3978 3642/2450/3693
f 3640/2448/3691 3642/2450/3693 3924/2721/3978
f 3923/2720/3977 3922/2719/3976 3925/2722/3979
f 3926/2723/3980 3925/2722/3979 3922/2719/3976
f 3925/2722/3979 3926/2723/3980 3927/2724/3981
f 3925/2722/3979 3927/2724/3981 3928/2725/3982
f 3925/2722/3979 3928/2725/3982 3923/2720/3977
f 3924/2721/3978 3923/2720/3977 3928/2725/3982
f 3929/2726/3983 3928/2725/3982 3927/2724/3981
f 3930/2727/3984 3927/2724/3981 3926/2723/3980
f 3926/2723/3980 3931/2728/3985 3930/2727/3984
f 3922/2719/3976 3931/2728/3985 3926/2723/3980
f 3931/2728/3985 3922/2719/3976 3921/2718/3975
f 3932/2729/3986 3930/2727/3984 3931/2728/3985
f 3929/2726/3983 3933/2730/3987 3928/2725/3982
f 3934/2731/3988 3928/2725/3982 3933/2730/3987
f 3928/2725/3982 3934/2731/3988 3924/2721/3978
f 3934/2731/3988 3933/2730/3987 3935/2732/3989
f 3936/2733/3990 3935/2732/3989 3933/2730/3987
f 3935/2732/3989 3936/2733/3990 3937/2734/3991
f 3938/2735/3992 3937/2734/3991 3936/2733/3990
f 3924/2721/3978 3934/2731/3988 3641/2449/3692
f 3937/2734/3991 3939/2736/3993 3935/2732/3989
f 3940/2737/3994 3935/2732/3989 3939/2736/3993
f 3935/2732/3989 3940/2737/3994 3934/2731/3988
f 3641/2449/3692 3934/2731/3988 3940/2737/3994
f 3940/2737/3994 3625/2433/3676 3641/2449/3692
f 3940/2737/3994 3939/2736/3993 3625/2433/3676
f 3634/2442/3685 3641/2449/3692 3625/2433/3676
f 3624/2432/3675 3625/2433/3676 3939/2736/3993
f 3932/2729/3986 3941/2738/3995 3930/2727/3984
f 3941/2738/3995 3932/2729/3986 3942/2739/3996
f 3938/2735/3992 3936/2733/3990 3943/2740/3997
f 3944/2741/3998 3943/2740/3997 3936/2733/3990
f 3943/2740/3997 3944/2741/3998 3945/2742/3999
f 3946/2743/4000 3945/2742/3999 3944/2741/3998
f 3945/2742/3999 3946/2743/4000 3947/2744/4001
f 3948/2745/4002 3947/2744/4001 3946/2743/4000
f 3948/2745/4002 3946/2743/4000 3949/2746/4003
f 3950/2747/4004 3949/2746/4003 3946/2743/4000
f 3946/2743/4000 3944/2741/3998 3950/2747/4004
f 3951/2748/4005 3950/2747/4004 3944/2741/3998
f 3950/2747/4004 3951/2748/4005 3952/2749/4006
f 3950/2747/4004 3952/2749/4006 3953/2750/4007
f 3954/2751/4008 3953/2750/4007 3952/2749/4006
f 3952/2749/4006 3955/2752/4009 3954/2751/4008
f 3956/2753/4010 3954/2751/4008 3955/2752/4009
f 3954/2751/4008 3956/2753/4010 3953/2750/4007
f 3956/2753/4010 3955/2752/4009 3957/2754/4011
f 3958/2755/4012 3957/2754/4011 3955/2752/4009
f 3958/2755/4012 3959/2756/4013 3957/2754/4011
f 3960/2757/4014 3957/2754/4011 3959/2756/4013
f 3956/2753/4010 3957/2754/4011 3961/2758/4015
f 3960/2757/4014 3961/2758/4015 3957/2754/4011
f 3961/2758/4015 3953/2750/4007 3956/2753/4010
f 3962/2759/4016 3952/2749/4006 3951/2748/4005
f 3958/2755/4012 3955/2752/4009 3963/2760/4017
f 3964/2761/4018 3963/2760/4017 3955/2752/4009
f 3955/2752/4009 3952/2749/4006 3964/2761/4018
f 3962/2759/4016 3964/2761/4018 3952/2749/4006
f 3962/2759/4016 3965/2762/4019 3964/2761/4018
f 3962/2759/4016 3951/2748/4005 3965/2762/4019
f 3966/2763/4020 3964/2761/4018 3965/2762/4019
f 3965/2762/4019 3929/2726/3983 3966/2763/4020
f 3927/2724/3981 3966/2763/4020 3929/2726/3983
f 3966/2763/4020 3927/2724/3981 3941/2738/3995
f 3966/2763/4020 3941/2738/3995 3964/2761/4018
f 3963/2760/4017 3964/2761/4018 3941/2738/3995
f 3930/2727/3984 3941/2738/3995 3927/2724/3981
f 3959/2756/4013 3958/2755/4012 3942/2739/3996
f 3963/2760/4017 3942/2739/3996 3958/2755/4012
f 3963/2760/4017 3941/2738/3995 3942/2739/3996
f 3929/2726/3983 3965/2762/4019 3933/2730/3987
f 3965/2762/4019 3951/2748/4005 3933/2730/3987
f 3951/2748/4005 3944/2741/3998 3933/2730/3987
f 3936/2733/3990 3933/2730/3987 3944/2741/3998
f 3967/2764/4021 3968/2765/4022 3969/2766/4023
f 3970/2767/4024 3969/2766/4023 3968/2765/4022
f 3969/2766/4023 3970/2767/4024 3971/2768/4025
f 3972/2769/4026 3971/2768/4025 3970/2767/4024
f 3970/2767/4024 3968/2765/4022 3973/2770/4027
f 3972/2769/4026 3970/2767/4024 3974/2771/4028
f 3975/2772/4029 3974/2771/4028 3970/2767/4024
f 3975/2772/4029 3970/2767/4024 3973/2770/4027
f 3974/2771/4028 3975/2772/4029 3976/2773/4030
f 3977/2774/4031 3976/2773/4030 3975/2772/4029
f 3976/2773/4030 3977/2774/4031 3978/2775/4032
f 3979/2776/4033 3978/2775/4032 3977/2774/4031
f 3979/2776/4033 3977/2774/4031 3980/2777/4034
f 3981/2778/4035 3980/2777/4034 3977/2774/4031
f 3977/2774/4031 3975/2772/4029 3981/2778/4035
f 3982/2779/4036 3981/2778/4035 3975/2772/4029
f 3975/2772/4029 3973/2770/4027 3982/2779/4036
f 3967/2764/4021 3969/2766/4023 3983/2780/4037
f 3984/2781/4038 3983/2780/4037 3969/2766/4023
f 3984/2781/4038 3637/2445/3688 3983/2780/4037
f 3984/2781/4038 3985/2782/4039 3637/2445/3688
f 3984/2781/4038 3969/2766/4023 3985/2782/4039
f 3639/2447/3690 3637/2445/3688 3985/2782/4039
f 3638/2446/3689 3983/2780/4037 3637/2445/3688
f 3971/2768/4025 3985/2782/4039 3969/2766/4023
f 3658/2466/3709 3839/2638/3893 3660/2468/3711
f 3658/2466/3709 3659/2467/3710 3839/2638/3893
f 3842/2641/3896 3839/2638/3893 3659/2467/3710
f 3883/2681/3937 3881/2679/3935 3650/2458/3701
f 3652/2460/3703 3883/2681/3937 3650/2458/3701
f 3883/2681/3937 3652/2460/3703 3884/2682/3938
f 3654/2462/3705 3884/2682/3938 3652/2460/3703
f 3654/2462/3705 3986/2783/4040 3884/2682/3938
f 3886/2684/3940 3884/2682/3938 3986/2783/4040
f 3881/2679/3935 3879/2677/3933 3987/2458/4041
f 3988/2657/4042 3989/2458/4042 3879/2677/4043
f 3677/2485/3728 3654/2462/3705 3674/2482/3725
f 3656/2464/3707 3674/2482/3725 3654/2462/3705
f 3990/2462/4044 3677/2485/3728 3991/2783/4045
f 3679/2487/3730 3991/2783/4045 3677/2485/3728
f 3656/2464/3707 3657/2465/3708 3672/2480/3723
f 3665/2473/3716 3672/2480/3723 3657/2465/3708
f 3615/2423/3666 3620/2428/3671 3721/2526/3772
f 3622/2430/3673 3721/2526/3772 3620/2428/3671
f 3721/2526/3772 3717/2523/3768 3615/2423/3666
f 3613/2422/3664 3615/2423/3666 3717/2523/3768
f 3640/2448/3691 3924/2721/3978 3641/2449/3692
f 3992/2410/4046 3993/2409/4047 3994/2411/4048
f 3994/2411/4048 3993/2409/4047 3995/2412/4049
f 3995/2412/4049 3996/2413/4050 3994/2411/4048
f 3997/2414/4051 3994/2411/4048 3996/2413/4050
f 3994/2411/4048 3997/2414/4051 3998/2410/4052
f 3996/2413/4050 3999/2415/4053 3997/2414/4051
f 4000/2416/4054 3997/2414/4051 3999/2415/4053
f 3997/2414/4051 4000/2416/4054 4001/2410/4055
f 3999/2415/4053 4002/2417/4056 4000/2416/4054
f 4003/2418/4057 4000/2416/4054 4002/2417/4056
f 4000/2416/4054 4003/2418/4057 4004/2410/4058
f 4003/2418/4057 4005/2419/4059 4004/2410/4058
f 4003/2418/4057 4002/2417/4056 4005/2419/4059
f 4006/2420/4060 3995/2412/4049 3993/2409/4047
f 4006/2420/4060 3993/2409/4047 4007/2421/4061
f 4008/2422/4062 4007/2421/4061 3993/2409/4047
f 4008/2422/4062 3993/2409/4047 4009/2410/4063
f 4007/2421/4061 4008/2422/4062 4010/2423/4064
f 4006/2420/4060 4007/2421/4061 4011/2424/4065
f 4012/2425/4066 4011/2424/4065 4007/2421/4061
f 4006/2420/4060 4011/2424/4065 3995/2412/4049
f 4013/2426/4067 3995/2412/4049 4011/2424/4065
f 4013/2426/4067 4014/2427/4068 3995/2412/4049
f 3996/2413/4050 3995/2412/4049 4014/2427/4068
f 4010/2423/4064 4015/2428/4069 4007/2421/4061
f 4012/2425/4066 4007/2421/4061 4015/2428/4069
f 4015/2428/4069 4016/2429/4070 4012/2425/4066
f 4015/2428/4069 4017/2430/4071 4016/2429/4070
f 4018/2431/4072 4016/2429/4070 4017/2430/4071
f 4016/2429/4070 4018/2431/4072 4019/2432/4073
f 4020/2433/4074 4016/2429/4070 4019/2432/4073
f 4021/2434/4075 4019/2432/4073 4018/2431/4072
f 4021/2434/4075 4018/2431/4072 4022/2435/4076
f 4022/2435/4076 4018/2431/4072 4023/2436/4077
f 4024/2437/4078 4023/2436/4077 4018/2431/4072
f 4024/2437/4078 4018/2431/4072 4017/2430/4071
f 4024/2437/4078 4025/2438/4079 4023/2436/4077
f 4025/2438/4079 4024/2437/4078 4026/2439/4080
f 4027/2440/4081 4026/2439/4080 4024/2437/4078
f 4016/2429/4070 4020/2433/4074 4028/2441/4082
f 4029/2442/4083 4028/2441/4082 4020/2433/4074
f 4028/2441/4082 4029/2442/4083 4030/2443/4084
f 4031/2444/4085 4030/2443/4084 4029/2442/4083
f 4021/2434/4075 4032/2445/4086 4019/2432/4073
f 4033/2446/4087 4019/2432/4073 4032/2445/4086
f 4022/2435/4076 4034/2447/4088 4021/2434/4075
f 4032/2445/4086 4021/2434/4075 4034/2447/4088
f 4031/2444/4085 4029/2442/4083 4035/2448/4089
f 4036/2449/4090 4035/2448/4089 4029/2442/4083
f 4035/2448/4089 4037/2450/4091 4031/2444/4085
f 4038/2451/4092 4031/2444/4085 4037/2450/4091
f 4037/2450/4091 4039/2452/4093 4038/2451/4092
f 4040/2453/4094 4038/2451/4092 4039/2452/4093
f 4040/2453/4094 4041/2454/4095 4038/2451/4092
f 4042/2455/4096 4038/2451/4092 4041/2454/4095
f 4030/2443/4084 4031/2444/4085 4042/2455/4096
f 4038/2451/4092 4042/2455/4096 4031/2444/4085
f 4040/2453/4094 4043/2456/4097 4041/2454/4095
f 4044/2457/4098 4041/2454/4095 4043/2456/4097
f 4043/2456/4097 4045/2458/4099 4044/2457/4098
f 4046/2459/4100 4044/2457/4098 4045/2458/4099
f 4045/2458/4099 4047/2460/4101 4046/2459/4100
f 4048/2461/4102 4046/2459/4100 4047/2460/4101
f 4047/2460/4101 4049/2462/4103 4048/2461/4102
f 4050/2463/4104 4048/2461/4102 4049/2462/4103
f 4049/2462/4103 4051/2464/4105 4050/2463/4104
f 4052/2465/4106 4050/2463/4104 4051/2464/4105
f 4043/2456/4097 4053/2466/4107 4045/2458/4099
f 4043/2456/4097 4040/2453/4094 4053/2466/4107
f 4054/2467/4108 4045/2458/4099 4053/2466/4107
f 4055/2468/4109 4053/2466/4107 4040/2453/4094
f 4040/2453/4094 4056/2469/4110 4055/2468/4109
f 4050/2463/4104 4052/2465/4106 4057/2470/4111
f 4048/2461/4102 4050/2463/4104 4057/2470/4111
f 4058/2471/4112 4057/2470/4111 4052/2465/4106
f 3999/2415/4053 4057/2470/4111 4058/2471/4112
f 4058/2471/4112 4059/2472/4113 3999/2415/4053
f 4002/2417/4056 3999/2415/4053 4059/2472/4113
f 4052/2465/4106 4060/2473/4114 4058/2471/4112
f 4061/2474/4115 4058/2471/4112 4060/2473/4114
f 4058/2471/4112 4061/2474/4115 4059/2472/4113
f 4060/2473/4114 4062/2475/4116 4061/2474/4115
f 4063/2476/4117 4061/2474/4115 4062/2475/4116
f 4061/2474/4115 4063/2476/4117 4064/2477/4118
f 4065/2478/4119 4064/2477/4118 4063/2476/4117
f 4062/2475/4116 4060/2473/4114 4066/2479/4120
f 4067/2480/4121 4066/2479/4120 4060/2473/4114
f 4067/2480/4121 4068/2481/4122 4066/2479/4120
f 4067/2480/4121 4051/2464/4105 4068/2481/4122
f 4069/2482/4123 4068/2481/4122 4051/2464/4105
f 4068/2481/4122 4069/2482/4123 4070/2483/4124
f 4071/2484/4125 4070/2483/4124 4069/2482/4123
f 4069/2482/4123 4072/2485/4126 4071/2484/4125
f 4073/2486/4127 4071/2484/4125 4072/2485/4126
f 4072/2485/4126 4074/2487/4128 4073/2486/4127
f 4075/2488/4129 4073/2486/4127 4074/2487/4128
f 4068/2481/4122 4070/2483/4124 4076/2489/4130
f 4076/2489/4130 4066/2479/4120 4068/2481/4122
f 4077/2490/4131 4076/2489/4130 4070/2483/4124
f 4071/2484/4125 4073/2486/4127 4078/2491/4132
f 4079/2492/4133 4078/2491/4132 4073/2486/4127
f 4079/2492/4133 4073/2486/4127 4075/2488/4129
f 4070/2483/4124 4071/2484/4125 4080/2493/4134
f 4078/2491/4132 4080/2493/4134 4071/2484/4125
f 4080/2493/4134 4077/2490/4131 4070/2483/4124
f 4078/2491/4132 4081/2494/4135 4080/2493/4134
f 4078/2491/4132 4079/2492/4133 4081/2494/4135
f 4082/2495/4136 4080/2493/4134 4081/2494/4135
f 4082/2495/4136 4081/2494/4135 4083/2496/4137
f 4084/2497/4138 4083/2496/4137 4081/2494/4135
f 4084/2497/4138 4081/2494/4135 4085/2498/4139
f 4086/2499/4140 4085/2498/4139 4081/2494/4135
f 4086/2499/4140 4081/2494/4135 4079/2492/4133
f 4083/2496/4137 4087/2500/4141 4082/2495/4136
f 4088/2501/4142 4082/2495/4136 4087/2500/4141
f 4077/2490/4131 4080/2493/4134 4088/2501/4142
f 4080/2493/4134 4082/2495/4136 4088/2501/4142
f 4086/2499/4140 4089/2502/4143 4085/2498/4139
f 4089/2502/4143 4079/2492/4133 4075/2488/4129
f 4079/2492/4133 4089/2502/4143 4086/2499/4140
f 4090/2503/4144 4085/2498/4139 4089/2502/4143
f 4083/2496/4137 4084/2497/4138 4091/2504/4145
f 4091/2504/4145 4087/2500/4141 4083/2496/4137
f 4092/2505/4146 4091/2504/4145 4084/2497/4138
f 4087/2500/4141 4091/2504/4145 4093/2506/4147
f 4091/2504/4145 4092/2505/4146 4094/2507/4148
f 4091/2504/4145 4094/2507/4148 4093/2506/4147
f 4093/2506/4147 4094/2507/4148 4095/2508/4149
f 4096/2509/4150 4095/2508/4149 4094/2507/4148
f 4095/2508/4149 4096/2509/4150 4097/2510/4151
f 4098/2511/4152 4097/2510/4151 4096/2509/4150
f 4094/2507/4148 4099/2512/4153 4096/2509/4150
f 4099/2512/4153 4094/2507/4148 4092/2505/4146
f 4092/2505/4146 4100/2513/4154 4099/2512/4153
f 4100/2513/4154 4085/2498/4139 4090/2503/4144
f 4101/2514/4155 4099/2512/4153 4100/2513/4154
f 4102/2515/4156 4096/2509/4150 4099/2512/4153
f 4096/2509/4150 4102/2515/4156 4103/2511/4157
f 4104/2516/4158 4103/2511/4157 4102/2515/4156
f 4104/2516/4158 4105/2517/4159 4103/2511/4157
f 4106/2510/4160 4103/2511/4157 4105/2517/4159
f 4104/2516/4158 4107/2518/4161 4105/2517/4159
f 4104/2516/4158 4102/2515/4156 4107/2518/4161
f 4108/2519/4162 4105/2517/4159 4107/2518/4161
f 4109/2520/4163 4107/2518/4161 4102/2515/4156
f 4107/2518/4161 4109/2520/4163 4108/2519/4162
f 4101/2514/4155 4109/2520/4163 4099/2512/4153
f 4102/2515/4156 4099/2512/4153 4109/2520/4163
f 4110/2521/4164 4108/2519/4162 4109/2520/4163
f 4109/2520/4163 4101/2514/4155 4110/2521/4164
f 4111/2522/4165 4110/2521/4164 4101/2514/4155
f 4101/2514/4155 4100/2513/4154 4111/2522/4165
f 4100/2513/4154 4090/2503/4144 4111/2522/4165
f 4085/2498/4139 4100/2513/4154 4084/2497/4138
f 4092/2505/4146 4084/2497/4138 4100/2513/4154
f 4112/2523/4166 4008/2422/4062 4113/2410/4167
f 4112/2523/4166 4113/2410/4167 4114/2524/4168
f 4114/2524/4168 4115/2525/4169 4112/2523/4166
f 4116/2526/4170 4112/2523/4166 4115/2525/4169
f 4115/2525/4169 4114/2524/4168 4117/2527/4171
f 4118/2528/4172 4117/2527/4171 4114/2524/4168
f 4114/2524/4168 4119/2410/4173 4118/2528/4172
f 4115/2525/4169 4117/2527/4171 4120/2529/4174
f 4116/2526/4170 4115/2525/4169 4120/2529/4174
f 4121/2530/4175 4120/2529/4174 4117/2527/4171
f 4116/2526/4170 4120/2529/4174 4122/2531/4176
f 4116/2526/4170 4122/2531/4176 4017/2430/4071
f 4123/2532/4177 4017/2430/4071 4122/2531/4176
f 4017/2430/4071 4123/2532/4177 4024/2437/4078
f 4120/2529/4174 4121/2530/4175 4124/2533/4178
f 4120/2529/4174 4124/2533/4178 4122/2531/4176
f 4124/2533/4178 4125/2534/4179 4122/2531/4176
f 4126/2535/4180 4123/2532/4177 4125/2534/4181
f 4123/2532/4177 4126/2535/4180 4027/2440/4081
f 4123/2532/4177 4027/2440/4081 4024/2437/4078
f 4127/2536/4182 4027/2440/4081 4126/2535/4180
f 4121/2530/4175 4128/2537/4183 4124/2533/4178
f 4127/2536/4182 4129/2538/4184 4027/2440/4081
f 4026/2439/4080 4027/2440/4081 4129/2538/4184
f 4129/2538/4184 4130/2539/4185 4026/2439/4080
f 4131/2540/4186 4026/2439/4080 4130/2539/4185
f 4130/2539/4185 4132/2541/4187 4131/2540/4186
f 4133/2542/4188 4131/2540/4186 4132/2541/4187
f 4131/2540/4186 4133/2542/4188 4134/2543/4189
f 4131/2540/4186 4134/2543/4189 4026/2439/4080
f 4135/2544/4190 4134/2543/4189 4133/2542/4188
f 4025/2438/4079 4026/2439/4080 4134/2543/4189
f 4132/2541/4187 4136/2545/4191 4133/2542/4188
f 4137/2546/4192 4133/2542/4188 4136/2545/4191
f 4137/2546/4192 4136/2545/4191 4138/2547/4193
f 4139/2548/4194 4138/2547/4193 4136/2545/4191
f 4138/2547/4193 4140/2549/4195 4137/2546/4192
f 4141/2550/4196 4137/2546/4192 4140/2549/4195
f 4137/2546/4192 4141/2550/4196 4133/2542/4188
f 4135/2544/4190 4133/2542/4188 4141/2550/4196
f 4139/2548/4194 4142/2551/4197 4138/2547/4193
f 4143/2552/4198 4138/2547/4193 4142/2551/4197
f 4138/2547/4193 4143/2552/4198 4140/2549/4195
f 4142/2551/4197 4144/2553/4199 4143/2552/4198
f 4145/2554/4200 4143/2552/4198 4144/2553/4199
f 4144/2553/4199 4146/2555/4201 4145/2554/4200
f 4147/2556/4202 4145/2554/4200 4146/2555/4201
f 4147/2556/4202 4148/2557/4203 4145/2554/4200
f 4149/2558/4204 4145/2554/4200 4148/2557/4203
f 4145/2554/4200 4149/2558/4204 4143/2552/4198
f 4150/2559/4205 4143/2552/4198 4149/2558/4204
f 4150/2559/4205 4140/2549/4195 4143/2552/4198
f 4025/2438/4079 4151/2560/4206 4023/2436/4077
f 4152/2561/4207 4023/2436/4077 4151/2560/4206
f 4151/2560/4206 4153/2562/4208 4152/2561/4207
f 4154/2563/4209 4152/2561/4207 4153/2562/4208
f 4152/2561/4207 4154/2563/4209 4155/2564/4210
f 4156/2565/4211 4155/2564/4210 4154/2563/4209
f 4155/2564/4210 4022/2435/4076 4152/2561/4207
f 4023/2436/4077 4152/2561/4207 4022/2435/4076
f 4156/2565/4211 4154/2563/4209 4157/2566/4212
f 4158/2567/4213 4157/2566/4212 4154/2563/4209
f 4157/2566/4212 4158/2567/4213 4159/2568/4214
f 4160/2569/4215 4159/2568/4214 4158/2567/4213
f 4160/2569/4215 4158/2567/4213 4161/2570/4216
f 4162/2571/4217 4161/2570/4216 4158/2567/4213
f 4153/2562/4208 4162/2571/4217 4154/2563/4209
f 4158/2567/4213 4154/2563/4209 4162/2571/4217
f 4159/2568/4214 4160/2569/4215 4163/2572/4218
f 4164/2573/4219 4163/2572/4218 4160/2569/4215
f 4163/2572/4218 4164/2573/4219 4165/2574/4220
f 4166/2575/4221 4165/2574/4220 4164/2573/4219
f 4165/2574/4220 4166/2575/4221 4167/2576/4222
f 4168/2577/4223 4167/2576/4222 4166/2575/4221
f 4168/2577/4223 4166/2575/4221 4169/2578/4224
f 4170/2579/4225 4169/2578/4224 4166/2575/4221
f 4166/2575/4221 4164/2573/4219 4170/2579/4225
f 4171/2580/4226 4170/2579/4225 4164/2573/4219
f 4164/2573/4219 4160/2569/4215 4171/2580/4226
f 4161/2570/4216 4171/2580/4226 4160/2569/4215
f 4172/2582/4227 4173/2581/4228 4005/2419/4059
f 4173/2581/4228 4172/2582/4227 4174/2583/4229
f 4175/2584/4230 4174/2583/4229 4172/2582/4227
f 4175/2584/4230 4172/2582/4227 4176/2585/4231
f 4002/2417/4056 4176/2585/4231 4172/2582/4227
f 4172/2582/4227 4005/2419/4059 4002/2417/4056
f 4175/2584/4230 4176/2585/4231 4177/2586/4232
f 4064/2477/4118 4177/2586/4232 4176/2585/4231
f 4177/2586/4232 4178/2587/4233 4175/2584/4230
f 4174/2583/4229 4175/2584/4230 4178/2587/4233
f 4178/2587/4233 4177/2586/4232 4179/2588/4234
f 4180/2589/4235 4179/2588/4234 4177/2586/4232
f 4179/2588/4234 4180/2589/4235 4181/2590/4236
f 4182/2591/4237 4181/2590/4236 4180/2589/4235
f 4182/2591/4237 4180/2589/4235 4183/2592/4238
f 4184/2593/4239 4183/2592/4238 4180/2589/4235
f 4064/2477/4118 4184/2593/4239 4177/2586/4232
f 4180/2589/4235 4177/2586/4232 4184/2593/4239
f 4183/2592/4238 4185/2594/4240 4182/2591/4237
f 4186/2595/4241 4182/2591/4237 4185/2594/4240
f 4186/2595/4241 4185/2594/4240 4187/2596/4242
f 4187/2596/4242 4188/2597/4243 4186/2595/4241
f 4189/2598/4244 4186/2595/4241 4188/2597/4243
f 4186/2595/4241 4189/2598/4244 4182/2591/4237
f 4181/2590/4236 4182/2591/4237 4189/2598/4244
f 4190/2599/4245 4187/2596/4242 4185/2594/4240
f 4190/2599/4245 4191/2600/4246 4187/2596/4242
f 4192/2601/4247 4187/2596/4242 4191/2600/4246
f 4192/2601/4247 4193/2602/4248 4187/2596/4242
f 4188/2597/4243 4187/2596/4242 4193/2602/4248
f 4191/2600/4246 4190/2599/4245 4194/2603/4249
f 4195/2604/4250 4194/2603/4249 4190/2599/4245
f 4185/2594/4240 4195/2604/4250 4190/2599/4245
f 4193/2602/4248 4192/2601/4247 4196/2605/4251
f 4197/2606/4252 4196/2605/4251 4192/2601/4247
f 4197/2606/4252 4192/2601/4247 4198/2607/4253
f 4191/2600/4246 4198/2607/4253 4192/2601/4247
f 4194/2603/4249 4199/2608/4254 4191/2600/4246
f 4198/2607/4253 4191/2600/4246 4199/2608/4254
f 4199/2608/4254 4200/2609/4255 4198/2607/4253
f 4201/2606/4256 4198/2607/4253 4200/2609/4255
f 4196/2605/4257 4202/2606/4258 4203/2610/4258
f 4204/2609/4259 4203/2610/4258 4202/2606/4258
f 4205/2611/4260 4195/2604/4250 4185/2594/4240
f 4183/2592/4238 4205/2611/4260 4185/2594/4240
f 4205/2611/4260 4183/2592/4238 4206/2612/4261
f 4184/2593/4239 4206/2612/4261 4183/2592/4238
f 4206/2612/4261 4184/2593/4239 4065/2478/4119
f 4064/2477/4118 4065/2478/4119 4184/2593/4239
f 4064/2477/4118 4176/2585/4231 4061/2474/4115
f 4059/2472/4113 4061/2474/4115 4176/2585/4231
f 4002/2417/4056 4059/2472/4113 4176/2585/4231
f 4207/2616/4262 4208/2614/4263 4209/2615/4264
f 4210/2613/4265 4209/2615/4264 4208/2614/4263
f 4210/2613/4265 4211/2617/4266 4209/2615/4264
f 4212/2618/4267 4209/2615/4264 4211/2617/4266
f 4211/2617/4266 4210/2613/4265 4213/2619/4268
f 4214/2620/4269 4213/2619/4268 4210/2613/4265
f 4213/2619/4268 4214/2620/4269 4215/2621/4270
f 4215/2621/4270 4216/2622/4271 4213/2619/4268
f 4217/2623/4272 4213/2619/4268 4216/2622/4271
f 4213/2619/4268 4217/2623/4272 4211/2617/4266
f 4218/2624/4273 4215/2621/4270 4214/2620/4269
f 4214/2620/4269 4219/2625/4274 4218/2624/4273
f 4220/2626/4275 4218/2624/4273 4219/2625/4274
f 4220/2626/4275 4221/2627/4276 4218/2624/4273
f 4222/2628/4277 4218/2624/4273 4221/2627/4276
f 4218/2624/4273 4222/2628/4277 4215/2621/4270
f 4216/2622/4271 4215/2621/4270 4223/2629/4278
f 4224/2630/4279 4223/2629/4278 4215/2621/4270
f 4224/2630/4279 4215/2621/4270 4222/2628/4277
f 4225/2631/4280 4214/2620/4269 4210/2613/4265
f 4225/2631/4280 4219/2625/4274 4214/2620/4269
f 4226/2632/4281 4211/2617/4266 4217/2623/4272
f 4211/2617/4266 4226/2632/4281 4212/2618/4267
f 4227/2633/4282 4212/2618/4267 4226/2632/4281
f 4227/2633/4282 4228/2634/4283 4212/2618/4267
f 4229/2534/4284 4212/2618/4267 4228/2634/4283
f 4126/2535/4285 4229/2534/4284 4228/2634/4283
f 4229/2534/4284 4124/2533/4178 4212/2618/4267
f 4209/2615/4264 4212/2618/4267 4124/2533/4178
f 4209/2615/4264 4124/2533/4178 4207/2616/4262
f 4128/2537/4183 4207/2616/4262 4124/2533/4178
f 4229/2534/4286 4123/2532/4177 4122/2531/4176
f 4208/2614/4263 4225/2631/4280 4210/2613/4265
f 4030/2443/4084 4042/2455/4096 4011/2424/4065
f 4011/2424/4065 4012/2425/4066 4030/2443/4084
f 4028/2441/4082 4030/2443/4084 4012/2425/4066
f 4028/2441/4082 4012/2425/4066 4016/2429/4070
f 4042/2455/4096 4013/2426/4067 4011/2424/4065
f 4042/2455/4096 4041/2454/4095 4013/2426/4067
f 4044/2457/4098 4013/2426/4067 4041/2454/4095
f 4044/2457/4098 4014/2427/4068 4013/2426/4067
f 4044/2457/4098 4046/2459/4100 4014/2427/4068
f 4048/2461/4102 4014/2427/4068 4046/2459/4100
f 4048/2461/4102 4057/2470/4111 4014/2427/4068
f 4014/2427/4068 4057/2470/4111 3996/2413/4050
f 3999/2415/4053 3996/2413/4050 4057/2470/4111
f 4230/2635/4287 4055/2468/4109 4231/2469/4288
f 4055/2468/4109 4230/2635/4287 4232/2636/4289
f 4233/2637/4290 4232/2636/4289 4230/2635/4287
f 4232/2636/4289 4234/2638/4291 4055/2468/4109
f 4232/2636/4289 4235/2639/4292 4234/2638/4291
f 4233/2637/4290 4235/2639/4292 4232/2636/4289
f 4236/2640/4293 4234/2638/4291 4235/2639/4292
f 4234/2638/4291 4236/2640/4293 4237/2641/4294
f 4238/2642/4295 4237/2641/4294 4236/2640/4293
f 4235/2639/4292 4239/2643/4296 4236/2640/4293
f 4240/2644/4297 4236/2640/4293 4239/2643/4296
f 4239/2643/4296 4241/2645/4298 4240/2644/4297
f 4242/2646/4299 4240/2644/4297 4241/2645/4298
f 4242/2646/4299 4243/2647/4300 4240/2644/4297
f 4244/2648/4301 4240/2644/4297 4243/2647/4300
f 4238/2642/4295 4236/2640/4293 4244/2648/4301
f 4240/2644/4297 4244/2648/4301 4236/2640/4293
f 4241/2645/4298 4239/2643/4296 4245/2649/4302
f 4246/2650/4303 4245/2649/4302 4239/2643/4296
f 4235/2639/4292 4246/2650/4303 4239/2643/4296
f 4233/2637/4290 4246/2650/4303 4235/2639/4292
f 4244/2648/4301 4243/2647/4300 4247/2651/4304
f 4238/2642/4295 4244/2648/4301 4247/2651/4304
f 4248/2652/4305 4247/2651/4304 4243/2647/4300
f 4243/2647/4300 4242/2646/4299 4249/2653/4306
f 4248/2652/4305 4243/2647/4300 4249/2653/4306
f 4250/2654/4307 4249/2653/4306 4242/2646/4299
f 4251/2655/4308 4238/2642/4295 4247/2651/4304
f 4251/2655/4308 4237/2641/4294 4238/2642/4295
f 4251/2655/4308 4252/2656/4309 4237/2641/4294
f 4054/2467/4108 4237/2641/4294 4252/2656/4309
f 4252/2656/4309 4253/2657/4310 4054/2467/4108
f 4254/2458/4311 4054/2467/4108 4253/2657/4310
f 4241/2645/4298 4255/2658/4312 4242/2646/4299
f 4250/2654/4307 4242/2646/4299 4255/2658/4312
f 4241/2645/4298 4245/2649/4302 4255/2658/4312
f 4255/2658/4312 4256/2659/4313 4250/2654/4307
f 4257/2660/4314 4250/2654/4307 4256/2659/4313
f 4250/2654/4307 4257/2660/4314 4249/2653/4306
f 4256/2659/4313 4258/2661/4315 4257/2660/4314
f 4259/2662/4316 4257/2660/4314 4258/2661/4315
f 4258/2661/4315 4260/2663/4317 4259/2662/4316
f 4261/2664/4318 4259/2662/4316 4260/2663/4317
f 4261/2664/4318 4262/2665/4319 4259/2662/4316
f 4263/2666/4320 4259/2662/4316 4262/2665/4319
f 4259/2662/4316 4263/2666/4320 4257/2660/4314
f 4261/2664/4318 4260/2663/4317 4264/2667/4321
f 4265/2668/4322 4264/2667/4321 4260/2663/4317
f 4264/2667/4321 4266/2669/4323 4261/2664/4318
f 4262/2665/4319 4261/2664/4318 4266/2669/4323
f 4258/2661/4315 4267/2670/4324 4260/2663/4317
f 4265/2668/4322 4260/2663/4317 4267/2670/4324
f 4266/2669/4323 4268/2671/4325 4262/2665/4319
f 4263/2666/4320 4262/2665/4319 4268/2671/4325
f 4256/2659/4313 4269/2672/4326 4258/2661/4315
f 4267/2670/4324 4258/2661/4315 4269/2672/4326
f 4268/2671/4325 4270/2673/4327 4263/2666/4320
f 4271/2674/4328 4263/2666/4320 4270/2673/4327
f 4271/2674/4328 4257/2660/4314 4263/2666/4320
f 4269/2672/4326 4256/2659/4313 4272/2675/4329
f 4255/2658/4312 4272/2675/4329 4256/2659/4313
f 4270/2673/4327 4249/2653/4306 4271/2674/4328
f 4271/2674/4328 4249/2653/4306 4257/2660/4314
f 4272/2675/4329 4255/2658/4312 4245/2649/4302
f 4270/2673/4327 4248/2652/4305 4249/2653/4306
f 4273/2679/4330 4274/2677/4331 4275/2678/4332
f 4276/2676/4333 4275/2678/4332 4274/2677/4331
f 4275/2678/4332 4277/2680/4334 4273/2679/4330
f 4278/2681/4335 4273/2679/4330 4277/2680/4334
f 4278/2681/4335 4277/2680/4334 4279/2682/4336
f 4280/2683/4337 4279/2682/4336 4277/2680/4334
f 4279/2682/4336 4280/2683/4337 4281/2684/4338
f 4282/2685/4339 4281/2684/4338 4280/2683/4337
f 4275/2678/4332 4283/2686/4340 4277/2680/4334
f 4283/2686/4340 4275/2678/4332 4276/2676/4333
f 4284/2687/4341 4277/2680/4334 4283/2686/4340
f 4280/2683/4337 4277/2680/4334 4285/2688/4342
f 4284/2687/4341 4285/2688/4342 4277/2680/4334
f 4285/2688/4342 4282/2685/4339 4280/2683/4337
f 4285/2688/4342 4284/2687/4341 4286/2689/4343
f 4287/2690/4344 4286/2689/4343 4284/2687/4341
f 4287/2690/4344 4288/2691/4345 4286/2689/4343
f 4288/2691/4345 4287/2690/4344 4289/2692/4346
f 4290/2693/4347 4289/2692/4346 4287/2690/4344
f 4283/2686/4340 4290/2693/4347 4284/2687/4341
f 4287/2690/4344 4284/2687/4341 4290/2693/4347
f 4291/2694/4348 4286/2689/4343 4288/2691/4345
f 4289/2692/4346 4290/2693/4347 4292/2695/4349
f 4293/2696/4350 4292/2695/4349 4290/2693/4347
f 4283/2686/4340 4293/2696/4350 4290/2693/4347
f 4291/2694/4348 4294/2697/4351 4286/2689/4343
f 4295/2698/4352 4286/2689/4343 4294/2697/4351
f 4282/2685/4339 4285/2688/4342 4295/2698/4352
f 4285/2688/4342 4286/2689/4343 4295/2698/4352
f 4288/2691/4345 4296/2699/4353 4291/2694/4348
f 4288/2691/4345 4289/2692/4346 4296/2699/4353
f 4297/2700/4354 4291/2694/4348 4296/2699/4353
f 4297/2700/4354 4294/2697/4351 4291/2694/4348
f 4293/2696/4350 4283/2686/4340 4276/2676/4333
f 4294/2697/4351 4297/2700/4354 4298/2701/4355
f 4296/2699/4353 4299/2702/4356 4297/2700/4354
f 4299/2702/4356 4296/2699/4353 4300/2703/4357
f 4301/2704/4358 4300/2703/4357 4296/2699/4353
f 4301/2704/4358 4296/2699/4353 4289/2692/4346
f 4301/2704/4358 4289/2692/4346 4292/2695/4349
f 4300/2703/4357 4302/2705/4359 4299/2702/4356
f 4300/2703/4357 4303/2706/4360 4302/2705/4359
f 4300/2703/4357 4301/2704/4358 4303/2706/4360
f 4301/2704/4358 4292/2695/4349 4303/2706/4360
f 4304/2707/4361 4302/2705/4359 4303/2706/4360
f 4302/2705/4359 4304/2707/4361 4305/2708/4362
f 4302/2705/4359 4305/2708/4362 4306/2709/4363
f 4306/2709/4363 4299/2702/4356 4302/2705/4359
f 4307/2710/4364 4306/2709/4363 4305/2708/4362
f 4305/2708/4362 4308/2711/4365 4307/2710/4364
f 4308/2711/4365 4305/2708/4362 4304/2707/4361
f 4309/2712/4366 4307/2710/4364 4308/2711/4365
f 4307/2710/4364 4309/2712/4366 4310/2713/4367
f 4307/2710/4364 4310/2713/4367 4306/2709/4363
f 4311/2714/4368 4310/2713/4367 4309/2712/4366
f 4312/2715/4369 4306/2709/4363 4310/2713/4367
f 4306/2709/4363 4312/2715/4369 4299/2702/4356
f 4311/2714/4368 4313/2716/4370 4310/2713/4367
f 4312/2715/4369 4310/2713/4367 4313/2716/4370
f 4313/2716/4370 4298/2701/4355 4312/2715/4369
f 4314/2717/4371 4312/2715/4369 4298/2701/4355
f 4314/2717/4371 4299/2702/4356 4312/2715/4369
f 4314/2717/4371 4297/2700/4354 4299/2702/4356
f 4297/2700/4354 4314/2717/4371 4298/2701/4355
f 4315/2718/4372 4316/2469/4373 4039/2452/4093
f 4040/2453/4094 4039/2452/4093 4316/2469/4373
f 4317/2719/4374 4315/2718/4372 4039/2452/4093
f 4039/2452/4093 4037/2450/4091 4317/2719/4374
f 4318/2720/4375 4317/2719/4374 4037/2450/4091
f 4318/2720/4375 4037/2450/4091 4319/2721/4376
f 4035/2448/4089 4319/2721/4376 4037/2450/4091
f 4318/2720/4375 4320/2722/4377 4317/2719/4374
f 4321/2723/4378 4317/2719/4374 4320/2722/4377
f 4320/2722/4377 4322/2724/4379 4321/2723/4378
f 4320/2722/4377 4323/2725/4380 4322/2724/4379
f 4319/2721/4376 4323/2725/4380 4318/2720/4375
f 4320/2722/4377 4318/2720/4375 4323/2725/4380
f 4324/2726/4381 4322/2724/4379 4323/2725/4380
f 4325/2727/4382 4321/2723/4378 4322/2724/4379
f 4321/2723/4378 4325/2727/4382 4326/2728/4383
f 4326/2728/4383 4317/2719/4374 4321/2723/4378
f 4317/2719/4374 4326/2728/4383 4315/2718/4372
f 4327/2729/4384 4326/2728/4383 4325/2727/4382
f 4324/2726/4381 4323/2725/4380 4328/2730/4385
f 4329/2731/4386 4328/2730/4385 4323/2725/4380
f 4329/2731/4386 4323/2725/4380 4319/2721/4376
f 4329/2731/4386 4330/2732/4387 4328/2730/4385
f 4331/2733/4388 4328/2730/4385 4330/2732/4387
f 4330/2732/4387 4332/2734/4389 4331/2733/4388
f 4333/2735/4390 4331/2733/4388 4332/2734/4389
f 4329/2731/4386 4319/2721/4376 4036/2449/4090
f 4332/2734/4389 4330/2732/4387 4334/2736/4391
f 4335/2737/4392 4334/2736/4391 4330/2732/4387
f 4036/2449/4090 4335/2737/4392 4329/2731/4386
f 4330/2732/4387 4329/2731/4386 4335/2737/4392
f 4335/2737/4392 4036/2449/4090 4020/2433/4074
f 4335/2737/4392 4020/2433/4074 4334/2736/4391
f 4029/2442/4083 4020/2433/4074 4036/2449/4090
f 4019/2432/4073 4334/2736/4391 4020/2433/4074
f 4336/2738/4393 4327/2729/4384 4325/2727/4382
f 4327/2729/4384 4336/2738/4393 4337/2739/4394
f 4333/2735/4390 4338/2740/4395 4331/2733/4388
f 4339/2741/4396 4331/2733/4388 4338/2740/4395
f 4338/2740/4395 4340/2742/4397 4339/2741/4396
f 4341/2743/4398 4339/2741/4396 4340/2742/4397
f 4340/2742/4397 4342/2744/4399 4341/2743/4398
f 4343/2745/4400 4341/2743/4398 4342/2744/4399
f 4343/2745/4400 4344/2746/4401 4341/2743/4398
f 4345/2747/4402 4341/2743/4398 4344/2746/4401
f 4341/2743/4398 4345/2747/4402 4339/2741/4396
f 4346/2748/4403 4339/2741/4396 4345/2747/4402
f 4345/2747/4402 4347/2749/4404 4346/2748/4403
f 4345/2747/4402 4348/2750/4405 4347/2749/4404
f 4349/2751/4406 4347/2749/4404 4348/2750/4405
f 4347/2749/4404 4349/2751/4406 4350/2752/4407
f 4351/2753/4408 4350/2752/4407 4349/2751/4406
f 4349/2751/4406 4348/2750/4405 4351/2753/4408
f 4351/2753/4408 4352/2754/4409 4350/2752/4407
f 4353/2755/4410 4350/2752/4407 4352/2754/4409
f 4353/2755/4410 4352/2754/4409 4354/2756/4411
f 4355/2757/4412 4354/2756/4411 4352/2754/4409
f 4355/2757/4412 4352/2754/4409 4356/2758/4413
f 4351/2753/4408 4356/2758/4413 4352/2754/4409
f 4356/2758/4413 4351/2753/4408 4348/2750/4405
f 4357/2759/4414 4346/2748/4403 4347/2749/4404
f 4353/2755/4410 4358/2760/4415 4350/2752/4407
f 4359/2761/4416 4350/2752/4407 4358/2760/4415
f 4357/2759/4414 4347/2749/4404 4359/2761/4416
f 4350/2752/4407 4359/2761/4416 4347/2749/4404
f 4357/2759/4414 4359/2761/4416 4360/2762/4417
f 4346/2748/4403 4357/2759/4414 4360/2762/4417
f 4361/2763/4418 4360/2762/4417 4359/2761/4416
f 4360/2762/4417 4361/2763/4418 4324/2726/4381
f 4322/2724/4379 4324/2726/4381 4361/2763/4418
f 4361/2763/4418 4336/2738/4393 4322/2724/4379
f 4358/2760/4415 4336/2738/4393 4359/2761/4416
f 4361/2763/4418 4359/2761/4416 4336/2738/4393
f 4325/2727/4382 4322/2724/4379 4336/2738/4393
f 4358/2760/4415 4353/2755/4410 4337/2739/4394
f 4354/2756/4411 4337/2739/4394 4353/2755/4410
f 4336/2738/4393 4358/2760/4415 4337/2739/4394
f 4360/2762/4417 4324/2726/4381 4328/2730/4385
f 4346/2748/4403 4360/2762/4417 4328/2730/4385
f 4346/2748/4403 4328/2730/4385 4339/2741/4396
f 4331/2733/4388 4339/2741/4396 4328/2730/4385
f 4362/2767/4419 4363/2765/4420 4364/2766/4421
f 4365/2764/4422 4364/2766/4421 4363/2765/4420
f 4364/2766/4421 4366/2768/4423 4362/2767/4419
f 4367/2769/4424 4362/2767/4419 4366/2768/4423
f 4363/2765/4420 4362/2767/4419 4368/2770/4425
f 4367/2769/4424 4369/2771/4426 4362/2767/4419
f 4370/2772/4427 4362/2767/4419 4369/2771/4426
f 4362/2767/4419 4370/2772/4427 4368/2770/4425
f 4369/2771/4426 4371/2773/4428 4370/2772/4427
f 4372/2774/4429 4370/2772/4427 4371/2773/4428
f 4371/2773/4428 4373/2775/4430 4372/2774/4429
f 4374/2776/4431 4372/2774/4429 4373/2775/4430
f 4374/2776/4431 4375/2777/4432 4372/2774/4429
f 4376/2778/4433 4372/2774/4429 4375/2777/4432
f 4372/2774/4429 4376/2778/4433 4370/2772/4427
f 4377/2779/4434 4370/2772/4427 4376/2778/4433
f 4368/2770/4425 4370/2772/4427 4377/2779/4434
f 4365/2764/4422 4378/2780/4435 4364/2766/4421
f 4033/2446/4087 4032/2445/4086 4378/2780/4435
f 4379/2781/4436 4378/2780/4435 4032/2445/4086
f 4379/2781/4436 4032/2445/4086 4380/2782/4437
f 4034/2447/4088 4380/2782/4437 4032/2445/4086
f 4379/2781/4436 4364/2766/4421 4378/2780/4435
f 4379/2781/4436 4380/2782/4437 4364/2766/4421
f 4366/2768/4423 4364/2766/4421 4380/2782/4437
f 4053/2466/4107 4055/2468/4109 4234/2638/4291
f 4053/2466/4107 4234/2638/4291 4054/2467/4108
f 4237/2641/4294 4054/2467/4108 4234/2638/4291
f 4273/2679/4330 4278/2681/4335 4045/2458/4099
f 4278/2681/4335 4047/2460/4101 4045/2458/4099
f 4278/2681/4335 4279/2682/4336 4047/2460/4101
f 4049/2462/4103 4047/2460/4101 4279/2682/4336
f 4049/2462/4103 4279/2682/4336 4381/2783/4438
f 4281/2684/4338 4381/2783/4438 4279/2682/4336
f 4273/2679/4330 4382/2458/4439 4274/2677/4331
f 4383/2657/4440 4274/2677/4441 4384/2458/4440
f 4051/2464/4105 4049/2462/4103 4069/2482/4123
f 4072/2485/4126 4069/2482/4123 4049/2462/4103
f 4074/2487/4128 4072/2485/4126 4385/2783/4442
f 4386/2462/4443 4385/2783/4442 4072/2485/4126
f 4051/2464/4105 4067/2480/4121 4052/2465/4106
f 4060/2473/4114 4052/2465/4106 4067/2480/4121
f 4017/2430/4071 4015/2428/4069 4116/2526/4170
f 4010/2423/4064 4116/2526/4170 4015/2428/4069
f 4116/2526/4170 4010/2423/4064 4112/2523/4166
f 4008/2422/4062 4112/2523/4166 4010/2423/4064
f 4319/2721/4376 4035/2448/4089 4036/2449/4090
f 4387/2784/4444 4388/2785/4445 4389/2786/4446
f 4390/2787/4447 4389/2786/4446 4388/2785/4445
f 4388/2785/4445 4387/2784/4444 4391/2788/4448
f 4392/2789/4449 4391/2788/4448 4387/2784/4444
f 4390/2787/4447 4388/2785/4445 4393/2790/4450
f 4393/2790/4450 4394/2791/4451 4390/2787/4447
f 4395/2792/4452 4390/2787/4447 4394/2791/4451
f 4390/2787/4447 4395/2792/4452 4389/2786/4446
f 4396/2793/4453 4393/2790/4450 4388/2785/4445
f 4391/2788/4448 4397/2794/4454 4388/2785/4445
f 4396/2793/4453 4388/2785/4445 4397/2794/4454
f 4397/2794/4454 4398/2795/4455 4396/2793/4453
f 4399/2796/4456 4396/2793/4453 4398/2795/4455
f 4393/2790/4450 4396/2793/4453 4400/2797/4457
f 4399/2796/4456 4400/2797/4457 4396/2793/4453
f 4394/2791/4451 4393/2790/4450 4400/2797/4457
f 4394/2791/4451 4400/2797/4457 4401/2798/4458
f 4402/2799/4459 4401/2798/4458 4400/2797/4457
f 4399/2796/4456 4403/2800/4460 4400/2797/4457
f 4402/2799/4459 4400/2797/4457 4403/2800/4460
f 4403/2800/4460 4399/2796/4456 4404/2801/4461
f 4398/2795/4455 4404/2801/4461 4399/2796/4456
f 4404/2801/4461 4398/2795/4455 4397/2794/4454
f 4392/2789/4449 4387/2784/4444 4405/2802/4462
f 4406/2803/4463 4405/2802/4462 4387/2784/4444
f 4392/2789/4449 4405/2802/4462 4407/2804/4464
f 4408/2805/4465 4407/2804/4464 4405/2802/4462
f 4404/2801/4461 4409/2806/4466 4403/2800/4460
f 4409/2806/4466 4404/2801/4461 4410/2807/4467
f 4411/2808/4468 4410/2807/4467 4404/2801/4461
f 4404/2801/4461 4412/2809/4469 4411/2808/4468
f 4404/2801/4461 4413/2810/4470 4412/2809/4469
f 4412/2809/4469 4413/2810/4470 4414/2811/4471
f 4411/2808/4468 4412/2809/4469 4415/2812/4472
f 4416/2813/4473 4415/2812/4472 4412/2809/4469
f 4412/2809/4469 4417/2814/4474 4416/2813/4473
f 4412/2809/4469 4414/2811/4471 4417/2814/4474
f 4416/2813/4473 4418/2815/4475 4415/2812/4472
f 4418/2815/4475 4419/2816/4476 4415/2812/4472
f 4416/2813/4473 4420/2817/4477 4418/2815/4475
f 4415/2812/4472 4421/2818/4478 4411/2808/4468
f 4422/2819/4479 4411/2808/4468 4421/2818/4478
f 4411/2808/4468 4422/2819/4479 4410/2807/4467
f 4415/2812/4472 4419/2816/4476 4423/2820/4480
f 4415/2812/4472 4423/2820/4480 4424/2818/4481
f 4425/2821/4482 4424/2818/4481 4423/2820/4480
f 4422/2819/4479 4421/2818/4478 4425/2821/4482
f 4425/2821/4482 4423/2820/4480 4426/2822/4483
f 4422/2819/4479 4425/2821/4482 4426/2822/4483
f 4427/2823/4484 4426/2822/4483 4423/2820/4480
f 4423/2820/4480 4428/2824/4485 4427/2823/4484
f 4428/2824/4485 4423/2820/4480 4429/2825/4486
f 4430/2826/4487 4429/2825/4486 4423/2820/4480
f 4428/2824/4485 4429/2825/4486 4431/2827/4488
f 4432/2828/4489 4431/2827/4488 4429/2825/4486
f 4432/2828/4489 4429/2825/4486 4433/2829/4490
f 4434/2830/4491 4433/2829/4490 4429/2825/4486
f 4434/2830/4491 4429/2825/4486 4430/2826/4487
f 4427/2823/4484 4435/2831/4492 4426/2822/4483
f 4436/2832/4493 4426/2822/4483 4435/2831/4492
f 4436/2832/4493 4435/2831/4492 4437/2833/4494
f 4438/2834/4495 4437/2833/4494 4435/2831/4492
f 4431/2827/4488 4439/2835/4496 4428/2824/4485
f 4440/2836/4497 4428/2824/4485 4439/2835/4496
f 4440/2836/4497 4439/2835/4496 4441/2837/4498
f 4441/2837/4498 4442/2838/4499 4440/2836/4497
f 4443/2839/4500 4440/2836/4497 4442/2838/4499
f 4440/2836/4497 4443/2839/4500 4428/2824/4485
f 4438/2834/4495 4435/2831/4492 4443/2839/4500
f 4443/2839/4500 4442/2838/4499 4438/2834/4495
f 4444/2840/4501 4441/2837/4498 4439/2835/4496
f 4442/2838/4499 4441/2837/4498 4445/2841/4502
f 4446/2842/4503 4445/2841/4502 4441/2837/4498
f 4441/2837/4498 4444/2840/4501 4446/2842/4503
f 4447/2843/4504 4446/2842/4503 4444/2840/4501
f 4437/2833/4494 4438/2834/4495 4448/2844/4505
f 4449/2845/4506 4448/2844/4505 4438/2834/4495
f 4449/2845/4506 4438/2834/4495 4442/2838/4499
f 4450/2846/4507 4448/2844/4505 4449/2845/4506
f 4445/2841/4502 4450/2846/4507 4442/2838/4499
f 4449/2845/4506 4442/2838/4499 4450/2846/4507
f 4437/2833/4494 4448/2844/4505 4451/2847/4508
f 4448/2844/4505 4452/2848/4509 4451/2847/4508
f 4452/2848/4509 4448/2844/4505 4450/2846/4507
f 4452/2848/4509 4450/2846/4507 4453/2849/4510
f 4454/2850/4511 4452/2848/4509 4453/2849/4510
f 4452/2848/4509 4454/2850/4511 4451/2847/4508
f 4445/2841/4502 4455/2851/4512 4450/2846/4507
f 4445/2841/4502 4446/2842/4503 4455/2851/4512
f 4456/2852/4513 4450/2846/4507 4455/2851/4512
f 4450/2846/4507 4456/2852/4513 4453/2849/4510
f 4457/2853/4514 4453/2849/4510 4456/2852/4513
f 4456/2852/4513 4455/2851/4512 4458/2854/4515
f 4459/2855/4516 4458/2854/4515 4455/2851/4512
f 4455/2851/4512 4446/2842/4503 4459/2855/4516
f 4447/2843/4504 4459/2855/4516 4446/2842/4503
f 4458/2854/4515 4460/2856/4517 4456/2852/4513
f 4457/2853/4514 4456/2852/4513 4460/2856/4517
f 4454/2850/4511 4461/2857/4518 4451/2847/4508
f 4462/2858/4519 4451/2847/4508 4461/2857/4518
f 4462/2858/4519 4461/2857/4518 4463/2859/4520
f 4464/2860/4521 4463/2859/4520 4461/2857/4518
f 4463/2859/4520 4464/2860/4521 4465/2861/4522
f 4465/2861/4522 4436/2832/4493 4463/2859/4520
f 4436/2832/4493 4462/2858/4519 4463/2859/4520
f 4436/2832/4493 4437/2833/4494 4462/2858/4519
f 4465/2861/4522 4466/2862/4523 4436/2832/4493
f 4467/2863/4524 4465/2861/4522 4464/2860/4521
f 4436/2832/4493 4466/2862/4523 4426/2822/4483
f 4468/2864/4525 4426/2822/4483 4466/2862/4523
f 4468/2864/4525 4422/2819/4479 4426/2822/4483
f 4468/2864/4525 4410/2807/4467 4422/2819/4479
f 4409/2806/4466 4410/2807/4467 4468/2864/4525
f 4465/2861/4522 4469/2865/4526 4466/2862/4523
f 4470/2866/4527 4466/2862/4523 4469/2865/4526
f 4409/2806/4466 4468/2864/4525 4470/2866/4527
f 4466/2862/4523 4470/2866/4527 4468/2864/4525
f 4470/2866/4527 4469/2865/4526 4471/2867/4528
f 4470/2866/4527 4471/2867/4528 4409/2806/4466
f 4471/2867/4528 4472/2868/4529 4409/2806/4466
f 4473/2869/4530 4409/2806/4466 4472/2868/4529
f 4473/2869/4530 4403/2800/4460 4409/2806/4466
f 4403/2800/4460 4473/2869/4530 4402/2799/4459
f 4474/2870/4531 4402/2799/4459 4473/2869/4530
f 4473/2869/4530 4472/2868/4529 4474/2870/4531
f 4475/2871/4532 4474/2870/4531 4472/2868/4529
f 4476/2872/4533 4402/2799/4459 4474/2870/4531
f 4474/2870/4531 4475/2871/4532 4476/2872/4533
f 4472/2868/4529 4477/2873/4534 4475/2871/4532
f 4472/2868/4529 4471/2867/4528 4477/2873/4534
f 4478/2874/4535 4475/2871/4532 4477/2873/4534
f 4475/2871/4532 4478/2874/4535 4479/2875/4536
f 4479/2875/4536 4476/2872/4533 4475/2871/4532
f 4480/2876/4537 4479/2875/4536 4478/2874/4535
f 4480/2876/4537 4478/2874/4535 4481/2877/4538
f 4482/2878/4539 4481/2877/4538 4478/2874/4535
f 4478/2874/4535 4477/2873/4534 4482/2878/4539
f 4477/2873/4534 4483/2879/4540 4482/2878/4539
f 4483/2879/4540 4477/2873/4534 4471/2867/4528
f 4471/2867/4528 4484/2880/4541 4483/2879/4540
f 4485/2881/4542 4483/2879/4540 4484/2880/4541
f 4485/2881/4542 4482/2878/4539 4483/2879/4540
f 4476/2872/4533 4479/2875/4536 4486/2882/4543
f 4480/2876/4537 4486/2882/4543 4479/2875/4536
f 4480/2876/4537 4481/2877/4538 4486/2882/4543
f 4476/2872/4533 4486/2882/4543 4401/2798/4458
f 4476/2872/4533 4401/2798/4458 4402/2799/4459
f 4401/2798/4458 4486/2882/4543 4481/2877/4538
f 4485/2881/4542 4484/2880/4541 4487/2883/4544
f 4469/2865/4526 4487/2883/4544 4484/2880/4541
f 4467/2863/4524 4485/2881/4542 4487/2883/4544
f 4484/2880/4541 4471/2867/4528 4469/2865/4526
f 4469/2865/4526 4465/2861/4522 4487/2883/4544
f 4467/2863/4524 4487/2883/4544 4465/2861/4522
f 4485/2881/4542 4467/2863/4524 4464/2860/4521
f 4416/2813/4473 4488/2884/4545 4489/2817/4546
f 4490/2885/4547 4489/2817/4546 4488/2884/4545
f 4417/2814/4474 4488/2884/4545 4416/2813/4473
f 4491/2886/4548 4492/2887/4549 4493/2888/4550
f 4493/2888/4550 4492/2887/4549 4494/2889/4551
f 4495/2890/4552 4494/2889/4551 4492/2887/4549
f 4493/2888/4550 4494/2889/4551 4496/2891/4553
f 4494/2889/4551 4497/2892/4554 4496/2891/4553
f 4495/2890/4552 4497/2892/4554 4494/2889/4551
f 4418/2815/4475 4498/2817/4555 4499/2893/4556
f 4500/2894/4557 4499/2893/4556 4498/2817/4555
f 4418/2815/4475 4499/2893/4556 4419/2816/4476
f 4501/2895/4558 4419/2816/4476 4499/2893/4556
f 4419/2816/4476 4501/2895/4558 4423/2820/4480
f 4387/2784/4444 4389/2786/4446 4406/2803/4463
f 4502/2896/4559 4406/2803/4463 4389/2786/4446
f 4502/2896/4559 4389/2786/4446 4503/2897/4560
f 4504/2898/4561 4503/2897/4560 4389/2786/4446
f 4504/2898/4561 4389/2786/4446 4395/2792/4452
f 4504/2898/4561 4505/2786/4562 4503/2897/4560
f 4506/2896/4563 4503/2897/4560 4505/2786/4562
f 4506/2896/4563 4505/2786/4562 4507/2803/4564
f 4508/2784/4565 4507/2803/4564 4505/2786/4562
f 4508/2784/4565 4505/2786/4562 4509/2785/4566
f 4510/2787/4567 4509/2785/4566 4505/2786/4562
f 4509/2785/4566 4511/2788/4568 4508/2784/4565
f 4512/2789/4569 4508/2784/4565 4511/2788/4568
f 4510/2787/4567 4513/2790/4570 4509/2785/4566
f 4513/2790/4570 4510/2787/4567 4514/2791/4571
f 4515/2792/4572 4514/2791/4571 4510/2787/4567
f 4510/2787/4567 4505/2786/4562 4515/2792/4572
f 4516/2793/4573 4509/2785/4566 4513/2790/4570
f 4516/2793/4573 4517/2794/4574 4509/2785/4566
f 4511/2788/4568 4509/2785/4566 4517/2794/4574
f 4517/2794/4574 4516/2793/4573 4518/2795/4575
f 4519/2796/4576 4518/2795/4575 4516/2793/4573
f 4519/2796/4576 4516/2793/4573 4520/2797/4577
f 4513/2790/4570 4520/2797/4577 4516/2793/4573
f 4513/2790/4570 4514/2791/4571 4520/2797/4577
f 4514/2791/4571 4521/2798/4578 4520/2797/4577
f 4522/2799/4579 4520/2797/4577 4521/2798/4578
f 4522/2799/4579 4523/2800/4580 4520/2797/4577
f 4519/2796/4576 4520/2797/4577 4523/2800/4580
f 4518/2795/4575 4519/2796/4576 4524/2801/4581
f 4523/2800/4580 4524/2801/4581 4519/2796/4576
f 4518/2795/4575 4524/2801/4581 4517/2794/4574
f 4524/2801/4581 4523/2800/4580 4525/2806/4582
f 4525/2806/4582 4526/2807/4583 4524/2801/4581
f 4527/2808/4584 4524/2801/4581 4526/2807/4583
f 4528/2809/4585 4524/2801/4581 4527/2808/4584
f 4529/2810/4586 4524/2801/4581 4528/2809/4585
f 4529/2810/4586 4528/2809/4585 4530/2811/4587
f 4527/2808/4584 4531/2812/4588 4528/2809/4585
f 4532/2813/4589 4528/2809/4585 4531/2812/4588
f 4533/2814/4590 4528/2809/4585 4532/2813/4589
f 4530/2811/4587 4528/2809/4585 4533/2814/4590
f 4534/2815/4591 4532/2813/4589 4531/2812/4588
f 4535/2816/4592 4534/2815/4591 4531/2812/4588
f 4536/2817/4593 4532/2813/4589 4534/2815/4591
f 4531/2812/4588 4527/2808/4584 4537/2818/4594
f 4538/2819/4595 4537/2818/4594 4527/2808/4584
f 4527/2808/4584 4526/2807/4583 4538/2819/4595
f 4535/2816/4592 4531/2812/4588 4539/2820/4596
f 4531/2812/4588 4540/2818/4597 4539/2820/4596
f 4541/2821/4598 4539/2820/4596 4540/2818/4597
f 4537/2818/4594 4538/2819/4595 4541/2821/4598
f 4541/2821/4598 4542/2822/4599 4539/2820/4596
f 4541/2821/4598 4538/2819/4595 4542/2822/4599
f 4543/2823/4600 4539/2820/4596 4542/2822/4599
f 4544/2824/4601 4539/2820/4596 4543/2823/4600
f 4544/2824/4601 4545/2825/4602 4539/2820/4596
f 4546/2826/4603 4539/2820/4596 4545/2825/4602
f 4544/2824/4601 4547/2827/4604 4545/2825/4602
f 4548/2828/4605 4545/2825/4602 4547/2827/4604
f 4548/2828/4605 4549/2829/4606 4545/2825/4602
f 4550/2830/4607 4545/2825/4602 4549/2829/4606
f 4545/2825/4602 4550/2830/4607 4546/2826/4603
f 4543/2823/4600 4542/2822/4599 4551/2831/4608
f 4552/2832/4609 4551/2831/4608 4542/2822/4599
f 4552/2832/4609 4553/2833/4610 4551/2831/4608
f 4554/2834/4611 4551/2831/4608 4553/2833/4610
f 4547/2827/4604 4544/2824/4601 4555/2835/4612
f 4556/2836/4613 4555/2835/4612 4544/2824/4601
f 4556/2836/4613 4557/2837/4614 4555/2835/4612
f 4557/2837/4614 4556/2836/4613 4558/2838/4615
f 4559/2839/4616 4558/2838/4615 4556/2836/4613
f 4556/2836/4613 4544/2824/4601 4559/2839/4616
f 4551/2831/4608 4554/2834/4611 4559/2839/4616
f 4559/2839/4616 4554/2834/4611 4558/2838/4615
f 4560/2840/4617 4555/2835/4612 4557/2837/4614
f 4558/2838/4615 4561/2841/4618 4557/2837/4614
f 4562/2842/4619 4557/2837/4614 4561/2841/4618
f 4557/2837/4614 4562/2842/4619 4560/2840/4617
f 4563/2843/4620 4560/2840/4617 4562/2842/4619
f 4553/2833/4610 4564/2844/4621 4554/2834/4611
f 4565/2845/4622 4554/2834/4611 4564/2844/4621
f 4565/2845/4622 4558/2838/4615 4554/2834/4611
f 4564/2844/4621 4566/2846/4623 4565/2845/4622
f 4565/2845/4622 4566/2846/4623 4558/2838/4615
f 4561/2841/4618 4558/2838/4615 4566/2846/4623
f 4564/2844/4621 4553/2833/4610 4567/2847/4624
f 4568/2848/4625 4564/2844/4621 4567/2847/4624
f 4564/2844/4621 4568/2848/4625 4566/2846/4623
f 4566/2846/4623 4568/2848/4625 4569/2849/4626
f 4568/2848/4625 4570/2850/4627 4569/2849/4626
f 4570/2850/4627 4568/2848/4625 4567/2847/4624
f 4561/2841/4618 4566/2846/4623 4571/2851/4628
f 4562/2842/4619 4561/2841/4618 4571/2851/4628
f 4572/2852/4629 4571/2851/4628 4566/2846/4623
f 4566/2846/4623 4569/2849/4626 4572/2852/4629
f 4457/2853/4514 4572/2852/4629 4569/2849/4626
f 4572/2852/4629 4573/2854/4630 4571/2851/4628
f 4574/2855/4631 4571/2851/4628 4573/2854/4630
f 4563/2843/4620 4562/2842/4619 4574/2855/4631
f 4571/2851/4628 4574/2855/4631 4562/2842/4619
f 4573/2854/4630 4572/2852/4629 4460/2856/4517
f 4457/2853/4514 4460/2856/4517 4572/2852/4629
f 4570/2850/4627 4567/2847/4624 4575/2857/4632
f 4567/2847/4624 4553/2833/4610 4576/2858/4633
f 4576/2858/4633 4461/2857/4634 4567/2847/4624
f 4576/2858/4633 4577/2859/4635 4461/2857/4634
f 4576/2858/4633 4552/2832/4609 4577/2859/4635
f 4553/2833/4610 4552/2832/4609 4576/2858/4633
f 4578/2860/4636 4461/2857/4634 4577/2859/4635
f 4577/2859/4635 4579/2861/4637 4578/2860/4636
f 4552/2832/4609 4579/2861/4637 4577/2859/4635
f 4580/2862/4638 4579/2861/4637 4552/2832/4609
f 4581/2863/4639 4578/2860/4636 4579/2861/4637
f 4552/2832/4609 4542/2822/4599 4580/2862/4638
f 4582/2864/4640 4580/2862/4638 4542/2822/4599
f 4538/2819/4595 4582/2864/4640 4542/2822/4599
f 4582/2864/4640 4538/2819/4595 4526/2807/4583
f 4526/2807/4583 4525/2806/4582 4582/2864/4640
f 4579/2861/4637 4580/2862/4638 4583/2865/4641
f 4584/2866/4642 4583/2865/4641 4580/2862/4638
f 4580/2862/4638 4582/2864/4640 4584/2866/4642
f 4525/2806/4582 4584/2866/4642 4582/2864/4640
f 4584/2866/4642 4585/2867/4643 4583/2865/4641
f 4585/2867/4643 4584/2866/4642 4525/2806/4582
f 4585/2867/4643 4525/2806/4582 4586/2868/4644
f 4587/2869/4645 4586/2868/4644 4525/2806/4582
f 4587/2869/4645 4525/2806/4582 4523/2800/4580
f 4523/2800/4580 4522/2799/4579 4587/2869/4645
f 4588/2870/4646 4587/2869/4645 4522/2799/4579
f 4587/2869/4645 4588/2870/4646 4586/2868/4644
f 4589/2871/4647 4586/2868/4644 4588/2870/4646
f 4522/2799/4579 4590/2872/4648 4588/2870/4646
f 4588/2870/4646 4590/2872/4648 4589/2871/4647
f 4586/2868/4644 4589/2871/4647 4591/2873/4649
f 4586/2868/4644 4591/2873/4649 4585/2867/4643
f 4592/2874/4650 4591/2873/4649 4589/2871/4647
f 4589/2871/4647 4593/2875/4651 4592/2874/4650
f 4593/2875/4651 4589/2871/4647 4590/2872/4648
f 4594/2876/4652 4592/2874/4650 4593/2875/4651
f 4594/2876/4652 4595/2877/4653 4592/2874/4650
f 4596/2878/4654 4592/2874/4650 4595/2877/4653
f 4591/2873/4649 4592/2874/4650 4596/2878/4654
f 4591/2873/4649 4596/2878/4654 4597/2879/4655
f 4597/2879/4655 4585/2867/4643 4591/2873/4649
f 4585/2867/4643 4597/2879/4655 4598/2880/4656
f 4599/2899/4657 4598/2880/4656 4597/2879/4655
f 4599/2899/4657 4597/2879/4655 4596/2878/4654
f 4594/2876/4652 4593/2875/4651 4600/2882/4658
f 4590/2872/4648 4600/2882/4658 4593/2875/4651
f 4594/2876/4652 4600/2882/4658 4595/2877/4653
f 4600/2882/4658 4590/2872/4648 4521/2798/4578
f 4521/2798/4578 4590/2872/4648 4522/2799/4579
f 4521/2798/4578 4595/2877/4653 4600/2882/4658
f 4599/2899/4657 4601/2883/4659 4598/2880/4656
f 4583/2865/4641 4598/2880/4656 4601/2883/4659
f 4599/2899/4657 4581/2863/4639 4601/2883/4659
f 4598/2880/4656 4583/2865/4641 4585/2867/4643
f 4581/2863/4639 4579/2861/4637 4601/2883/4659
f 4583/2865/4641 4601/2883/4659 4579/2861/4637
f 4578/2860/4636 4581/2863/4639 4599/2899/4657
f 4602/2900/4660 4603/2901/4661 4604/2902/4662
f 4605/2903/4663 4603/2901/4661 4602/2900/4660
f 4602/2900/4660 4606/2904/4664 4605/2903/4663
f 4607/2905/4665 4606/2904/4664 4602/2900/4660
f 4608/2906/4666 4607/2905/4665 4602/2900/4660
f 4602/2900/4660 4609/2907/4667 4608/2906/4666
f 4609/2907/4667 4602/2900/4660 4610/2908/4668
f 4611/2909/4669 4609/2907/4667 4610/2908/4668
f 4611/2909/4669 4610/2908/4668 4612/2910/4670
f 4613/2910/4671 4614/2911/4672 4611/2909/4673
f 4613/2910/4671 4615/2912/4674 4614/2911/4672
f 4615/2912/4674 4613/2910/4671 4616/2913/4675
f 4617/2914/4676 4616/2913/4675 4613/2910/4671
f 4618/2915/4677 4617/2914/4678 4612/2910/4679
f 4619/2908/4680 4620/2909/4681 4613/2910/4682
f 4621/2911/4683 4613/2910/4682 4620/2909/4681
f 4622/2912/4684 4613/2910/4682 4621/2911/4683
f 4622/2912/4684 4623/2913/4685 4613/2910/4682
f 4624/2914/4686 4613/2910/4682 4623/2913/4685
f 4624/2914/4686 4625/2915/4687 4613/2910/4682
f 4626/2907/4688 4620/2909/4681 4619/2908/4680
f 4627/2900/4689 4626/2907/4688 4619/2908/4680
f 4626/2907/4688 4627/2900/4689 4628/2906/4690
f 4629/2905/4691 4628/2906/4690 4627/2900/4689
f 4630/2904/4692 4629/2905/4691 4627/2900/4689
f 4630/2904/4692 4627/2900/4689 4631/2903/4693
f 4632/2901/4694 4631/2903/4693 4627/2900/4689
f 4632/2901/4694 4627/2900/4689 4633/2902/4695
f 4427/2823/4484 4428/2824/4485 4443/2839/4500
f 4443/2839/4500 4435/2831/4492 4427/2823/4484
f 4634/2885/4696 4635/2884/4697 4636/2817/4698
f 4532/2813/4589 4636/2817/4698 4635/2884/4697
f 4635/2884/4697 4533/2814/4590 4532/2813/4589
f 4637/2887/4699 4638/2886/4700 4639/2888/4701
f 4637/2887/4699 4639/2888/4701 4640/2889/4702
f 4640/2889/4702 4641/2890/4703 4637/2887/4699
f 4640/2889/4702 4639/2888/4701 4642/2891/4704
f 4643/2892/4705 4640/2889/4702 4642/2891/4704
f 4643/2892/4705 4641/2890/4703 4640/2889/4702
f 4644/2894/4706 4645/2817/4707 4646/2893/4708
f 4534/2815/4591 4646/2893/4708 4645/2817/4707
f 4534/2815/4591 4535/2816/4592 4646/2893/4708
f 4647/2895/4709 4646/2893/4708 4535/2816/4592
f 4647/2895/4709 4535/2816/4592 4539/2820/4596
f 4507/2803/4564 4508/2784/4565 4648/2802/4710
f 4512/2789/4569 4648/2802/4710 4508/2784/4565
f 4512/2789/4569 4649/2804/4711 4648/2802/4710
f 4650/2805/4712 4648/2802/4710 4649/2804/4711
f 4543/2823/4600 4559/2839/4616 4544/2824/4601
f 4551/2831/4608 4559/2839/4616 4543/2823/4600
f 4651/2898/4713 4515/2792/4572 4505/2786/4562
f 4437/2833/4494 4451/2847/4508 4462/2858/4519
f 4652/2787/4714 4653/2785/4715 4654/2786/4716
f 4655/2784/4717 4654/2786/4716 4653/2785/4715
f 4653/2785/4715 4656/2788/4718 4655/2784/4717
f 4657/2789/4719 4655/2784/4717 4656/2788/4718
f 4652/2787/4714 4658/2790/4720 4653/2785/4715
f 4658/2790/4720 4652/2787/4714 4659/2791/4721
f 4660/2792/4722 4659/2791/4721 4652/2787/4714
f 4652/2787/4714 4654/2786/4716 4660/2792/4722
f 4661/2793/4723 4653/2785/4715 4658/2790/4720
f 4661/2793/4723 4662/2794/4724 4653/2785/4715
f 4656/2788/4718 4653/2785/4715 4662/2794/4724
f 4662/2794/4724 4661/2793/4723 4663/2795/4725
f 4664/2796/4726 4663/2795/4725 4661/2793/4723
f 4664/2796/4726 4661/2793/4723 4665/2797/4727
f 4658/2790/4720 4665/2797/4727 4661/2793/4723
f 4658/2790/4720 4659/2791/4721 4665/2797/4727
f 4659/2791/4721 4666/2798/4728 4665/2797/4727
f 4667/2799/4729 4665/2797/4727 4666/2798/4728
f 4667/2799/4729 4668/2800/4730 4665/2797/4727
f 4664/2796/4726 4665/2797/4727 4668/2800/4730
f 4663/2795/4725 4664/2796/4726 4669/2801/4731
f 4668/2800/4730 4669/2801/4731 4664/2796/4726
f 4663/2795/4725 4669/2801/4731 4662/2794/4724
f 4657/2789/4719 4670/2802/4732 4655/2784/4717
f 4671/2803/4733 4655/2784/4717 4670/2802/4732
f 4657/2789/4719 4672/2804/4734 4670/2802/4732
f 4673/2805/4735 4670/2802/4732 4672/2804/4734
f 4669/2801/4731 4668/2800/4730 4674/2806/4736
f 4674/2806/4736 4675/2807/4737 4669/2801/4731
f 4676/2808/4738 4669/2801/4731 4675/2807/4737
f 4677/2809/4739 4669/2801/4731 4676/2808/4738
f 4678/2810/4740 4669/2801/4731 4677/2809/4739
f 4678/2810/4740 4677/2809/4739 4679/2811/4741
f 4676/2808/4738 4680/2812/4742 4677/2809/4739
f 4681/2813/4743 4677/2809/4739 4680/2812/4742
f 4682/2814/4744 4677/2809/4739 4681/2813/4743
f 4679/2811/4741 4677/2809/4739 4682/2814/4744
f 4683/2815/4745 4681/2813/4743 4680/2812/4742
f 4684/2816/4746 4683/2815/4745 4680/2812/4742
f 4685/2817/4747 4681/2813/4743 4683/2815/4745
f 4680/2812/4742 4676/2808/4738 4686/2818/4748
f 4687/2819/4749 4686/2818/4748 4676/2808/4738
f 4676/2808/4738 4675/2807/4737 4687/2819/4749
f 4684/2816/4746 4680/2812/4742 4688/2820/4750
f 4680/2812/4742 4689/2818/4751 4688/2820/4750
f 4690/2821/4752 4688/2820/4750 4689/2818/4751
f 4686/2818/4748 4687/2819/4749 4690/2821/4752
f 4690/2821/4752 4691/2822/4753 4688/2820/4750
f 4690/2821/4752 4687/2819/4749 4691/2822/4753
f 4692/2823/4754 4688/2820/4750 4691/2822/4753
f 4693/2824/4755 4688/2820/4750 4692/2823/4754
f 4693/2824/4755 4694/2825/4756 4688/2820/4750
f 4695/2826/4757 4688/2820/4750 4694/2825/4756
f 4693/2824/4755 4696/2827/4758 4694/2825/4756
f 4697/2828/4759 4694/2825/4756 4696/2827/4758
f 4697/2828/4759 4698/2829/4760 4694/2825/4756
f 4699/2830/4761 4694/2825/4756 4698/2829/4760
f 4694/2825/4756 4699/2830/4761 4695/2826/4757
f 4692/2823/4754 4691/2822/4753 4700/2831/4762
f 4701/2832/4763 4700/2831/4762 4691/2822/4753
f 4701/2832/4763 4702/2833/4764 4700/2831/4762
f 4703/2834/4765 4700/2831/4762 4702/2833/4764
f 4696/2827/4758 4693/2824/4755 4704/2835/4766
f 4705/2836/4767 4704/2835/4766 4693/2824/4755
f 4705/2836/4767 4706/2837/4768 4704/2835/4766
f 4706/2837/4768 4705/2836/4767 4707/2838/4769
f 4708/2839/4770 4707/2838/4769 4705/2836/4767
f 4705/2836/4767 4693/2824/4755 4708/2839/4770
f 4700/2831/4762 4703/2834/4765 4708/2839/4770
f 4708/2839/4770 4703/2834/4765 4707/2838/4769
f 4709/2840/4771 4704/2835/4766 4706/2837/4768
f 4707/2838/4769 4710/2841/4772 4706/2837/4768
f 4711/2842/4773 4706/2837/4768 4710/2841/4772
f 4706/2837/4768 4711/2842/4773 4709/2840/4771
f 4712/2843/4774 4709/2840/4771 4711/2842/4773
f 4702/2833/4764 4713/2844/4775 4703/2834/4765
f 4714/2845/4776 4703/2834/4765 4713/2844/4775
f 4714/2845/4776 4707/2838/4769 4703/2834/4765
f 4713/2844/4775 4715/2846/4777 4714/2845/4776
f 4714/2845/4776 4715/2846/4777 4707/2838/4769
f 4710/2841/4772 4707/2838/4769 4715/2846/4777
f 4713/2844/4775 4702/2833/4764 4716/2847/4778
f 4717/2848/4779 4713/2844/4775 4716/2847/4778
f 4713/2844/4775 4717/2848/4779 4715/2846/4777
f 4715/2846/4777 4717/2848/4779 4718/2849/4780
f 4717/2848/4779 4719/2850/4781 4718/2849/4780
f 4719/2850/4781 4717/2848/4779 4716/2847/4778
f 4710/2841/4772 4715/2846/4777 4720/2851/4782
f 4711/2842/4773 4710/2841/4772 4720/2851/4782
f 4721/2852/4783 4720/2851/4782 4715/2846/4777
f 4715/2846/4777 4718/2849/4780 4721/2852/4783
f 4722/2853/4784 4721/2852/4783 4718/2849/4780
f 4721/2852/4783 4723/2854/4785 4720/2851/4782
f 4724/2855/4786 4720/2851/4782 4723/2854/4785
f 4712/2843/4774 4711/2842/4773 4724/2855/4786
f 4720/2851/4782 4724/2855/4786 4711/2842/4773
f 4723/2854/4785 4721/2852/4783 4725/2856/4787
f 4722/2853/4784 4725/2856/4787 4721/2852/4783
f 4719/2850/4781 4716/2847/4778 4726/2857/4788
f 4727/2858/4789 4726/2857/4788 4716/2847/4778
f 4727/2858/4789 4728/2859/4790 4726/2857/4788
f 4729/2860/4791 4726/2857/4788 4728/2859/4790
f 4728/2859/4790 4730/2861/4792 4729/2860/4791
f 4701/2832/4763 4730/2861/4792 4728/2859/4790
f 4727/2858/4789 4701/2832/4763 4728/2859/4790
f 4702/2833/4764 4701/2832/4763 4727/2858/4789
f 4731/2862/4793 4730/2861/4792 4701/2832/4763
f 4732/2863/4794 4729/2860/4791 4730/2861/4792
f 4701/2832/4763 4691/2822/4753 4731/2862/4793
f 4733/2864/4795 4731/2862/4793 4691/2822/4753
f 4687/2819/4749 4733/2864/4795 4691/2822/4753
f 4733/2864/4795 4687/2819/4749 4675/2807/4737
f 4675/2807/4737 4674/2806/4736 4733/2864/4795
f 4730/2861/4792 4731/2862/4793 4734/2865/4796
f 4735/2866/4797 4734/2865/4796 4731/2862/4793
f 4731/2862/4793 4733/2864/4795 4735/2866/4797
f 4674/2806/4736 4735/2866/4797 4733/2864/4795
f 4735/2866/4797 4736/2867/4798 4734/2865/4796
f 4736/2867/4798 4735/2866/4797 4674/2806/4736
f 4736/2867/4798 4674/2806/4736 4737/2868/4799
f 4738/2869/4800 4737/2868/4799 4674/2806/4736
f 4738/2869/4800 4674/2806/4736 4668/2800/4730
f 4668/2800/4730 4667/2799/4729 4738/2869/4800
f 4739/2870/4801 4738/2869/4800 4667/2799/4729
f 4738/2869/4800 4739/2870/4801 4737/2868/4799
f 4740/2871/4802 4737/2868/4799 4739/2870/4801
f 4667/2799/4729 4741/2872/4803 4739/2870/4801
f 4739/2870/4801 4741/2872/4803 4740/2871/4802
f 4737/2868/4799 4740/2871/4802 4742/2873/4804
f 4737/2868/4799 4742/2873/4804 4736/2867/4798
f 4743/2874/4805 4742/2873/4804 4740/2871/4802
f 4740/2871/4802 4744/2875/4806 4743/2874/4805
f 4744/2875/4806 4740/2871/4802 4741/2872/4803
f 4745/2876/4807 4743/2874/4805 4744/2875/4806
f 4745/2876/4807 4746/2877/4808 4743/2874/4805
f 4747/2878/4809 4743/2874/4805 4746/2877/4808
f 4742/2873/4804 4743/2874/4805 4747/2878/4809
f 4742/2873/4804 4747/2878/4809 4748/2879/4810
f 4748/2879/4810 4736/2867/4798 4742/2873/4804
f 4736/2867/4798 4748/2879/4810 4749/2880/4811
f 4750/2881/4812 4749/2880/4811 4748/2879/4810
f 4750/2881/4812 4748/2879/4810 4747/2878/4809
f 4745/2876/4807 4744/2875/4806 4751/2882/4813
f 4741/2872/4803 4751/2882/4813 4744/2875/4806
f 4745/2876/4807 4751/2882/4813 4746/2877/4808
f 4751/2882/4813 4741/2872/4803 4666/2798/4728
f 4666/2798/4728 4741/2872/4803 4667/2799/4729
f 4666/2798/4728 4746/2877/4808 4751/2882/4813
f 4750/2881/4812 4752/2883/4814 4749/2880/4811
f 4734/2865/4796 4749/2880/4811 4752/2883/4814
f 4750/2881/4812 4732/2863/4794 4752/2883/4814
f 4749/2880/4811 4734/2865/4796 4736/2867/4798
f 4732/2863/4794 4730/2861/4792 4752/2883/4814
f 4734/2865/4796 4752/2883/4814 4730/2861/4792
f 4732/2863/4794 4750/2881/4812 4729/2860/4791
f 4753/2885/4815 4754/2884/4816 4755/2817/4817
f 4681/2813/4743 4755/2817/4817 4754/2884/4816
f 4754/2884/4816 4682/2814/4744 4681/2813/4743
f 4756/2887/4818 4757/2886/4819 4758/2888/4820
f 4756/2887/4818 4758/2888/4820 4759/2889/4821
f 4759/2889/4821 4760/2890/4822 4756/2887/4818
f 4759/2889/4821 4758/2888/4820 4761/2891/4823
f 4762/2892/4824 4759/2889/4821 4761/2891/4823
f 4762/2892/4824 4760/2890/4822 4759/2889/4821
f 4763/2894/4825 4764/2817/4826 4765/2893/4827
f 4683/2815/4745 4765/2893/4827 4764/2817/4826
f 4683/2815/4745 4684/2816/4746 4765/2893/4827
f 4766/2895/4828 4765/2893/4827 4684/2816/4746
f 4766/2895/4828 4684/2816/4746 4688/2820/4750
f 4767/2896/4829 4654/2786/4716 4671/2803/4733
f 4655/2784/4717 4671/2803/4733 4654/2786/4716
f 4767/2896/4829 4768/2897/4830 4654/2786/4716
f 4769/2898/4831 4654/2786/4716 4768/2897/4830
f 4769/2898/4831 4660/2792/4722 4654/2786/4716
f 4769/2898/4831 4768/2897/4830 4770/2786/4832
f 4771/2896/4833 4770/2786/4832 4768/2897/4830
f 4771/2896/4833 4772/2803/4834 4770/2786/4832
f 4773/2784/4835 4770/2786/4832 4772/2803/4834
f 4773/2784/4835 4774/2785/4836 4770/2786/4832
f 4775/2787/4837 4770/2786/4832 4774/2785/4836
f 4774/2785/4836 4773/2784/4835 4776/2788/4838
f 4777/2789/4839 4776/2788/4838 4773/2784/4835
f 4775/2787/4837 4774/2785/4836 4778/2790/4840
f 4778/2790/4840 4779/2791/4841 4775/2787/4837
f 4780/2792/4842 4775/2787/4837 4779/2791/4841
f 4775/2787/4837 4780/2792/4842 4770/2786/4832
f 4781/2793/4843 4778/2790/4840 4774/2785/4836
f 4776/2788/4838 4782/2794/4844 4774/2785/4836
f 4781/2793/4843 4774/2785/4836 4782/2794/4844
f 4782/2794/4844 4783/2795/4845 4781/2793/4843
f 4784/2796/4846 4781/2793/4843 4783/2795/4845
f 4778/2790/4840 4781/2793/4843 4785/2797/4847
f 4784/2796/4846 4785/2797/4847 4781/2793/4843
f 4779/2791/4841 4778/2790/4840 4785/2797/4847
f 4779/2791/4841 4785/2797/4847 4786/2798/4848
f 4787/2799/4849 4786/2798/4848 4785/2797/4847
f 4784/2796/4846 4788/2800/4850 4785/2797/4847
f 4787/2799/4849 4785/2797/4847 4788/2800/4850
f 4788/2800/4850 4784/2796/4846 4789/2801/4851
f 4783/2795/4845 4789/2801/4851 4784/2796/4846
f 4789/2801/4851 4783/2795/4845 4782/2794/4844
f 4789/2801/4851 4790/2806/4852 4788/2800/4850
f 4790/2806/4852 4789/2801/4851 4791/2807/4853
f 4792/2808/4854 4791/2807/4853 4789/2801/4851
f 4789/2801/4851 4793/2809/4855 4792/2808/4854
f 4789/2801/4851 4794/2810/4856 4793/2809/4855
f 4793/2809/4855 4794/2810/4856 4795/2811/4857
f 4792/2808/4854 4793/2809/4855 4796/2812/4858
f 4797/2813/4859 4796/2812/4858 4793/2809/4855
f 4793/2809/4855 4798/2814/4860 4797/2813/4859
f 4793/2809/4855 4795/2811/4857 4798/2814/4860
f 4797/2813/4859 4799/2815/4861 4796/2812/4858
f 4799/2815/4861 4800/2816/4862 4796/2812/4858
f 4797/2813/4859 4801/2817/4863 4799/2815/4861
f 4796/2812/4858 4802/2818/4864 4792/2808/4854
f 4803/2819/4865 4792/2808/4854 4802/2818/4864
f 4792/2808/4854 4803/2819/4865 4791/2807/4853
f 4796/2812/4858 4800/2816/4862 4804/2820/4866
f 4796/2812/4858 4804/2820/4866 4805/2818/4867
f 4806/2821/4868 4805/2818/4867 4804/2820/4866
f 4803/2819/4865 4802/2818/4864 4806/2821/4868
f 4806/2821/4868 4804/2820/4866 4807/2822/4869
f 4803/2819/4865 4806/2821/4868 4807/2822/4869
f 4808/2823/4870 4807/2822/4869 4804/2820/4866
f 4804/2820/4866 4809/2824/4871 4808/2823/4870
f 4809/2824/4871 4804/2820/4866 4810/2825/4872
f 4811/2826/4873 4810/2825/4872 4804/2820/4866
f 4809/2824/4871 4810/2825/4872 4812/2827/4874
f 4813/2828/4875 4812/2827/4874 4810/2825/4872
f 4813/2828/4875 4810/2825/4872 4814/2829/4876
f 4815/2830/4877 4814/2829/4876 4810/2825/4872
f 4815/2830/4877 4810/2825/4872 4811/2826/4873
f 4808/2823/4870 4816/2831/4878 4807/2822/4869
f 4817/2832/4879 4807/2822/4869 4816/2831/4878
f 4817/2832/4879 4816/2831/4878 4818/2833/4880
f 4819/2834/4881 4818/2833/4880 4816/2831/4878
f 4812/2827/4874 4820/2835/4882 4809/2824/4871
f 4821/2836/4883 4809/2824/4871 4820/2835/4882
f 4821/2836/4883 4820/2835/4882 4822/2837/4884
f 4822/2837/4884 4823/2838/4885 4821/2836/4883
f 4824/2839/4886 4821/2836/4883 4823/2838/4885
f 4821/2836/4883 4824/2839/4886 4809/2824/4871
f 4819/2834/4881 4816/2831/4878 4824/2839/4886
f 4824/2839/4886 4823/2838/4885 4819/2834/4881
f 4825/2840/4887 4822/2837/4884 4820/2835/4882
f 4823/2838/4885 4822/2837/4884 4826/2841/4888
f 4827/2842/4889 4826/2841/4888 4822/2837/4884
f 4822/2837/4884 4825/2840/4887 4827/2842/4889
f 4828/2843/4890 4827/2842/4889 4825/2840/4887
f 4818/2833/4880 4819/2834/4881 4829/2844/4891
f 4830/2845/4892 4829/2844/4891 4819/2834/4881
f 4830/2845/4892 4819/2834/4881 4823/2838/4885
f 4831/2846/4893 4829/2844/4891 4830/2845/4892
f 4826/2841/4888 4831/2846/4893 4823/2838/4885
f 4830/2845/4892 4823/2838/4885 4831/2846/4893
f 4818/2833/4880 4829/2844/4891 4832/2847/4894
f 4829/2844/4891 4833/2848/4895 4832/2847/4894
f 4833/2848/4895 4829/2844/4891 4831/2846/4893
f 4833/2848/4895 4831/2846/4893 4834/2849/4896
f 4835/2850/4897 4833/2848/4895 4834/2849/4896
f 4833/2848/4895 4835/2850/4897 4832/2847/4894
f 4826/2841/4888 4836/2851/4898 4831/2846/4893
f 4826/2841/4888 4827/2842/4889 4836/2851/4898
f 4837/2852/4899 4831/2846/4893 4836/2851/4898
f 4831/2846/4893 4837/2852/4899 4834/2849/4896
f 4722/2853/4784 4834/2849/4896 4837/2852/4899
f 4837/2852/4899 4836/2851/4898 4838/2854/4900
f 4839/2855/4901 4838/2854/4900 4836/2851/4898
f 4836/2851/4898 4827/2842/4889 4839/2855/4901
f 4828/2843/4890 4839/2855/4901 4827/2842/4889
f 4838/2854/4900 4725/2856/4787 4837/2852/4899
f 4722/2853/4784 4837/2852/4899 4725/2856/4787
f 4835/2850/4897 4840/2857/4902 4832/2847/4894
f 4818/2833/4880 4832/2847/4894 4841/2858/4903
f 4841/2858/4903 4832/2847/4894 4726/2857/4904
f 4841/2858/4903 4726/2857/4904 4842/2859/4905
f 4817/2832/4879 4841/2858/4903 4842/2859/4905
f 4817/2832/4879 4818/2833/4880 4841/2858/4903
f 4843/2860/4906 4842/2859/4905 4726/2857/4904
f 4842/2859/4905 4843/2860/4906 4844/2861/4907
f 4844/2861/4907 4817/2832/4879 4842/2859/4905
f 4844/2861/4907 4845/2862/4908 4817/2832/4879
f 4846/2863/4909 4844/2861/4907 4843/2860/4906
f 4817/2832/4879 4845/2862/4908 4807/2822/4869
f 4847/2864/4910 4807/2822/4869 4845/2862/4908
f 4847/2864/4910 4803/2819/4865 4807/2822/4869
f 4847/2864/4910 4791/2807/4853 4803/2819/4865
f 4790/2806/4852 4791/2807/4853 4847/2864/4910
f 4844/2861/4907 4848/2865/4911 4845/2862/4908
f 4849/2866/4912 4845/2862/4908 4848/2865/4911
f 4790/2806/4852 4847/2864/4910 4849/2866/4912
f 4845/2862/4908 4849/2866/4912 4847/2864/4910
f 4849/2866/4912 4848/2865/4911 4850/2867/4913
f 4849/2866/4912 4850/2867/4913 4790/2806/4852
f 4850/2867/4913 4851/2868/4914 4790/2806/4852
f 4852/2869/4915 4790/2806/4852 4851/2868/4914
f 4852/2869/4915 4788/2800/4850 4790/2806/4852
f 4788/2800/4850 4852/2869/4915 4787/2799/4849
f 4853/2870/4916 4787/2799/4849 4852/2869/4915
f 4852/2869/4915 4851/2868/4914 4853/2870/4916
f 4854/2871/4917 4853/2870/4916 4851/2868/4914
f 4855/2872/4918 4787/2799/4849 4853/2870/4916
f 4853/2870/4916 4854/2871/4917 4855/2872/4918
f 4851/2868/4914 4856/2873/4919 4854/2871/4917
f 4851/2868/4914 4850/2867/4913 4856/2873/4919
f 4857/2874/4920 4854/2871/4917 4856/2873/4919
f 4854/2871/4917 4857/2874/4920 4858/2875/4921
f 4858/2875/4921 4855/2872/4918 4854/2871/4917
f 4859/2876/4922 4858/2875/4921 4857/2874/4920
f 4859/2876/4922 4857/2874/4920 4860/2877/4923
f 4861/2878/4924 4860/2877/4923 4857/2874/4920
f 4857/2874/4920 4856/2873/4919 4861/2878/4924
f 4856/2873/4919 4862/2879/4925 4861/2878/4924
f 4862/2879/4925 4856/2873/4919 4850/2867/4913
f 4850/2867/4913 4863/2880/4926 4862/2879/4925
f 4864/2899/4927 4862/2879/4925 4863/2880/4926
f 4864/2899/4927 4861/2878/4924 4862/2879/4925
f 4855/2872/4918 4858/2875/4921 4865/2882/4928
f 4859/2876/4922 4865/2882/4928 4858/2875/4921
f 4859/2876/4922 4860/2877/4923 4865/2882/4928
f 4855/2872/4918 4865/2882/4928 4786/2798/4848
f 4855/2872/4918 4786/2798/4848 4787/2799/4849
f 4786/2798/4848 4865/2882/4928 4860/2877/4923
f 4864/2899/4927 4863/2880/4926 4866/2883/4929
f 4848/2865/4911 4866/2883/4929 4863/2880/4926
f 4846/2863/4909 4864/2899/4927 4866/2883/4929
f 4863/2880/4926 4850/2867/4913 4848/2865/4911
f 4848/2865/4911 4844/2861/4907 4866/2883/4929
f 4846/2863/4909 4866/2883/4929 4844/2861/4907
f 4846/2863/4909 4843/2860/4906 4864/2899/4927
f 4867/2901/4930 4868/2900/4931 4869/2902/4932
f 4867/2901/4930 4870/2903/4933 4868/2900/4931
f 4871/2904/4934 4868/2900/4931 4870/2903/4933
f 4871/2904/4934 4872/2905/4935 4868/2900/4931
f 4872/2905/4935 4873/2906/4936 4868/2900/4931
f 4874/2907/4937 4868/2900/4931 4873/2906/4936
f 4868/2900/4931 4874/2907/4937 4875/2908/4938
f 4874/2907/4937 4876/2909/4939 4875/2908/4938
f 4875/2908/4938 4876/2909/4939 4877/2910/4940
f 4878/2911/4941 4879/2910/4942 4876/2909/4943
f 4880/2912/4944 4879/2910/4942 4878/2911/4941
f 4880/2912/4944 4881/2913/4945 4879/2910/4942
f 4882/2914/4946 4879/2910/4942 4881/2913/4945
f 4882/2914/4947 4883/2915/4948 4877/2910/4949
f 4884/2909/4950 4885/2908/4951 4879/2910/4952
f 4879/2910/4952 4886/2911/4953 4884/2909/4950
f 4879/2910/4952 4887/2912/4954 4886/2911/4953
f 4887/2912/4954 4879/2910/4952 4888/2913/4955
f 4889/2914/4956 4888/2913/4955 4879/2910/4952
f 4890/2915/4957 4889/2914/4956 4879/2910/4952
f 4884/2909/4950 4891/2907/4958 4885/2908/4951
f 4891/2907/4958 4892/2900/4959 4885/2908/4951
f 4892/2900/4959 4891/2907/4958 4893/2906/4960
f 4893/2906/4960 4894/2905/4961 4892/2900/4959
f 4894/2905/4961 4895/2904/4962 4892/2900/4959
f 4892/2900/4959 4895/2904/4962 4896/2903/4963
f 4896/2903/4963 4897/2901/4964 4892/2900/4959
f 4892/2900/4959 4897/2901/4964 4898/2902/4965
f 4692/2823/4754 4708/2839/4770 4693/2824/4755
f 4700/2831/4762 4708/2839/4770 4692/2823/4754
f 4797/2813/4859 4899/2884/4966 4900/2817/4967
f 4901/2885/4968 4900/2817/4967 4899/2884/4966
f 4798/2814/4860 4899/2884/4966 4797/2813/4859
f 4902/2886/4969 4903/2887/4970 4904/2888/4971
f 4904/2888/4971 4903/2887/4970 4905/2889/4972
f 4906/2890/4973 4905/2889/4972 4903/2887/4970
f 4904/2888/4971 4905/2889/4972 4907/2891/4974
f 4905/2889/4972 4908/2892/4975 4907/2891/4974
f 4906/2890/4973 4908/2892/4975 4905/2889/4972
f 4799/2815/4861 4909/2817/4976 4910/2893/4977
f 4911/2894/4978 4910/2893/4977 4909/2817/4976
f 4799/2815/4861 4910/2893/4977 4800/2816/4862
f 4912/2895/4979 4800/2816/4862 4910/2893/4977
f 4800/2816/4862 4912/2895/4979 4804/2820/4866
f 4777/2789/4839 4773/2784/4835 4913/2802/4980
f 4772/2803/4834 4913/2802/4980 4773/2784/4835
f 4777/2789/4839 4913/2802/4980 4914/2804/4981
f 4915/2805/4982 4914/2804/4981 4913/2802/4980
f 4808/2823/4870 4809/2824/4871 4824/2839/4886
f 4824/2839/4886 4816/2831/4878 4808/2823/4870
f 4916/2898/4983 4770/2786/4832 4780/2792/4842
f 4716/2847/4778 4702/2833/4764 4727/2858/4789
f 4919/2916/4984 4918/2917/4985 4917/2918/4986
f 4922/2919/4987 4923/2920/4988 4924/2921/4989
f 4925/2922/4990 4924/2921/4989 4923/2920/4988
f 4924/2921/4989 4926/2923/4991 4922/2919/4987
f 4927/2924/4992 4922/2919/4987 4926/2923/4991
f 4927/2924/4992 4928/2925/4993 4922/2919/4987
f 4929/2926/4994 4922/2919/4987 4928/2925/4993
f 4923/2920/4988 4922/2919/4987 4930/2927/4995
f 4929/2926/4994 4930/2927/4995 4922/2919/4987
f 4930/2927/4995 4929/2926/4994 4931/2928/4996
f 4932/2929/4997 4931/2928/4996 4929/2926/4994
f 4928/2925/4993 4933/2930/4998 4929/2926/4994
f 4932/2929/4997 4929/2926/4994 4933/2930/4998
f 4932/2929/4997 4933/2930/4998 4934/2931/4999
f 4935/2932/5000 4934/2931/4999 4933/2930/4998
f 4931/2928/4996 4932/2929/4997 4936/2933/5001
f 4934/2931/4999 4936/2933/5001 4932/2929/4997
f 4936/2933/5001 4937/2934/5002 4931/2928/4996
f 4935/2932/5000 4938/2935/5003 4934/2931/4999
f 4939/2936/5004 4934/2931/4999 4938/2935/5003
f 4934/2931/4999 4939/2936/5004 4936/2933/5001
f 4940/2937/5005 4936/2933/5001 4939/2936/5004
f 4940/2937/5005 4941/2938/5006 4936/2933/5001
f 4937/2934/5002 4936/2933/5001 4941/2938/5006
f 4938/2935/5003 4942/2939/5007 4939/2936/5004
f 4943/2940/5008 4939/2936/5004 4942/2939/5007
f 4939/2936/5004 4943/2940/5008 4940/2937/5005
f 4944/2941/5009 4940/2937/5005 4943/2940/5008
f 4944/2941/5009 4945/2942/5010 4940/2937/5005
f 4941/2938/5006 4940/2937/5005 4945/2942/5010
f 4943/2940/5008 4942/2939/5007 4946/2943/5011
f 4947/2944/5012 4946/2943/5011 4942/2939/5007
f 4946/2943/5011 4948/2945/5013 4943/2940/5008
f 4944/2941/5009 4943/2940/5008 4948/2945/5013
f 4944/2941/5009 4948/2945/5013 4945/2942/5010
f 4949/2946/5014 4945/2942/5010 4948/2945/5013
f 4945/2942/5010 4949/2946/5014 4950/2947/5015
f 4941/2938/5006 4950/2947/5015 4937/2934/5002
f 4945/2942/5010 4950/2947/5015 4941/2938/5006
f 4951/2948/5016 4950/2947/5015 4949/2946/5014
f 4951/2948/5016 4952/2949/5017 4950/2947/5015
f 4952/2949/5017 4937/2934/5002 4950/2947/5015
f 4952/2949/5017 4951/2948/5016 4953/2950/5018
f 4952/2949/5017 4953/2950/5018 4954/2951/5019
f 4955/2952/5020 4954/2951/5019 4953/2950/5018
f 4954/2951/5019 4955/2952/5020 4956/2953/5021
f 4954/2951/5019 4956/2953/5021 4957/2954/5022
f 4954/2951/5019 4957/2954/5022 4952/2949/5017
f 4958/2955/5023 4957/2954/5022 4956/2953/5021
f 4957/2954/5022 4958/2955/5023 4959/2956/5024
f 4957/2954/5022 4959/2956/5024 4931/2928/4996
f 4930/2927/4995 4931/2928/4996 4959/2956/5024
f 4960/2957/5025 4959/2956/5024 4958/2955/5023
f 4959/2956/5024 4960/2957/5025 4961/2958/5026
f 4962/2959/5027 4961/2958/5026 4960/2957/5025
f 4956/2953/5021 4962/2959/5027 4958/2955/5023
f 4960/2957/5025 4958/2955/5023 4962/2959/5027
f 4963/2960/5028 4959/2956/5024 4961/2958/5026
f 4964/2961/5029 4956/2953/5021 4955/2952/5020
f 4961/2958/5026 4965/2962/5030 4963/2960/5028
f 4966/2963/5031 4963/2960/5028 4965/2962/5030
f 4966/2963/5031 4967/2964/5032 4963/2960/5028
f 4963/2960/5028 4967/2964/5032 4959/2956/5024
f 4962/2959/5027 4968/2965/5033 4961/2958/5026
f 4964/2961/5029 4968/2965/5033 4956/2953/5021
f 4962/2959/5027 4956/2953/5021 4968/2965/5033
f 4969/2966/5034 4961/2958/5026 4968/2965/5033
f 4961/2958/5026 4969/2966/5034 4965/2962/5030
f 4970/2967/5035 4965/2962/5030 4969/2966/5034
f 4959/2956/5024 4971/2968/5036 4930/2927/4995
f 4959/2956/5024 4967/2964/5032 4971/2968/5036
f 4923/2920/4988 4930/2927/4995 4971/2968/5036
f 4970/2967/5035 4972/2969/5037 4965/2962/5030
f 4966/2963/5031 4965/2962/5030 4972/2969/5037
f 4966/2963/5031 4972/2969/5037 4973/2970/5038
f 4974/2971/5039 4973/2970/5038 4972/2969/5037
f 4966/2963/5031 4973/2970/5038 4975/2972/5040
f 4966/2963/5031 4975/2972/5040 4967/2964/5032
f 4967/2964/5032 4975/2972/5040 4976/2973/5041
f 4967/2964/5032 4976/2973/5041 4971/2968/5036
f 4976/2973/5041 4977/2974/5042 4971/2968/5036
f 4978/2975/5043 4971/2968/5036 4977/2974/5042
f 4971/2968/5036 4978/2975/5043 4923/2920/4988
f 4976/2973/5041 4979/2976/5044 4977/2974/5042
f 4980/2977/5045 4977/2974/5042 4979/2976/5044
f 4980/2977/5045 4981/2978/5046 4977/2974/5042
f 4982/2979/5047 4976/2973/5041 4975/2972/5040
f 4983/2980/5048 4975/2972/5040 4973/2970/5038
f 4983/2980/5048 4982/2979/5047 4975/2972/5040
f 4983/2980/5048 4973/2970/5038 4974/2971/5039
f 4983/2980/5048 4984/2981/5049 4982/2979/5047
f 4982/2979/5047 4985/2976/5050 4976/2973/5041
f 4986/2982/5051 4985/2976/5052 4984/2981/5053
f 4984/2981/5053 4987/2983/5054 4986/2982/5051
f 4988/2984/5055 4986/2982/5051 4987/2983/5054
f 4983/2980/5048 4987/2983/5056 4989/2981/5057
f 4978/2975/5043 4977/2974/5042 4990/2985/5058
f 4925/2922/4990 4978/2975/5043 4990/2985/5058
f 4990/2985/5058 4977/2974/5042 4991/2978/5059
f 4992/2985/5060 4991/2978/5061 4925/2922/5062
f 4925/2922/4990 4923/2920/4988 4978/2975/5043
f 4925/2922/4990 4993/2986/5063 4924/2921/4989
f 4994/2987/5064 4924/2921/4989 4993/2986/5063
f 4924/2921/4989 4994/2987/5064 4926/2923/4991
f 4995/2988/5065 4926/2923/4991 4994/2987/5064
f 4993/2986/5063 4925/2922/4990 4996/2978/5066
f 4997/2989/5067 4998/2990/5068 4999/2991/5069
f 4998/2990/5068 5000/2992/5070 4999/2991/5069
f 4999/2991/5069 5000/2992/5070 5001/2993/5071
f 5002/2994/5072 5001/2993/5071 5000/2992/5070
f 5001/2993/5071 5002/2994/5072 5003/2995/5073
f 5004/2996/5074 5003/2995/5073 5002/2994/5072
f 5005/2997/5075 5006/2998/5076 4951/2948/5016
f 5007/2999/5077 4951/2948/5016 5006/2998/5076
f 5005/2997/5075 5008/3000/5078 5006/2998/5076
f 5009/3001/5079 5006/2998/5076 5008/3000/5078
f 5007/2999/5077 4953/2950/5018 4951/2948/5016
f 5010/3002/5080 5011/3003/5081 5012/3004/5082
f 5013/3005/5083 5012/3004/5082 5011/3003/5081
f 5011/3003/5081 5010/3002/5080 5014/3006/5084
f 5015/3007/5085 5014/3006/5084 5010/3002/5080
f 5016/3008/5086 5014/3006/5084 5015/3007/5085
f 5016/3008/5086 5015/3007/5085 5017/3009/5087
f 5016/3008/5086 5017/3009/5087 5018/3010/5088
f 5013/3005/5083 5011/3003/5081 5019/3011/5089
f 5020/3012/5090 5019/3011/5089 5011/3003/5081
f 5014/3006/5084 5021/3013/5091 5011/3003/5081
f 5020/3012/5090 5011/3003/5081 5021/3013/5091
f 5016/3008/5086 5022/3014/5092 5014/3006/5084
f 5021/3013/5091 5014/3006/5084 5022/3014/5092
f 5018/3010/5088 5023/3015/5093 5016/3008/5086
f 5022/3014/5092 5016/3008/5086 5023/3015/5093
f 5024/3016/5094 5025/3017/5095 5026/3018/5096
f 5027/3019/5097 5026/3018/5096 5025/3017/5095
f 5025/3017/5095 5028/3020/5098 5027/3019/5097
f 5029/3021/5099 5027/3019/5097 5028/3020/5098
f 5028/3020/5098 5025/3017/5095 5030/3022/5100
f 5031/3023/5101 5030/3022/5100 5025/3017/5095
f 5025/3017/5095 5024/3016/5094 5031/3023/5101
f 5032/3024/5102 5031/3023/5101 5024/3016/5094
f 5028/3020/5098 5033/3025/5103 5029/3021/5099
f 5034/3026/5104 5029/3021/5099 5033/3025/5103
f 5030/3022/5100 5035/3027/5105 5028/3020/5098
f 5036/3025/5106 5028/3020/5098 5035/3027/5105
f 5033/3025/5103 5035/3027/5107 5037/3028/5108
f 5038/3029/5109 5037/3028/5108 5035/3027/5107
f 5034/3026/5104 5033/3025/5103 5039/3030/5110
f 5037/3028/5108 5039/3030/5110 5033/3025/5103
f 5037/3028/5108 5038/3029/5109 5040/3031/5111
f 5041/3032/5112 5040/3031/5111 5038/3029/5109
f 5039/3030/5110 5037/3028/5108 5042/3033/5113
f 5040/3031/5111 5042/3033/5113 5037/3028/5108
f 5040/3031/5111 5041/3032/5112 5043/3034/5114
f 5044/3035/5115 5043/3034/5114 5041/3032/5112
f 5042/3033/5113 5040/3031/5111 5045/3036/5116
f 5043/3034/5114 5045/3036/5116 5040/3031/5111
f 5032/3024/5102 5046/3016/5117 5047/3023/5118
f 5048/3017/5119 5047/3023/5118 5046/3016/5117
f 5046/3016/5117 5049/3018/5120 5048/3017/5119
f 5050/3019/5121 5048/3017/5119 5049/3018/5120
f 5048/3017/5119 5050/3019/5121 5051/3020/5122
f 5052/3021/5123 5051/3020/5122 5050/3019/5121
f 5051/3020/5122 5053/3022/5124 5048/3017/5119
f 5047/3023/5118 5048/3017/5119 5053/3022/5124
f 5051/3020/5122 5052/3021/5123 5054/3025/5125
f 5055/3026/5126 5054/3025/5125 5052/3021/5123
f 5053/3022/5124 5051/3020/5122 5056/3027/5127
f 5057/3025/5128 5056/3027/5127 5051/3020/5122
f 5054/3025/5125 5058/3028/5129 5056/3027/5130
f 5059/3029/5131 5056/3027/5130 5058/3028/5129
f 5058/3028/5129 5054/3025/5125 5060/3030/5132
f 5055/3026/5126 5060/3030/5132 5054/3025/5125
f 5058/3028/5129 5061/3031/5133 5059/3029/5131
f 5062/3032/5134 5059/3029/5131 5061/3031/5133
f 5061/3031/5133 5058/3028/5129 5063/3033/5135
f 5060/3030/5132 5063/3033/5135 5058/3028/5129
f 5061/3031/5133 5064/3034/5136 5062/3032/5134
f 5044/3035/5115 5062/3032/5134 5064/3034/5136
f 5064/3034/5136 5061/3031/5133 5065/3036/5137
f 5063/3033/5135 5065/3036/5137 5061/3031/5133
f 4982/2979/5138 5066/2981/5139 5067/2976/5139
f 5068/3037/5140 5069/3038/5141 5070/3039/5142
f 5071/3040/5143 5070/3039/5142 5069/3038/5141
f 5069/3038/5141 5068/3037/5140 5072/3041/5144
f 5073/3042/5145 5072/3041/5144 5068/3037/5140
f 5073/3042/5145 5074/3043/5146 5072/3041/5144
f 5075/3044/5147 5072/3041/5144 5074/3043/5146
f 5075/3044/5147 5074/3043/5146 5076/3045/5148
f 5077/3046/5149 5076/3045/5148 5074/3043/5146
f 5077/3046/5149 5078/3047/5150 5076/3045/5148
f 5079/3048/5151 5076/3045/5148 5078/3047/5150
f 5080/3049/5152 5081/3050/5153 5082/3051/5154
f 5083/3052/5155 5082/3051/5154 5081/3050/5153
f 5081/3050/5153 5084/3053/5156 5083/3052/5155
f 5085/3054/5157 5083/3052/5155 5084/3053/5156
f 5080/3049/5152 5082/3051/5154 5086/3055/5158
f 5087/3056/5159 5086/3055/5158 5082/3051/5154
f 5084/3053/5156 5081/3050/5153 5088/3057/5160
f 5089/3058/5161 5088/3057/5160 5081/3050/5153
f 5081/3050/5153 5080/3049/5152 5089/3058/5161
f 5090/3059/5162 5089/3058/5161 5080/3049/5152
f 5086/3055/5158 5091/3060/5163 5080/3049/5152
f 5090/3059/5162 5080/3049/5152 5091/3060/5163
f 5086/3055/5158 5087/3056/5159 5092/3061/5164
f 5092/3061/5164 5093/3062/5165 5086/3055/5158
f 5091/3060/5163 5086/3055/5158 5093/3062/5165
f 5094/3063/5166 5095/3064/5167 5096/3065/5168
f 5097/3066/5169 5096/3065/5168 5095/3064/5167
f 5095/3064/5167 5094/3063/5166 5098/3067/5170
f 5099/3068/5171 5098/3067/5170 5094/3063/5166
f 5096/3065/5168 5097/3066/5169 5100/3069/5172
f 5101/3070/5173 5100/3069/5172 5097/3066/5169
f 5101/3070/5173 5102/3071/5174 5100/3069/5172
f 5103/3072/5175 5100/3069/5172 5102/3071/5174
f 5102/3071/5174 5104/3073/5176 5103/3072/5175
f 5105/3074/5177 5103/3072/5175 5104/3073/5176
f 5104/3073/5176 5106/3075/5178 5105/3074/5177
f 5107/3076/5179 5105/3074/5177 5106/3075/5178
f 4937/2934/5002 4952/2949/5017 4957/2954/5022
f 4937/2934/5002 4957/2954/5022 4931/2928/4996
f 5108/2922/5180 5109/2920/5181 5110/2921/5182
f 5111/2919/5183 5110/2921/5182 5109/2920/5181
f 5110/2921/5182 5111/2919/5183 5112/2923/5184
f 5113/2924/5185 5112/2923/5184 5111/2919/5183
f 5113/2924/5185 5111/2919/5183 5114/2925/5186
f 5115/2926/5187 5114/2925/5186 5111/2919/5183
f 5115/2926/5187 5111/2919/5183 5116/2927/5188
f 5109/2920/5181 5116/2927/5188 5111/2919/5183
f 5116/2927/5188 5117/2928/5189 5115/2926/5187
f 5118/2929/5190 5115/2926/5187 5117/2928/5189
f 5114/2925/5186 5115/2926/5187 5119/2930/5191
f 5118/2929/5190 5119/2930/5191 5115/2926/5187
f 5118/2929/5190 5120/2931/5192 5119/2930/5191
f 5121/2932/5193 5119/2930/5191 5120/2931/5192
f 5120/2931/5192 5118/2929/5190 5122/2933/5194
f 5117/2928/5189 5122/2933/5194 5118/2929/5190
f 5123/2934/5195 5122/2933/5194 5117/2928/5189
f 5121/2932/5193 5120/2931/5192 5124/2935/5196
f 5125/2936/5197 5124/2935/5196 5120/2931/5192
f 5120/2931/5192 5122/2933/5194 5125/2936/5197
f 5126/2937/5198 5125/2936/5197 5122/2933/5194
f 5123/2934/5195 5127/2938/5199 5122/2933/5194
f 5126/2937/5198 5122/2933/5194 5127/2938/5199
f 5124/2935/5196 5125/2936/5197 5128/2939/5200
f 5129/2940/5201 5128/2939/5200 5125/2936/5197
f 5125/2936/5197 5126/2937/5198 5129/2940/5201
f 5130/2941/5202 5129/2940/5201 5126/2937/5198
f 5127/2938/5199 5131/2942/5203 5126/2937/5198
f 5130/2941/5202 5126/2937/5198 5131/2942/5203
f 5129/2940/5201 5132/2943/5204 5128/2939/5200
f 5133/2944/5205 5128/2939/5200 5132/2943/5204
f 5132/2943/5204 5129/2940/5201 5134/2945/5206
f 5130/2941/5202 5134/2945/5206 5129/2940/5201
f 5130/2941/5202 5131/2942/5203 5134/2945/5206
f 5135/2946/5207 5134/2945/5206 5131/2942/5203
f 5131/2942/5203 5136/2947/5208 5135/2946/5207
f 5127/2938/5199 5123/2934/5195 5136/2947/5208
f 5136/2947/5208 5131/2942/5203 5127/2938/5199
f 5137/2948/5209 5135/2946/5207 5136/2947/5208
f 5138/2949/5210 5137/2948/5209 5136/2947/5208
f 5138/2949/5210 5136/2947/5208 5123/2934/5195
f 5138/2949/5210 5139/2950/5211 5137/2948/5209
f 5138/2949/5210 5140/2951/5212 5139/2950/5211
f 5141/2952/5213 5139/2950/5211 5140/2951/5212
f 5140/2951/5212 5142/2953/5214 5141/2952/5213
f 5140/2951/5212 5143/2954/5215 5142/2953/5214
f 5140/2951/5212 5138/2949/5210 5143/2954/5215
f 5144/2955/5216 5142/2953/5214 5143/2954/5215
f 5143/2954/5215 5145/2956/5217 5144/2955/5216
f 5143/2954/5215 5117/2928/5189 5145/2956/5217
f 5116/2927/5188 5145/2956/5217 5117/2928/5189
f 5146/2957/5218 5144/2955/5216 5145/2956/5217
f 5145/2956/5217 5147/2958/5219 5146/2957/5218
f 5148/2959/5220 5146/2957/5218 5147/2958/5219
f 5146/2957/5218 5148/2959/5220 5144/2955/5216
f 5142/2953/5214 5144/2955/5216 5148/2959/5220
f 5145/2956/5217 5149/2960/5221 5147/2958/5219
f 5150/2961/5222 5141/2952/5213 5142/2953/5214
f 5147/2958/5219 5149/2960/5221 5151/2962/5223
f 5152/2963/5224 5151/2962/5223 5149/2960/5221
f 5153/2964/5225 5152/2963/5224 5149/2960/5221
f 5153/2964/5225 5149/2960/5221 5145/2956/5217
f 5148/2959/5220 5147/2958/5219 5154/2965/5226
f 5148/2959/5220 5154/2965/5226 5142/2953/5214
f 5150/2961/5222 5142/2953/5214 5154/2965/5226
f 5155/2966/5227 5154/2965/5226 5147/2958/5219
f 5147/2958/5219 5151/2962/5223 5155/2966/5227
f 5156/2967/5228 5155/2966/5227 5151/2962/5223
f 5145/2956/5217 5116/2927/5188 5157/2968/5229
f 5153/2964/5225 5145/2956/5217 5157/2968/5229
f 5109/2920/5181 5157/2968/5229 5116/2927/5188
f 5152/2963/5224 5158/2969/5230 5151/2962/5223
f 5156/2967/5228 5151/2962/5223 5158/2969/5230
f 5152/2963/5224 5159/2970/5231 5158/2969/5230
f 5160/2971/5232 5158/2969/5230 5159/2970/5231
f 5159/2970/5231 5152/2963/5224 5161/2972/5233
f 5161/2972/5233 5152/2963/5224 5153/2964/5225
f 5153/2964/5225 5162/2973/5234 5161/2972/5233
f 5162/2973/5234 5153/2964/5225 5157/2968/5229
f 5162/2973/5234 5157/2968/5229 5163/2974/5235
f 5164/2975/5236 5163/2974/5235 5157/2968/5229
f 5157/2968/5229 5109/2920/5181 5164/2975/5236
f 5162/2973/5234 5163/2974/5235 5165/2976/5237
f 5166/2977/5238 5165/2976/5237 5163/2974/5235
f 5166/2977/5238 5163/2974/5235 5167/2978/5239
f 5168/2979/5240 5161/2972/5233 5162/2973/5234
f 5161/2972/5233 5169/2980/5241 5159/2970/5231
f 5168/2979/5240 5169/2980/5241 5161/2972/5233
f 5159/2970/5231 5169/2980/5241 5160/2971/5232
f 5170/2981/5242 5169/2980/5241 5168/2979/5240
f 5171/2976/5243 5168/2979/5240 5162/2973/5234
f 5172/2982/5244 5170/2981/5245 5171/2976/5243
f 5170/2981/5245 5172/2982/5244 5173/2983/5246
f 5174/2984/5247 5173/2983/5246 5172/2982/5244
f 5173/2983/5248 5169/2980/5241 5175/2981/5249
f 5163/2974/5235 5164/2975/5236 5176/2985/5250
f 5164/2975/5236 5108/2922/5180 5176/2985/5250
f 5176/2985/5250 5177/2978/5251 5163/2974/5235
f 5178/2985/5252 5108/2922/5253 5177/2978/5254
f 5108/2922/5180 5164/2975/5236 5109/2920/5181
f 5108/2922/5180 5110/2921/5182 5179/2986/5255
f 5180/2987/5256 5179/2986/5255 5110/2921/5182
f 5110/2921/5182 5112/2923/5184 5180/2987/5256
f 5181/2988/5257 5180/2987/5256 5112/2923/5184
f 5179/2986/5255 5182/2978/5258 5108/2922/5180
f 5183/2990/5259 5184/2989/5260 5185/2991/5261
f 5186/2992/5262 5183/2990/5259 5185/2991/5261
f 5185/2991/5261 5187/2993/5263 5186/2992/5262
f 5188/2994/5264 5186/2992/5262 5187/2993/5263
f 5187/2993/5263 5189/2995/5265 5188/2994/5264
f 5190/2996/5266 5188/2994/5264 5189/2995/5265
f 5191/2999/5267 5192/2998/5268 5137/2948/5209
f 5193/2997/5269 5137/2948/5209 5192/2998/5268
f 5193/2997/5269 5192/2998/5268 5194/3000/5270
f 5195/3001/5271 5194/3000/5270 5192/2998/5268
f 5191/2999/5267 5137/2948/5209 5139/2950/5211
f 5196/3005/5272 5197/3003/5273 5198/3004/5274
f 5199/3002/5275 5198/3004/5274 5197/3003/5273
f 5197/3003/5273 5200/3006/5276 5199/3002/5275
f 5201/3007/5277 5199/3002/5275 5200/3006/5276
f 5200/3006/5276 5202/3008/5278 5201/3007/5277
f 5201/3007/5277 5202/3008/5278 5203/3009/5279
f 5203/3009/5279 5202/3008/5278 5204/3010/5280
f 5196/3005/5272 5205/3011/5281 5197/3003/5273
f 5206/3012/5282 5197/3003/5273 5205/3011/5281
f 5206/3012/5282 5207/3013/5283 5197/3003/5273
f 5200/3006/5276 5197/3003/5273 5207/3013/5283
f 5207/3013/5283 5208/3014/5284 5200/3006/5276
f 5202/3008/5278 5200/3006/5276 5208/3014/5284
f 5208/3014/5284 5209/3015/5285 5202/3008/5278
f 5204/3010/5280 5202/3008/5278 5209/3015/5285
f 5168/2979/5286 5210/2976/5287 5211/2981/5287
f 5212/3040/5288 5213/3038/5289 5214/3039/5290
f 5215/3037/5291 5214/3039/5290 5213/3038/5289
f 5213/3038/5289 5216/3041/5292 5215/3037/5291
f 5217/3042/5293 5215/3037/5291 5216/3041/5292
f 5217/3042/5293 5216/3041/5292 5218/3043/5294
f 5219/3044/5295 5218/3043/5294 5216/3041/5292
f 5219/3044/5295 5220/3045/5296 5218/3043/5294
f 5221/3046/5297 5218/3043/5294 5220/3045/5296
f 5221/3046/5297 5220/3045/5296 5222/3047/5298
f 5223/3048/5299 5222/3047/5298 5220/3045/5296
f 5224/3052/5300 5225/3050/5301 5226/3051/5302
f 5227/3049/5303 5226/3051/5302 5225/3050/5301
f 5225/3050/5301 5224/3052/5300 5228/3053/5304
f 5229/3054/5305 5228/3053/5304 5224/3052/5300
f 5227/3049/5303 5230/3055/5306 5226/3051/5302
f 5231/3056/5307 5226/3051/5302 5230/3055/5306
f 5228/3053/5304 5232/3057/5308 5225/3050/5301
f 5233/3058/5309 5225/3050/5301 5232/3057/5308
f 5225/3050/5301 5233/3058/5309 5227/3049/5303
f 5234/3059/5310 5227/3049/5303 5233/3058/5309
f 5234/3059/5310 5235/3060/5311 5227/3049/5303
f 5230/3055/5306 5227/3049/5303 5235/3060/5311
f 5231/3056/5307 5230/3055/5306 5236/3061/5312
f 5235/3060/5311 5237/3062/5313 5230/3055/5306
f 5236/3061/5312 5230/3055/5306 5237/3062/5313
f 5238/3066/5314 5239/3064/5315 5240/3065/5316
f 5241/3063/5317 5240/3065/5316 5239/3064/5315
f 5239/3064/5315 5242/3067/5318 5241/3063/5317
f 5243/3068/5319 5241/3063/5317 5242/3067/5318
f 5240/3065/5316 5244/3069/5320 5238/3066/5314
f 5245/3070/5321 5238/3066/5314 5244/3069/5320
f 5245/3070/5321 5244/3069/5320 5246/3071/5322
f 5247/3072/5323 5246/3071/5322 5244/3069/5320
f 5246/3071/5322 5247/3072/5323 5248/3073/5324
f 5249/3074/5325 5248/3073/5324 5247/3072/5323
f 5248/3073/5324 5249/3074/5325 5250/3075/5326
f 5251/3076/5327 5250/3075/5326 5249/3074/5325
f 5123/2934/5195 5143/2954/5215 5138/2949/5210
f 5143/2954/5215 5123/2934/5195 5117/2928/5189
f 5252/2922/5328 5253/2920/5329 5254/2921/5330
f 5255/2919/5331 5254/2921/5330 5253/2920/5329
f 5254/2921/5330 5255/2919/5331 5256/2923/5332
f 5257/2924/5333 5256/2923/5332 5255/2919/5331
f 5257/2924/5333 5255/2919/5331 5258/2925/5334
f 5259/2926/5335 5258/2925/5334 5255/2919/5331
f 5259/2926/5335 5255/2919/5331 5260/2927/5336
f 5253/2920/5329 5260/2927/5336 5255/2919/5331
f 5260/2927/5336 5261/2928/5337 5259/2926/5335
f 5262/2929/5338 5259/2926/5335 5261/2928/5337
f 5258/2925/5334 5259/2926/5335 5263/2930/5339
f 5262/2929/5338 5263/2930/5339 5259/2926/5335
f 5262/2929/5338 5264/2931/5340 5263/2930/5339
f 5265/2932/5341 5263/2930/5339 5264/2931/5340
f 5264/2931/5340 5262/2929/5338 5266/2933/5342
f 5261/2928/5337 5266/2933/5342 5262/2929/5338
f 5267/2934/5343 5266/2933/5342 5261/2928/5337
f 5265/2932/5341 5264/2931/5340 5268/2935/5344
f 5269/2936/5345 5268/2935/5344 5264/2931/5340
f 5264/2931/5340 5266/2933/5342 5269/2936/5345
f 5270/2937/5346 5269/2936/5345 5266/2933/5342
f 5267/2934/5343 5271/2938/5347 5266/2933/5342
f 5270/2937/5346 5266/2933/5342 5271/2938/5347
f 5268/2935/5344 5269/2936/5345 5272/2939/5348
f 5273/2940/5349 5272/2939/5348 5269/2936/5345
f 5269/2936/5345 5270/2937/5346 5273/2940/5349
f 5274/2941/5350 5273/2940/5349 5270/2937/5346
f 5271/2938/5347 5275/2942/5351 5270/2937/5346
f 5274/2941/5350 5270/2937/5346 5275/2942/5351
f 5273/2940/5349 5276/2943/5352 5272/2939/5348
f 5277/2944/5353 5272/2939/5348 5276/2943/5352
f 5276/2943/5352 5273/2940/5349 5278/2945/5354
f 5274/2941/5350 5278/2945/5354 5273/2940/5349
f 5274/2941/5350 5275/2942/5351 5278/2945/5354
f 5279/2946/5355 5278/2945/5354 5275/2942/5351
f 5275/2942/5351 5280/2947/5356 5279/2946/5355
f 5271/2938/5347 5267/2934/5343 5280/2947/5356
f 5280/2947/5356 5275/2942/5351 5271/2938/5347
f 5281/2948/5357 5279/2946/5355 5280/2947/5356
f 5282/2949/5358 5281/2948/5357 5280/2947/5356
f 5282/2949/5358 5280/2947/5356 5267/2934/5343
f 5282/2949/5358 5283/2950/5359 5281/2948/5357
f 5282/2949/5358 5284/2951/5360 5283/2950/5359
f 5285/2952/5361 5283/2950/5359 5284/2951/5360
f 5284/2951/5360 5286/2953/5362 5285/2952/5361
f 5284/2951/5360 5287/2954/5363 5286/2953/5362
f 5284/2951/5360 5282/2949/5358 5287/2954/5363
f 5288/2955/5364 5286/2953/5362 5287/2954/5363
f 5287/2954/5363 5289/2956/5365 5288/2955/5364
f 5287/2954/5363 5261/2928/5337 5289/2956/5365
f 5260/2927/5336 5289/2956/5365 5261/2928/5337
f 5290/2957/5366 5288/2955/5364 5289/2956/5365
f 5289/2956/5365 5291/2958/5367 5290/2957/5366
f 5292/2959/5368 5290/2957/5366 5291/2958/5367
f 5290/2957/5366 5292/2959/5368 5288/2955/5364
f 5286/2953/5362 5288/2955/5364 5292/2959/5368
f 5289/2956/5365 5293/2960/5369 5291/2958/5367
f 5294/2961/5370 5285/2952/5361 5286/2953/5362
f 5291/2958/5367 5293/2960/5369 5295/2962/5371
f 5296/2963/5372 5295/2962/5371 5293/2960/5369
f 5297/2964/5373 5296/2963/5372 5293/2960/5369
f 5297/2964/5373 5293/2960/5369 5289/2956/5365
f 5292/2959/5368 5291/2958/5367 5298/2965/5374
f 5292/2959/5368 5298/2965/5374 5286/2953/5362
f 5294/2961/5370 5286/2953/5362 5298/2965/5374
f 5299/2966/5375 5298/2965/5374 5291/2958/5367
f 5291/2958/5367 5295/2962/5371 5299/2966/5375
f 5300/2967/5376 5299/2966/5375 5295/2962/5371
f 5289/2956/5365 5260/2927/5336 5301/2968/5377
f 5297/2964/5373 5289/2956/5365 5301/2968/5377
f 5253/2920/5329 5301/2968/5377 5260/2927/5336
f 5296/2963/5372 5302/2969/5378 5295/2962/5371
f 5300/2967/5376 5295/2962/5371 5302/2969/5378
f 5296/2963/5372 5303/2970/5379 5302/2969/5378
f 5304/2971/5380 5302/2969/5378 5303/2970/5379
f 5303/2970/5379 5296/2963/5372 5305/2972/5381
f 5305/2972/5381 5296/2963/5372 5297/2964/5373
f 5297/2964/5373 5306/2973/5382 5305/2972/5381
f 5306/2973/5382 5297/2964/5373 5301/2968/5377
f 5306/2973/5382 5301/2968/5377 5307/2974/5383
f 5308/2975/5384 5307/2974/5383 5301/2968/5377
f 5301/2968/5377 5253/2920/5329 5308/2975/5384
f 5306/2973/5382 5307/2974/5383 5309/2976/5385
f 5310/2977/5386 5309/2976/5385 5307/2974/5383
f 5310/2977/5386 5307/2974/5383 5311/2978/5387
f 5312/2979/5388 5305/2972/5381 5306/2973/5382
f 5305/2972/5381 5313/2980/5389 5303/2970/5379
f 5312/2979/5388 5313/2980/5389 5305/2972/5381
f 5303/2970/5379 5313/2980/5389 5304/2971/5380
f 5314/2981/5390 5313/2980/5389 5312/2979/5388
f 5315/2976/5391 5312/2979/5388 5306/2973/5382
f 5316/2982/5392 5314/2981/5393 5315/2976/5391
f 5314/2981/5393 5316/2982/5392 5317/2983/5394
f 5318/2984/5395 5317/2983/5394 5316/2982/5392
f 5317/2983/5396 5313/2980/5389 5319/2981/5397
f 5307/2974/5383 5308/2975/5384 5320/2985/5398
f 5308/2975/5384 5252/2922/5328 5320/2985/5398
f 5320/2985/5398 5321/2978/5399 5307/2974/5383
f 5322/2985/5400 5252/2922/5401 5321/2978/5402
f 5252/2922/5328 5308/2975/5384 5253/2920/5329
f 5252/2922/5328 5254/2921/5330 5323/2986/5403
f 5324/2987/5404 5323/2986/5403 5254/2921/5330
f 5254/2921/5330 5256/2923/5332 5324/2987/5404
f 5325/2988/5405 5324/2987/5404 5256/2923/5332
f 5323/2986/5403 5326/2978/5406 5252/2922/5328
f 5327/2990/5407 5328/2989/5408 5329/2991/5409
f 5330/2992/5410 5327/2990/5407 5329/2991/5409
f 5329/2991/5409 5331/2993/5411 5330/2992/5410
f 5332/2994/5412 5330/2992/5410 5331/2993/5411
f 5331/2993/5411 5333/2995/5413 5332/2994/5412
f 5334/2996/5414 5332/2994/5412 5333/2995/5413
f 5335/2999/5415 5336/2998/5416 5281/2948/5357
f 5337/2997/5417 5281/2948/5357 5336/2998/5416
f 5337/2997/5417 5336/2998/5416 5338/3000/5418
f 5339/3001/5419 5338/3000/5418 5336/2998/5416
f 5335/2999/5415 5281/2948/5357 5283/2950/5359
f 5340/3005/5420 5341/3003/5421 5342/3004/5422
f 5343/3002/5423 5342/3004/5422 5341/3003/5421
f 5341/3003/5421 5344/3006/5424 5343/3002/5423
f 5345/3007/5425 5343/3002/5423 5344/3006/5424
f 5344/3006/5424 5346/3008/5426 5345/3007/5425
f 5345/3007/5425 5346/3008/5426 5347/3009/5427
f 5347/3009/5427 5346/3008/5426 5348/3010/5428
f 5340/3005/5420 5349/3011/5429 5341/3003/5421
f 5350/3012/5430 5341/3003/5421 5349/3011/5429
f 5350/3012/5430 5351/3013/5431 5341/3003/5421
f 5344/3006/5424 5341/3003/5421 5351/3013/5431
f 5351/3013/5431 5352/3014/5432 5344/3006/5424
f 5346/3008/5426 5344/3006/5424 5352/3014/5432
f 5352/3014/5432 5353/3015/5433 5346/3008/5426
f 5348/3010/5428 5346/3008/5426 5353/3015/5433
f 5354/3019/5434 5355/3017/5435 5356/3018/5436
f 5357/3016/5437 5356/3018/5436 5355/3017/5435
f 5355/3017/5435 5354/3019/5434 5358/3020/5438
f 5359/3021/5439 5358/3020/5438 5354/3019/5434
f 5358/3020/5438 5360/3022/5440 5355/3017/5435
f 5361/3023/5441 5355/3017/5435 5360/3022/5440
f 5355/3017/5435 5361/3023/5441 5357/3016/5437
f 5362/3024/5442 5357/3016/5437 5361/3023/5441
f 5358/3020/5438 5359/3021/5439 5363/3025/5443
f 5364/3026/5444 5363/3025/5443 5359/3021/5439
f 5360/3022/5440 5358/3020/5438 5365/3027/5445
f 5366/3025/5446 5365/3027/5445 5358/3020/5438
f 5363/3025/5443 5367/3028/5447 5365/3027/5448
f 5368/3029/5449 5365/3027/5448 5367/3028/5447
f 5367/3028/5447 5363/3025/5443 5369/3030/5450
f 5364/3026/5444 5369/3030/5450 5363/3025/5443
f 5367/3028/5447 5370/3031/5451 5368/3029/5449
f 5371/3032/5452 5368/3029/5449 5370/3031/5451
f 5370/3031/5451 5367/3028/5447 5372/3033/5453
f 5369/3030/5450 5372/3033/5453 5367/3028/5447
f 5370/3031/5451 5373/3034/5454 5371/3032/5452
f 5374/3035/5455 5371/3032/5452 5373/3034/5454
f 5373/3034/5454 5370/3031/5451 5375/3036/5456
f 5372/3033/5453 5375/3036/5456 5370/3031/5451
f 5362/3024/5457 5376/3023/5458 5377/3016/5459
f 5378/3017/5460 5377/3016/5459 5376/3023/5458
f 5377/3016/5459 5378/3017/5460 5379/3018/5461
f 5380/3019/5462 5379/3018/5461 5378/3017/5460
f 5378/3017/5460 5381/3020/5463 5380/3019/5462
f 5382/3021/5464 5380/3019/5462 5381/3020/5463
f 5376/3023/5458 5383/3022/5465 5378/3017/5460
f 5381/3020/5463 5378/3017/5460 5383/3022/5465
f 5381/3020/5463 5384/3025/5466 5382/3021/5464
f 5385/3026/5467 5382/3021/5464 5384/3025/5466
f 5383/3022/5465 5386/3027/5468 5381/3020/5463
f 5387/3025/5469 5381/3020/5463 5386/3027/5468
f 5384/3025/5466 5386/3027/5470 5388/3028/5471
f 5389/3029/5472 5388/3028/5471 5386/3027/5470
f 5385/3026/5467 5384/3025/5466 5390/3030/5473
f 5388/3028/5471 5390/3030/5473 5384/3025/5466
f 5388/3028/5471 5389/3029/5472 5391/3031/5474
f 5392/3032/5475 5391/3031/5474 5389/3029/5472
f 5390/3030/5473 5388/3028/5471 5393/3033/5476
f 5391/3031/5474 5393/3033/5476 5388/3028/5471
f 5391/3031/5474 5392/3032/5475 5394/3034/5477
f 5374/3035/5455 5394/3034/5477 5392/3032/5475
f 5393/3033/5476 5391/3031/5474 5395/3036/5478
f 5394/3034/5477 5395/3036/5478 5391/3031/5474
f 5312/2979/5479 5396/2976/5480 5397/2981/5480
f 5398/3040/5481 5399/3038/5482 5400/3039/5483
f 5401/3037/5484 5400/3039/5483 5399/3038/5482
f 5399/3038/5482 5402/3041/5485 5401/3037/5484
f 5403/3042/5486 5401/3037/5484 5402/3041/5485
f 5403/3042/5486 5402/3041/5485 5404/3043/5487
f 5405/3044/5488 5404/3043/5487 5402/3041/5485
f 5405/3044/5488 5406/3045/5489 5404/3043/5487
f 5407/3046/5490 5404/3043/5487 5406/3045/5489
f 5407/3046/5490 5406/3045/5489 5408/3047/5491
f 5409/3048/5491 5408/3047/5491 5406/3045/5489
f 5410/3052/5492 5411/3050/5493 5412/3051/5494
f 5413/3049/5495 5412/3051/5494 5411/3050/5493
f 5411/3050/5493 5410/3052/5492 5414/3053/5496
f 5415/3054/5497 5414/3053/5496 5410/3052/5492
f 5413/3049/5495 5416/3055/5498 5412/3051/5494
f 5417/3056/5499 5412/3051/5494 5416/3055/5498
f 5414/3053/5496 5418/3057/5500 5411/3050/5493
f 5419/3058/5501 5411/3050/5493 5418/3057/5500
f 5411/3050/5493 5419/3058/5501 5413/3049/5495
f 5420/3059/5502 5413/3049/5495 5419/3058/5501
f 5420/3059/5502 5421/3060/5503 5413/3049/5495
f 5416/3055/5498 5413/3049/5495 5421/3060/5503
f 5417/3056/5499 5416/3055/5498 5422/3061/5504
f 5421/3060/5503 5423/3062/5505 5416/3055/5498
f 5422/3061/5504 5416/3055/5498 5423/3062/5505
f 5424/3066/5506 5425/3064/5507 5426/3065/5508
f 5427/3063/5509 5426/3065/5508 5425/3064/5507
f 5425/3064/5507 5428/3067/5510 5427/3063/5509
f 5429/3068/5511 5427/3063/5509 5428/3067/5510
f 5426/3065/5508 5430/3069/5512 5424/3066/5506
f 5431/3070/5513 5424/3066/5506 5430/3069/5512
f 5431/3070/5513 5430/3069/5512 5432/3071/5514
f 5433/3072/5515 5432/3071/5514 5430/3069/5512
f 5432/3071/5514 5433/3072/5515 5434/3073/5516
f 5435/3074/5517 5434/3073/5516 5433/3072/5515
f 5434/3073/5516 5435/3074/5517 5436/3075/5518
f 5437/3076/5519 5436/3075/5518 5435/3074/5517
f 5267/2934/5343 5287/2954/5363 5282/2949/5358
f 5287/2954/5363 5267/2934/5343 5261/2928/5337
f 5438/2919/5520 5439/2920/5521 5440/2921/5522
f 5441/2922/5523 5440/2921/5522 5439/2920/5521
f 5440/2921/5522 5442/2923/5524 5438/2919/5520
f 5443/2924/5525 5438/2919/5520 5442/2923/5524
f 5443/2924/5525 5444/2925/5526 5438/2919/5520
f 5445/2926/5527 5438/2919/5520 5444/2925/5526
f 5439/2920/5521 5438/2919/5520 5446/2927/5528
f 5445/2926/5527 5446/2927/5528 5438/2919/5520
f 5446/2927/5528 5445/2926/5527 5447/2928/5529
f 5448/2929/5530 5447/2928/5529 5445/2926/5527
f 5444/2925/5526 5449/2930/5531 5445/2926/5527
f 5448/2929/5530 5445/2926/5527 5449/2930/5531
f 5448/2929/5530 5449/2930/5531 5450/2931/5532
f 5451/2932/5533 5450/2931/5532 5449/2930/5531
f 5447/2928/5529 5448/2929/5530 5452/2933/5534
f 5450/2931/5532 5452/2933/5534 5448/2929/5530
f 5452/2933/5534 5453/2934/5535 5447/2928/5529
f 5451/2932/5533 5454/2935/5536 5450/2931/5532
f 5455/2936/5537 5450/2931/5532 5454/2935/5536
f 5450/2931/5532 5455/2936/5537 5452/2933/5534
f 5456/2937/5538 5452/2933/5534 5455/2936/5537
f 5456/2937/5538 5457/2938/5539 5452/2933/5534
f 5453/2934/5535 5452/2933/5534 5457/2938/5539
f 5454/2935/5536 5458/2939/5540 5455/2936/5537
f 5459/2940/5541 5455/2936/5537 5458/2939/5540
f 5455/2936/5537 5459/2940/5541 5456/2937/5538
f 5460/2941/5542 5456/2937/5538 5459/2940/5541
f 5460/2941/5542 5461/2942/5543 5456/2937/5538
f 5457/2938/5539 5456/2937/5538 5461/2942/5543
f 5459/2940/5541 5458/2939/5540 5462/2943/5544
f 5463/2944/5545 5462/2943/5544 5458/2939/5540
f 5462/2943/5544 5464/2945/5546 5459/2940/5541
f 5460/2941/5542 5459/2940/5541 5464/2945/5546
f 5460/2941/5542 5464/2945/5546 5461/2942/5543
f 5465/2946/5547 5461/2942/5543 5464/2945/5546
f 5461/2942/5543 5465/2946/5547 5466/2947/5548
f 5457/2938/5539 5466/2947/5548 5453/2934/5535
f 5461/2942/5543 5466/2947/5548 5457/2938/5539
f 5467/2948/5549 5466/2947/5548 5465/2946/5547
f 5467/2948/5549 5468/2949/5550 5466/2947/5548
f 5468/2949/5550 5453/2934/5535 5466/2947/5548
f 5468/2949/5550 5467/2948/5549 5469/2950/5551
f 5468/2949/5550 5469/2950/5551 5470/2951/5552
f 5471/2952/5553 5470/2951/5552 5469/2950/5551
f 5470/2951/5552 5471/2952/5553 5472/2953/5554
f 5470/2951/5552 5472/2953/5554 5473/2954/5555
f 5470/2951/5552 5473/2954/5555 5468/2949/5550
f 5474/2955/5556 5473/2954/5555 5472/2953/5554
f 5473/2954/5555 5474/2955/5556 5475/2956/5557
f 5473/2954/5555 5475/2956/5557 5447/2928/5529
f 5446/2927/5528 5447/2928/5529 5475/2956/5557
f 5476/2957/5558 5475/2956/5557 5474/2955/5556
f 5475/2956/5557 5476/2957/5558 5477/2958/5559
f 5478/2959/5560 5477/2958/5559 5476/2957/5558
f 5472/2953/5554 5478/2959/5560 5474/2955/5556
f 5476/2957/5558 5474/2955/5556 5478/2959/5560
f 5479/2960/5561 5475/2956/5557 5477/2958/5559
f 5480/2961/5562 5472/2953/5554 5471/2952/5553
f 5477/2958/5559 5481/2962/5563 5479/2960/5561
f 5482/2963/5564 5479/2960/5561 5481/2962/5563
f 5482/2963/5564 5483/2964/5565 5479/2960/5561
f 5479/2960/5561 5483/2964/5565 5475/2956/5557
f 5478/2959/5560 5484/2965/5566 5477/2958/5559
f 5480/2961/5562 5484/2965/5566 5472/2953/5554
f 5478/2959/5560 5472/2953/5554 5484/2965/5566
f 5485/2966/5567 5477/2958/5559 5484/2965/5566
f 5477/2958/5559 5485/2966/5567 5481/2962/5563
f 5486/2967/5568 5481/2962/5563 5485/2966/5567
f 5475/2956/5557 5487/2968/5569 5446/2927/5528
f 5475/2956/5557 5483/2964/5565 5487/2968/5569
f 5439/2920/5521 5446/2927/5528 5487/2968/5569
f 5486/2967/5568 5488/2969/5570 5481/2962/5563
f 5482/2963/5564 5481/2962/5563 5488/2969/5570
f 5482/2963/5564 5488/2969/5570 5489/2970/5571
f 5490/2971/5572 5489/2970/5571 5488/2969/5570
f 5482/2963/5564 5489/2970/5571 5491/2972/5573
f 5482/2963/5564 5491/2972/5573 5483/2964/5565
f 5483/2964/5565 5491/2972/5573 5492/2973/5574
f 5483/2964/5565 5492/2973/5574 5487/2968/5569
f 5492/2973/5574 5493/2974/5575 5487/2968/5569
f 5494/2975/5576 5487/2968/5569 5493/2974/5575
f 5487/2968/5569 5494/2975/5576 5439/2920/5521
f 5492/2973/5574 5495/2976/5577 5493/2974/5575
f 5496/2977/5578 5493/2974/5575 5495/2976/5577
f 5496/2977/5578 5497/2978/5579 5493/2974/5575
f 5498/2979/5580 5492/2973/5574 5491/2972/5573
f 5499/2980/5581 5491/2972/5573 5489/2970/5571
f 5499/2980/5581 5498/2979/5580 5491/2972/5573
f 5499/2980/5581 5489/2970/5571 5490/2971/5572
f 5499/2980/5581 5500/2981/5582 5498/2979/5580
f 5498/2979/5580 5501/2976/5583 5492/2973/5574
f 5502/2982/5584 5501/2976/5583 5500/2981/5585
f 5500/2981/5585 5503/2983/5586 5502/2982/5584
f 5504/2984/5587 5502/2982/5584 5503/2983/5586
f 5499/2980/5581 5503/2983/5588 5505/2981/5589
f 5494/2975/5576 5493/2974/5575 5506/2985/5590
f 5441/2922/5523 5494/2975/5576 5506/2985/5590
f 5506/2985/5590 5493/2974/5575 5507/2978/5591
f 5508/2985/5592 5507/2978/5593 5441/2922/5594
f 5441/2922/5523 5439/2920/5521 5494/2975/5576
f 5441/2922/5523 5509/2986/5595 5440/2921/5522
f 5510/2987/5596 5440/2921/5522 5509/2986/5595
f 5440/2921/5522 5510/2987/5596 5442/2923/5524
f 5511/2988/5597 5442/2923/5524 5510/2987/5596
f 5509/2986/5595 5441/2922/5523 5512/2978/5598
f 5513/2989/5599 5514/2990/5600 5515/2991/5601
f 5514/2990/5600 5516/2992/5602 5515/2991/5601
f 5515/2991/5601 5516/2992/5602 5517/2993/5603
f 5518/2994/5604 5517/2993/5603 5516/2992/5602
f 5517/2993/5603 5518/2994/5604 5519/2995/5605
f 5520/2996/5606 5519/2995/5605 5518/2994/5604
f 5521/2997/5607 5522/2998/5608 5467/2948/5549
f 5523/2999/5609 5467/2948/5549 5522/2998/5608
f 5521/2997/5607 5524/3000/5610 5522/2998/5608
f 5525/3001/5611 5522/2998/5608 5524/3000/5610
f 5523/2999/5609 5469/2950/5551 5467/2948/5549
f 5526/3002/5612 5527/3003/5613 5528/3004/5614
f 5529/3005/5615 5528/3004/5614 5527/3003/5613
f 5527/3003/5613 5526/3002/5612 5530/3006/5616
f 5531/3007/5617 5530/3006/5616 5526/3002/5612
f 5532/3008/5618 5530/3006/5616 5531/3007/5617
f 5532/3008/5618 5531/3007/5617 5533/3009/5619
f 5532/3008/5618 5533/3009/5619 5534/3010/5620
f 5529/3005/5615 5527/3003/5613 5535/3011/5621
f 5536/3012/5622 5535/3011/5621 5527/3003/5613
f 5530/3006/5616 5537/3013/5623 5527/3003/5613
f 5536/3012/5622 5527/3003/5613 5537/3013/5623
f 5532/3008/5618 5538/3014/5624 5530/3006/5616
f 5537/3013/5623 5530/3006/5616 5538/3014/5624
f 5534/3010/5620 5539/3015/5625 5532/3008/5618
f 5538/3014/5624 5532/3008/5618 5539/3015/5625
f 5498/2979/5626 5540/2981/5627 5541/2976/5627
f 5542/3037/5628 5543/3038/5629 5544/3039/5630
f 5545/3040/5631 5544/3039/5630 5543/3038/5629
f 5543/3038/5629 5542/3037/5628 5546/3041/5632
f 5547/3042/5633 5546/3041/5632 5542/3037/5628
f 5547/3042/5633 5548/3043/5634 5546/3041/5632
f 5549/3044/5635 5546/3041/5632 5548/3043/5634
f 5549/3044/5635 5548/3043/5634 5550/3045/5636
f 5551/3046/5637 5550/3045/5636 5548/3043/5634
f 5551/3046/5637 5552/3047/5638 5550/3045/5636
f 5553/3048/5639 5550/3045/5636 5552/3047/5638
f 5554/3049/5640 5555/3050/5641 5556/3051/5642
f 5557/3052/5643 5556/3051/5642 5555/3050/5641
f 5555/3050/5641 5558/3053/5644 5557/3052/5643
f 5559/3054/5645 5557/3052/5643 5558/3053/5644
f 5554/3049/5640 5556/3051/5642 5560/3055/5646
f 5561/3056/5647 5560/3055/5646 5556/3051/5642
f 5558/3053/5644 5555/3050/5641 5562/3057/5648
f 5563/3058/5649 5562/3057/5648 5555/3050/5641
f 5555/3050/5641 5554/3049/5640 5563/3058/5649
f 5564/3059/5650 5563/3058/5649 5554/3049/5640
f 5560/3055/5646 5565/3060/5651 5554/3049/5640
f 5564/3059/5650 5554/3049/5640 5565/3060/5651
f 5560/3055/5646 5561/3056/5647 5566/3061/5652
f 5566/3061/5652 5567/3062/5653 5560/3055/5646
f 5565/3060/5651 5560/3055/5646 5567/3062/5653
f 5568/3063/5654 5569/3064/5655 5570/3065/5656
f 5571/3066/5657 5570/3065/5656 5569/3064/5655
f 5569/3064/5655 5568/3063/5654 5572/3067/5658
f 5573/3068/5659 5572/3067/5658 5568/3063/5654
f 5570/3065/5656 5571/3066/5657 5574/3069/5660
f 5575/3070/5661 5574/3069/5660 5571/3066/5657
f 5575/3070/5661 5576/3071/5662 5574/3069/5660
f 5577/3072/5663 5574/3069/5660 5576/3071/5662
f 5576/3071/5662 5578/3073/5664 5577/3072/5663
f 5579/3074/5665 5577/3072/5663 5578/3073/5664
f 5578/3073/5664 5580/3075/5666 5579/3074/5665
f 5581/3076/5667 5579/3074/5665 5580/3075/5666
f 5453/2934/5535 5468/2949/5550 5473/2954/5555
f 5453/2934/5535 5473/2954/5555 5447/2928/5529
f 5582/3077/5668 5583/3078/5669 5584/3079/5670
f 5585/3080/5671 5584/3079/5670 5583/3078/5669
f 5585/3080/5671 5586/3081/5672 5584/3079/5670
f 5587/3082/5673 5584/3079/5670 5586/3081/5672
f 5584/3079/5670 5588/3083/5674 5582/3077/5668
f 5584/3079/5670 5587/3082/5673 5588/3083/5674
f 5589/3084/5675 5582/3077/5668 5588/3083/5674
f 5590/3085/5676 5588/3083/5674 5587/3082/5673
f 5587/3082/5673 5591/3086/5677 5590/3085/5676
f 5591/3086/5677 5587/3082/5673 5592/3087/5678
f 5587/3082/5673 5586/3081/5672 5592/3087/5678
f 5592/3087/5678 5593/3088/5679 5591/3086/5677
f 5594/3089/5680 5591/3086/5677 5593/3088/5679
f 5592/3087/5678 5595/3090/5681 5593/3088/5679
f 5595/3090/5681 5592/3087/5678 5586/3081/5672
f 5596/3091/5682 5593/3088/5679 5595/3090/5681
f 5593/3088/5679 5596/3091/5682 5597/3092/5683
f 5598/3093/5684 5597/3092/5683 5596/3091/5682
f 5597/3092/5683 5598/3093/5684 5599/3094/5685
f 5597/3092/5683 5599/3094/5685 5600/3095/5686
f 5597/3092/5683 5600/3095/5686 5593/3088/5679
f 5594/3089/5680 5593/3088/5679 5600/3095/5686
f 5601/3096/5687 5594/3089/5680 5600/3095/5686
f 5602/3097/5688 5600/3095/5686 5599/3094/5685
f 5603/3098/5689 5599/3094/5685 5598/3093/5684
f 5594/3089/5680 5601/3096/5687 5604/3099/5690
f 5594/3089/5680 5604/3099/5690 5591/3086/5677
f 5605/3100/5691 5604/3099/5690 5601/3096/5687
f 5601/3096/5687 5606/3101/5692 5605/3100/5691
f 5601/3096/5687 5607/3102/5693 5606/3101/5692
f 5601/3096/5687 5600/3095/5686 5607/3102/5693
f 5600/3095/5686 5602/3097/5688 5607/3102/5693
f 5608/3103/5694 5606/3101/5692 5607/3102/5693
f 5607/3102/5693 5609/3104/5695 5608/3103/5694
f 5609/3104/5695 5607/3102/5693 5602/3097/5688
f 5610/3105/5696 5608/3103/5694 5609/3104/5695
f 5608/3103/5694 5611/3106/5697 5606/3101/5692
f 5608/3103/5694 5610/3105/5696 5611/3106/5697
f 5612/3107/5698 5606/3101/5692 5611/3106/5697
f 5613/3108/5699 5611/3106/5697 5610/3105/5696
f 5612/3107/5698 5611/3106/5697 5614/3109/5700
f 5615/3110/5701 5614/3109/5700 5611/3106/5697
f 5613/3108/5699 5616/3111/5702 5611/3106/5697
f 5615/3110/5701 5611/3106/5697 5616/3111/5702
f 5616/3111/5702 5617/3112/5703 5615/3110/5701
f 5618/3113/5704 5615/3110/5701 5617/3112/5703
f 5612/3107/5698 5614/3109/5700 5619/3114/5705
f 5620/3115/5706 5619/3114/5705 5614/3109/5700
f 5620/3115/5706 5614/3109/5700 5621/3116/5707
f 5622/3117/5708 5621/3116/5707 5614/3109/5700
f 5623/3118/5709 5622/3117/5708 5614/3109/5700
f 5615/3110/5701 5618/3113/5704 5623/3118/5709
f 5614/3109/5700 5615/3110/5701 5623/3118/5709
f 5619/3114/5705 5624/3119/5710 5612/3107/5698
f 5606/3101/5692 5612/3107/5698 5624/3119/5710
f 5624/3119/5710 5605/3100/5691 5606/3101/5692
f 5621/3116/5707 5622/3117/5708 5625/3120/5711
f 5626/3121/5712 5625/3120/5711 5622/3117/5708
f 5622/3117/5708 5627/3122/5713 5626/3121/5712
f 5628/3123/5714 5627/3122/5713 5622/3117/5708
f 5628/3123/5714 5623/3118/5709 5618/3113/5704
f 5623/3118/5709 5628/3123/5714 5622/3117/5708
f 5629/3124/5715 5626/3121/5712 5627/3122/5713
f 5626/3121/5712 5629/3124/5715 5630/3125/5716
f 5631/3126/5717 5630/3125/5716 5629/3124/5715
f 5630/3125/5716 5632/3127/5718 5626/3121/5712
f 5625/3120/5711 5626/3121/5712 5632/3127/5718
f 5629/3124/5715 5633/3128/5719 5631/3126/5717
f 5634/3129/5720 5631/3126/5717 5633/3128/5719
f 5634/3129/5720 5633/3128/5719 5635/3130/5721
f 5636/3131/5722 5635/3130/5721 5633/3128/5719
f 5633/3128/5719 5637/3132/5723 5636/3131/5722
f 5633/3128/5719 5629/3124/5715 5637/3132/5723
f 5627/3122/5713 5637/3132/5723 5629/3124/5715
f 5638/3133/5724 5636/3131/5722 5637/3132/5723
f 5638/3133/5724 5637/3132/5723 5639/3134/5725
f 5640/3135/5726 5639/3134/5725 5637/3132/5723
f 5637/3132/5723 5627/3122/5713 5640/3135/5726
f 5628/3123/5714 5640/3135/5726 5627/3122/5713
f 5639/3134/5725 5640/3135/5726 5641/3136/5727
f 5642/3137/5728 5641/3136/5727 5640/3135/5726
f 5640/3135/5726 5628/3123/5714 5642/3137/5728
f 5641/3136/5727 5642/3137/5728 5643/3138/5729
f 5644/3139/5730 5643/3138/5729 5642/3137/5728
f 5642/3137/5728 5618/3113/5704 5644/3139/5730
f 5618/3113/5704 5642/3137/5728 5628/3123/5714
f 5617/3112/5703 5644/3139/5730 5618/3113/5704
f 5645/3140/5731 5646/3141/5732 5647/3142/5733
f 5648/3143/5734 5647/3142/5733 5646/3141/5732
f 5647/3142/5733 5648/3143/5734 5649/3144/5735
f 5650/3145/5736 5649/3144/5735 5648/3143/5734
f 5649/3144/5735 5650/3145/5736 5651/3146/5737
f 5652/3147/5738 5651/3146/5737 5650/3145/5736
f 5652/3147/5738 5653/3148/5739 5651/3146/5737
f 5654/3149/5740 5651/3146/5737 5653/3148/5739
f 5653/3148/5739 5655/3150/5741 5654/3149/5740
f 5656/3151/5742 5654/3149/5740 5655/3150/5741
f 5656/3151/5742 5655/3150/5741 5657/3152/5743
f 5658/3153/5744 5657/3152/5743 5655/3150/5741
f 5657/3152/5743 5603/3098/5689 5656/3151/5742
f 5598/3093/5684 5656/3151/5742 5603/3098/5689
f 5656/3151/5742 5598/3093/5684 5654/3149/5740
f 5647/3142/5733 5585/3080/5671 5645/3140/5731
f 5583/3078/5669 5645/3140/5731 5585/3080/5671
f 5649/3144/5735 5586/3081/5672 5647/3142/5733
f 5585/3080/5671 5647/3142/5733 5586/3081/5672
f 5596/3091/5682 5654/3149/5740 5598/3093/5684
f 5651/3146/5737 5654/3149/5740 5595/3090/5681
f 5596/3091/5682 5595/3090/5681 5654/3149/5740
f 5651/3146/5737 5595/3090/5681 5649/3144/5735
f 5586/3081/5672 5649/3144/5735 5595/3090/5681
f 5659/3154/5745 5590/3085/5676 5591/3086/5677
f 5659/3154/5745 5591/3086/5677 5604/3099/5690
f 5660/3155/5746 5661/3156/5747 5662/3157/5748
f 5660/3155/5746 5663/3158/5749 5661/3156/5747
f 5663/3158/5749 5664/3159/5750 5661/3156/5747
f 5665/3160/5751 5663/3158/5749 5660/3155/5746
f 5666/3161/5752 5660/3155/5746 5662/3157/5748
f 5667/3162/5753 5665/3160/5751 5660/3155/5746
f 5666/3161/5752 5667/3162/5753 5660/3155/5746
f 5668/3163/5754 5667/3162/5753 5666/3161/5752
f 5669/3164/5755 5666/3161/5752 5662/3157/5748
f 5670/3165/5756 5668/3163/5754 5666/3161/5752
f 5669/3164/5755 5670/3165/5756 5666/3161/5752
f 5671/3166/5757 5669/3164/5755 5662/3157/5748
f 5661/3156/5747 5671/3166/5757 5662/3157/5748
f 5671/3166/5757 5672/3167/5758 5669/3164/5755
f 5673/3168/5759 5672/3167/5758 5671/3166/5757
f 5674/3169/5760 5673/3168/5759 5671/3166/5757
f 5661/3156/5747 5674/3169/5760 5671/3166/5757
f 5664/3159/5750 5674/3169/5760 5661/3156/5747
f 5663/3158/5749 5665/3160/5751 5675/3170/5761
f 5676/3171/5762 5675/3170/5761 5665/3160/5751
f 5665/3160/5751 5667/3162/5753 5676/3171/5762
f 5676/3171/5762 5677/3172/5763 5675/3170/5761
f 5677/3172/5763 5678/3173/5764 5675/3170/5761
f 5679/3174/5765 5677/3172/5763 5676/3171/5762
f 5680/3175/5766 5675/3170/5761 5678/3173/5764
f 5678/3173/5764 5681/3176/5767 5680/3175/5766
f 5680/3175/5766 5681/3176/5767 5682/3177/5768
f 5680/3175/5766 5682/3177/5768 5664/3159/5750
f 5674/3169/5760 5664/3159/5750 5682/3177/5768
f 5681/3176/5767 5683/3178/5769 5682/3177/5768
f 5680/3175/5766 5663/3158/5749 5675/3170/5761
f 5664/3159/5750 5663/3158/5749 5680/3175/5766
f 5676/3171/5762 5684/3179/5770 5679/3174/5765
f 5672/3167/5758 5673/3168/5759 5685/3180/5771
f 5686/3181/5772 5685/3180/5771 5673/3168/5759
f 5686/3181/5772 5682/3177/5768 5683/3178/5769
f 5686/3181/5772 5674/3169/5760 5682/3177/5768
f 5673/3168/5759 5674/3169/5760 5686/3181/5772
f 5686/3181/5772 5687/3182/5773 5685/3180/5771
f 5683/3178/5769 5687/3182/5773 5686/3181/5772
f 5677/3172/5763 5679/3174/5765 5688/3183/5774
f 5689/3184/5775 5677/3172/5763 5688/3183/5774
f 5678/3173/5764 5677/3172/5763 5689/3184/5775
f 5681/3176/5767 5678/3173/5764 5689/3184/5775
f 5687/3182/5773 5683/3178/5769 5690/3185/5776
f 5690/3185/5776 5681/3176/5767 5689/3184/5775
f 5683/3178/5769 5681/3176/5767 5690/3185/5776
f 5690/3185/5776 5691/3186/5777 5687/3182/5773
f 5692/3187/5778 5687/3182/5773 5691/3186/5777
f 5685/3180/5771 5687/3182/5773 5692/3187/5778
f 5690/3185/5776 5689/3184/5775 5693/3188/5779
f 5693/3188/5779 5689/3184/5775 5688/3183/5774
f 5691/3186/5777 5690/3185/5776 5693/3188/5779
f 5667/3162/5753 5668/3163/5754 5694/3179/5780
f 5676/3171/5762 5667/3162/5753 5695/3179/5781
f 5696/3189/5782 5697/3190/5783 5698/3191/5784
f 5699/3192/5785 5698/3191/5784 5697/3190/5783
f 5697/3190/5783 5696/3189/5782 5700/3193/5786
f 5701/3194/5787 5700/3193/5786 5696/3189/5782
f 5701/3194/5787 5702/3195/5788 5700/3193/5786
f 5703/3196/5789 5700/3193/5786 5702/3195/5788
f 5702/3195/5788 5704/3197/5790 5703/3196/5789
f 5705/3198/5791 5703/3196/5789 5704/3197/5790
f 5696/3189/5782 5698/3191/5784 5706/3199/5792
f 5707/3200/5793 5706/3199/5792 5698/3191/5784
f 5701/3194/5787 5696/3189/5782 5708/3201/5794
f 5706/3199/5792 5708/3201/5794 5696/3189/5782
f 5701/3194/5787 5708/3201/5794 5702/3195/5788
f 5709/3202/5795 5702/3195/5788 5708/3201/5794
f 5704/3197/5790 5702/3195/5788 5710/3203/5796
f 5709/3202/5795 5710/3203/5796 5702/3195/5788
f 5704/3197/5790 5710/3203/5796 5711/3204/5797
f 5704/3197/5790 5711/3204/5797 5712/3198/5798
f 5713/3205/5799 5712/3198/5798 5711/3204/5797
f 5711/3204/5797 5714/3206/5800 5713/3205/5799
f 5715/3207/5801 5713/3205/5799 5714/3206/5800
f 5715/3207/5801 5714/3206/5800 5716/3208/5802
f 5717/3209/5803 5716/3208/5802 5714/3206/5800
f 5718/3210/5804 5711/3204/5797 5710/3203/5796
f 5714/3206/5800 5711/3204/5797 5719/3211/5805
f 5718/3210/5804 5719/3211/5805 5711/3204/5797
f 5714/3206/5800 5719/3211/5805 5717/3209/5803
f 5720/3212/5806 5717/3209/5803 5719/3211/5805
f 5715/3207/5801 5716/3208/5802 5721/3213/5807
f 5722/3214/5808 5721/3213/5807 5716/3208/5802
f 5721/3213/5807 5723/3215/5809 5715/3207/5801
f 5721/3213/5807 5722/3214/5808 5724/3216/5810
f 5724/3216/5810 5725/3215/5811 5721/3213/5807
f 5726/3217/5812 5724/3216/5810 5722/3214/5808
f 5727/3218/5813 5726/3217/5812 5722/3214/5808
f 5722/3214/5808 5716/3208/5802 5727/3218/5813
f 5716/3208/5802 5717/3209/5803 5728/3219/5814
f 5728/3219/5814 5727/3218/5813 5716/3208/5802
f 5727/3218/5813 5728/3219/5814 5729/3220/5815
f 5730/3221/5816 5729/3220/5815 5728/3219/5814
f 5728/3219/5814 5731/3222/5817 5730/3221/5816
f 5731/3222/5817 5728/3219/5814 5717/3209/5803
f 5717/3209/5803 5720/3212/5806 5731/3222/5817
f 5732/3223/5818 5730/3221/5816 5731/3222/5817
f 5731/3222/5817 5733/3224/5819 5732/3223/5818
f 5733/3224/5819 5731/3222/5817 5720/3212/5806
f 5734/3225/5820 5732/3223/5818 5733/3224/5819
f 5732/3223/5818 5735/3226/5821 5730/3221/5816
f 5736/3227/5822 5730/3221/5816 5735/3226/5821
f 5735/3226/5821 5732/3223/5818 5737/3228/5823
f 5734/3225/5820 5737/3228/5823 5732/3223/5818
f 5729/3220/5815 5730/3221/5816 5738/3227/5824
f 5727/3218/5813 5729/3220/5815 5739/3229/5825
f 5727/3218/5813 5739/3229/5825 5726/3217/5812
f 5734/3225/5820 5733/3224/5819 5740/3230/5826
f 5740/3230/5826 5737/3228/5823 5734/3225/5820
f 5741/3231/5827 5740/3230/5826 5733/3224/5819
f 5733/3224/5819 5720/3212/5806 5741/3231/5827
f 5742/3232/5828 5741/3231/5827 5720/3212/5806
f 5720/3212/5806 5719/3211/5805 5742/3232/5828
f 5743/3233/5829 5742/3232/5828 5719/3211/5805
f 5719/3211/5805 5744/3210/5830 5743/3233/5829
f 5745/3234/5831 5743/3233/5829 5744/3210/5830
f 5743/3233/5829 5746/3235/5832 5742/3232/5828
f 5747/3236/5833 5742/3232/5828 5746/3235/5832
f 5741/3231/5827 5742/3232/5828 5747/3236/5833
f 5746/3235/5832 5743/3233/5829 5748/3234/5834
f 5749/3237/5835 5750/3238/5836 5751/3239/5837
f 5751/3239/5837 5706/3199/5792 5749/3237/5835
f 5707/3200/5793 5749/3237/5835 5706/3199/5792
f 5706/3199/5792 5751/3239/5837 5708/3201/5794
f 5752/3240/5838 5708/3201/5794 5751/3239/5837
f 5752/3240/5838 5753/3241/5839 5708/3201/5794
f 5709/3202/5795 5708/3201/5794 5753/3241/5839
f 5709/3202/5795 5753/3241/5839 5710/3203/5796
f 5753/3241/5839 5752/3240/5838 5754/3242/5840
f 5754/3242/5840 5755/3234/5841 5753/3241/5839
f 5756/3243/5842 5754/3242/5840 5752/3240/5838
f 5750/3238/5836 5756/3243/5842 5751/3239/5837
f 5756/3243/5842 5752/3240/5838 5751/3239/5837
f 5757/3234/5843 5710/3203/5844 5758/3241/5843
f 5759/3234/5845 5718/3210/5804 5710/3203/5796
f 5760/3244/5846 5761/3245/5847 5697/3190/5783
f 5699/3192/5785 5697/3190/5783 5761/3245/5847
f 5697/3190/5783 5700/3193/5786 5760/3244/5846
f 5762/3246/5848 5760/3244/5846 5700/3193/5786
f 5700/3193/5786 5703/3196/5789 5762/3246/5848
f 5763/3247/5849 5762/3246/5848 5703/3196/5789
f 5763/3247/5849 5703/3196/5789 5764/3248/5850
f 5763/3247/5849 5765/3249/5851 5762/3246/5848
f 5766/3250/5852 5762/3246/5848 5765/3249/5851
f 5760/3244/5846 5762/3246/5848 5766/3250/5852
f 5765/3249/5851 5763/3247/5849 5767/3248/5853
f 5712/3198/5854 5768/3248/5855 5703/3196/5856
f 5712/3198/5854 5769/3205/5857 5768/3248/5855
f 5770/3215/5858 5768/3248/5859 5771/3205/5860
f 5771/3205/5860 5772/3207/5861 5770/3215/5858
f 5724/3216/5862 5773/3248/5863 5723/3215/5864
f 5774/3251/5865 5775/3252/5866 5776/3253/5867
f 5777/3254/5868 5776/3253/5867 5775/3252/5866
f 5776/3253/5867 5777/3254/5868 5778/3255/5869
f 5779/3256/5870 5778/3255/5869 5777/3254/5868
f 5778/3255/5869 5779/3256/5870 5780/3257/5871
f 5781/3258/5872 5780/3257/5871 5779/3256/5870
f 5781/3258/5872 5782/3259/5873 5780/3257/5871
f 5783/3260/5874 5780/3257/5871 5782/3259/5873
f 5783/3260/5874 5782/3259/5873 5784/3261/5875
f 5783/3260/5874 5784/3261/5875 5785/3262/5876
f 5782/3259/5873 5781/3258/5872 5786/3263/5877
f 5787/3264/5878 5786/3263/5877 5781/3258/5872
f 5781/3258/5872 5779/3256/5870 5787/3264/5878
f 5784/3261/5875 5782/3259/5873 5788/3265/5879
f 5786/3263/5877 5788/3265/5879 5782/3259/5873
f 5789/3262/5880 5784/3261/5875 5788/3265/5879
f 5790/3266/5881 5787/3264/5878 5779/3256/5870
f 5779/3256/5870 5777/3254/5868 5790/3266/5881
f 5791/3267/5882 5790/3266/5881 5777/3254/5868
f 5791/3267/5882 5777/3254/5868 5792/3268/5883
f 5775/3252/5866 5792/3268/5883 5777/3254/5868
f 5783/3260/5874 5793/3269/5884 5780/3257/5871
f 5783/3260/5874 5785/3262/5876 5793/3269/5884
f 5794/3270/5885 5780/3257/5871 5793/3269/5884
f 5780/3257/5871 5794/3270/5885 5778/3255/5869
f 5795/3271/5886 5778/3255/5869 5794/3270/5885
f 5778/3255/5869 5795/3271/5886 5776/3253/5867
f 5796/3272/5887 5776/3253/5867 5795/3271/5886
f 5796/3272/5887 5797/3273/5888 5776/3253/5867
f 5774/3251/5865 5776/3253/5867 5797/3273/5888
f 5789/3262/5880 5788/3265/5879 5798/3274/5889
f 5788/3265/5879 5786/3263/5877 5798/3274/5889
f 5799/3275/5890 5798/3274/5889 5786/3263/5877
f 5786/3263/5877 5787/3264/5878 5799/3275/5890
f 5800/3276/5891 5799/3275/5890 5787/3264/5878
f 5787/3264/5878 5790/3266/5881 5800/3276/5891
f 5801/3277/5892 5800/3276/5891 5790/3266/5881
f 5790/3266/5881 5791/3267/5882 5801/3277/5892
f 5802/3278/5893 5801/3277/5892 5791/3267/5882
f 5802/3278/5893 5803/3279/5894 5801/3277/5892
f 5804/3280/5895 5801/3277/5892 5803/3279/5894
f 5801/3277/5892 5804/3280/5895 5800/3276/5891
f 5805/3281/5896 5800/3276/5891 5804/3280/5895
f 5805/3281/5896 5799/3275/5890 5800/3276/5891
f 5805/3281/5896 5806/3282/5897 5799/3275/5890
f 5806/3282/5897 5798/3274/5889 5799/3275/5890
f 5798/3274/5889 5806/3282/5897 5789/3262/5880
f 5802/3278/5893 5807/3283/5898 5803/3279/5894
f 5808/3284/5899 5803/3279/5894 5807/3283/5898
f 5791/3267/5882 5792/3268/5883 5802/3278/5893
f 5807/3283/5898 5802/3278/5893 5792/3268/5883
f 5809/3252/5900 5810/3268/5901 5811/3285/5902
f 5812/3286/5903 5811/3285/5902 5810/3268/5901
f 5811/3285/5902 5813/3287/5904 5809/3252/5900
f 5814/3251/5905 5809/3252/5900 5813/3287/5904
f 5811/3285/5902 5812/3286/5903 5815/3288/5906
f 5816/3289/5907 5815/3288/5906 5812/3286/5903
f 5813/3287/5904 5811/3285/5902 5817/3290/5908
f 5815/3288/5906 5817/3290/5908 5811/3285/5902
f 5816/3289/5907 5818/3291/5909 5815/3288/5906
f 5819/3292/5910 5815/3288/5906 5818/3291/5909
f 5817/3290/5908 5815/3288/5906 5820/3293/5911
f 5819/3292/5910 5820/3293/5911 5815/3288/5906
f 5818/3291/5909 5821/3294/5912 5819/3292/5910
f 5822/3295/5913 5819/3292/5910 5821/3294/5912
f 5819/3292/5910 5822/3295/5913 5820/3293/5911
f 5823/3296/5914 5820/3293/5911 5822/3295/5913
f 5823/3296/5914 5822/3295/5913 5824/3262/5915
f 5822/3295/5913 5821/3294/5912 5824/3262/5915
f 5823/3296/5914 5825/3270/5916 5820/3293/5911
f 5826/3271/5917 5820/3293/5911 5825/3270/5916
f 5820/3293/5911 5826/3271/5917 5817/3290/5908
f 5823/3296/5914 5827/3262/5918 5825/3270/5916
f 5828/3297/5919 5817/3290/5908 5826/3271/5917
f 5817/3290/5908 5828/3297/5919 5813/3287/5904
f 5829/3272/5920 5813/3287/5904 5828/3297/5919
f 5830/3273/5921 5814/3251/5905 5829/3272/5920
f 5821/3294/5912 5818/3291/5909 5831/3298/5922
f 5831/3298/5922 5824/3262/5915 5821/3294/5912
f 5832/3299/5923 5831/3298/5922 5818/3291/5909
f 5831/3298/5922 5832/3299/5923 5833/3281/5924
f 5831/3298/5922 5833/3281/5924 5827/3262/5925
f 5834/3280/5926 5833/3281/5924 5832/3299/5923
f 5834/3280/5926 5832/3299/5923 5835/3279/5927
f 5836/3300/5928 5835/3279/5927 5832/3299/5923
f 5836/3300/5928 5832/3299/5923 5816/3289/5907
f 5818/3291/5909 5816/3289/5907 5832/3299/5923
f 5836/3300/5928 5837/3301/5929 5835/3279/5927
f 5838/3302/5930 5835/3279/5927 5837/3301/5929
f 5837/3301/5929 5836/3300/5928 5812/3286/5903
f 5816/3289/5907 5812/3286/5903 5836/3300/5928
f 5812/3286/5903 5810/3268/5901 5837/3301/5929
f 5839/3283/5931 5837/3301/5929 5810/3268/5901
f 5838/3302/5930 5837/3301/5929 5840/3284/5932
f 5839/3283/5931 5840/3284/5932 5837/3301/5929
f 5813/3287/5904 5829/3272/5920 5814/3251/5905
f 5841/3303/5933 5842/3304/5934 5843/3305/5935
f 5842/3304/5934 5844/3306/5936 5843/3305/5935
f 5845/3307/5937 5843/3305/5935 5844/3306/5936
f 5841/3303/5933 5843/3305/5935 5846/3308/5938
f 5845/3307/5937 5846/3308/5938 5843/3305/5935
f 5842/3304/5934 5847/3309/5939 5844/3306/5936
f 5846/3308/5938 5848/3310/5940 5841/3303/5933
f 5849/3311/5941 5841/3303/5933 5848/3310/5940
f 5849/3311/5941 5850/3312/5942 5841/3303/5933
f 5851/3313/5943 5841/3303/5933 5850/3312/5942
f 5841/3303/5933 5851/3313/5943 5842/3304/5934
f 5850/3312/5942 5852/3314/5944 5851/3313/5943
f 5852/3314/5944 5850/3312/5942 5853/3315/5945
f 5854/3316/5946 5853/3315/5945 5850/3312/5942
f 5850/3312/5942 5849/3311/5941 5854/3316/5946
f 5855/3317/5947 5851/3313/5943 5852/3314/5944
f 5851/3313/5943 5855/3317/5947 5856/3309/5948
f 5851/3313/5943 5856/3309/5948 5842/3304/5934
f 5857/3318/5949 5856/3309/5948 5855/3317/5947
f 5858/3319/5950 5854/3316/5946 5849/3311/5941
f 5849/3311/5941 5848/3310/5940 5858/3319/5950
f 5859/3320/5951 5858/3319/5950 5848/3310/5940
f 5860/3318/5952 5844/3306/5953 5861/3309/5952
f 5862/3321/5954 5863/3322/5955 5864/3323/5956
f 5865/3324/5957 5864/3323/5956 5863/3322/5955
f 5862/3321/5954 5864/3323/5956 5866/3325/5958
f 5867/3326/5959 5866/3325/5958 5864/3323/5956
f 5867/3326/5959 5868/3327/5960 5866/3325/5958
f 5867/3326/5959 5869/3328/5961 5868/3327/5960
f 5868/3327/5960 5870/3329/5962 5866/3325/5958
f 5871/3330/5963 5872/3331/5964 5873/3332/5965
f 5873/3332/5965 5874/3333/5966 5871/3330/5963
f 5875/3334/5967 5871/3330/5963 5874/3333/5966
f 5872/3331/5964 5876/3335/5968 5873/3332/5965
f 5871/3330/5963 5877/3336/5969 5872/3331/5964
f 5874/3333/5966 5878/3337/5970 5875/3334/5967
f 5879/3338/5971 5875/3334/5967 5878/3337/5970
f 5875/3334/5967 5880/3339/5972 5871/3330/5963
f 5875/3334/5967 5879/3338/5971 5880/3339/5972
f 5881/3340/5973 5871/3330/5963 5880/3339/5972
f 5871/3330/5963 5881/3340/5973 5877/3336/5969
f 5874/3333/5966 5873/3332/5965 5882/3341/5974
f 5883/3342/5975 5882/3341/5974 5873/3332/5965
f 5873/3332/5965 5876/3335/5968 5883/3342/5975
f 5872/3331/5964 5884/3343/5976 5876/3335/5968
f 5872/3331/5964 5877/3336/5969 5884/3343/5976
f 5885/3344/5977 5876/3335/5968 5884/3343/5976
f 5885/3344/5977 5883/3342/5975 5876/3335/5968
f 5886/3345/5978 5877/3336/5969 5881/3340/5973
f 5886/3345/5978 5884/3343/5976 5877/3336/5969
f 5882/3341/5974 5887/3346/5979 5874/3333/5966
f 5878/3337/5970 5874/3333/5966 5887/3346/5979
f 5888/3347/5980 5880/3339/5972 5879/3338/5971
f 5889/3348/5981 5890/3349/5982 5891/3350/5983
f 5889/3348/5981 5891/3350/5983 5892/3351/5984
f 5893/3352/5985 5892/3351/5984 5891/3350/5983
f 5889/3348/5981 5894/3353/5986 5890/3349/5982
f 5890/3349/5982 5895/3354/5987 5891/3350/5983
f 5892/3351/5984 5893/3352/5985 5896/3355/5988
f 5897/3356/5989 5896/3355/5988 5893/3352/5985
f 5898/3357/5990 5899/3358/5991 5900/3359/5992
f 5901/3360/5993 5900/3359/5992 5899/3358/5991
f 5899/3358/5991 5902/3361/5994 5901/3360/5993
f 5903/3362/5995 5901/3360/5993 5902/3361/5994
f 5902/3361/5994 5904/3363/5996 5903/3362/5995
f 5905/3364/5997 5903/3362/5995 5904/3363/5996
f 5905/3364/5997 5904/3363/5996 5906/3365/5998
f 5907/3366/5999 5906/3365/5998 5904/3363/5996
f 5906/3365/5998 5907/3366/5999 5908/3367/6000
f 5909/3368/6001 5908/3367/6000 5907/3366/5999
f 5908/3367/6000 5909/3368/6001 5910/3369/6002
f 5911/3370/6003 5910/3369/6002 5909/3368/6001
f 5910/3369/6002 5911/3370/6003 5912/3371/6004
f 5913/3372/6005 5912/3371/6004 5911/3370/6003
f 5901/3360/5993 5914/3373/6006 5900/3359/5992
f 5903/3362/5995 5915/3374/6007 5901/3360/5993
f 5914/3373/6006 5901/3360/5993 5915/3374/6007
f 5905/3364/5997 5916/3375/6008 5903/3362/5995
f 5915/3374/6007 5903/3362/5995 5916/3375/6008
f 5906/3365/5998 5917/3376/6009 5905/3364/5997
f 5916/3375/6008 5905/3364/5997 5917/3376/6009
f 5908/3367/6000 5918/3377/6010 5906/3365/5998
f 5917/3376/6009 5906/3365/5998 5918/3377/6010
f 5910/3369/6002 5919/3378/6011 5908/3367/6000
f 5918/3377/6010 5908/3367/6000 5919/3378/6011
f 5912/3371/6004 5920/3379/6012 5910/3369/6002
f 5919/3378/6011 5910/3369/6002 5920/3379/6012
f 5915/3374/6007 5921/3380/6013 5914/3373/6006
f 5922/3381/6014 5914/3373/6006 5921/3380/6013
f 5914/3373/6006 5922/3381/6014 5923/3382/6015
f 5923/3382/6015 5900/3359/5992 5914/3373/6006
f 5900/3359/5992 5923/3382/6015 5924/3383/6016
f 5925/3384/6017 5924/3383/6016 5923/3382/6015
f 5925/3384/6017 5923/3382/6015 5926/3385/6018
f 5927/3386/6019 5926/3385/6018 5923/3382/6015
f 5927/3386/6019 5923/3382/6015 5922/3381/6014
f 5916/3375/6008 5928/3387/6020 5915/3374/6007
f 5921/3380/6013 5915/3374/6007 5928/3387/6020
f 5917/3376/6009 5929/3388/6021 5916/3375/6008
f 5928/3387/6020 5916/3375/6008 5929/3388/6021
f 5918/3377/6010 5930/3389/6022 5917/3376/6009
f 5929/3388/6021 5917/3376/6009 5930/3389/6022
f 5919/3378/6011 5931/3390/6023 5918/3377/6010
f 5930/3389/6022 5918/3377/6010 5931/3390/6023
f 5920/3379/6012 5932/3391/6024 5919/3378/6011
f 5931/3390/6023 5919/3378/6011 5932/3391/6024
f 5926/3385/6018 5927/3386/6019 5933/3392/6025
f 5922/3381/6014 5934/3393/6026 5927/3386/6019
f 5933/3392/6025 5927/3386/6019 5934/3393/6026
f 5921/3380/6013 5935/3394/6027 5922/3381/6014
f 5934/3393/6026 5922/3381/6014 5935/3394/6027
f 5928/3387/6020 5936/3395/6028 5921/3380/6013
f 5928/3387/6020 5929/3388/6021 5936/3395/6028
f 5935/3394/6027 5921/3380/6013 5936/3395/6028
f 5937/3396/6029 5936/3395/6028 5929/3388/6021
f 5929/3388/6021 5930/3389/6022 5937/3396/6029
f 5938/3397/6030 5937/3396/6029 5930/3389/6022
f 5931/3390/6023 5939/3398/6031 5930/3389/6022
f 5938/3397/6030 5930/3389/6022 5939/3398/6031
f 5932/3391/6024 5940/3399/6032 5931/3390/6023
f 5939/3398/6031 5931/3390/6023 5940/3399/6032
f 5940/3399/6032 5932/3391/6024 5941/3400/6033
f 5932/3391/6024 5920/3379/6012 5941/3400/6033
f 5942/3401/6034 5941/3400/6033 5920/3379/6012
f 5942/3401/6034 5920/3379/6012 5943/3402/6035
f 5912/3371/6004 5943/3402/6035 5920/3379/6012
f 5943/3402/6035 5912/3371/6004 5913/3372/6005
f 5898/3357/5990 5900/3359/5992 5924/3383/6016
f 5944/3403/6036 5945/3404/6037 5946/3405/6038
f 5947/3406/6039 5946/3405/6038 5945/3404/6037
f 5947/3406/6039 5945/3404/6037 5948/3407/6040
f 5949/3408/6041 5948/3407/6040 5945/3404/6037
f 5948/3407/6040 5949/3408/6041 5950/3409/6042
f 5951/3410/6043 5950/3409/6042 5949/3408/6041
f 5951/3410/6043 5952/3411/6044 5950/3409/6042
f 5953/3412/6045 5950/3409/6042 5952/3411/6044
f 5952/3411/6044 5954/3413/6046 5953/3412/6045
f 5952/3411/6044 5951/3410/6043 5954/3413/6046
f 5949/3408/6041 5954/3413/6046 5951/3410/6043
f 5955/3414/6047 5953/3412/6045 5954/3413/6046
f 5954/3413/6046 5956/3415/6048 5955/3414/6047
f 5954/3413/6046 5949/3408/6041 5956/3415/6048
f 5945/3404/6037 5956/3415/6048 5949/3408/6041
f 5957/3416/6049 5955/3414/6047 5956/3415/6048
f 5946/3405/6038 5958/3417/6050 5944/3403/6036
f 5959/3418/6051 5944/3403/6036 5958/3417/6050
f 5958/3417/6050 5960/3419/6052 5959/3418/6051
f 5961/3420/6053 5956/3415/6054 5944/3403/6036
f 5961/3420/6053 5944/3403/6036 5962/3421/6055
f 5959/3418/6051 5962/3421/6055 5944/3403/6036
f 5962/3421/6055 5963/3422/6056 5961/3420/6053
f 5964/3423/6057 5961/3420/6053 5963/3422/6056
f 5964/3423/6058 5957/3416/6059 5965/3420/6060
f 5966/3415/6061 5965/3420/6060 5957/3416/6059
f 5962/3421/6055 5967/3424/6062 5963/3422/6056
f 5959/3418/6051 5968/3425/6063 5962/3421/6055
f 5968/3425/6064 5969/3418/6065 5960/3419/6052
f 5960/3419/6052 5970/3426/6066 5968/3425/6064
f 5971/3424/6067 5962/3421/6055 5968/3425/6063
f 5972/3427/6068 5963/3422/6069 5971/3424/6070
f 5971/3424/6070 5973/3428/6071 5972/3427/6068
f 5968/3425/6063 5974/3429/6072 5971/3424/6067
f 5974/3429/6072 5975/3425/6073 5970/3426/6066
f 5974/3429/6072 5970/3426/6066 5976/3430/6074
f 5977/3431/6075 5976/3430/6074 5970/3426/6066
f 5974/3429/6072 5976/3430/6074 5978/3428/6076
f 5978/3428/6076 5971/3424/6067 5974/3429/6072
f 5979/3432/6077 5972/3427/6068 5978/3428/6076
f 5978/3428/6076 5980/3433/6078 5979/3432/6077
f 5980/3433/6078 5978/3428/6076 5976/3430/6074
f 5981/3434/6079 5979/3432/6077 5980/3433/6078
f 5981/3434/6079 5980/3433/6078 5982/3435/6080
f 5983/3436/6081 5982/3435/6080 5980/3433/6078
f 5980/3433/6078 5976/3430/6074 5983/3436/6081
f 5982/3435/6080 5983/3436/6081 5984/3437/6082
f 5985/3438/6083 5984/3437/6082 5983/3436/6081
f 5984/3437/6082 5985/3438/6083 5986/3439/6084
f 5987/3440/6085 5986/3439/6084 5985/3438/6083
f 5987/3440/6085 5988/3441/6086 5986/3439/6084
f 5987/3440/6085 5985/3438/6083 5988/3441/6086
f 5989/3442/6087 5986/3439/6084 5988/3441/6086
f 5988/3441/6086 5990/3443/6088 5989/3442/6087
f 5990/3443/6088 5988/3441/6086 5985/3438/6083
f 5991/3444/6089 5989/3442/6087 5990/3443/6088
f 5990/3443/6088 5992/3445/6090 5991/3444/6089
f 5983/3436/6081 5992/3445/6091 5985/3438/6083
f 5993/3430/6092 5977/3431/6093 5992/3445/6090
f 5994/3446/6094 5991/3444/6089 5992/3445/6090
f 5994/3446/6094 5992/3445/6090 5977/3431/6093
f 5992/3445/6091 5983/3436/6081 5976/3430/6074
f 5990/3443/6088 5995/3438/6095 5992/3445/6090
f 5945/3404/6037 5944/3403/6036 5996/3415/6096
f 5997/3447/6097 5998/3448/6098 5999/3449/6099
f 6000/3450/6100 5999/3449/6099 5998/3448/6098
f 5998/3448/6098 6001/3451/6101 6000/3450/6100
f 6002/3452/6102 6000/3450/6100 6001/3451/6101
f 5999/3449/6099 6000/3450/6100 6003/3453/6103
f 6004/3454/6104 6003/3453/6103 6000/3450/6100
f 6000/3450/6100 6002/3452/6102 6004/3454/6104
f 6005/3455/6105 5998/3448/6098 5997/3447/6097
f 6006/3456/6106 6005/3455/6105 5997/3447/6097
f 6001/3451/6101 6007/3457/6107 6002/3452/6102
f 6008/3458/6108 6002/3452/6102 6007/3457/6107
f 6002/3452/6102 6008/3458/6108 6009/3459/6109
f 6009/3459/6109 6004/3454/6104 6002/3452/6102
f 6010/3460/6110 6009/3459/6109 6008/3458/6108
f 6008/3458/6108 6011/3461/6111 6010/3460/6110
f 6012/3462/6112 6010/3460/6110 6011/3461/6111
f 6007/3457/6107 6013/3463/6113 6008/3458/6108
f 6011/3461/6111 6008/3458/6108 6013/3463/6113
f 6011/3461/6111 6013/3463/6113 6014/3464/6114
f 6014/3464/6114 6013/3463/6113 6015/3465/6115
f 6016/3466/6116 6015/3465/6115 6013/3463/6113
f 6003/3453/6103 6004/3454/6104 6017/3467/6117
f 6017/3467/6117 6018/3468/6118 6003/3453/6103
f 6017/3467/6117 6019/3469/6119 6018/3468/6118
f 6020/3470/6120 6018/3468/6118 6019/3469/6119
f 6020/3470/6120 6021/3471/6121 6018/3468/6118
f 6022/3472/6122 6018/3468/6118 6021/3471/6121
f 6017/3467/6117 6023/3473/6123 6019/3469/6119
f 6024/3474/6124 6019/3469/6119 6023/3473/6123
f 6023/3473/6123 6025/3475/6125 6024/3474/6124
f 6026/3476/6126 6024/3474/6124 6025/3475/6125
f 6025/3475/6125 6027/3477/6127 6026/3476/6126
f 6028/3478/6128 6026/3476/6126 6027/3477/6127
f 6022/3472/6122 6029/3479/6129 6018/3468/6118
f 6030/3480/6130 6018/3468/6118 6029/3479/6129
f 6030/3480/6130 6029/3479/6129 6031/3481/6131
f 6032/3482/6132 6031/3481/6131 6029/3479/6129
f 6032/3482/6132 6033/3483/6133 6031/3481/6131
f 6034/3484/6134 6031/3481/6131 6033/3483/6133
f 6033/3483/6133 6035/3485/6135 6034/3484/6134
f 6036/3486/6136 6034/3484/6134 6035/3485/6135
f 6034/3484/6134 6036/3486/6136 5997/3447/6097
f 6006/3456/6106 5997/3447/6097 6036/3486/6136
f 6031/3481/6131 6034/3484/6134 5999/3449/6099
f 5997/3447/6097 5999/3449/6099 6034/3484/6134
f 6033/3483/6133 6032/3482/6132 6037/3487/6137
f 6038/3488/6138 6037/3487/6137 6032/3482/6132
f 6032/3482/6132 6029/3479/6129 6038/3488/6138
f 6038/3488/6138 6039/3489/6139 6037/3487/6137
f 6040/3490/6140 6037/3487/6137 6039/3489/6139
f 6040/3490/6140 6041/3491/6141 6037/3487/6137
f 6042/3492/6142 6037/3487/6137 6041/3491/6141
f 6037/3487/6137 6042/3492/6142 6033/3483/6133
f 6035/3485/6135 6033/3483/6133 6042/3492/6142
f 6039/3489/6139 6043/3493/6143 6040/3490/6140
f 6044/3494/6144 6040/3490/6140 6043/3493/6143
f 6040/3490/6140 6044/3494/6144 6041/3491/6141
f 6045/3495/6145 6044/3494/6144 6043/3493/6143
f 6039/3489/6139 6038/3488/6138 6046/3496/6146
f 6047/3497/6147 6046/3496/6146 6038/3488/6138
f 6047/3497/6147 6038/3488/6138 6029/3479/6129
f 6048/3498/6148 6047/3497/6147 6029/3479/6129
f 6047/3497/6147 6048/3498/6148 6049/3499/6149
f 6050/3500/6150 6049/3499/6149 6048/3498/6148
f 6049/3499/6149 6050/3500/6150 6051/3501/6151
f 6051/3501/6151 6052/3502/6152 6049/3499/6149
f 6053/3503/6153 6049/3499/6149 6052/3502/6152
f 6049/3499/6149 6053/3503/6153 6047/3497/6147
f 6054/3504/6154 6051/3501/6151 6050/3500/6150
f 6054/3504/6154 6055/3505/6155 6051/3501/6151
f 6054/3504/6154 6056/3506/6156 6055/3505/6155
f 6057/3507/6157 6055/3505/6155 6056/3506/6156
f 6056/3506/6156 6058/3508/6158 6057/3507/6157
f 6059/3509/6159 6057/3507/6157 6058/3508/6158
f 6059/3509/6159 6060/3510/6160 6057/3507/6157
f 6061/3511/6161 6057/3507/6157 6060/3510/6160
f 6057/3507/6157 6061/3511/6161 6055/3505/6155
f 6058/3508/6158 6056/3506/6156 6062/3512/6162
f 6063/3513/6163 6062/3512/6162 6056/3506/6156
f 6063/3513/6163 6056/3506/6156 6054/3504/6154
f 6050/3500/6150 6063/3513/6163 6054/3504/6154
f 6060/3510/6160 6064/3514/6164 6061/3511/6161
f 6012/3462/6112 6061/3511/6161 6064/3514/6164
f 6061/3511/6161 6012/3462/6112 6065/3515/6165
f 6065/3515/6165 6055/3505/6155 6061/3511/6161
f 6011/3461/6111 6065/3515/6165 6012/3462/6112
f 6065/3515/6165 6011/3461/6111 6066/3516/6166
f 6065/3515/6165 6066/3516/6166 6055/3505/6155
f 6055/3505/6155 6066/3516/6166 6067/3517/6167
f 6067/3517/6167 6051/3501/6151 6055/3505/6155
f 6014/3464/6114 6066/3516/6166 6011/3461/6111
f 6067/3517/6167 6066/3516/6166 6068/3518/6168
f 6069/3519/6169 6068/3518/6168 6066/3516/6166
f 6051/3501/6151 6067/3517/6167 6070/3520/6170
f 6067/3517/6167 6071/3521/6171 6070/3520/6170
f 6068/3518/6168 6071/3521/6171 6067/3517/6167
f 6014/3464/6114 6072/3522/6172 6066/3516/6166
f 6069/3519/6169 6066/3516/6166 6072/3522/6172
f 6070/3520/6170 6073/3523/6173 6051/3501/6151
f 6052/3502/6152 6051/3501/6151 6073/3523/6173
f 6071/3521/6171 6068/3518/6168 6074/3524/6174
f 6074/3524/6174 6075/3525/6175 6071/3521/6171
f 6075/3525/6175 6074/3524/6174 6076/3526/6176
f 6077/3527/6177 6071/3521/6171 6075/3525/6175
f 6073/3523/6173 6070/3520/6170 6077/3527/6177
f 6071/3521/6171 6077/3527/6177 6070/3520/6170
f 6077/3527/6177 6075/3525/6175 6078/3528/6178
f 6079/3529/6179 6078/3528/6178 6075/3525/6175
f 6079/3529/6179 6080/3530/6180 6078/3528/6178
f 6075/3525/6175 6081/3531/6181 6079/3529/6179
f 6081/3531/6181 6075/3525/6175 6076/3526/6176
f 6081/3531/6181 6076/3526/6176 6082/3532/6182
f 6083/3533/6183 6082/3532/6182 6076/3526/6176
f 6083/3533/6183 6084/3534/6184 6082/3532/6182
f 6085/3535/6185 6082/3532/6182 6084/3534/6184
f 6086/3536/6186 6079/3529/6179 6081/3531/6181
f 6081/3531/6181 6082/3532/6182 6086/3536/6186
f 6087/3537/6187 6079/3529/6179 6086/3536/6186
f 6088/3538/6188 6086/3536/6186 6082/3532/6182
f 6086/3536/6186 6088/3538/6188 6087/3537/6187
f 6088/3538/6188 6082/3532/6182 6085/3535/6185
f 6084/3534/6184 6089/3539/6189 6085/3535/6185
f 6090/3540/6190 6085/3535/6185 6089/3539/6189
f 6085/3535/6185 6090/3540/6190 6088/3538/6188
f 6091/3541/6191 6088/3538/6188 6090/3540/6190
f 6083/3533/6183 6076/3526/6176 6092/3542/6192
f 6093/3543/6193 6092/3542/6192 6076/3526/6176
f 6092/3542/6192 6093/3543/6193 6094/3544/6194
f 6095/3545/6195 6094/3544/6194 6093/3543/6193
f 6096/3546/6196 6087/3537/6187 6088/3538/6188
f 6088/3538/6188 6091/3541/6191 6096/3546/6196
f 6096/3546/6196 6097/3547/6197 6087/3537/6187
f 6097/3547/6197 6098/3548/6198 6087/3537/6187
f 6098/3548/6198 6099/3549/6199 6087/3537/6187
f 6100/3550/6200 6087/3537/6187 6099/3549/6199
f 6099/3549/6199 6101/3551/6201 6100/3550/6200
f 6101/3551/6201 6099/3549/6199 6102/3552/6202
f 6101/3551/6201 6102/3552/6202 6103/3553/6203
f 6104/3554/6204 6103/3553/6203 6102/3552/6202
f 6105/3555/6205 6102/3552/6202 6099/3549/6199
f 6080/3530/6180 6100/3550/6200 6101/3551/6201
f 6106/3556/6206 6080/3530/6180 6101/3551/6201
f 6106/3556/6206 6101/3551/6201 6103/3553/6203
f 6103/3553/6203 6107/3557/6207 6106/3556/6206
f 6108/3558/6208 6106/3556/6206 6107/3557/6207
f 6105/3555/6205 6099/3549/6199 6109/3559/6209
f 6098/3548/6198 6109/3559/6209 6099/3549/6199
f 6097/3547/6197 6110/3560/6210 6098/3548/6198
f 6109/3559/6209 6098/3548/6198 6111/3560/6211
f 6108/3558/6208 6107/3557/6207 6112/3561/6212
f 6112/3561/6212 6113/3562/6213 6108/3558/6208
f 6108/3558/6208 6113/3562/6213 6106/3556/6206
f 6113/3562/6213 6112/3561/6212 6114/3563/6214
f 6115/3564/6215 6114/3563/6214 6112/3561/6212
f 6115/3564/6215 6112/3561/6212 6116/3565/6216
f 6115/3564/6215 6116/3565/6216 6117/3566/6217
f 6118/3567/6218 6117/3566/6217 6116/3565/6216
f 6116/3565/6216 6119/3568/6219 6118/3567/6218
f 6120/3569/6220 6118/3567/6218 6119/3568/6219
f 6116/3565/6216 6121/3570/6221 6119/3568/6219
f 6121/3570/6221 6116/3565/6216 6112/3561/6212
f 6121/3570/6221 6112/3561/6212 6107/3557/6207
f 6122/3571/6222 6119/3568/6219 6121/3570/6221
f 6121/3570/6221 6107/3557/6207 6122/3571/6222
f 6123/3572/6223 6122/3571/6222 6107/3557/6207
f 6117/3566/6217 6124/3573/6224 6115/3564/6215
f 6114/3563/6214 6115/3564/6215 6124/3573/6224
f 6114/3563/6214 6125/3574/6225 6113/3562/6213
f 6124/3573/6224 6125/3574/6225 6114/3563/6214
f 6126/3575/6226 6113/3562/6213 6125/3574/6225
f 6127/3576/6227 6125/3574/6225 6124/3573/6224
f 6127/3576/6227 6128/3577/6228 6125/3574/6225
f 6129/3578/6229 6125/3574/6225 6128/3577/6228
f 6129/3578/6229 6126/3575/6226 6125/3574/6225
f 6128/3577/6228 6127/3576/6227 6130/3579/6230
f 6130/3579/6230 6131/3580/6231 6128/3577/6228
f 6132/3581/6232 6128/3577/6228 6131/3580/6231
f 6128/3577/6228 6132/3581/6232 6129/3578/6229
f 6133/3582/6233 6130/3579/6230 6127/3576/6227
f 6127/3576/6227 6124/3573/6224 6133/3582/6233
f 6130/3579/6230 6133/3582/6233 6134/3583/6234
f 6135/3584/6235 6134/3583/6234 6133/3582/6233
f 6135/3584/6235 6136/3585/6236 6134/3583/6234
f 6137/3586/6237 6134/3583/6234 6136/3585/6236
f 6134/3583/6234 6137/3586/6237 6138/3587/6238
f 6139/3588/6239 6138/3587/6238 6137/3586/6237
f 6140/3589/6240 6129/3578/6229 6132/3581/6232
f 6135/3584/6235 6118/3567/6218 6136/3585/6236
f 6120/3569/6220 6136/3585/6236 6118/3567/6218
f 6118/3567/6218 6135/3584/6235 6117/3566/6217
f 6133/3582/6233 6117/3566/6217 6135/3584/6235
f 6124/3573/6224 6117/3566/6217 6133/3582/6233
f 6141/3590/6241 6134/3583/6234 6138/3587/6238
f 6131/3580/6231 6130/3579/6230 6141/3590/6241
f 6130/3579/6230 6134/3583/6234 6141/3590/6241
f 6138/3587/6238 6139/3588/6239 6142/3591/6242
f 6138/3587/6238 6142/3591/6242 6141/3590/6241
f 6143/3592/6243 6141/3590/6241 6142/3591/6242
f 6144/3593/6244 6141/3590/6241 6143/3592/6243
f 6143/3592/6243 6142/3591/6242 6145/3594/6245
f 6146/3595/6246 6145/3594/6245 6142/3591/6242
f 6146/3595/6246 6142/3591/6242 6147/3596/6247
f 6148/3597/6248 6147/3596/6247 6142/3591/6242
f 6148/3597/6248 6142/3591/6242 6149/3588/6249
f 6149/3588/6249 6150/3598/6250 6148/3597/6248
f 6151/3599/6251 6148/3597/6248 6150/3598/6250
f 6151/3599/6251 6152/3600/6252 6148/3597/6248
f 6151/3599/6251 6153/3601/6253 6152/3600/6252
f 6154/3602/6254 6152/3600/6252 6153/3601/6253
f 6145/3594/6245 6155/3603/6255 6143/3592/6243
f 6156/3604/6256 6143/3592/6243 6155/3603/6255
f 6153/3601/6253 6156/3604/6256 6154/3602/6254
f 6155/3603/6255 6154/3602/6254 6156/3604/6256
f 6143/3592/6243 6156/3604/6256 6157/3605/6257
f 6157/3605/6257 6144/3593/6244 6143/3592/6243
f 6144/3593/6244 6157/3605/6257 6158/3606/6258
f 6159/3607/6259 6158/3606/6258 6157/3605/6257
f 6144/3593/6244 6158/3606/6258 6131/3580/6231
f 6053/3503/6153 6131/3580/6231 6158/3606/6258
f 6158/3606/6258 6047/3497/6147 6053/3503/6153
f 6160/3608/6260 6157/3605/6257 6156/3604/6256
f 6161/3609/6261 6152/3600/6252 6154/3602/6254
f 6161/3609/6261 6154/3602/6254 6155/3603/6255
f 6161/3609/6261 6147/3596/6247 6152/3600/6252
f 6161/3609/6261 6146/3595/6246 6147/3596/6247
f 6161/3609/6261 6145/3594/6245 6146/3595/6246
f 6161/3609/6261 6155/3603/6255 6145/3594/6245
f 6160/3608/6260 6156/3604/6256 6043/3493/6143
f 6153/3601/6253 6043/3493/6143 6156/3604/6256
f 6043/3493/6143 6039/3489/6139 6160/3608/6260
f 6046/3496/6146 6160/3608/6260 6039/3489/6139
f 6159/3607/6259 6046/3496/6146 6158/3606/6258
f 6047/3497/6147 6158/3606/6258 6046/3496/6146
f 6160/3608/6260 6046/3496/6146 6157/3605/6257
f 6159/3607/6259 6157/3605/6257 6046/3496/6146
f 6131/3580/6231 6053/3503/6153 6132/3581/6232
f 6052/3502/6152 6132/3581/6232 6053/3503/6153
f 6132/3581/6232 6052/3502/6152 6140/3589/6240
f 6073/3523/6173 6140/3589/6240 6052/3502/6152
f 6073/3523/6173 6077/3527/6177 6140/3589/6240
f 6078/3528/6178 6140/3589/6240 6077/3527/6177
f 6140/3589/6240 6078/3528/6178 6129/3578/6229
f 6126/3575/6226 6129/3578/6229 6078/3528/6178
f 6078/3528/6178 6080/3530/6180 6126/3575/6226
f 6162/3610/6262 6126/3575/6226 6080/3530/6180
f 6162/3610/6262 6080/3530/6180 6106/3556/6206
f 6162/3610/6262 6106/3556/6206 6113/3562/6213
f 6126/3575/6226 6162/3610/6262 6113/3562/6213
f 6153/3601/6253 6045/3495/6145 6043/3493/6143
f 6163/3611/6263 6045/3495/6145 6153/3601/6253
f 6163/3611/6263 6164/3612/6264 6045/3495/6145
f 6164/3612/6264 6163/3611/6263 6165/3598/6265
f 6151/3599/6251 6165/3598/6265 6163/3611/6263
f 6163/3611/6263 6153/3601/6253 6151/3599/6251
f 6166/3613/6266 6045/3495/6145 6164/3612/6264
f 6166/3613/6266 6167/3614/6267 6045/3495/6145
f 6044/3494/6144 6045/3495/6145 6167/3614/6267
f 6167/3614/6267 6041/3491/6141 6044/3494/6144
f 6100/3550/6200 6080/3530/6180 6079/3529/6179
f 6100/3550/6200 6079/3529/6179 6087/3537/6187
f 6168/3615/6268 6169/3616/6269 6170/3617/6270
f 6171/3618/6271 6170/3617/6270 6169/3616/6269
f 6170/3617/6270 6171/3618/6271 6172/3619/6272
f 6173/3620/6273 6172/3619/6272 6171/3618/6271
f 6168/3615/6268 6170/3617/6270 6048/3498/6148
f 6172/3619/6272 6050/3500/6150 6170/3617/6270
f 6048/3498/6148 6170/3617/6270 6050/3500/6150
f 6171/3618/6271 6169/3616/6269 6174/3621/6274
f 6171/3618/6271 6174/3621/6274 6173/3620/6273
f 6021/3471/6121 6174/3621/6274 6169/3616/6269
f 6169/3616/6269 6168/3615/6268 6021/3471/6121
f 6020/3470/6120 6174/3621/6274 6021/3471/6121
f 6019/3469/6119 6174/3621/6274 6020/3470/6120
f 6024/3474/6124 6174/3621/6274 6019/3469/6119
f 6026/3476/6126 6174/3621/6274 6024/3474/6124
f 6028/3478/6128 6174/3621/6274 6026/3476/6126
f 6028/3478/6128 6175/3622/6275 6174/3621/6274
f 6176/3623/6276 6174/3621/6274 6175/3622/6275
f 6175/3622/6275 6028/3478/6128 6177/3624/6277
f 6175/3622/6275 6177/3624/6277 6176/3623/6276
f 6176/3623/6276 6177/3624/6277 6012/3462/6112
f 6027/3477/6127 6177/3624/6277 6028/3478/6128
f 6010/3460/6110 6177/3624/6277 6027/3477/6127
f 6012/3462/6112 6177/3624/6277 6010/3460/6110
f 6010/3460/6110 6027/3477/6127 6009/3459/6109
f 6025/3475/6125 6009/3459/6109 6027/3477/6127
f 6025/3475/6125 6023/3473/6123 6009/3459/6109
f 6004/3454/6104 6009/3459/6109 6023/3473/6123
f 6023/3473/6123 6017/3467/6117 6004/3454/6104
f 6064/3514/6164 6176/3623/6276 6012/3462/6112
f 6064/3514/6164 6174/3621/6274 6176/3623/6276
f 6060/3510/6160 6174/3621/6274 6064/3514/6164
f 6059/3509/6159 6174/3621/6274 6060/3510/6160
f 6058/3508/6158 6174/3621/6274 6059/3509/6159
f 6062/3512/6162 6174/3621/6274 6058/3508/6158
f 6173/3620/6273 6174/3621/6274 6062/3512/6162
f 6062/3512/6162 6063/3513/6163 6173/3620/6273
f 6172/3619/6272 6173/3620/6273 6063/3513/6163
f 6172/3619/6272 6063/3513/6163 6050/3500/6150
f 6178/3625/6278 6179/3626/6279 6180/3627/6280
f 6178/3625/6278 6181/3628/6281 6179/3626/6279
f 6180/3627/6280 6182/3629/6282 6178/3625/6278
f 6182/3629/6282 6181/3628/6281 6178/3625/6278
f 6182/3629/6282 6180/3627/6280 6183/3630/6283
f 6184/3631/6284 6181/3628/6281 6182/3629/6282
f 6185/3632/6285 6181/3628/6281 6184/3631/6284
f 6179/3626/6279 6181/3628/6281 6186/3633/6286
f 6184/3631/6284 6182/3629/6282 6187/3634/6287
f 6183/3630/6283 6187/3634/6287 6182/3629/6282
f 6184/3631/6284 6187/3634/6287 6185/3632/6285
f 6188/3635/6288 6185/3632/6285 6187/3634/6287
f 6189/3636/6289 6181/3628/6281 6185/3632/6285
f 6185/3632/6285 6188/3635/6288 6189/3636/6289
f 6190/3637/6290 6189/3636/6289 6188/3635/6288
f 6188/3635/6288 6191/3638/6291 6190/3637/6290
f 6188/3635/6288 6187/3634/6287 6191/3638/6291
f 6190/3637/6290 6191/3638/6291 6192/3639/6292
f 6193/3640/6293 6190/3637/6290 6192/3639/6292
f 6189/3636/6289 6194/3641/6294 6181/3628/6281
f 6189/3636/6289 6190/3637/6290 6194/3641/6294
f 6193/3640/6293 6194/3641/6294 6190/3637/6290
f 6195/3642/6295 6181/3628/6281 6194/3641/6294
f 6194/3641/6294 6193/3640/6293 6195/3642/6295
f 6196/3643/6296 6195/3642/6295 6193/3640/6293
f 6186/3633/6286 6181/3628/6281 6197/3644/6297
f 6181/3628/6281 6195/3642/6295 6197/3644/6297
f 6197/3644/6297 6195/3642/6295 6198/3645/6298
f 6199/3643/6299 6198/3645/6298 6195/3642/6295
f 6187/3634/6300 6200/3646/6301 6201/3647/6302
f 6201/3647/6302 6191/3638/6303 6202/3634/6304
f 6203/3648/6305 6204/3649/6306 6205/3650/6307
f 6203/3648/6305 6205/3650/6307 6206/3651/6308
f 6095/3545/6195 6206/3651/6308 6205/3650/6307
f 6095/3545/6195 6207/3652/6309 6206/3651/6308
f 6206/3651/6308 6207/3652/6309 6069/3519/6169
f 6206/3651/6308 6069/3519/6169 6203/3648/6305
f 6068/3518/6168 6069/3519/6169 6207/3652/6309
f 6207/3652/6309 6074/3524/6174 6068/3518/6168
f 6093/3543/6193 6074/3524/6174 6207/3652/6309
f 6093/3543/6193 6207/3652/6309 6095/3545/6195
f 6072/3522/6172 6203/3648/6305 6069/3519/6169
f 6203/3648/6305 6072/3522/6172 6204/3649/6306
f 6015/3465/6115 6204/3649/6306 6072/3522/6172
f 6015/3465/6115 6072/3522/6172 6014/3464/6114
f 6015/3465/6115 6208/3653/6310 6204/3649/6306
f 6015/3465/6115 6016/3466/6116 6208/3653/6310
f 6209/3654/6311 6208/3653/6310 6016/3466/6116
f 6210/3655/6312 6204/3649/6306 6208/3653/6310
f 6208/3653/6310 6211/3656/6313 6210/3655/6312
f 6016/3466/6116 6212/3657/6314 6209/3654/6311
f 6213/3658/6315 6212/3657/6314 6016/3466/6116
f 6016/3466/6116 6013/3463/6113 6213/3658/6315
f 6007/3457/6107 6213/3658/6315 6013/3463/6113
f 6007/3457/6107 6001/3451/6101 6213/3658/6315
f 6214/3659/6316 6213/3658/6315 6001/3451/6101
f 6213/3658/6315 6214/3659/6316 6212/3657/6314
f 6214/3659/6316 6001/3451/6101 6215/3660/6317
f 5998/3448/6098 6215/3660/6317 6001/3451/6101
f 5998/3448/6098 6005/3455/6105 6215/3660/6317
f 6216/3661/6318 6215/3660/6317 6005/3455/6105
f 6214/3659/6316 6215/3660/6317 6217/3662/6319
f 6217/3662/6319 6212/3657/6314 6214/3659/6316
f 6212/3657/6314 6217/3662/6319 6218/3663/6320
f 6218/3663/6320 6209/3654/6311 6212/3657/6314
f 6219/3664/6321 6218/3663/6320 6217/3662/6319
f 6220/3665/6322 6217/3662/6319 6215/3660/6317
f 6216/3661/6318 6221/3666/6323 6215/3660/6317
f 6220/3665/6322 6215/3660/6317 6221/3666/6323
f 6220/3665/6322 6222/3667/6324 6217/3662/6319
f 6219/3664/6321 6217/3662/6319 6222/3667/6324
f 6222/3667/6324 6220/3665/6322 6223/3668/6325
f 6221/3666/6323 6223/3668/6325 6220/3665/6322
f 6224/3669/6326 6225/3670/6327 6226/3671/6328
f 6227/3672/6329 6226/3671/6328 6225/3670/6327
f 6228/3673/6330 6225/3670/6327 6224/3669/6326
f 6225/3670/6327 6228/3673/6330 6229/3674/6331
f 6225/3670/6327 6229/3674/6331 6230/3675/6332
f 6231/3672/6333 6225/3670/6327 6230/3675/6332
f 6232/3676/6334 6230/3675/6332 6229/3674/6331
f 6229/3674/6331 6228/3673/6330 6233/3677/6335
f 6228/3673/6330 6234/3678/6336 6233/3677/6335
f 6235/3679/6337 6233/3677/6335 6234/3678/6336
f 6234/3678/6336 6236/3680/6338 6235/3679/6337
f 6237/3681/6339 6235/3679/6337 6236/3680/6338
f 6233/3677/6335 6235/3679/6337 6238/3682/6340
f 6233/3677/6335 6238/3682/6340 6239/3683/6341
f 6239/3683/6341 6232/3676/6334 6229/3674/6331
f 6239/3683/6341 6229/3674/6331 6233/3677/6335
f 6240/3684/6342 6232/3676/6334 6239/3683/6341
f 6240/3684/6342 6239/3683/6341 6241/3685/6343
f 6242/3686/6344 6240/3684/6342 6241/3685/6343
f 6241/3685/6343 6243/3687/6345 6242/3686/6344
f 6244/3688/6346 6242/3686/6344 6243/3687/6345
f 6245/3689/6347 6239/3683/6341 6238/3682/6340
f 6239/3683/6341 6245/3689/6347 6241/3685/6343
f 6246/3690/6348 6238/3682/6340 6235/3679/6337
f 6235/3679/6337 6237/3681/6339 6246/3690/6348
f 6247/3691/6349 6241/3685/6343 6245/3689/6347
f 6241/3685/6343 6247/3691/6349 6248/3687/6350
f 6249/3692/6351 6248/3687/6350 6247/3691/6349
f 6250/3693/6352 6249/3692/6351 6247/3691/6349
f 6251/3694/6353 6246/3690/6348 6237/3681/6339
f 6030/3480/6130 6003/3453/6103 6018/3468/6118
f 6030/3480/6130 6031/3481/6131 6003/3453/6103
f 5999/3449/6099 6003/3453/6103 6031/3481/6131
f 6252/3695/6354 6096/3546/6196 6253/3696/6355
f 6096/3546/6196 6252/3695/6354 6097/3547/6197
f 6110/3560/6210 6097/3547/6197 6252/3695/6354
f 6253/3696/6355 6096/3546/6196 6091/3541/6191
f 6254/3546/6356 6252/3695/6354 6253/3696/6355
f 6253/3696/6355 6091/3541/6191 6254/3546/6356
f 6254/3546/6356 6255/3547/6357 6252/3695/6354
f 6256/3560/6358 6252/3695/6354 6255/3547/6357
f 6255/3547/6357 6257/3548/6359 6256/3560/6358
f 6257/3548/6359 6255/3547/6357 6258/3537/6360
f 6255/3547/6357 6254/3546/6356 6258/3537/6360
f 6257/3548/6359 6258/3537/6360 6259/3549/6361
f 6260/3550/6362 6259/3549/6361 6258/3537/6360
f 6259/3549/6361 6260/3550/6362 6261/3551/6363
f 6261/3551/6363 6262/3552/6364 6259/3549/6361
f 6261/3551/6363 6263/3553/6365 6262/3552/6364
f 6264/3554/6366 6262/3552/6364 6263/3553/6365
f 6265/3555/6367 6259/3549/6361 6262/3552/6364
f 6266/3530/6368 6261/3551/6363 6260/3550/6362
f 6266/3530/6368 6267/3556/6369 6261/3551/6363
f 6261/3551/6363 6267/3556/6369 6263/3553/6365
f 6263/3553/6365 6267/3556/6369 6268/3557/6370
f 6269/3558/6371 6268/3557/6370 6267/3556/6369
f 6257/3548/6359 6259/3549/6361 6270/3559/6372
f 6265/3555/6367 6270/3559/6372 6259/3549/6361
f 6270/3559/6372 6271/3560/6373 6257/3548/6359
f 6269/3558/6371 6272/3561/6374 6268/3557/6370
f 6273/3562/6375 6272/3561/6374 6269/3558/6371
f 6269/3558/6371 6267/3556/6369 6273/3562/6375
f 6273/3562/6375 6274/3563/6376 6272/3561/6374
f 6275/3564/6377 6272/3561/6374 6274/3563/6376
f 6275/3564/6377 6276/3565/6378 6272/3561/6374
f 6275/3564/6377 6277/3566/6379 6276/3565/6378
f 6278/3567/6380 6276/3565/6378 6277/3566/6379
f 6276/3565/6378 6278/3567/6380 6279/3568/6381
f 6280/3569/6382 6279/3568/6381 6278/3567/6380
f 6276/3565/6378 6279/3568/6381 6281/3570/6383
f 6281/3570/6383 6272/3561/6374 6276/3565/6378
f 6281/3570/6383 6268/3557/6370 6272/3561/6374
f 6282/3571/6384 6281/3570/6383 6279/3568/6381
f 6281/3570/6383 6282/3571/6384 6268/3557/6370
f 6283/3572/6385 6268/3557/6370 6282/3571/6384
f 6274/3563/6376 6284/3573/6386 6275/3564/6377
f 6277/3566/6379 6275/3564/6377 6284/3573/6386
f 6285/3574/6387 6274/3563/6376 6273/3562/6375
f 6285/3574/6387 6284/3573/6386 6274/3563/6376
f 6273/3562/6375 6286/3575/6388 6285/3574/6387
f 6285/3574/6387 6287/3576/6389 6284/3573/6386
f 6287/3576/6389 6285/3574/6387 6288/3577/6390
f 6289/3578/6391 6288/3577/6390 6285/3574/6387
f 6286/3575/6388 6289/3578/6391 6285/3574/6387
f 6288/3577/6390 6290/3579/6392 6287/3576/6389
f 6290/3579/6392 6288/3577/6390 6291/3580/6393
f 6292/3581/6394 6291/3580/6393 6288/3577/6390
f 6288/3577/6390 6289/3578/6391 6292/3581/6394
f 6293/3582/6395 6287/3576/6389 6290/3579/6392
f 6284/3573/6386 6287/3576/6389 6293/3582/6395
f 6290/3579/6392 6294/3583/6396 6293/3582/6395
f 6295/3584/6397 6293/3582/6395 6294/3583/6396
f 6295/3584/6397 6294/3583/6396 6296/3585/6398
f 6297/3586/6399 6296/3585/6398 6294/3583/6396
f 6294/3583/6396 6298/3587/6400 6297/3586/6399
f 6299/3588/6401 6297/3586/6399 6298/3587/6400
f 6300/3589/6402 6292/3581/6394 6289/3578/6391
f 6295/3584/6397 6296/3585/6398 6278/3567/6380
f 6280/3569/6382 6278/3567/6380 6296/3585/6398
f 6293/3582/6395 6295/3584/6397 6277/3566/6379
f 6278/3567/6380 6277/3566/6379 6295/3584/6397
f 6277/3566/6379 6284/3573/6386 6293/3582/6395
f 6294/3583/6396 6301/3590/6403 6298/3587/6400
f 6290/3579/6392 6291/3580/6393 6301/3590/6403
f 6294/3583/6396 6290/3579/6392 6301/3590/6403
f 6298/3587/6400 6302/3591/6404 6299/3588/6401
f 6298/3587/6400 6301/3590/6403 6302/3591/6404
f 6303/3592/6405 6302/3591/6404 6301/3590/6403
f 6301/3590/6403 6304/3593/6406 6303/3592/6405
f 6303/3592/6405 6305/3594/6407 6302/3591/6404
f 6306/3595/6408 6302/3591/6404 6305/3594/6407
f 6306/3595/6408 6307/3596/6409 6302/3591/6404
f 6308/3597/6410 6302/3591/6404 6307/3596/6409
f 6308/3597/6410 6309/3588/6411 6302/3591/6404
f 6309/3588/6411 6308/3597/6410 6310/3598/6412
f 6311/3599/6413 6310/3598/6412 6308/3597/6410
f 6311/3599/6413 6308/3597/6410 6312/3600/6414
f 6311/3599/6413 6312/3600/6414 6313/3601/6415
f 6314/3602/6416 6313/3601/6415 6312/3600/6414
f 6305/3594/6407 6303/3592/6405 6315/3603/6417
f 6316/3604/6418 6315/3603/6417 6303/3592/6405
f 6315/3603/6417 6316/3604/6418 6314/3602/6416
f 6313/3601/6415 6314/3602/6416 6316/3604/6418
f 6303/3592/6405 6317/3605/6419 6316/3604/6418
f 6304/3593/6406 6317/3605/6419 6303/3592/6405
f 6304/3593/6406 6318/3606/6420 6317/3605/6419
f 6319/3607/6421 6317/3605/6419 6318/3606/6420
f 6304/3593/6406 6291/3580/6393 6318/3606/6420
f 6320/3503/6422 6318/3606/6420 6291/3580/6393
f 6318/3606/6420 6320/3503/6422 6321/3497/6423
f 6322/3499/6424 6321/3497/6423 6320/3503/6422
f 6320/3503/6422 6323/3502/6425 6322/3499/6424
f 6324/3501/6426 6322/3499/6424 6323/3502/6425
f 6322/3499/6424 6324/3501/6426 6325/3500/6427
f 6322/3499/6424 6325/3500/6427 6326/3498/6428
f 6326/3498/6428 6321/3497/6423 6322/3499/6424
f 6321/3497/6423 6326/3498/6428 6327/3479/6429
f 6321/3497/6423 6327/3479/6429 6328/3488/6430
f 6329/3482/6431 6328/3488/6430 6327/3479/6429
f 6328/3488/6430 6329/3482/6431 6330/3487/6432
f 6331/3483/6433 6330/3487/6432 6329/3482/6431
f 6329/3482/6431 6332/3481/6434 6331/3483/6433
f 6329/3482/6431 6327/3479/6429 6332/3481/6434
f 6333/3484/6435 6331/3483/6433 6332/3481/6434
f 6331/3483/6433 6333/3484/6435 6334/3485/6436
f 6335/3486/6437 6334/3485/6436 6333/3484/6435
f 6333/3484/6435 6336/3447/6438 6335/3486/6437
f 6337/3456/6439 6335/3486/6437 6336/3447/6438
f 6338/3455/6440 6337/3456/6439 6336/3447/6438
f 6339/3448/6441 6338/3455/6440 6336/3447/6438
f 6336/3447/6438 6340/3449/6442 6339/3448/6441
f 6336/3447/6438 6333/3484/6435 6340/3449/6442
f 6332/3481/6434 6340/3449/6442 6333/3484/6435
f 6341/3450/6443 6339/3448/6441 6340/3449/6442
f 6339/3448/6441 6341/3450/6443 6342/3451/6444
f 6343/3452/6445 6342/3451/6444 6341/3450/6443
f 6340/3449/6442 6344/3453/6446 6341/3450/6443
f 6340/3449/6442 6332/3481/6434 6344/3453/6446
f 6345/3454/6447 6341/3450/6443 6344/3453/6446
f 6341/3450/6443 6345/3454/6447 6343/3452/6445
f 6342/3451/6444 6343/3452/6445 6346/3457/6448
f 6347/3458/6449 6346/3457/6448 6343/3452/6445
f 6343/3452/6445 6348/3459/6450 6347/3458/6449
f 6348/3459/6450 6343/3452/6445 6345/3454/6447
f 6349/3460/6451 6347/3458/6449 6348/3459/6450
f 6347/3458/6449 6349/3460/6451 6350/3461/6452
f 6351/3462/6453 6350/3461/6452 6349/3460/6451
f 6350/3461/6452 6352/3463/6454 6347/3458/6449
f 6346/3457/6448 6347/3458/6449 6352/3463/6454
f 6352/3463/6454 6350/3461/6452 6353/3464/6455
f 6353/3464/6455 6354/3465/6456 6352/3463/6454
f 6355/3466/6457 6352/3463/6454 6354/3465/6456
f 6344/3453/6446 6356/3467/6458 6345/3454/6447
f 6356/3467/6458 6344/3453/6446 6357/3468/6459
f 6356/3467/6458 6357/3468/6459 6358/3469/6460
f 6359/3470/6461 6358/3469/6460 6357/3468/6459
f 6359/3470/6461 6357/3468/6459 6360/3471/6462
f 6361/3472/6463 6360/3471/6462 6357/3468/6459
f 6356/3467/6458 6358/3469/6460 6362/3473/6464
f 6363/3474/6465 6362/3473/6464 6358/3469/6460
f 6362/3473/6464 6363/3474/6465 6364/3475/6466
f 6365/3476/6467 6364/3475/6466 6363/3474/6465
f 6364/3475/6466 6365/3476/6467 6366/3477/6468
f 6367/3478/6469 6366/3477/6468 6365/3476/6467
f 6361/3472/6463 6357/3468/6459 6327/3479/6429
f 6368/3480/6470 6327/3479/6429 6357/3468/6459
f 6368/3480/6470 6332/3481/6434 6327/3479/6429
f 6368/3480/6470 6357/3468/6459 6344/3453/6446
f 6368/3480/6470 6344/3453/6446 6332/3481/6434
f 6362/3473/6464 6345/3454/6447 6356/3467/6458
f 6345/3454/6447 6362/3473/6464 6348/3459/6450
f 6364/3475/6466 6348/3459/6450 6362/3473/6464
f 6364/3475/6466 6366/3477/6468 6348/3459/6450
f 6349/3460/6451 6348/3459/6450 6366/3477/6468
f 6369/3624/6471 6349/3460/6451 6366/3477/6468
f 6366/3477/6468 6367/3478/6469 6369/3624/6471
f 6370/3621/6472 6365/3476/6467 6363/3474/6465
f 6370/3621/6472 6367/3478/6469 6365/3476/6467
f 6370/3621/6472 6363/3474/6465 6358/3469/6460
f 6370/3621/6472 6358/3469/6460 6359/3470/6461
f 6370/3621/6472 6359/3470/6461 6360/3471/6462
f 6360/3471/6462 6371/3616/6473 6370/3621/6472
f 6372/3618/6474 6370/3621/6472 6371/3616/6473
f 6372/3618/6474 6371/3616/6473 6373/3617/6475
f 6374/3615/6476 6373/3617/6475 6371/3616/6473
f 6371/3616/6473 6360/3471/6462 6374/3615/6476
f 6373/3617/6475 6375/3619/6477 6372/3618/6474
f 6376/3620/6478 6372/3618/6474 6375/3619/6477
f 6370/3621/6472 6372/3618/6474 6376/3620/6478
f 6373/3617/6475 6374/3615/6476 6326/3498/6428
f 6326/3498/6428 6325/3500/6427 6373/3617/6475
f 6375/3619/6477 6373/3617/6475 6325/3500/6427
f 6369/3624/6471 6351/3462/6453 6349/3460/6451
f 6369/3624/6471 6377/3623/6479 6351/3462/6453
f 6370/3621/6472 6377/3623/6479 6378/3622/6480
f 6369/3624/6471 6378/3622/6480 6377/3623/6479
f 6378/3622/6480 6367/3478/6469 6370/3621/6472
f 6378/3622/6480 6369/3624/6471 6367/3478/6469
f 6377/3623/6479 6379/3514/6481 6351/3462/6453
f 6351/3462/6453 6379/3514/6481 6380/3511/6482
f 6381/3510/6483 6380/3511/6482 6379/3514/6481
f 6380/3511/6482 6381/3510/6483 6382/3507/6484
f 6383/3509/6485 6382/3507/6484 6381/3510/6483
f 6383/3509/6485 6384/3508/6486 6382/3507/6484
f 6385/3506/6487 6382/3507/6484 6384/3508/6486
f 6384/3508/6486 6386/3512/6488 6385/3506/6487
f 6387/3513/6489 6385/3506/6487 6386/3512/6488
f 6380/3511/6482 6388/3515/6490 6351/3462/6453
f 6350/3461/6452 6351/3462/6453 6388/3515/6490
f 6388/3515/6490 6380/3511/6482 6389/3505/6491
f 6382/3507/6484 6389/3505/6491 6380/3511/6482
f 6382/3507/6484 6385/3506/6487 6389/3505/6491
f 6390/3504/6492 6389/3505/6491 6385/3506/6487
f 6385/3506/6487 6387/3513/6489 6390/3504/6492
f 6390/3504/6492 6324/3501/6426 6389/3505/6491
f 6391/3517/6493 6389/3505/6491 6324/3501/6426
f 6392/3516/6494 6389/3505/6491 6391/3517/6493
f 6388/3515/6490 6392/3516/6494 6350/3461/6452
f 6392/3516/6494 6388/3515/6490 6389/3505/6491
f 6390/3504/6492 6325/3500/6427 6324/3501/6426
f 6387/3513/6489 6325/3500/6427 6390/3504/6492
f 6353/3464/6455 6350/3461/6452 6392/3516/6494
f 6391/3517/6493 6393/3518/6495 6392/3516/6494
f 6394/3519/6496 6392/3516/6494 6393/3518/6495
f 6391/3517/6493 6324/3501/6426 6395/3520/6497
f 6396/3521/6498 6391/3517/6493 6395/3520/6497
f 6396/3521/6498 6393/3518/6495 6391/3517/6493
f 6394/3519/6496 6397/3522/6499 6392/3516/6494
f 6353/3464/6455 6392/3516/6494 6397/3522/6499
f 6395/3520/6497 6324/3501/6426 6398/3523/6500
f 6323/3502/6425 6398/3523/6500 6324/3501/6426
f 6396/3521/6498 6399/3524/6501 6393/3518/6495
f 6399/3524/6501 6396/3521/6498 6400/3525/6502
f 6399/3524/6501 6400/3525/6502 6401/3526/6503
f 6402/3527/6504 6400/3525/6502 6396/3521/6498
f 6396/3521/6498 6395/3520/6497 6402/3527/6504
f 6398/3523/6500 6402/3527/6504 6395/3520/6497
f 6402/3527/6504 6403/3528/6505 6400/3525/6502
f 6404/3529/6506 6400/3525/6502 6403/3528/6505
f 6266/3530/6368 6404/3529/6506 6403/3528/6505
f 6400/3525/6502 6404/3529/6506 6405/3531/6507
f 6400/3525/6502 6405/3531/6507 6401/3526/6503
f 6401/3526/6503 6405/3531/6507 6406/3532/6508
f 6406/3532/6508 6407/3533/6509 6401/3526/6503
f 6407/3533/6509 6406/3532/6508 6408/3534/6510
f 6409/3535/6511 6408/3534/6510 6406/3532/6508
f 6410/3536/6512 6405/3531/6507 6404/3529/6506
f 6405/3531/6507 6410/3536/6512 6406/3532/6508
f 6404/3529/6506 6258/3537/6360 6410/3536/6512
f 6411/3538/6513 6406/3532/6508 6410/3536/6512
f 6410/3536/6512 6258/3537/6360 6411/3538/6513
f 6406/3532/6508 6411/3538/6513 6409/3535/6511
f 6408/3534/6510 6409/3535/6511 6089/3539/6189
f 6090/3540/6190 6089/3539/6189 6409/3535/6511
f 6409/3535/6511 6411/3538/6513 6090/3540/6190
f 6091/3541/6191 6090/3540/6190 6411/3538/6513
f 6407/3533/6509 6412/3542/6514 6401/3526/6503
f 6254/3546/6356 6411/3538/6513 6258/3537/6360
f 6411/3538/6513 6254/3546/6356 6091/3541/6191
f 6266/3530/6368 6260/3550/6362 6404/3529/6506
f 6404/3529/6506 6260/3550/6362 6258/3537/6360
f 6412/3542/6514 6413/3544/6515 6414/3543/6516
f 6415/3545/6517 6414/3543/6516 6413/3544/6515
f 6414/3543/6516 6401/3526/6503 6412/3542/6514
f 6399/3524/6501 6401/3526/6503 6414/3543/6516
f 6399/3524/6501 6414/3543/6516 6416/3652/6518
f 6416/3652/6518 6414/3543/6516 6415/3545/6517
f 6416/3652/6518 6415/3545/6517 6417/3651/6519
f 6415/3545/6517 6418/3650/6520 6417/3651/6519
f 6419/3648/6521 6417/3651/6519 6418/3650/6520
f 6420/3649/6522 6419/3648/6521 6418/3650/6520
f 6416/3652/6518 6393/3518/6495 6399/3524/6501
f 6417/3651/6519 6394/3519/6496 6416/3652/6518
f 6393/3518/6495 6416/3652/6518 6394/3519/6496
f 6417/3651/6519 6419/3648/6521 6394/3519/6496
f 6397/3522/6499 6394/3519/6496 6419/3648/6521
f 6419/3648/6521 6420/3649/6522 6397/3522/6499
f 6354/3465/6456 6397/3522/6499 6420/3649/6522
f 6397/3522/6499 6354/3465/6456 6353/3464/6455
f 6354/3465/6456 6420/3649/6522 6421/3653/6523
f 6354/3465/6456 6421/3653/6523 6355/3466/6457
f 6422/3654/6524 6355/3466/6457 6421/3653/6523
f 6423/3655/6525 6421/3653/6523 6420/3649/6522
f 6424/3656/6526 6421/3653/6523 6423/3655/6525
f 6355/3466/6457 6422/3654/6524 6425/3657/6527
f 6425/3657/6527 6426/3658/6528 6355/3466/6457
f 6355/3466/6457 6426/3658/6528 6352/3463/6454
f 6346/3457/6448 6352/3463/6454 6426/3658/6528
f 6346/3457/6448 6426/3658/6528 6342/3451/6444
f 6427/3659/6529 6342/3451/6444 6426/3658/6528
f 6426/3658/6528 6425/3657/6527 6427/3659/6529
f 6427/3659/6529 6428/3660/6530 6342/3451/6444
f 6339/3448/6441 6342/3451/6444 6428/3660/6530
f 6339/3448/6441 6428/3660/6530 6338/3455/6440
f 6429/3661/6531 6338/3455/6440 6428/3660/6530
f 6427/3659/6529 6430/3662/6532 6428/3660/6530
f 6430/3662/6532 6427/3659/6529 6425/3657/6527
f 6425/3657/6527 6431/3663/6533 6430/3662/6532
f 6431/3663/6533 6425/3657/6527 6422/3654/6524
f 6432/3664/6534 6430/3662/6532 6431/3663/6533
f 6433/3665/6535 6428/3660/6530 6430/3662/6532
f 6433/3665/6535 6434/3666/6536 6428/3660/6530
f 6429/3661/6531 6428/3660/6530 6434/3666/6536
f 6432/3664/6534 6435/3667/6537 6430/3662/6532
f 6433/3665/6535 6430/3662/6532 6435/3667/6537
f 6434/3666/6536 6433/3665/6535 6436/3668/6538
f 6435/3667/6537 6436/3668/6538 6433/3665/6535
f 6107/3557/6207 6103/3553/6203 6123/3572/6223
f 6104/3554/6204 6123/3572/6223 6103/3553/6203
f 6437/3596/6539 6438/3597/6539 6439/3600/6539
f 6131/3580/6231 6141/3590/6241 6144/3593/6244
f 6440/3697/6540 6441/3698/6541 6442/3699/6542
f 6443/3700/6543 6440/3697/6540 6442/3699/6542
f 6444/3701/6544 6443/3700/6543 6442/3699/6542
f 6445/3702/6545 6444/3701/6544 6442/3699/6542
f 6446/3703/6546 6445/3702/6545 6442/3699/6542
f 6447/3704/6547 6446/3703/6546 6442/3699/6542
f 6448/3705/6548 6447/3704/6547 6442/3699/6542
f 6449/3706/6549 6448/3705/6548 6442/3699/6542
f 6450/3707/6550 6449/3706/6549 6442/3699/6542
f 6441/3698/6541 6450/3707/6550 6442/3699/6542
f 6441/3698/6541 6440/3697/6540 6451/3708/6551
f 6441/3698/6541 6451/3708/6551 6450/3707/6550
f 6452/3709/6552 6451/3708/6551 6440/3697/6540
f 6440/3697/6540 6443/3700/6543 6452/3709/6552
f 6453/3710/6553 6452/3709/6552 6443/3700/6543
f 6443/3700/6543 6444/3701/6544 6453/3710/6553
f 6454/3711/6554 6453/3710/6553 6444/3701/6544
f 6444/3701/6544 6445/3702/6545 6454/3711/6554
f 6455/3712/6555 6454/3711/6554 6445/3702/6545
f 6455/3712/6555 6445/3702/6545 6456/3713/6556
f 6457/3714/6557 6456/3713/6556 6445/3702/6545
f 6457/3714/6557 6445/3702/6545 6446/3703/6546
f 6456/3713/6556 6457/3714/6557 6458/3715/6558
f 6459/3716/6559 6458/3715/6558 6457/3714/6557
f 6459/3716/6559 6460/3717/6560 6458/3715/6558
f 6460/3717/6560 6446/3703/6546 6447/3704/6547
f 6461/3718/6561 6458/3715/6558 6460/3717/6560
f 6462/3719/6562 6460/3717/6560 6447/3704/6547
f 6460/3717/6560 6462/3719/6562 6461/3718/6561
f 6448/3705/6548 6449/3706/6549 6463/3720/6563
f 6464/3721/6564 6463/3720/6563 6449/3706/6549
f 6450/3707/6550 6465/3722/6565 6449/3706/6549
f 6465/3722/6565 6450/3707/6550 6451/3708/6551
f 6464/3721/6564 6449/3706/6549 6465/3722/6565
f 6451/3708/6551 6452/3709/6552 6466/3723/6566
f 6451/3708/6551 6466/3723/6566 6465/3722/6565
f 6453/3710/6553 6454/3711/6554 6467/3724/6567
f 6467/3724/6567 6468/3725/6568 6453/3710/6553
f 6468/3725/6568 6466/3723/6566 6452/3709/6552
f 6452/3709/6552 6453/3710/6553 6468/3725/6568
f 6458/3715/6558 6461/3718/6561 6469/3726/6569
f 6461/3718/6561 6470/3727/6570 6469/3726/6569
f 6470/3727/6570 6461/3718/6561 6462/3719/6562
f 6471/3728/6571 6469/3726/6569 6470/3727/6570
f 6463/3720/6563 6464/3721/6564 6472/3729/6572
f 6472/3729/6572 6473/3730/6573 6463/3720/6563
f 6474/3731/6574 6472/3729/6572 6464/3721/6564
f 6465/3722/6565 6475/3732/6575 6464/3721/6564
f 6474/3731/6574 6464/3721/6564 6475/3732/6575
f 6475/3732/6575 6465/3722/6565 6466/3723/6566
f 6470/3727/6570 6476/3733/6576 6471/3728/6571
f 6471/3728/6571 6476/3733/6576 6472/3729/6572
f 6476/3733/6576 6473/3730/6573 6472/3729/6572
f 6470/3727/6570 6477/3734/6577 6476/3733/6576
f 6473/3730/6573 6476/3733/6576 6448/3705/6548
f 6463/3720/6563 6473/3730/6573 6448/3705/6548
f 6470/3727/6570 6462/3719/6562 6477/3734/6577
f 6447/3704/6547 6477/3734/6577 6462/3719/6562
f 6447/3704/6547 6448/3705/6548 6478/3733/6578
f 6447/3704/6547 6478/3733/6578 6477/3734/6577
f 6479/3735/6579 6458/3715/6558 6469/3726/6569
f 6458/3715/6558 6479/3735/6579 6456/3713/6556
f 6480/3736/6580 6456/3713/6556 6479/3735/6579
f 6480/3736/6580 6481/3737/6581 6456/3713/6556
f 6455/3712/6555 6456/3713/6556 6481/3737/6581
f 6455/3712/6555 6481/3737/6581 6454/3711/6554
f 6482/3738/6582 6454/3711/6554 6481/3737/6581
f 6482/3738/6582 6467/3724/6567 6454/3711/6554
f 6483/3739/6583 6484/3740/6584 6485/3741/6585
f 6485/3741/6585 6486/3742/6586 6483/3739/6583
f 6487/3743/6587 6483/3739/6583 6486/3742/6586
f 6486/3742/6586 6488/3744/6588 6487/3743/6587
f 6488/3744/6588 6486/3742/6586 6489/3745/6589
f 6488/3744/6588 6490/3746/6590 6487/3743/6587
f 6488/3744/6588 6491/3747/6591 6490/3746/6590
f 6491/3747/6591 6492/3748/6592 6490/3746/6590
f 6492/3748/6592 6491/3747/6591 6493/3749/6593
f 6487/3743/6587 6490/3746/6590 6494/3750/6594
f 6495/3751/6595 6494/3750/6594 6490/3746/6590
f 6494/3750/6594 6496/3752/6596 6487/3743/6587
f 6483/3739/6583 6487/3743/6587 6496/3752/6596
f 6496/3752/6596 6497/3753/6597 6483/3739/6583
f 6498/3754/6598 6483/3739/6583 6497/3753/6597
f 6498/3754/6598 6484/3740/6584 6483/3739/6583
f 6498/3754/6598 6497/3753/6597 6499/3755/6599
f 6500/3756/6600 6499/3755/6599 6497/3753/6597
f 6499/3755/6599 6500/3756/6600 6501/3757/6601
f 6501/3757/6601 6502/3758/6602 6499/3755/6599
f 6503/3759/6603 6499/3755/6599 6502/3758/6602
f 6504/3760/6604 6502/3758/6602 6501/3757/6601
f 6505/3761/6605 6501/3757/6601 6500/3756/6600
f 6501/3757/6601 6505/3761/6605 6504/3760/6604
f 6499/3755/6599 6506/3762/6606 6498/3754/6598
f 6503/3759/6603 6506/3762/6606 6499/3755/6599
f 6506/3762/6606 6507/3763/6607 6498/3754/6598
f 6507/3763/6607 6484/3740/6584 6498/3754/6598
f 6508/3764/6608 6509/3765/6609 6510/3766/6610
f 6510/3766/6610 6509/3765/6609 6511/3767/6611
f 6512/3768/6612 6511/3767/6611 6509/3765/6609
f 6513/3769/6613 6511/3767/6611 6512/3768/6612
f 6514/3770/6614 6513/3769/6613 6512/3768/6612
f 6515/3771/6615 6513/3769/6613 6514/3770/6614
f 6515/3771/6615 6514/3770/6614 6516/3772/6616
f 6516/3772/6616 6514/3770/6614 6517/3773/6617
f 6514/3770/6614 6518/3774/6618 6517/3773/6617
f 6518/3774/6618 6519/3775/6619 6517/3773/6617
f 6520/3776/6620 6519/3775/6619 6518/3774/6618
f 6521/3777/6621 6522/3776/6621 6523/3774/6621
f 6524/3774/6622 6525/3778/6623 6526/3777/6624
f 6526/3777/6624 6525/3778/6623 6527/3779/6625
f 6528/3780/6626 6527/3779/6625 6525/3778/6623
f 6529/3781/6627 6528/3780/6628 6530/3778/6629
f 6531/3782/6630 6529/3781/6627 6530/3778/6629
f 6076/3526/6176 6074/3524/6174 6093/3543/6193
f 6022/3472/6122 6021/3471/6121 6168/3615/6268
f 6168/3615/6268 6048/3498/6148 6022/3472/6122
f 6029/3479/6129 6022/3472/6122 6048/3498/6148
f 6459/3716/6559 6532/3783/6631 6460/3717/6560
f 6459/3716/6559 6457/3714/6557 6532/3783/6631
f 6460/3717/6560 6532/3783/6631 6446/3703/6546
f 6532/3783/6631 6457/3714/6557 6446/3703/6546
f 6533/3080/6632 6534/3078/6633 6535/3079/6634
f 6536/3077/6635 6535/3079/6634 6534/3078/6633
f 6533/3080/6632 6535/3079/6634 6537/3081/6636
f 6538/3082/6637 6537/3081/6636 6535/3079/6634
f 6535/3079/6634 6536/3077/6635 6539/3083/6638
f 6535/3079/6634 6539/3083/6638 6538/3082/6637
f 6540/3084/6639 6539/3083/6638 6536/3077/6635
f 6541/3085/6640 6538/3082/6637 6539/3083/6638
f 6538/3082/6637 6541/3085/6640 6542/3086/6641
f 6538/3082/6637 6542/3086/6641 6543/3087/6642
f 6538/3082/6637 6543/3087/6642 6537/3081/6636
f 6543/3087/6642 6542/3086/6641 6544/3088/6643
f 6545/3089/6644 6544/3088/6643 6542/3086/6641
f 6543/3087/6642 6544/3088/6643 6546/3090/6645
f 6546/3090/6645 6537/3081/6636 6543/3087/6642
f 6547/3091/6646 6546/3090/6645 6544/3088/6643
f 6544/3088/6643 6548/3092/6647 6547/3091/6646
f 6549/3093/6648 6547/3091/6646 6548/3092/6647
f 6548/3092/6647 6550/3094/6649 6549/3093/6648
f 6548/3092/6647 6551/3095/6650 6550/3094/6649
f 6551/3095/6650 6548/3092/6647 6544/3088/6643
f 6544/3088/6643 6545/3089/6644 6551/3095/6650
f 6545/3089/6644 6552/3096/6651 6551/3095/6650
f 6553/3097/6652 6550/3094/6649 6551/3095/6650
f 6554/3098/6653 6549/3093/6648 6550/3094/6649
f 6545/3089/6644 6555/3099/6654 6552/3096/6651
f 6545/3089/6644 6542/3086/6641 6555/3099/6654
f 6556/3100/6655 6552/3096/6651 6555/3099/6654
f 6552/3096/6651 6556/3100/6655 6557/3101/6656
f 6552/3096/6651 6557/3101/6656 6558/3102/6657
f 6551/3095/6650 6552/3096/6651 6558/3102/6657
f 6551/3095/6650 6558/3102/6657 6553/3097/6652
f 6559/3103/6658 6558/3102/6657 6557/3101/6656
f 6558/3102/6657 6559/3103/6658 6560/3104/6659
f 6560/3104/6659 6553/3097/6652 6558/3102/6657
f 6561/3105/6660 6560/3104/6659 6559/3103/6658
f 6559/3103/6658 6557/3101/6656 6562/3106/6661
f 6559/3103/6658 6562/3106/6661 6561/3105/6660
f 6563/3107/6662 6562/3106/6661 6557/3101/6656
f 6564/3108/6663 6561/3105/6660 6562/3106/6661
f 6563/3107/6662 6565/3109/6664 6562/3106/6661
f 6566/3110/6665 6562/3106/6661 6565/3109/6664
f 6566/3110/6665 6567/3111/6666 6562/3106/6661
f 6564/3108/6663 6562/3106/6661 6567/3111/6666
f 6567/3111/6666 6566/3110/6665 6568/3112/6667
f 6569/3113/6668 6568/3112/6667 6566/3110/6665
f 6563/3107/6662 6570/3114/6669 6565/3109/6664
f 6571/3115/6670 6565/3109/6664 6570/3114/6669
f 6571/3115/6670 6572/3116/6671 6565/3109/6664
f 6573/3117/6672 6565/3109/6664 6572/3116/6671
f 6573/3117/6672 6574/3118/6673 6565/3109/6664
f 6566/3110/6665 6574/3118/6673 6569/3113/6668
f 6566/3110/6665 6565/3109/6664 6574/3118/6673
f 6570/3114/6669 6563/3107/6662 6575/3119/6674
f 6557/3101/6656 6575/3119/6674 6563/3107/6662
f 6575/3119/6674 6557/3101/6656 6556/3100/6655
f 6572/3116/6671 6576/3120/6675 6573/3117/6672
f 6577/3121/6676 6573/3117/6672 6576/3120/6675
f 6573/3117/6672 6577/3121/6676 6578/3122/6677
f 6578/3122/6677 6579/3123/6678 6573/3117/6672
f 6579/3123/6678 6569/3113/6668 6574/3118/6673
f 6579/3123/6678 6574/3118/6673 6573/3117/6672
f 6580/3124/6679 6578/3122/6677 6577/3121/6676
f 6577/3121/6676 6581/3125/6680 6580/3124/6679
f 6582/3126/6681 6580/3124/6679 6581/3125/6680
f 6576/3120/6675 6583/3127/6682 6577/3121/6676
f 6581/3125/6680 6577/3121/6676 6583/3127/6682
f 6580/3124/6679 6582/3126/6681 6584/3128/6683
f 6585/3129/6684 6584/3128/6683 6582/3126/6681
f 6585/3129/6684 6586/3130/6685 6584/3128/6683
f 6587/3131/6686 6584/3128/6683 6586/3130/6685
f 6584/3128/6683 6587/3131/6686 6588/3132/6687
f 6578/3122/6677 6580/3124/6679 6588/3132/6687
f 6584/3128/6683 6588/3132/6687 6580/3124/6679
f 6589/3133/6688 6588/3132/6687 6587/3131/6686
f 6589/3133/6688 6590/3134/6689 6588/3132/6687
f 6591/3135/6690 6588/3132/6687 6590/3134/6689
f 6579/3123/6678 6578/3122/6677 6591/3135/6690
f 6588/3132/6687 6591/3135/6690 6578/3122/6677
f 6590/3134/6689 6592/3136/6691 6591/3135/6690
f 6593/3137/6692 6591/3135/6690 6592/3136/6691
f 6591/3135/6690 6593/3137/6692 6579/3123/6678
f 6592/3136/6691 6594/3138/6693 6593/3137/6692
f 6595/3139/6694 6593/3137/6692 6594/3138/6693
f 6593/3137/6692 6595/3139/6694 6569/3113/6668
f 6569/3113/6668 6579/3123/6678 6593/3137/6692
f 6568/3112/6667 6569/3113/6668 6595/3139/6694
f 6596/3143/6695 6597/3141/6696 6598/3142/6697
f 6599/3140/6698 6598/3142/6697 6597/3141/6696
f 6598/3142/6697 6600/3144/6699 6596/3143/6695
f 6601/3145/6700 6596/3143/6695 6600/3144/6699
f 6600/3144/6699 6602/3146/6701 6601/3145/6700
f 6603/3147/6702 6601/3145/6700 6602/3146/6701
f 6603/3147/6702 6602/3146/6701 6604/3148/6703
f 6605/3149/6704 6604/3148/6703 6602/3146/6701
f 6604/3148/6703 6605/3149/6704 6606/3150/6705
f 6607/3151/6706 6606/3150/6705 6605/3149/6704
f 6607/3151/6706 6608/3152/6707 6606/3150/6705
f 6609/3153/6708 6606/3150/6705 6608/3152/6707
f 6608/3152/6707 6607/3151/6706 6554/3098/6653
f 6549/3093/6648 6554/3098/6653 6607/3151/6706
f 6607/3151/6706 6605/3149/6704 6549/3093/6648
f 6598/3142/6697 6599/3140/6698 6533/3080/6632
f 6534/3078/6633 6533/3080/6632 6599/3140/6698
f 6533/3080/6632 6537/3081/6636 6598/3142/6697
f 6600/3144/6699 6598/3142/6697 6537/3081/6636
f 6547/3091/6646 6549/3093/6648 6605/3149/6704
f 6547/3091/6646 6605/3149/6704 6546/3090/6645
f 6602/3146/6701 6546/3090/6645 6605/3149/6704
f 6537/3081/6636 6546/3090/6645 6600/3144/6699
f 6602/3146/6701 6600/3144/6699 6546/3090/6645
f 6610/3154/6709 6542/3086/6641 6541/3085/6640
f 6610/3154/6709 6555/3099/6654 6542/3086/6641
f 6611/3156/6710 6612/3155/6711 6613/3157/6712
f 6614/3158/6713 6612/3155/6711 6611/3156/6710
f 6615/3159/6714 6614/3158/6713 6611/3156/6710
f 6614/3158/6713 6616/3160/6715 6612/3155/6711
f 6612/3155/6711 6617/3161/6716 6613/3157/6712
f 6616/3160/6715 6618/3162/6717 6612/3155/6711
f 6618/3162/6717 6617/3161/6716 6612/3155/6711
f 6618/3162/6717 6619/3163/6718 6617/3161/6716
f 6617/3161/6716 6620/3164/6719 6613/3157/6712
f 6619/3163/6718 6621/3165/6720 6617/3161/6716
f 6621/3165/6720 6620/3164/6719 6617/3161/6716
f 6620/3164/6719 6622/3166/6721 6613/3157/6712
f 6622/3166/6721 6611/3156/6710 6613/3157/6712
f 6623/3167/6722 6622/3166/6721 6620/3164/6719
f 6623/3167/6722 6624/3168/6723 6622/3166/6721
f 6624/3168/6723 6625/3169/6724 6622/3166/6721
f 6625/3169/6724 6611/3156/6710 6622/3166/6721
f 6625/3169/6724 6615/3159/6714 6611/3156/6710
f 6616/3160/6715 6614/3158/6713 6626/3170/6725
f 6626/3170/6725 6627/3171/6726 6616/3160/6715
f 6618/3162/6717 6616/3160/6715 6627/3171/6726
f 6628/3172/6727 6627/3171/6726 6626/3170/6725
f 6629/3173/6728 6628/3172/6727 6626/3170/6725
f 6628/3172/6727 6630/3174/6729 6627/3171/6726
f 6626/3170/6725 6631/3175/6730 6629/3173/6728
f 6632/3176/6731 6629/3173/6728 6631/3175/6730
f 6632/3176/6731 6631/3175/6730 6633/3177/6732
f 6633/3177/6732 6631/3175/6730 6615/3159/6714
f 6615/3159/6714 6625/3169/6724 6633/3177/6732
f 6634/3178/6733 6632/3176/6731 6633/3177/6732
f 6614/3158/6713 6631/3175/6730 6626/3170/6725
f 6614/3158/6713 6615/3159/6714 6631/3175/6730
f 6635/3179/6734 6627/3171/6726 6630/3174/6729
f 6624/3168/6723 6623/3167/6722 6636/3180/6735
f 6636/3180/6735 6637/3181/6736 6624/3168/6723
f 6633/3177/6732 6637/3181/6736 6634/3178/6733
f 6625/3169/6724 6637/3181/6736 6633/3177/6732
f 6625/3169/6724 6624/3168/6723 6637/3181/6736
f 6638/3182/6737 6637/3181/6736 6636/3180/6735
f 6638/3182/6737 6634/3178/6733 6637/3181/6736
f 6630/3174/6729 6628/3172/6727 6639/3183/6738
f 6628/3172/6727 6640/3184/6739 6639/3183/6738
f 6628/3172/6727 6629/3173/6728 6640/3184/6739
f 6629/3173/6728 6632/3176/6731 6640/3184/6739
f 6634/3178/6733 6638/3182/6737 6641/3185/6740
f 6632/3176/6731 6641/3185/6740 6640/3184/6739
f 6632/3176/6731 6634/3178/6733 6641/3185/6740
f 6641/3185/6740 6638/3182/6737 6642/3186/6741
f 6643/3187/6742 6642/3186/6741 6638/3182/6737
f 6638/3182/6737 6636/3180/6735 6643/3187/6742
f 6640/3184/6739 6641/3185/6740 6644/3188/6743
f 6640/3184/6739 6644/3188/6743 6639/3183/6738
f 6641/3185/6740 6642/3186/6741 6644/3188/6743
f 6619/3163/6718 6618/3162/6717 6645/3179/6744
f 6618/3162/6717 6627/3171/6726 6646/3179/6745
f 6647/3192/6746 6648/3190/6747 6649/3191/6748
f 6650/3189/6749 6649/3191/6748 6648/3190/6747
f 6648/3190/6747 6651/3193/6750 6650/3189/6749
f 6652/3194/6751 6650/3189/6749 6651/3193/6750
f 6652/3194/6751 6651/3193/6750 6653/3195/6752
f 6654/3196/6753 6653/3195/6752 6651/3193/6750
f 6653/3195/6752 6654/3196/6753 6655/3197/6754
f 6656/3198/6755 6655/3197/6754 6654/3196/6753
f 6650/3189/6749 6657/3199/6756 6649/3191/6748
f 6658/3200/6757 6649/3191/6748 6657/3199/6756
f 6657/3199/6756 6650/3189/6749 6659/3201/6758
f 6652/3194/6751 6659/3201/6758 6650/3189/6749
f 6652/3194/6751 6653/3195/6752 6659/3201/6758
f 6660/3202/6759 6659/3201/6758 6653/3195/6752
f 6660/3202/6759 6653/3195/6752 6661/3203/6760
f 6655/3197/6754 6661/3203/6760 6653/3195/6752
f 6655/3197/6754 6662/3204/6761 6661/3203/6760
f 6655/3197/6754 6663/3198/6762 6662/3204/6761
f 6664/3205/6763 6662/3204/6761 6663/3198/6762
f 6662/3204/6761 6664/3205/6763 6665/3206/6764
f 6666/3207/6765 6665/3206/6764 6664/3205/6763
f 6666/3207/6765 6667/3208/6766 6665/3206/6764
f 6668/3209/6767 6665/3206/6764 6667/3208/6766
f 6669/3210/6768 6661/3203/6760 6662/3204/6761
f 6669/3210/6768 6662/3204/6761 6670/3211/6769
f 6665/3206/6764 6670/3211/6769 6662/3204/6761
f 6665/3206/6764 6668/3209/6767 6670/3211/6769
f 6671/3212/6770 6670/3211/6769 6668/3209/6767
f 6666/3207/6765 6672/3213/6771 6667/3208/6766
f 6673/3214/6772 6667/3208/6766 6672/3213/6771
f 6672/3213/6771 6666/3207/6765 6674/3215/6773
f 6672/3213/6771 6675/3216/6774 6673/3214/6772
f 6676/3215/6775 6675/3216/6774 6672/3213/6771
f 6677/3217/6776 6673/3214/6772 6675/3216/6774
f 6677/3217/6776 6678/3218/6777 6673/3214/6772
f 6673/3214/6772 6678/3218/6777 6667/3208/6766
f 6667/3208/6766 6679/3219/6778 6668/3209/6767
f 6679/3219/6778 6667/3208/6766 6678/3218/6777
f 6678/3218/6777 6680/3220/6779 6679/3219/6778
f 6681/3221/6780 6679/3219/6778 6680/3220/6779
f 6679/3219/6778 6681/3221/6780 6682/3222/6781
f 6682/3222/6781 6668/3209/6767 6679/3219/6778
f 6668/3209/6767 6682/3222/6781 6671/3212/6770
f 6683/3223/6782 6682/3222/6781 6681/3221/6780
f 6682/3222/6781 6683/3223/6782 6684/3224/6783
f 6684/3224/6783 6671/3212/6770 6682/3222/6781
f 6685/3225/6784 6684/3224/6783 6683/3223/6782
f 6683/3223/6782 6681/3221/6780 6686/3226/6785
f 6687/3227/6786 6686/3226/6785 6681/3221/6780
f 6685/3225/6784 6683/3223/6782 6688/3228/6787
f 6686/3226/6785 6688/3228/6787 6683/3223/6782
f 6681/3221/6780 6680/3220/6779 6689/3227/6788
f 6680/3220/6779 6678/3218/6777 6690/3229/6789
f 6690/3229/6789 6678/3218/6777 6677/3217/6776
f 6685/3225/6784 6691/3230/6790 6684/3224/6783
f 6688/3228/6787 6691/3230/6790 6685/3225/6784
f 6692/3231/6791 6684/3224/6783 6691/3230/6790
f 6684/3224/6783 6692/3231/6791 6671/3212/6770
f 6693/3232/6792 6671/3212/6770 6692/3231/6791
f 6671/3212/6770 6693/3232/6792 6670/3211/6769
f 6694/3233/6793 6670/3211/6769 6693/3232/6792
f 6670/3211/6769 6694/3233/6793 6695/3210/6794
f 6696/3234/6795 6695/3210/6794 6694/3233/6793
f 6694/3233/6793 6693/3232/6792 6697/3235/6796
f 6698/3236/6797 6697/3235/6796 6693/3232/6792
f 6693/3232/6792 6692/3231/6791 6698/3236/6797
f 6694/3233/6793 6697/3235/6796 6699/3234/6798
f 6700/3238/6799 6701/3237/6800 6702/3239/6801
f 6702/3239/6801 6701/3237/6800 6657/3199/6756
f 6658/3200/6757 6657/3199/6756 6701/3237/6800
f 6657/3199/6756 6659/3201/6758 6702/3239/6801
f 6703/3240/6802 6702/3239/6801 6659/3201/6758
f 6703/3240/6802 6659/3201/6758 6704/3241/6803
f 6660/3202/6759 6704/3241/6803 6659/3201/6758
f 6660/3202/6759 6661/3203/6760 6704/3241/6803
f 6704/3241/6803 6705/3242/6804 6703/3240/6802
f 6706/3234/6805 6705/3242/6804 6704/3241/6803
f 6707/3243/6806 6703/3240/6802 6705/3242/6804
f 6707/3243/6806 6700/3238/6799 6702/3239/6801
f 6703/3240/6802 6707/3243/6806 6702/3239/6801
f 6708/3234/6807 6709/3241/6807 6661/3203/6808
f 6669/3210/6768 6710/3234/6809 6661/3203/6760
f 6647/3192/6746 6711/3245/6810 6648/3190/6747
f 6712/3244/6811 6648/3190/6747 6711/3245/6810
f 6648/3190/6747 6712/3244/6811 6651/3193/6750
f 6713/3246/6812 6651/3193/6750 6712/3244/6811
f 6651/3193/6750 6713/3246/6812 6654/3196/6753
f 6714/3247/6813 6654/3196/6753 6713/3246/6812
f 6714/3247/6813 6715/3248/6814 6654/3196/6753
f 6714/3247/6813 6713/3246/6812 6716/3249/6815
f 6717/3250/6816 6716/3249/6815 6713/3246/6812
f 6713/3246/6812 6712/3244/6811 6717/3250/6816
f 6714/3247/6813 6716/3249/6815 6718/3248/6817
f 6663/3198/6818 6654/3196/6819 6719/3248/6820
f 6663/3198/6818 6719/3248/6820 6720/3205/6821
f 6721/3215/6822 6722/3205/6823 6719/3248/6824
f 6722/3205/6823 6721/3215/6822 6723/3207/6825
f 6719/3248/6826 6675/3216/6827 6674/3215/6828
f 6724/3254/6829 6725/3252/6830 6726/3253/6831
f 6727/3251/6832 6726/3253/6831 6725/3252/6830
f 6726/3253/6831 6728/3255/6833 6724/3254/6829
f 6729/3256/6834 6724/3254/6829 6728/3255/6833
f 6728/3255/6833 6730/3257/6835 6729/3256/6834
f 6731/3258/6836 6729/3256/6834 6730/3257/6835
f 6731/3258/6836 6730/3257/6835 6732/3259/6837
f 6733/3260/6838 6732/3259/6837 6730/3257/6835
f 6732/3259/6837 6733/3260/6838 6734/3261/6839
f 6734/3261/6839 6733/3260/6838 6735/3262/6840
f 6732/3259/6837 6736/3263/6841 6731/3258/6836
f 6737/3264/6842 6731/3258/6836 6736/3263/6841
f 6731/3258/6836 6737/3264/6842 6729/3256/6834
f 6736/3263/6841 6732/3259/6837 6738/3265/6843
f 6734/3261/6839 6738/3265/6843 6732/3259/6837
f 6734/3261/6839 6739/3262/6844 6738/3265/6843
f 6740/3266/6845 6729/3256/6834 6737/3264/6842
f 6729/3256/6834 6740/3266/6845 6724/3254/6829
f 6741/3267/6846 6724/3254/6829 6740/3266/6845
f 6741/3267/6846 6742/3268/6847 6724/3254/6829
f 6733/3260/6838 6730/3257/6835 6743/3269/6848
f 6735/3262/6840 6733/3260/6838 6743/3269/6848
f 6744/3270/6849 6743/3269/6848 6730/3257/6835
f 6730/3257/6835 6728/3255/6833 6744/3270/6849
f 6745/3271/6850 6744/3270/6849 6728/3255/6833
f 6728/3255/6833 6726/3253/6831 6745/3271/6850
f 6746/3272/6851 6745/3271/6850 6726/3253/6831
f 6746/3272/6851 6726/3253/6831 6747/3273/6852
f 6727/3251/6832 6747/3273/6852 6726/3253/6831
f 6738/3265/6843 6748/3274/6853 6736/3263/6841
f 6738/3265/6843 6739/3262/6844 6748/3274/6853
f 6749/3275/6854 6736/3263/6841 6748/3274/6853
f 6750/3282/6855 6748/3274/6853 6739/3262/6844
f 6748/3274/6853 6750/3282/6855 6749/3275/6854
f 6750/3282/6855 6751/3281/6856 6749/3275/6854
f 6740/3266/6845 6752/3277/6857 6741/3267/6846
f 6752/3277/6857 6740/3266/6845 6753/3276/6858
f 6749/3275/6854 6751/3281/6856 6753/3276/6858
f 6753/3276/6858 6737/3264/6842 6749/3275/6854
f 6737/3264/6842 6753/3276/6858 6740/3266/6845
f 6736/3263/6841 6749/3275/6854 6737/3264/6842
f 6752/3277/6857 6753/3276/6858 6754/3280/6859
f 6751/3281/6856 6754/3280/6859 6753/3276/6858
f 6754/3280/6859 6755/3279/6860 6752/3277/6857
f 6756/3278/6861 6752/3277/6857 6755/3279/6860
f 6756/3278/6861 6741/3267/6846 6752/3277/6857
f 6756/3278/6861 6755/3279/6860 6757/3283/6862
f 6758/3284/6863 6757/3283/6862 6755/3279/6860
f 6757/3283/6862 6742/3268/6847 6756/3278/6861
f 6741/3267/6846 6756/3278/6861 6742/3268/6847
f 6725/3252/6830 6724/3254/6829 6742/3268/6847
f 6759/3286/6864 6760/3268/6865 6761/3285/6866
f 6762/3252/6867 6761/3285/6866 6760/3268/6865
f 6761/3285/6866 6762/3252/6867 6763/3287/6868
f 6764/3251/6869 6763/3287/6868 6762/3252/6867
f 6761/3285/6866 6765/3288/6870 6759/3286/6864
f 6766/3289/6871 6759/3286/6864 6765/3288/6870
f 6765/3288/6870 6761/3285/6866 6767/3290/6872
f 6763/3287/6868 6767/3290/6872 6761/3285/6866
f 6766/3289/6871 6765/3288/6870 6768/3291/6873
f 6769/3292/6874 6768/3291/6873 6765/3288/6870
f 6769/3292/6874 6765/3288/6870 6770/3293/6875
f 6767/3290/6872 6770/3293/6875 6765/3288/6870
f 6768/3291/6873 6769/3292/6874 6771/3294/6876
f 6772/3295/6877 6771/3294/6876 6769/3292/6874
f 6769/3292/6874 6770/3293/6875 6772/3295/6877
f 6773/3296/6878 6772/3295/6877 6770/3293/6875
f 6772/3295/6877 6773/3296/6878 6774/3262/6879
f 6771/3294/6876 6772/3295/6877 6774/3262/6879
f 6773/3296/6878 6770/3293/6875 6775/3270/6880
f 6776/3271/6881 6775/3270/6880 6770/3293/6875
f 6770/3293/6875 6767/3290/6872 6776/3271/6881
f 6777/3262/6882 6773/3296/6878 6775/3270/6880
f 6778/3297/6883 6776/3271/6881 6767/3290/6872
f 6767/3290/6872 6763/3287/6868 6778/3297/6883
f 6779/3272/6884 6778/3297/6883 6763/3287/6868
f 6763/3287/6868 6764/3251/6869 6779/3272/6884
f 6771/3294/6876 6780/3298/6885 6768/3291/6873
f 6774/3262/6879 6780/3298/6885 6771/3294/6876
f 6781/3299/6886 6768/3291/6873 6780/3298/6885
f 6780/3298/6885 6782/3281/6887 6781/3299/6886
f 6782/3281/6887 6780/3298/6885 6777/3262/6888
f 6783/3280/6889 6781/3299/6886 6782/3281/6887
f 6783/3280/6889 6784/3279/6890 6781/3299/6886
f 6785/3300/6891 6781/3299/6886 6784/3279/6890
f 6785/3300/6891 6766/3289/6871 6781/3299/6886
f 6768/3291/6873 6781/3299/6886 6766/3289/6871
f 6785/3300/6891 6784/3279/6890 6786/3301/6892
f 6787/3302/6893 6786/3301/6892 6784/3279/6890
f 6766/3289/6871 6785/3300/6891 6759/3286/6864
f 6786/3301/6892 6759/3286/6864 6785/3300/6891
f 6759/3286/6864 6786/3301/6892 6760/3268/6865
f 6788/3283/6894 6760/3268/6865 6786/3301/6892
f 6788/3283/6894 6786/3301/6892 6789/3284/6895
f 6787/3302/6893 6789/3284/6895 6786/3301/6892
f 6790/3273/6896 6779/3272/6884 6764/3251/6869
f 6791/3304/6897 6792/3303/6898 6793/3305/6899
f 6791/3304/6897 6793/3305/6899 6794/3306/6900
f 6795/3307/6901 6794/3306/6900 6793/3305/6899
f 6795/3307/6901 6793/3305/6899 6796/3308/6902
f 6792/3303/6898 6796/3308/6902 6793/3305/6899
f 6791/3304/6897 6794/3306/6900 6797/3309/6903
f 6796/3308/6902 6792/3303/6898 6798/3310/6904
f 6799/3311/6905 6798/3310/6904 6792/3303/6898
f 6799/3311/6905 6792/3303/6898 6800/3312/6906
f 6801/3313/6907 6800/3312/6906 6792/3303/6898
f 6801/3313/6907 6792/3303/6898 6791/3304/6897
f 6800/3312/6906 6801/3313/6907 6802/3314/6908
f 6802/3314/6908 6803/3315/6909 6800/3312/6906
f 6804/3316/6910 6800/3312/6906 6803/3315/6909
f 6800/3312/6906 6804/3316/6910 6799/3311/6905
f 6805/3317/6911 6802/3314/6908 6801/3313/6907
f 6801/3313/6907 6806/3309/6912 6805/3317/6911
f 6806/3309/6912 6801/3313/6907 6791/3304/6897
f 6807/3318/6913 6805/3317/6911 6806/3309/6912
f 6808/3319/6914 6799/3311/6905 6804/3316/6910
f 6799/3311/6905 6808/3319/6914 6798/3310/6904
f 6809/3320/6915 6798/3310/6904 6808/3319/6914
f 6810/3318/6916 6811/3309/6916 6794/3306/6917
f 6812/3324/6918 6813/3322/6919 6814/3323/6920
f 6815/3321/6921 6814/3323/6920 6813/3322/6919
f 6815/3321/6921 6816/3325/6922 6814/3323/6920
f 6817/3326/6923 6814/3323/6920 6816/3325/6922
f 6818/3327/6924 6817/3326/6923 6816/3325/6922
f 6819/3328/6925 6817/3326/6923 6818/3327/6924
f 6820/3329/6926 6818/3327/6924 6816/3325/6922
f 6821/3331/6927 6822/3330/6928 6823/3332/6929
f 6823/3332/6929 6822/3330/6928 6824/3333/6930
f 6825/3334/6931 6824/3333/6930 6822/3330/6928
f 6826/3335/6932 6821/3331/6927 6823/3332/6929
f 6827/3336/6933 6822/3330/6928 6821/3331/6927
f 6824/3333/6930 6825/3334/6931 6828/3337/6934
f 6829/3338/6935 6828/3337/6934 6825/3334/6931
f 6825/3334/6931 6822/3330/6928 6830/3339/6936
f 6825/3334/6931 6830/3339/6936 6829/3338/6935
f 6831/3340/6937 6830/3339/6936 6822/3330/6928
f 6822/3330/6928 6827/3336/6933 6831/3340/6937
f 6824/3333/6930 6832/3341/6938 6823/3332/6929
f 6833/3342/6939 6823/3332/6929 6832/3341/6938
f 6823/3332/6929 6833/3342/6939 6826/3335/6932
f 6821/3331/6927 6826/3335/6932 6834/3343/6940
f 6821/3331/6927 6834/3343/6940 6827/3336/6933
f 6835/3344/6941 6834/3343/6940 6826/3335/6932
f 6835/3344/6941 6826/3335/6932 6833/3342/6939
f 6836/3345/6942 6831/3340/6937 6827/3336/6933
f 6836/3345/6942 6827/3336/6933 6834/3343/6940
f 6828/3337/6934 6837/3346/6943 6824/3333/6930
f 6832/3341/6938 6824/3333/6930 6837/3346/6943
f 6838/3347/6944 6829/3338/6935 6830/3339/6936
f 6839/3349/6945 6840/3348/6946 6841/3350/6947
f 6840/3348/6946 6842/3351/6948 6841/3350/6947
f 6843/3352/6949 6841/3350/6947 6842/3351/6948
f 6844/3353/6950 6840/3348/6946 6839/3349/6945
f 6845/3354/6951 6839/3349/6945 6841/3350/6947
f 6842/3351/6948 6846/3355/6952 6843/3352/6949
f 6847/3356/6953 6843/3352/6949 6846/3355/6952
f 6848/3360/6954 6849/3358/6955 6850/3359/6956
f 6851/3357/6957 6850/3359/6956 6849/3358/6955
f 6849/3358/6955 6848/3360/6954 6852/3361/6958
f 6853/3362/6959 6852/3361/6958 6848/3360/6954
f 6852/3361/6958 6853/3362/6959 6854/3363/6960
f 6855/3364/6961 6854/3363/6960 6853/3362/6959
f 6855/3364/6961 6856/3365/6962 6854/3363/6960
f 6857/3366/6963 6854/3363/6960 6856/3365/6962
f 6856/3365/6962 6858/3367/6964 6857/3366/6963
f 6859/3368/6965 6857/3366/6963 6858/3367/6964
f 6858/3367/6964 6860/3369/6966 6859/3368/6965
f 6861/3370/6967 6859/3368/6965 6860/3369/6966
f 6860/3369/6966 6862/3371/6968 6861/3370/6967
f 6863/3372/6969 6861/3370/6967 6862/3371/6968
f 6848/3360/6954 6850/3359/6956 6864/3373/6970
f 6865/3382/6971 6864/3373/6970 6850/3359/6956
f 6850/3359/6956 6866/3383/6972 6865/3382/6971
f 6867/3384/6973 6865/3382/6971 6866/3383/6972
f 6855/3364/6961 6853/3362/6959 6868/3375/6974
f 6869/3374/6975 6868/3375/6974 6853/3362/6959
f 6864/3373/6970 6869/3374/6975 6848/3360/6954
f 6853/3362/6959 6848/3360/6954 6869/3374/6975
f 6860/3369/6966 6858/3367/6964 6870/3378/6976
f 6871/3377/6977 6870/3378/6976 6858/3367/6964
f 6870/3378/6976 6872/3379/6978 6860/3369/6966
f 6862/3371/6968 6860/3369/6966 6872/3379/6978
f 6867/3384/6973 6873/3385/6979 6865/3382/6971
f 6874/3386/6980 6865/3382/6971 6873/3385/6979
f 6874/3386/6980 6875/3381/6981 6865/3382/6971
f 6864/3373/6970 6865/3382/6971 6875/3381/6981
f 6875/3381/6981 6876/3380/6982 6864/3373/6970
f 6869/3374/6975 6864/3373/6970 6876/3380/6982
f 6876/3380/6982 6877/3387/6983 6869/3374/6975
f 6868/3375/6974 6869/3374/6975 6877/3387/6983
f 6877/3387/6983 6878/3388/6984 6868/3375/6974
f 6879/3376/6985 6868/3375/6974 6878/3388/6984
f 6868/3375/6974 6879/3376/6985 6855/3364/6961
f 6856/3365/6962 6855/3364/6961 6879/3376/6985
f 6879/3376/6985 6871/3377/6977 6856/3365/6962
f 6858/3367/6964 6856/3365/6962 6871/3377/6977
f 6878/3388/6984 6880/3389/6986 6879/3376/6985
f 6871/3377/6977 6879/3376/6985 6880/3389/6986
f 6880/3389/6986 6881/3390/6987 6871/3377/6977
f 6870/3378/6976 6871/3377/6977 6881/3390/6987
f 6881/3390/6987 6882/3391/6988 6870/3378/6976
f 6872/3379/6978 6870/3378/6976 6882/3391/6988
f 6874/3386/6980 6873/3385/6979 6883/3392/6989
f 6883/3392/6989 6884/3393/6990 6874/3386/6980
f 6875/3381/6981 6874/3386/6980 6884/3393/6990
f 6884/3393/6990 6885/3394/6991 6875/3381/6981
f 6876/3380/6982 6875/3381/6981 6885/3394/6991
f 6885/3394/6991 6886/3395/6992 6876/3380/6982
f 6877/3387/6983 6876/3380/6982 6886/3395/6992
f 6877/3387/6983 6886/3395/6992 6878/3388/6984
f 6887/3396/6993 6878/3388/6984 6886/3395/6992
f 6878/3388/6984 6887/3396/6993 6880/3389/6986
f 6888/3397/6994 6880/3389/6986 6887/3396/6993
f 6888/3397/6994 6889/3398/6995 6880/3389/6986
f 6881/3390/6987 6880/3389/6986 6889/3398/6995
f 6889/3398/6995 6890/3399/6996 6881/3390/6987
f 6882/3391/6988 6881/3390/6987 6890/3399/6996
f 6882/3391/6988 6890/3399/6996 6891/3400/6997
f 6882/3391/6988 6891/3400/6997 6872/3379/6978
f 6892/3401/6998 6872/3379/6978 6891/3400/6997
f 6892/3401/6998 6893/3402/6999 6872/3379/6978
f 6862/3371/6968 6872/3379/6978 6893/3402/6999
f 6862/3371/6968 6893/3402/6999 6863/3372/6969
f 6850/3359/6956 6851/3357/6957 6866/3383/6972
f 6894/3406/7000 6895/3404/7001 6896/3405/7002
f 6897/3403/7003 6896/3405/7002 6895/3404/7001
f 6894/3406/7000 6898/3407/7004 6895/3404/7001
f 6899/3408/7005 6895/3404/7001 6898/3407/7004
f 6898/3407/7004 6900/3409/7006 6899/3408/7005
f 6901/3410/7007 6899/3408/7005 6900/3409/7006
f 6901/3410/7007 6900/3409/7006 6902/3411/7008
f 6903/3412/7009 6902/3411/7008 6900/3409/7006
f 6902/3411/7008 6903/3412/7009 6904/3413/7010
f 6899/3408/7005 6901/3410/7007 6904/3413/7010
f 6902/3411/7008 6904/3413/7010 6901/3410/7007
f 6905/3414/7011 6904/3413/7010 6903/3412/7009
f 6904/3413/7010 6905/3414/7011 6906/3415/7012
f 6895/3404/7001 6899/3408/7005 6906/3415/7012
f 6904/3413/7010 6906/3415/7012 6899/3408/7005
f 6907/3416/7013 6906/3415/7012 6905/3414/7011
f 6896/3405/7002 6897/3403/7003 6908/3417/7014
f 6909/3418/7015 6908/3417/7014 6897/3403/7003
f 6908/3417/7014 6909/3418/7015 6910/3419/7016
f 6895/3404/7001 6911/3415/7017 6897/3403/7003
f 6912/3420/7018 6897/3403/7003 6906/3415/7019
f 6913/3415/7020 6907/3416/7021 6914/3420/7022
f 6915/3423/7023 6914/3420/7022 6907/3416/7021
f 6915/3423/7023 6916/3422/7024 6912/3420/7018
f 6917/3421/7025 6912/3420/7018 6916/3422/7024
f 6917/3421/7025 6916/3422/7024 6918/3424/7026
f 6909/3418/7015 6917/3421/7025 6919/3425/7027
f 6919/3425/7028 6910/3419/7029 6920/3418/7030
f 6910/3419/7029 6919/3425/7028 6921/3426/7031
f 6922/3424/7032 6919/3425/7027 6917/3421/7025
f 6923/3427/7033 6922/3424/7034 6916/3422/7035
f 6922/3424/7034 6923/3427/7033 6924/3428/7036
f 6919/3425/7027 6922/3424/7032 6925/3429/7037
f 6925/3429/7037 6921/3426/7031 6926/3425/7038
f 6925/3429/7037 6927/3430/7039 6921/3426/7031
f 6928/3431/7040 6921/3426/7031 6927/3430/7039
f 6925/3429/7037 6929/3428/7041 6927/3430/7039
f 6929/3428/7041 6925/3429/7037 6922/3424/7032
f 6930/3432/7042 6929/3428/7041 6923/3427/7043
f 6929/3428/7041 6930/3432/7042 6931/3433/7044
f 6931/3433/7044 6927/3430/7039 6929/3428/7041
f 6932/3434/7045 6931/3433/7044 6930/3432/7042
f 6932/3434/7045 6933/3435/7046 6931/3433/7044
f 6934/3436/7047 6931/3433/7044 6933/3435/7046
f 6931/3433/7044 6934/3436/7047 6927/3430/7039
f 6933/3435/7046 6935/3437/7048 6934/3436/7047
f 6936/3438/7049 6934/3436/7047 6935/3437/7048
f 6935/3437/7048 6937/3439/7050 6936/3438/7049
f 6938/3440/7051 6936/3438/7049 6937/3439/7050
f 6938/3440/7051 6937/3439/7050 6939/3441/7052
f 6938/3440/7051 6939/3441/7052 6936/3438/7049
f 6940/3442/7053 6939/3441/7052 6937/3439/7050
f 6939/3441/7052 6940/3442/7053 6941/3443/7054
f 6941/3443/7054 6936/3438/7049 6939/3441/7052
f 6942/3444/7055 6941/3443/7054 6940/3442/7053
f 6941/3443/7054 6942/3444/7055 6943/3445/7056
f 6934/3436/7047 6936/3438/7049 6943/3445/7057
f 6944/3446/7058 6928/3431/7059 6943/3445/7056
f 6944/3446/7058 6943/3445/7056 6942/3444/7055
f 6943/3445/7057 6927/3430/7039 6934/3436/7047
f 6941/3443/7054 6943/3445/7056 6945/3438/7060
f 6946/3430/7061 6943/3445/7056 6928/3431/7059
f 6909/3418/7015 6897/3403/7003 6917/3421/7025
f 6912/3420/7018 6917/3421/7025 6897/3403/7003
f 6947/3626/7062 6948/3625/7063 6949/3627/7064
f 6950/3628/7065 6948/3625/7063 6947/3626/7062
f 6951/3629/7066 6949/3627/7064 6948/3625/7063
f 6950/3628/7065 6951/3629/7066 6948/3625/7063
f 6949/3627/7064 6951/3629/7066 6952/3630/7067
f 6950/3628/7065 6953/3631/7068 6951/3629/7066
f 6950/3628/7065 6954/3632/7069 6953/3631/7068
f 6950/3628/7065 6947/3626/7062 6955/3633/7070
f 6952/3630/7067 6951/3629/7066 6956/3634/7071
f 6953/3631/7068 6956/3634/7071 6951/3629/7066
f 6953/3631/7068 6954/3632/7069 6956/3634/7071
f 6957/3635/7072 6956/3634/7071 6954/3632/7069
f 6950/3628/7065 6958/3636/7073 6954/3632/7069
f 6954/3632/7069 6958/3636/7073 6957/3635/7072
f 6959/3637/7074 6957/3635/7072 6958/3636/7073
f 6960/3638/7075 6957/3635/7072 6959/3637/7074
f 6957/3635/7072 6960/3638/7075 6956/3634/7071
f 6960/3638/7075 6959/3637/7074 6961/3639/7076
f 6959/3637/7074 6962/3640/7077 6961/3639/7076
f 6958/3636/7073 6950/3628/7065 6963/3641/7078
f 6962/3640/7077 6959/3637/7074 6963/3641/7078
f 6958/3636/7073 6963/3641/7078 6959/3637/7074
f 6964/3642/7079 6963/3641/7078 6950/3628/7065
f 6963/3641/7078 6964/3642/7079 6962/3640/7077
f 6965/3643/7080 6962/3640/7077 6964/3642/7079
f 6950/3628/7065 6955/3633/7070 6966/3644/7081
f 6964/3642/7079 6950/3628/7065 6966/3644/7081
f 6966/3644/7081 6967/3645/7082 6964/3642/7079
f 6968/3643/7083 6964/3642/7079 6967/3645/7082
f 6969/3646/7084 6956/3634/7085 6970/3647/7086
f 6970/3647/7086 6971/3634/7087 6960/3638/7088
f 6972/3672/7089 6973/3670/7090 6974/3671/7091
f 6975/3669/7092 6974/3671/7091 6973/3670/7090
f 6973/3670/7090 6976/3673/7093 6975/3669/7092
f 6976/3673/7093 6973/3670/7090 6977/3674/7094
f 6973/3670/7090 6978/3675/7095 6977/3674/7094
f 6973/3670/7090 6979/3672/7096 6978/3675/7095
f 6980/3676/7097 6977/3674/7094 6978/3675/7095
f 6976/3673/7093 6977/3674/7094 6981/3677/7098
f 6976/3673/7093 6981/3677/7098 6982/3678/7099
f 6983/3679/7100 6982/3678/7099 6981/3677/7098
f 6982/3678/7099 6983/3679/7100 6984/3680/7101
f 6985/3681/7102 6984/3680/7101 6983/3679/7100
f 6981/3677/7098 6986/3682/7103 6983/3679/7100
f 6981/3677/7098 6987/3683/7104 6986/3682/7103
f 6980/3676/7097 6987/3683/7104 6977/3674/7094
f 6977/3674/7094 6987/3683/7104 6981/3677/7098
f 6980/3676/7097 6988/3684/7105 6987/3683/7104
f 6987/3683/7104 6988/3684/7105 6989/3685/7106
f 6988/3684/7105 6990/3686/7107 6989/3685/7106
f 6989/3685/7106 6990/3686/7107 6991/3687/7108
f 6992/3688/7109 6991/3687/7108 6990/3686/7107
f 6993/3689/7110 6986/3682/7103 6987/3683/7104
f 6987/3683/7104 6989/3685/7106 6993/3689/7110
f 6994/3690/7111 6983/3679/7100 6986/3682/7103
f 6983/3679/7100 6994/3690/7111 6985/3681/7102
f 6995/3691/7112 6993/3689/7110 6989/3685/7106
f 6989/3685/7106 6996/3687/7113 6995/3691/7112
f 6997/3692/7114 6995/3691/7112 6996/3687/7113
f 6997/3692/7114 6998/3693/7115 6995/3691/7112
f 6999/3694/7116 6985/3681/7102 6994/3690/7111
f 7000/3490/7117 6330/3487/6432 7001/3491/7118
f 7002/3492/7119 7001/3491/7118 6330/3487/6432
f 7000/3490/7117 7003/3489/7120 6330/3487/6432
f 6328/3488/6430 6330/3487/6432 7003/3489/7120
f 7003/3489/7120 7000/3490/7117 7004/3493/7121
f 7005/3494/7122 7004/3493/7121 7000/3490/7117
f 7000/3490/7117 7001/3491/7118 7005/3494/7122
f 7005/3494/7122 7006/3495/7123 7004/3493/7121
f 7003/3489/7120 7007/3496/7124 6328/3488/6430
f 6321/3497/6423 6328/3488/6430 7007/3496/7124
f 7005/3494/7122 7008/3614/7125 7006/3495/7123
f 7008/3614/7125 7005/3494/7122 7001/3491/7118
f 7009/3613/7126 7006/3495/7123 7008/3614/7125
f 7007/3496/7124 7003/3489/7120 7010/3608/7127
f 7004/3493/7121 7010/3608/7127 7003/3489/7120
f 7010/3608/7127 7004/3493/7121 6316/3604/6418
f 7010/3608/7127 6316/3604/6418 6317/3605/6419
f 7010/3608/7127 6317/3605/6419 7007/3496/7124
f 6313/3601/6415 6316/3604/6418 7004/3493/7121
f 7006/3495/7123 6313/3601/6415 7004/3493/7121
f 6321/3497/6423 7007/3496/7124 6318/3606/6420
f 6319/3607/6421 6318/3606/6420 7007/3496/7124
f 6319/3607/6421 7007/3496/7124 6317/3605/6419
f 7009/3613/7126 7011/3612/7128 7006/3495/7123
f 7012/3611/7129 7006/3495/7123 7011/3612/7128
f 7006/3495/7123 7012/3611/7129 6313/3601/6415
f 6313/3601/6415 7012/3611/7129 6311/3599/6413
f 7011/3612/7128 7013/3598/7130 7012/3611/7129
f 6311/3599/6413 7012/3611/7129 7013/3598/7130
f 6370/3621/6472 6383/3509/6485 6381/3510/6483
f 6370/3621/6472 6384/3508/6486 6383/3509/6485
f 6370/3621/6472 6386/3512/6488 6384/3508/6486
f 6370/3621/6472 6381/3510/6483 6379/3514/6481
f 6370/3621/6472 6379/3514/6481 6377/3623/6479
f 6370/3621/6472 6376/3620/6478 6386/3512/6488
f 6386/3512/6488 6376/3620/6478 6387/3513/6489
f 6375/3619/6477 6387/3513/6489 6376/3620/6478
f 6387/3513/6489 6375/3619/6477 6325/3500/6427
f 6264/3554/6366 6263/3553/6365 6283/3572/6385
f 6268/3557/6370 6283/3572/6385 6263/3553/6365
f 6266/3530/6368 7014/3610/7131 6267/3556/6369
f 7014/3610/7131 6273/3562/6375 6267/3556/6369
f 7014/3610/7131 6266/3530/6368 6286/3575/6388
f 7014/3610/7131 6286/3575/6388 6273/3562/6375
f 6403/3528/6505 6286/3575/6388 6266/3530/6368
f 6286/3575/6388 6403/3528/6505 6289/3578/6391
f 6300/3589/6402 6289/3578/6391 6403/3528/6505
f 6403/3528/6505 6402/3527/6504 6300/3589/6402
f 6398/3523/6500 6300/3589/6402 6402/3527/6504
f 6398/3523/6500 6323/3502/6425 6300/3589/6402
f 6292/3581/6394 6300/3589/6402 6323/3502/6425
f 6323/3502/6425 6320/3503/6422 6292/3581/6394
f 6291/3580/6393 6292/3581/6394 6320/3503/6422
f 6301/3590/6403 6291/3580/6393 6304/3593/6406
f 7015/3596/7132 7016/3600/7132 7017/3597/7132
f 6312/3600/6414 7018/3609/7133 6314/3602/6416
f 6307/3596/6409 7018/3609/7133 6312/3600/6414
f 6306/3595/6408 7018/3609/7133 6307/3596/6409
f 6305/3594/6407 7018/3609/7133 6306/3595/6408
f 6315/3603/6417 7018/3609/7133 6305/3594/6407
f 6314/3602/6416 7018/3609/7133 6315/3603/6417
f 6334/3485/6436 7002/3492/7119 6331/3483/6433
f 6330/3487/6432 6331/3483/6433 7002/3492/7119
f 7019/3698/7134 7020/3697/7135 7021/3699/7136
f 7020/3697/7135 7022/3700/7137 7021/3699/7136
f 7022/3700/7137 7023/3701/7138 7021/3699/7136
f 7023/3701/7138 7024/3702/7139 7021/3699/7136
f 7024/3702/7139 7025/3703/7140 7021/3699/7136
f 7025/3703/7140 7026/3704/7141 7021/3699/7136
f 7026/3704/7141 7027/3705/7142 7021/3699/7136
f 7027/3705/7142 7028/3706/7143 7021/3699/7136
f 7028/3706/7143 7029/3707/7144 7021/3699/7136
f 7029/3707/7144 7019/3698/7134 7021/3699/7136
f 7019/3698/7134 7030/3708/7145 7020/3697/7135
f 7019/3698/7134 7029/3707/7144 7030/3708/7145
f 7031/3709/7146 7020/3697/7135 7030/3708/7145
f 7020/3697/7135 7031/3709/7146 7022/3700/7137
f 7032/3710/7147 7022/3700/7137 7031/3709/7146
f 7022/3700/7137 7032/3710/7147 7023/3701/7138
f 7033/3711/7148 7023/3701/7138 7032/3710/7147
f 7023/3701/7138 7033/3711/7148 7024/3702/7139
f 7034/3712/7149 7024/3702/7139 7033/3711/7148
f 7034/3712/7149 7035/3713/7150 7024/3702/7139
f 7036/3714/7151 7024/3702/7139 7035/3713/7150
f 7024/3702/7139 7036/3714/7151 7025/3703/7140
f 7035/3713/7150 7037/3715/7152 7036/3714/7151
f 7038/3716/7153 7036/3714/7151 7037/3715/7152
f 7038/3716/7153 7037/3715/7152 7039/3717/7154
f 7025/3703/7140 7039/3717/7154 7026/3704/7141
f 7040/3718/7155 7039/3717/7154 7037/3715/7152
f 7039/3717/7154 7041/3719/7156 7026/3704/7141
f 7041/3719/7156 7039/3717/7154 7040/3718/7155
f 7027/3705/7142 7042/3720/7157 7028/3706/7143
f 7043/3721/7158 7028/3706/7143 7042/3720/7157
f 7043/3721/7158 7044/3722/7159 7028/3706/7143
f 7044/3722/7159 7030/3708/7145 7029/3707/7144
f 7029/3707/7144 7028/3706/7143 7044/3722/7159
f 7031/3709/7146 7045/3725/7160 7032/3710/7147
f 7045/3725/7160 7031/3709/7146 7046/3723/7161
f 7030/3708/7145 7046/3723/7161 7031/3709/7146
f 7030/3708/7145 7044/3722/7159 7046/3723/7161
f 7037/3715/7152 7035/3713/7150 7047/3735/7162
f 7048/3736/7163 7047/3735/7162 7035/3713/7150
f 7048/3736/7163 7035/3713/7150 7049/3737/7164
f 7034/3712/7149 7049/3737/7164 7035/3713/7150
f 7034/3712/7149 7033/3711/7148 7049/3737/7164
f 7050/3738/7165 7049/3737/7164 7033/3711/7148
f 7050/3738/7165 7033/3711/7148 7051/3724/7166
f 7051/3724/7166 7032/3710/7147 7045/3725/7160
f 7032/3710/7147 7051/3724/7166 7033/3711/7148
f 7052/3732/7167 7046/3723/7161 7044/3722/7159
f 7053/3731/7168 7052/3732/7167 7043/3721/7158
f 7053/3731/7168 7043/3721/7158 7054/3729/7169
f 7042/3720/7157 7054/3729/7169 7043/3721/7158
f 7055/3730/7170 7054/3729/7169 7042/3720/7157
f 7044/3722/7159 7043/3721/7158 7052/3732/7167
f 7055/3730/7170 7042/3720/7157 7027/3705/7142
f 7056/3733/7171 7055/3730/7170 7027/3705/7142
f 7055/3730/7170 7056/3733/7171 7054/3729/7169
f 7056/3733/7171 7057/3728/7172 7054/3729/7169
f 7056/3733/7171 7058/3727/7173 7057/3728/7172
f 7058/3727/7173 7056/3733/7171 7059/3734/7174
f 7057/3728/7172 7058/3727/7173 7060/3726/7175
f 7040/3718/7155 7060/3726/7175 7058/3727/7173
f 7040/3718/7155 7037/3715/7152 7060/3726/7175
f 7037/3715/7152 7047/3735/7162 7060/3726/7175
f 7041/3719/7156 7058/3727/7173 7059/3734/7174
f 7040/3718/7155 7058/3727/7173 7041/3719/7156
f 7059/3734/7174 7026/3704/7141 7041/3719/7156
f 7026/3704/7141 7061/3733/7176 7027/3705/7142
f 7061/3733/7176 7026/3704/7141 7059/3734/7174
f 7062/3740/7177 7063/3739/7178 7064/3741/7179
f 7064/3741/7179 7063/3739/7178 7065/3742/7180
f 7066/3743/7181 7065/3742/7180 7063/3739/7178
f 7067/3744/7182 7065/3742/7180 7066/3743/7181
f 7065/3742/7180 7067/3744/7182 7068/3745/7183
f 7069/3746/7184 7067/3744/7182 7066/3743/7181
f 7070/3747/7185 7067/3744/7182 7069/3746/7184
f 7071/3748/7186 7070/3747/7185 7069/3746/7184
f 7070/3747/7185 7071/3748/7186 7072/3749/7187
f 7066/3743/7181 7073/3750/7188 7069/3746/7184
f 7074/3751/7189 7069/3746/7184 7073/3750/7188
f 7063/3739/7178 7075/3752/7190 7066/3743/7181
f 7073/3750/7188 7066/3743/7181 7075/3752/7190
f 7075/3752/7190 7063/3739/7178 7076/3753/7191
f 7077/3754/7192 7076/3753/7191 7063/3739/7178
f 7062/3740/7177 7077/3754/7192 7063/3739/7178
f 7077/3754/7192 7078/3755/7193 7076/3753/7191
f 7079/3756/7194 7076/3753/7191 7078/3755/7193
f 7078/3755/7193 7080/3757/7195 7079/3756/7194
f 7080/3757/7195 7078/3755/7193 7081/3758/7196
f 7082/3759/7197 7081/3758/7196 7078/3755/7193
f 7081/3758/7196 7083/3760/7198 7080/3757/7195
f 7084/3761/7199 7079/3756/7194 7080/3757/7195
f 7084/3761/7199 7080/3757/7195 7083/3760/7198
f 7085/3762/7200 7078/3755/7193 7077/3754/7192
f 7085/3762/7200 7082/3759/7197 7078/3755/7193
f 7086/3763/7201 7085/3762/7200 7077/3754/7192
f 7062/3740/7177 7086/3763/7201 7077/3754/7192
f 7087/3765/7202 7088/3764/7203 7089/3766/7204
f 7089/3766/7204 7090/3767/7205 7087/3765/7202
f 7091/3768/7206 7087/3765/7202 7090/3767/7205
f 7090/3767/7205 7092/3769/7207 7091/3768/7206
f 7092/3769/7207 7093/3770/7208 7091/3768/7206
f 7092/3769/7207 7094/3771/7209 7093/3770/7208
f 7093/3770/7208 7094/3771/7209 7095/3772/7210
f 7093/3770/7208 7095/3772/7210 7096/3773/7211
f 7097/3774/7212 7093/3770/7208 7096/3773/7211
f 7098/3775/7213 7097/3774/7212 7096/3773/7211
f 7098/3775/7213 7099/3776/7214 7097/3774/7212
f 7100/3776/7215 7101/3777/7215 7102/3774/7215
f 7103/3778/7216 7104/3774/7217 7105/3777/7218
f 7103/3778/7216 7105/3777/7218 7106/3779/7219
f 7106/3779/7219 7107/3780/7220 7103/3778/7216
f 7107/3780/7221 7108/3781/7222 7109/3778/7223
f 7108/3781/7222 7110/3782/7224 7109/3778/7223
f 6361/3472/6463 6374/3615/6476 6360/3471/6462
f 6374/3615/6476 6361/3472/6463 6326/3498/6428
f 6327/3479/6429 6326/3498/6428 6361/3472/6463
f 7111/3783/7225 7038/3716/7153 7039/3717/7154
f 7036/3714/7151 7038/3716/7153 7111/3783/7225
f 7111/3783/7225 7039/3717/7154 7025/3703/7140
f 7036/3714/7151 7111/3783/7225 7025/3703/7140
f 7112/3784/7226 7113/3785/7227 7114/3786/7228
f 7113/3785/7227 7115/3787/7229 7114/3786/7228
f 7116/3788/7230 7114/3786/7228 7115/3787/7229
f 7115/3787/7229 7117/3789/7231 7116/3788/7230
f 7118/3790/7232 7116/3788/7230 7117/3789/7231
f 7116/3788/7230 7118/3790/7232 7119/3791/7233
f 7120/3792/7234 7116/3788/7230 7119/3791/7233
f 7114/3786/7228 7116/3788/7230 7120/3792/7234
f 7121/3793/7235 7119/3791/7233 7118/3790/7232
f 7115/3787/7229 7113/3785/7227 7122/3794/7236
f 7123/3795/7237 7122/3794/7236 7113/3785/7227
f 7113/3785/7227 7112/3784/7226 7123/3795/7237
f 7124/3796/7238 7123/3795/7237 7112/3784/7226
f 7123/3795/7237 7124/3796/7238 7125/3797/7239
f 7126/3798/7240 7125/3797/7239 7124/3796/7238
f 7127/3799/7241 7124/3796/7238 7112/3784/7226
f 7124/3796/7238 7127/3799/7241 7126/3798/7240
f 7126/3798/7240 7128/3800/7242 7125/3797/7239
f 7129/3801/7243 7125/3797/7239 7128/3800/7242
f 7129/3801/7243 7128/3800/7242 7130/3802/7244
f 7131/3803/7245 7130/3802/7244 7128/3800/7242
f 7131/3803/7245 7132/3804/7246 7130/3802/7244
f 7133/3805/7247 7130/3802/7244 7132/3804/7246
f 7128/3800/7242 7134/3806/7248 7131/3803/7245
f 7135/3807/7249 7131/3803/7245 7134/3806/7248
f 7132/3804/7246 7131/3803/7245 7136/3808/7250
f 7135/3807/7249 7136/3808/7250 7131/3803/7245
f 7136/3808/7250 7137/3809/7251 7132/3804/7246
f 7138/3810/7252 7132/3804/7246 7137/3809/7251
f 7132/3804/7246 7138/3810/7252 7133/3805/7247
f 7137/3809/7251 7139/3811/7253 7138/3810/7252
f 7140/3812/7254 7138/3810/7252 7139/3811/7253
f 7140/3812/7254 7139/3811/7253 7141/3813/7255
f 7142/3814/7256 7141/3813/7255 7139/3811/7253
f 7138/3810/7252 7140/3812/7254 7143/3815/7257
f 7143/3815/7257 7133/3805/7247 7138/3810/7252
f 7133/3805/7247 7143/3815/7257 7144/3816/7258
f 7145/3817/7259 7144/3816/7258 7143/3815/7257
f 7144/3816/7258 7145/3817/7259 7146/3818/7260
f 7146/3818/7260 7147/3819/7261 7144/3816/7258
f 7148/3820/7262 7144/3816/7258 7147/3819/7261
f 7144/3816/7258 7148/3820/7262 7133/3805/7247
f 7147/3819/7261 7149/3821/7263 7148/3820/7262
f 7150/3822/7264 7148/3820/7262 7149/3821/7263
f 7151/3823/7265 7146/3818/7260 7145/3817/7259
f 7152/3813/7266 7143/3815/7257 7140/3812/7254
f 7152/3813/7266 7145/3817/7259 7143/3815/7257
f 7145/3817/7259 7153/3813/7267 7151/3823/7265
f 7154/3814/7268 7151/3823/7265 7153/3813/7267
f 7149/3821/7263 7155/3824/7269 7150/3822/7264
f 7156/3825/7270 7150/3822/7264 7155/3824/7269
f 7156/3825/7270 7155/3824/7269 7122/3794/7236
f 7157/3826/7271 7122/3794/7236 7155/3824/7269
f 7156/3825/7270 7125/3797/7239 7150/3822/7264
f 7129/3801/7243 7150/3822/7264 7125/3797/7239
f 7150/3822/7264 7129/3801/7243 7148/3820/7262
f 7130/3802/7244 7148/3820/7262 7129/3801/7243
f 7130/3802/7244 7133/3805/7247 7148/3820/7262
f 7122/3794/7236 7157/3826/7271 7115/3787/7229
f 7117/3789/7231 7115/3787/7229 7157/3826/7271
f 7125/3797/7239 7156/3825/7270 7123/3795/7237
f 7122/3794/7236 7123/3795/7237 7156/3825/7270
f 7158/3827/7272 7159/3828/7273 7160/3829/7274
f 7161/3830/7275 7160/3829/7274 7159/3828/7273
f 7159/3828/7273 7162/3831/7276 7161/3830/7275
f 7163/3832/7277 7161/3830/7275 7162/3831/7276
f 7163/3832/7277 7162/3831/7276 7164/3833/7278
f 7165/3834/7279 7164/3833/7278 7162/3831/7276
f 7164/3833/7278 7165/3834/7279 7166/3835/7280
f 7167/3836/7281 7166/3835/7280 7165/3834/7279
f 7168/3837/7282 7166/3835/7280 7167/3836/7281
f 7168/3837/7282 7167/3836/7281 7169/3838/7283
f 7160/3829/7274 7170/3839/7284 7158/3827/7272
f 7171/3840/7285 7158/3827/7272 7170/3839/7284
f 7172/3841/7286 7171/3840/7285 7170/3839/7284
f 7134/3806/7248 7128/3800/7242 7173/3842/7287
f 7126/3798/7240 7173/3842/7287 7128/3800/7242
f 7173/3842/7287 7126/3798/7240 7127/3799/7241
f 7174/3843/7288 7175/3844/7289 7176/3845/7290
f 7174/3843/7288 7176/3845/7290 7177/3846/7291
f 7178/3847/7292 7177/3846/7291 7176/3845/7290
f 7177/3846/7291 7178/3847/7292 7179/3848/7293
f 7180/3849/7294 7179/3848/7293 7178/3847/7292
f 7178/3847/7292 7181/3850/7295 7180/3849/7294
f 7178/3847/7292 7182/3851/7296 7181/3850/7295
f 7178/3847/7292 7176/3845/7290 7182/3851/7296
f 7183/3852/7297 7180/3849/7294 7181/3850/7295
f 7177/3846/7291 7184/3853/7298 7174/3843/7288
f 7185/3854/7299 7174/3843/7288 7184/3853/7298
f 7174/3843/7288 7185/3854/7299 7175/3844/7289
f 7186/3855/7300 7175/3844/7289 7185/3854/7299
f 7185/3854/7299 7187/3856/7301 7186/3855/7300
f 7188/3857/7302 7186/3855/7300 7187/3856/7301
f 7186/3855/7300 7189/3858/7303 7175/3844/7289
f 7186/3855/7300 7188/3857/7302 7189/3858/7303
f 7188/3857/7302 7187/3856/7301 7190/3859/7304
f 7191/3860/7305 7190/3859/7304 7187/3856/7301
f 7191/3860/7305 7192/3861/7306 7190/3859/7304
f 7193/3862/7307 7190/3859/7304 7192/3861/7306
f 7193/3862/7307 7192/3861/7306 7194/3863/7308
f 7195/3864/7309 7194/3863/7308 7192/3861/7306
f 7190/3859/7304 7193/3862/7307 7196/3865/7310
f 7197/3866/7311 7196/3865/7310 7193/3862/7307
f 7197/3866/7311 7193/3862/7307 7198/3867/7312
f 7194/3863/7308 7198/3867/7312 7193/3862/7307
f 7198/3867/7312 7194/3863/7308 7199/3868/7313
f 7200/3869/7314 7199/3868/7313 7194/3863/7308
f 7194/3863/7308 7195/3864/7309 7200/3869/7314
f 7199/3868/7313 7200/3869/7314 7201/3870/7315
f 7202/3871/7316 7201/3870/7315 7200/3869/7314
f 7202/3871/7316 7203/3872/7317 7201/3870/7315
f 7200/3869/7314 7204/3873/7318 7202/3871/7316
f 7204/3873/7318 7200/3869/7314 7195/3864/7309
f 7195/3864/7309 7205/3874/7319 7204/3873/7318
f 7206/3875/7320 7204/3873/7318 7205/3874/7319
f 7205/3874/7319 7207/3876/7321 7206/3875/7320
f 7207/3876/7321 7205/3874/7319 7208/3877/7322
f 7209/3878/7323 7208/3877/7322 7205/3874/7319
f 7205/3874/7319 7195/3864/7309 7209/3878/7323
f 7208/3877/7322 7209/3878/7323 7210/3879/7324
f 7211/3880/7325 7210/3879/7324 7209/3878/7323
f 7212/3881/7326 7206/3875/7320 7207/3876/7321
f 7213/3872/7327 7202/3871/7316 7204/3873/7318
f 7206/3875/7320 7212/3881/7326 7214/3872/7328
f 7215/3882/7329 7214/3872/7328 7212/3881/7326
f 7206/3875/7320 7216/3872/7330 7204/3873/7318
f 7210/3879/7324 7211/3880/7325 7217/3883/7331
f 7218/3884/7332 7217/3883/7331 7211/3880/7325
f 7218/3884/7332 7184/3853/7298 7217/3883/7331
f 7219/3885/7333 7217/3883/7331 7184/3853/7298
f 7218/3884/7332 7211/3880/7325 7187/3856/7301
f 7191/3860/7305 7187/3856/7301 7211/3880/7325
f 7211/3880/7325 7209/3878/7323 7191/3860/7305
f 7192/3861/7306 7191/3860/7305 7209/3878/7323
f 7192/3861/7306 7209/3878/7323 7195/3864/7309
f 7184/3853/7298 7177/3846/7291 7219/3885/7333
f 7179/3848/7293 7219/3885/7333 7177/3846/7291
f 7184/3853/7298 7218/3884/7332 7185/3854/7299
f 7187/3856/7301 7185/3854/7299 7218/3884/7332
f 7220/3882/7334 7201/3870/7335 7221/3872/7334
f 7222/3886/7336 7223/3887/7337 7224/3888/7338
f 7225/3889/7339 7224/3888/7338 7223/3887/7337
f 7223/3887/7337 7222/3886/7336 7226/3890/7340
f 7227/3891/7341 7226/3890/7340 7222/3886/7336
f 7227/3891/7341 7228/3892/7342 7226/3890/7340
f 7229/3893/7343 7226/3890/7340 7228/3892/7342
f 7228/3892/7342 7230/3894/7344 7229/3893/7343
f 7231/3895/7345 7229/3893/7343 7230/3894/7344
f 7230/3894/7344 7232/3896/7346 7231/3895/7345
f 7231/3895/7345 7232/3896/7346 7233/3897/7347
f 7224/3888/7338 7225/3889/7339 7234/3898/7348
f 7235/3899/7349 7234/3898/7348 7225/3889/7339
f 7235/3899/7349 7236/3900/7350 7234/3898/7348
f 7188/3857/7302 7190/3859/7304 7237/3901/7351
f 7196/3865/7310 7237/3901/7351 7190/3859/7304
f 7237/3901/7351 7189/3858/7303 7188/3857/7302
f 7238/3902/7352 7239/3903/7353 7240/3904/7354
f 7239/3903/7353 7241/3905/7355 7240/3904/7354
f 7242/3906/7356 7240/3904/7354 7241/3905/7355
f 7241/3905/7355 7239/3903/7353 7243/3907/7357
f 7242/3906/7356 7241/3905/7355 7244/3908/7358
f 7245/3909/7359 7244/3908/7358 7241/3905/7355
f 7241/3905/7355 7243/3907/7357 7245/3909/7359
f 7246/3910/7360 7245/3909/7359 7243/3907/7357
f 7245/3909/7359 7247/3911/7361 7244/3908/7358
f 7248/3912/7362 7244/3908/7358 7247/3911/7361
f 7247/3911/7361 7245/3909/7359 7249/3913/7363
f 7246/3910/7360 7249/3913/7363 7245/3909/7359
f 7248/3912/7362 7247/3911/7361 7250/3914/7364
f 7251/3915/7365 7250/3914/7364 7247/3911/7361
f 7249/3913/7363 7251/3915/7365 7247/3911/7361
f 7250/3914/7364 7251/3915/7365 7252/3916/7366
f 7240/3904/7354 7253/3917/7367 7238/3902/7352
f 7254/3918/7368 7238/3902/7352 7253/3917/7367
f 7250/3914/7364 7252/3916/7366 7255/3919/7369
f 7256/3920/7370 7255/3919/7369 7252/3916/7366
f 7255/3919/7369 7256/3920/7370 7257/3921/7371
f 7258/3922/7372 7257/3921/7371 7256/3920/7370
f 7257/3921/7371 7259/3923/7373 7255/3919/7369
f 7260/3924/7374 7255/3919/7369 7259/3923/7373
f 7248/3912/7362 7250/3914/7364 7260/3924/7374
f 7255/3919/7369 7260/3924/7374 7250/3914/7364
f 7260/3924/7374 7261/3925/7375 7248/3912/7362
f 7244/3908/7358 7248/3912/7362 7261/3925/7375
f 7244/3908/7358 7261/3925/7375 7242/3906/7356
f 7262/3926/7376 7242/3906/7356 7261/3925/7375
f 7242/3906/7356 7262/3926/7376 7240/3904/7354
f 7253/3917/7367 7240/3904/7354 7262/3926/7376
f 7253/3917/7367 7263/3927/7377 7254/3918/7368
f 7264/3928/7378 7254/3918/7368 7263/3927/7377
f 7263/3927/7377 7265/3929/7379 7264/3928/7378
f 7266/3930/7380 7264/3928/7378 7265/3929/7379
f 7265/3929/7379 7267/3931/7381 7266/3930/7380
f 7268/3932/7382 7266/3930/7380 7267/3931/7381
f 7267/3931/7381 7265/3929/7379 7269/3933/7383
f 7270/3934/7384 7269/3933/7383 7265/3929/7379
f 7265/3929/7379 7263/3927/7377 7270/3934/7384
f 7271/3935/7385 7270/3934/7384 7263/3927/7377
f 7269/3933/7383 7270/3934/7384 7272/3936/7386
f 7273/3937/7387 7272/3936/7386 7270/3934/7384
f 7270/3934/7384 7271/3935/7385 7273/3937/7387
f 7274/3938/7388 7273/3937/7387 7271/3935/7385
f 7271/3935/7385 7262/3926/7376 7274/3938/7388
f 7272/3936/7386 7275/3939/7389 7269/3933/7383
f 7272/3936/7386 7276/3940/7390 7275/3939/7389
f 7272/3936/7386 7273/3937/7387 7276/3940/7390
f 7273/3937/7387 7277/3941/7391 7276/3940/7390
f 7259/3923/7373 7277/3941/7391 7273/3937/7387
f 7274/3938/7388 7259/3923/7373 7273/3937/7387
f 7259/3923/7373 7278/3942/7392 7277/3941/7391
f 7279/3943/7393 7277/3941/7391 7278/3942/7392
f 7277/3941/7391 7279/3943/7393 7276/3940/7390
f 7280/3944/7394 7276/3940/7390 7279/3943/7393
f 7280/3944/7394 7275/3939/7389 7276/3940/7390
f 7281/3945/7395 7269/3933/7383 7275/3939/7389
f 7268/3932/7382 7267/3931/7381 7281/3945/7395
f 7269/3933/7383 7281/3945/7395 7267/3931/7381
f 7259/3923/7373 7274/3938/7388 7260/3924/7374
f 7261/3925/7375 7260/3924/7374 7274/3938/7388
f 7261/3925/7375 7274/3938/7388 7262/3926/7376
f 7262/3926/7376 7271/3935/7385 7253/3917/7367
f 7263/3927/7377 7253/3917/7367 7271/3935/7385
f 7259/3923/7396 7282/3946/7397 7283/3942/7398
f 7284/3947/7399 7283/3942/7398 7282/3946/7397
f 7282/3946/7397 7285/3948/7400 7284/3947/7399
f 7286/3949/7401 7284/3947/7399 7285/3948/7400
f 7287/3946/7402 7288/3950/7403 7285/3948/7404
f 7289/3951/7405 7285/3948/7404 7288/3950/7403
f 7288/3950/7403 7290/3952/7406 7289/3951/7405
f 7291/3953/7407 7289/3951/7405 7290/3952/7406
f 7291/3953/7407 7292/3949/7408 7289/3951/7405
f 7293/3948/7409 7289/3951/7405 7292/3949/7408
f 7290/3952/7406 7288/3950/7403 7258/3922/7372
f 7257/3921/7371 7258/3922/7372 7288/3950/7403
f 7288/3950/7403 7259/3923/7373 7257/3921/7371
f 7287/3946/7402 7259/3923/7373 7288/3950/7403
f 7294/3954/7410 7295/3955/7411 7296/3956/7412
f 7297/3957/7413 7296/3956/7412 7295/3955/7411
f 7296/3956/7412 7297/3957/7413 7298/3958/7414
f 7299/3959/7415 7298/3958/7414 7297/3957/7413
f 7298/3958/7414 7299/3959/7415 7300/3960/7416
f 7300/3960/7416 7301/3961/7417 7298/3958/7414
f 7302/3962/7418 7298/3958/7414 7301/3961/7417
f 7302/3962/7418 7303/3963/7419 7298/3958/7414
f 7304/3964/7420 7298/3958/7414 7303/3963/7419
f 7301/3961/7417 7305/3965/7421 7302/3962/7418
f 7306/3966/7422 7302/3962/7418 7305/3965/7421
f 7302/3962/7418 7306/3966/7422 7303/3963/7419
f 7299/3959/7415 7307/3967/7423 7300/3960/7416
f 7305/3965/7421 7308/3968/7424 7306/3966/7422
f 7309/3969/7425 7306/3966/7422 7308/3968/7424
f 7306/3966/7422 7309/3969/7425 7310/3970/7426
f 7310/3970/7426 7303/3963/7419 7306/3966/7422
f 7303/3963/7419 7310/3970/7426 7311/3971/7427
f 7312/3972/7428 7311/3971/7427 7310/3970/7426
f 7312/3972/7428 7310/3970/7426 7313/3973/7429
f 7314/3974/7430 7313/3973/7429 7310/3970/7426
f 7314/3974/7430 7310/3970/7426 7309/3969/7425
f 7304/3964/7420 7303/3963/7419 7315/3975/7431
f 7311/3971/7427 7315/3975/7431 7303/3963/7419
f 7316/1722/7432 7317/1720/7433 7318/1721/7434
f 7319/1719/7435 7318/1721/7434 7317/1720/7433
f 7317/1720/7433 7320/1723/7436 7319/1719/7435
f 7321/1724/7437 7319/1719/7435 7320/1723/7436
f 7320/1723/7436 7322/1725/7438 7321/1724/7437
f 7323/1726/7439 7321/1724/7437 7322/1725/7438
f 7322/1725/7438 7324/1727/7440 7323/1726/7439
f 7325/1728/7441 7323/1726/7439 7324/1727/7440
f 7324/1727/7440 7326/1729/7442 7325/1728/7441
f 7327/1730/7443 7325/1728/7441 7326/1729/7442
f 7318/1721/7434 7328/1731/7444 7316/1722/7432
f 7329/1732/7445 7316/1722/7432 7328/1731/7444
f 7329/1732/7445 7328/1731/7444 7330/1733/7446
f 7331/1734/7447 7330/1733/7446 7328/1731/7444
f 7330/1733/7446 7331/1734/7447 7332/1735/7448
f 7333/1736/7449 7332/1735/7448 7331/1734/7447
f 7332/1735/7448 7333/1736/7449 7334/1737/7450
f 7335/1738/7451 7334/1737/7450 7333/1736/7449
f 7336/1742/7452 7337/1740/7453 7338/1741/7454
f 7339/1739/7455 7338/1741/7454 7337/1740/7453
f 7336/1742/7452 7340/1743/7456 7337/1740/7453
f 7341/1744/7457 7337/1740/7453 7340/1743/7456
f 7340/1743/7456 7342/1745/7458 7341/1744/7457
f 7343/1746/7459 7341/1744/7457 7342/1745/7458
f 7343/1746/7459 7342/1745/7458 7344/1747/7460
f 7345/1748/7461 7344/1747/7460 7342/1745/7458
f 7344/1747/7460 7345/1748/7461 7346/1749/7462
f 7347/1750/7463 7346/1749/7462 7345/1748/7461
f 7346/1749/7462 7347/1750/7463 7348/1751/7464
f 7349/1752/7465 7348/1751/7464 7347/1750/7463
f 7348/1751/7464 7349/1752/7465 7350/1753/7466
f 7351/1754/7467 7350/1753/7466 7349/1752/7465
f 7350/1753/7466 7351/1754/7467 7352/1755/7468
f 7353/1756/7469 7352/1755/7468 7351/1754/7467
f 7352/1755/7468 7353/1756/7469 7354/1757/7470
f 7355/1758/7471 7354/1757/7470 7353/1756/7469
f 7354/1757/7470 7355/1758/7471 7356/1759/7472
f 7341/1744/7457 7343/1746/7459 7357/1760/7473
f 7341/1744/7457 7357/1760/7473 7337/1740/7453
f 7358/1761/7474 7337/1740/7453 7357/1760/7473
f 7337/1740/7453 7358/1761/7474 7339/1739/7455
f 7359/1762/7475 7339/1739/7455 7358/1761/7474
f 7359/1762/7475 7360/1763/7476 7339/1739/7455
f 7339/1739/7455 7360/1763/7476 7338/1741/7454
f 7361/1764/7477 7338/1741/7454 7360/1763/7476
f 7361/1764/7477 7360/1763/7476 7362/1765/7478
f 7363/1766/7479 7362/1765/7478 7360/1763/7476
f 7360/1763/7476 7359/1762/7475 7363/1766/7479
f 7362/1765/7478 7363/1766/7479 7364/1767/7480
f 7365/1768/7481 7364/1767/7480 7363/1766/7479
f 7364/1767/7480 7365/1768/7481 7366/1769/7482
f 7367/1770/7483 7363/1766/7479 7359/1762/7475
f 7359/1762/7475 7358/1761/7474 7367/1770/7483
f 7363/1766/7479 7367/1770/7483 7368/1768/7484
f 7369/1771/7485 7368/1768/7484 7367/1770/7483
f 7370/1772/7486 7367/1770/7483 7358/1761/7474
f 7367/1770/7483 7370/1772/7486 7369/1771/7485
f 7371/1773/7487 7369/1771/7485 7370/1772/7486
f 7371/1773/7487 7372/1774/7488 7369/1771/7485
f 7373/1769/7489 7369/1771/7485 7372/1774/7488
f 7372/1774/7488 7371/1773/7487 7374/1775/7490
f 7375/1776/7491 7374/1775/7490 7371/1773/7487
f 7371/1773/7487 7370/1772/7486 7375/1776/7491
f 7376/1777/7492 7375/1776/7491 7370/1772/7486
f 7376/1777/7492 7370/1772/7486 7357/1760/7473
f 7358/1761/7474 7357/1760/7473 7370/1772/7486
f 7376/1777/7492 7357/1760/7473 7377/1778/7493
f 7378/1779/7494 7377/1778/7493 7357/1760/7473
f 7378/1779/7494 7357/1760/7473 7343/1746/7459
f 7343/1746/7459 7344/1747/7460 7378/1779/7494
f 7379/1780/7495 7378/1779/7494 7344/1747/7460
f 7378/1779/7494 7379/1780/7495 7377/1778/7493
f 7379/1780/7495 7344/1747/7460 7380/1781/7496
f 7346/1749/7462 7380/1781/7496 7344/1747/7460
f 7346/1749/7462 7348/1751/7464 7380/1781/7496
f 7381/1782/7497 7380/1781/7496 7348/1751/7464
f 7348/1751/7464 7350/1753/7466 7381/1782/7497
f 7382/1783/7498 7381/1782/7497 7350/1753/7466
f 7350/1753/7466 7352/1755/7468 7382/1783/7498
f 7383/1784/7499 7377/1778/7493 7379/1780/7495
f 7380/1781/7496 7384/1785/7500 7379/1780/7495
f 7383/1784/7499 7379/1780/7495 7384/1785/7500
f 7381/1782/7497 7385/1786/7501 7380/1781/7496
f 7384/1785/7500 7380/1781/7496 7385/1786/7501
f 7385/1786/7501 7381/1782/7497 7386/1787/7502
f 7382/1783/7498 7386/1787/7502 7381/1782/7497
f 7382/1783/7498 7352/1755/7468 7386/1787/7502
f 7354/1757/7470 7386/1787/7502 7352/1755/7468
f 7354/1757/7470 7356/1759/7472 7386/1787/7502
f 7387/1788/7503 7386/1787/7502 7356/1759/7472
f 7386/1787/7502 7387/1788/7503 7385/1786/7501
f 7388/1789/7504 7385/1786/7501 7387/1788/7503
f 7385/1786/7501 7388/1789/7504 7384/1785/7500
f 7387/1788/7503 7389/1790/7505 7388/1789/7504
f 7390/1791/7506 7388/1789/7504 7389/1790/7505
f 7391/1792/7507 7384/1785/7500 7388/1789/7504
f 7390/1791/7506 7392/1793/7508 7388/1789/7504
f 7391/1792/7507 7388/1789/7504 7392/1793/7508
f 7383/1784/7499 7384/1785/7500 7393/1794/7509
f 7391/1792/7507 7393/1794/7509 7384/1785/7500
f 7392/1793/7508 7394/1795/7510 7391/1792/7507
f 7393/1794/7509 7391/1792/7507 7394/1795/7510
f 7395/1796/7511 7383/1784/7499 7393/1794/7509
f 7393/1794/7509 7394/1795/7510 7395/1796/7511
f 7396/1797/7512 7395/1796/7511 7394/1795/7510
f 7395/1796/7511 7396/1797/7512 7397/1798/7513
f 7398/1799/7514 7397/1798/7513 7396/1797/7512
f 7397/1798/7513 7398/1799/7514 7375/1776/7491
f 7375/1776/7491 7376/1777/7492 7397/1798/7513
f 7377/1778/7493 7397/1798/7513 7376/1777/7492
f 7395/1796/7511 7397/1798/7513 7377/1778/7493
f 7374/1775/7490 7375/1776/7491 7398/1799/7514
f 7395/1796/7511 7377/1778/7493 7383/1784/7499
f 7389/1790/7505 7399/1788/7515 7400/1800/7516
f 7356/1759/7472 7400/1800/7516 7399/1788/7515
f 7400/1800/7517 7401/1759/7518 7355/1758/7519
f 7369/1771/7520 7402/1769/7521 7403/1768/7521
f 7404/1804/7522 7405/1802/7523 7406/1803/7524
f 7407/1801/7525 7406/1803/7524 7405/1802/7523
f 7406/1803/7524 7407/1801/7525 7408/1805/7526
f 7409/1806/7527 7408/1805/7526 7407/1801/7525
f 7409/1806/7527 7410/1807/7528 7408/1805/7526
f 7411/1808/7529 7408/1805/7526 7410/1807/7528
f 7408/1805/7526 7412/1809/7530 7406/1803/7524
f 7411/1808/7529 7413/1810/7531 7408/1805/7526
f 7412/1809/7530 7408/1805/7526 7413/1810/7531
f 7412/1809/7530 7413/1810/7531 7414/1811/7532
f 7415/1812/7533 7414/1811/7532 7413/1810/7531
f 7415/1812/7533 7416/1813/7534 7414/1811/7532
f 7417/1814/7535 7414/1811/7532 7416/1813/7534
f 7405/1802/7523 7404/1804/7522 7418/1815/7536
f 7419/1816/7537 7418/1815/7536 7404/1804/7522
f 7415/1812/7533 7420/1817/7538 7416/1813/7534
f 7415/1812/7533 7413/1810/7531 7420/1817/7538
f 7421/1818/7539 7416/1813/7534 7420/1817/7538
f 7422/1819/7540 7420/1817/7538 7413/1810/7531
f 7413/1810/7531 7411/1808/7529 7422/1819/7540
f 7423/1820/7541 7422/1819/7540 7411/1808/7529
f 7411/1808/7529 7410/1807/7528 7423/1820/7541
f 7424/1821/7542 7423/1820/7541 7410/1807/7528
f 7409/1806/7527 7425/1822/7543 7410/1807/7528
f 7409/1806/7527 7407/1801/7525 7425/1822/7543
f 7426/1823/7544 7425/1822/7543 7407/1801/7525
f 7407/1801/7525 7405/1802/7523 7426/1823/7544
f 7405/1802/7523 7418/1815/7536 7427/1824/7545
f 7427/1824/7545 7426/1823/7544 7405/1802/7523
f 7428/1825/7546 7427/1824/7545 7418/1815/7536
f 7428/1825/7546 7429/1826/7547 7427/1824/7545
f 7430/1827/7548 7427/1824/7545 7429/1826/7547
f 7427/1824/7545 7430/1827/7548 7426/1823/7544
f 7431/1828/7549 7426/1823/7544 7430/1827/7548
f 7425/1822/7543 7426/1823/7544 7432/1829/7550
f 7431/1828/7549 7432/1829/7550 7426/1823/7544
f 7432/1829/7550 7433/1830/7551 7425/1822/7543
f 7434/1831/7552 7425/1822/7543 7433/1830/7551
f 7434/1831/7552 7410/1807/7528 7425/1822/7543
f 7434/1831/7552 7424/1821/7542 7410/1807/7528
f 7428/1825/7546 7435/1832/7553 7429/1826/7547
f 7428/1825/7546 7436/1833/7554 7435/1832/7553
f 7428/1825/7546 7418/1815/7536 7436/1833/7554
f 7419/1816/7537 7436/1833/7554 7418/1815/7536
f 7437/1834/7555 7435/1832/7553 7436/1833/7554
f 7435/1832/7553 7437/1834/7555 7438/1835/7556
f 7439/1836/7557 7438/1835/7556 7437/1834/7555
f 7439/1836/7557 7440/1837/7558 7438/1835/7556
f 7441/1838/7559 7438/1835/7556 7440/1837/7558
f 7440/1837/7558 7442/1839/7560 7441/1838/7559
f 7443/1840/7561 7441/1838/7559 7442/1839/7560
f 7443/1840/7561 7442/1839/7560 7444/1841/7562
f 7445/1842/7563 7444/1841/7562 7442/1839/7560
f 7445/1842/7563 7446/1843/7564 7444/1841/7562
f 7446/1843/7564 7445/1842/7563 7447/1844/7565
f 7448/1845/7566 7447/1844/7565 7445/1842/7563
f 7447/1844/7565 7448/1845/7566 7449/1846/7567
f 7450/1847/7568 7449/1846/7567 7448/1845/7566
f 7451/1848/7569 7444/1841/7562 7446/1843/7564
f 7447/1844/7565 7449/1846/7567 7452/1849/7570
f 7447/1844/7565 7452/1849/7570 7446/1843/7564
f 7453/1850/7571 7452/1849/7570 7449/1846/7567
f 7454/1851/7572 7446/1843/7564 7452/1849/7570
f 7446/1843/7564 7454/1851/7572 7451/1848/7569
f 7455/1852/7573 7451/1848/7569 7454/1851/7572
f 7443/1840/7561 7456/1853/7574 7441/1838/7559
f 7443/1840/7561 7444/1841/7562 7456/1853/7574
f 7457/1854/7575 7441/1838/7559 7456/1853/7574
f 7458/1855/7576 7456/1853/7574 7444/1841/7562
f 7444/1841/7562 7451/1848/7569 7458/1855/7576
f 7459/1856/7577 7458/1855/7576 7451/1848/7569
f 7459/1856/7577 7451/1848/7569 7460/1857/7578
f 7455/1852/7573 7460/1857/7578 7451/1848/7569
f 7457/1854/7575 7456/1853/7574 7461/1858/7579
f 7461/1858/7579 7462/1859/7580 7457/1854/7575
f 7435/1832/7553 7457/1854/7575 7462/1859/7580
f 7462/1859/7580 7429/1826/7547 7435/1832/7553
f 7435/1832/7553 7438/1835/7556 7457/1854/7575
f 7441/1838/7559 7457/1854/7575 7438/1835/7556
f 7463/1860/7581 7461/1858/7579 7456/1853/7574
f 7456/1853/7574 7458/1855/7576 7463/1860/7581
f 7464/1861/7582 7463/1860/7581 7458/1855/7576
f 7458/1855/7576 7459/1856/7577 7464/1861/7582
f 7464/1861/7582 7459/1856/7577 7465/1862/7583
f 7459/1856/7577 7460/1857/7578 7465/1862/7583
f 7464/1861/7582 7465/1862/7583 7466/1863/7584
f 7467/1864/7585 7466/1863/7584 7465/1862/7583
f 7463/1860/7581 7464/1861/7582 7468/1865/7586
f 7466/1863/7584 7468/1865/7586 7464/1861/7582
f 7461/1858/7579 7463/1860/7581 7469/1866/7587
f 7468/1865/7586 7469/1866/7587 7463/1860/7581
f 7462/1859/7580 7461/1858/7579 7470/1867/7588
f 7469/1866/7587 7470/1867/7588 7461/1858/7579
f 7462/1859/7580 7470/1867/7588 7471/1868/7589
f 7429/1826/7547 7462/1859/7580 7472/1869/7590
f 7471/1868/7589 7472/1869/7590 7462/1859/7580
f 7469/1866/7587 7473/1876/7591 7470/1867/7588
f 7469/1866/7587 7468/1865/7586 7473/1876/7591
f 7474/1877/7592 7470/1867/7588 7473/1876/7591
f 7474/1877/7592 7475/1868/7593 7470/1867/7588
f 7476/1879/7594 7473/1876/7591 7468/1865/7586
f 7468/1865/7586 7466/1863/7584 7476/1879/7594
f 7477/1880/7595 7476/1879/7594 7466/1863/7584
f 7477/1880/7595 7466/1863/7584 7478/1881/7596
f 7467/1864/7585 7478/1881/7596 7466/1863/7584
f 7478/1881/7596 7479/1882/7597 7477/1880/7595
f 7480/1883/7598 7477/1880/7595 7479/1882/7597
f 7476/1879/7594 7477/1880/7595 7481/1884/7599
f 7480/1883/7598 7481/1884/7599 7477/1880/7595
f 7473/1876/7591 7476/1879/7594 7482/1878/7600
f 7481/1884/7599 7482/1878/7600 7476/1879/7594
f 7471/1868/7589 7474/1877/7592 7482/1878/7600
f 7473/1876/7591 7482/1878/7600 7474/1877/7592
f 7480/1883/7598 7479/1882/7597 7483/1885/7601
f 7484/1886/7602 7483/1885/7601 7479/1882/7597
f 7483/1885/7601 7485/1887/7603 7480/1883/7598
f 7481/1884/7599 7480/1883/7598 7485/1887/7603
f 7482/1878/7600 7481/1884/7599 7486/1888/7604
f 7485/1887/7603 7486/1888/7604 7481/1884/7599
f 7482/1878/7600 7486/1888/7604 7471/1868/7589
f 7487/1889/7605 7471/1868/7589 7486/1888/7604
f 7488/1890/7606 7472/1869/7590 7487/1889/7605
f 7488/1890/7606 7487/1889/7605 7489/1907/7607
f 7489/1907/7607 7490/1906/7608 7488/1890/7606
f 7491/1905/7609 7488/1890/7606 7490/1906/7608
f 7487/1889/7605 7492/1908/7610 7489/1907/7607
f 7493/1906/7611 7489/1907/7607 7492/1908/7610
f 7487/1889/7605 7486/1888/7604 7494/1916/7612
f 7494/1916/7612 7492/1908/7610 7487/1889/7605
f 7485/1887/7603 7495/1917/7613 7486/1888/7604
f 7494/1916/7612 7486/1888/7604 7495/1917/7613
f 7483/1885/7601 7496/1918/7614 7485/1887/7603
f 7495/1917/7613 7485/1887/7603 7496/1918/7614
f 7483/1885/7601 7484/1886/7602 7496/1918/7614
f 7497/1919/7615 7496/1918/7614 7484/1886/7602
f 7496/1918/7614 7497/1919/7615 7498/1920/7616
f 7496/1918/7614 7498/1920/7616 7495/1917/7613
f 7499/1921/7617 7498/1920/7616 7497/1919/7615
f 7500/1922/7618 7495/1917/7613 7498/1920/7616
f 7501/1923/7619 7495/1917/7613 7500/1922/7618
f 7501/1923/7619 7494/1916/7612 7495/1917/7613
f 7488/1890/7606 7491/1905/7609 7502/1896/7620
f 7502/1896/7620 7503/1891/7621 7488/1890/7606
f 7472/1869/7590 7488/1890/7606 7503/1891/7621
f 7472/1869/7590 7503/1891/7621 7504/1875/7622
f 7505/1892/7623 7504/1875/7622 7503/1891/7621
f 7505/1892/7623 7506/1871/7624 7504/1875/7622
f 7507/1870/7625 7504/1875/7622 7506/1871/7624
f 7506/1871/7624 7430/1827/7548 7507/1870/7625
f 7506/1871/7624 7508/1872/7626 7430/1827/7548
f 7431/1828/7549 7430/1827/7548 7508/1872/7626
f 7431/1828/7549 7508/1872/7626 7432/1829/7550
f 7509/1873/7627 7432/1829/7550 7508/1872/7626
f 7432/1829/7550 7509/1873/7627 7433/1830/7551
f 7510/1874/7628 7433/1830/7551 7509/1873/7627
f 7429/1826/7547 7507/1870/7625 7430/1827/7548
f 7504/1875/7622 7507/1870/7625 7511/1869/7629
f 7429/1826/7547 7511/1869/7629 7507/1870/7625
f 7505/1892/7623 7512/1893/7630 7506/1871/7624
f 7508/1872/7626 7506/1871/7624 7512/1893/7630
f 7505/1892/7623 7503/1891/7621 7512/1893/7630
f 7512/1893/7630 7513/1894/7631 7508/1872/7626
f 7509/1873/7627 7508/1872/7626 7513/1894/7631
f 7510/1874/7628 7509/1873/7627 7514/1895/7632
f 7513/1894/7631 7514/1895/7632 7509/1873/7627
f 7512/1893/7630 7515/1897/7633 7513/1894/7631
f 7515/1897/7633 7512/1893/7630 7503/1891/7621
f 7516/1898/7634 7513/1894/7631 7515/1897/7633
f 7513/1894/7631 7516/1898/7634 7514/1895/7632
f 7517/1899/7635 7514/1895/7632 7516/1898/7634
f 7515/1897/7633 7503/1891/7621 7518/1900/7636
f 7502/1896/7620 7518/1900/7636 7503/1891/7621
f 7518/1900/7636 7519/1901/7637 7515/1897/7633
f 7516/1898/7634 7515/1897/7633 7519/1901/7637
f 7517/1899/7635 7516/1898/7634 7520/1902/7638
f 7519/1901/7637 7520/1902/7638 7516/1898/7634
f 7518/1900/7636 7502/1896/7620 7521/1903/7639
f 7518/1900/7636 7521/1903/7639 7519/1901/7637
f 7522/1904/7640 7521/1903/7639 7502/1896/7620
f 7522/1904/7640 7502/1896/7620 7491/1905/7609
f 7523/1909/7641 7519/1901/7637 7521/1903/7639
f 7520/1902/7638 7519/1901/7637 7523/1909/7641
f 7491/1905/7609 7524/1910/7642 7522/1904/7640
f 7525/1911/7643 7522/1904/7640 7524/1910/7642
f 7522/1904/7640 7525/1911/7643 7521/1903/7639
f 7491/1905/7609 7526/1906/7644 7524/1910/7642
f 7527/1913/7645 7521/1903/7639 7525/1911/7643
f 7527/1913/7645 7528/1914/7646 7521/1903/7639
f 7523/1909/7641 7521/1903/7639 7528/1914/7646
f 7528/1914/7646 7529/1915/7647 7523/1909/7641
f 7520/1902/7638 7523/1909/7641 7529/1915/7647
f 7530/1963/7648 7524/1910/7642 7526/1906/7644
f 7531/1962/7649 7530/1963/7648 7526/1906/7644
f 7531/1962/7649 7532/1956/7650 7530/1963/7648
f 7532/1956/7650 7531/1962/7649 7533/1954/7651
f 7533/1954/7651 7534/1953/7652 7532/1956/7650
f 7533/1954/7651 7535/1951/7653 7534/1953/7652
f 7536/1952/7654 7534/1953/7652 7535/1951/7653
f 7536/1952/7654 7535/1951/7653 7537/1946/7655
f 7538/1947/7656 7537/1946/7655 7535/1951/7653
f 7537/1946/7655 7538/1947/7656 7539/1943/7657
f 7540/1942/7658 7539/1943/7657 7538/1947/7656
f 7538/1947/7656 7541/1948/7659 7540/1942/7658
f 7541/1948/7659 7538/1947/7656 7542/1949/7660
f 7535/1951/7653 7542/1949/7660 7538/1947/7656
f 7535/1951/7653 7533/1954/7651 7542/1949/7660
f 7542/1949/7660 7543/1912/7661 7541/1948/7659
f 7541/1948/7659 7543/1912/7661 7544/1950/7662
f 7545/1928/7663 7544/1950/7662 7543/1912/7661
f 7545/1928/7663 7543/1912/7661 7492/1908/7610
f 7526/1906/7664 7492/1908/7610 7543/1912/7661
f 7542/1949/7660 7526/1906/7664 7543/1912/7661
f 7545/1928/7663 7492/1908/7610 7494/1916/7612
f 7545/1928/7663 7494/1916/7612 7546/1927/7665
f 7501/1923/7619 7546/1927/7665 7494/1916/7612
f 7501/1923/7619 7547/1929/7666 7546/1927/7665
f 7547/1929/7666 7501/1923/7619 7548/1926/7667
f 7500/1922/7618 7548/1926/7667 7501/1923/7619
f 7548/1926/7667 7500/1922/7618 7549/1925/7668
f 7498/1920/7616 7549/1925/7668 7500/1922/7618
f 7549/1925/7668 7498/1920/7616 7550/1924/7669
f 7499/1921/7617 7550/1924/7669 7498/1920/7616
f 7551/1930/7670 7546/1927/7665 7547/1929/7666
f 7546/1927/7665 7551/1930/7670 7545/1928/7663
f 7552/1931/7671 7545/1928/7663 7551/1930/7670
f 7545/1928/7663 7552/1931/7671 7544/1950/7662
f 7550/1924/7669 7553/1932/7672 7549/1925/7668
f 7554/1933/7673 7549/1925/7668 7553/1932/7672
f 7549/1925/7668 7554/1933/7673 7548/1926/7667
f 7555/1934/7674 7548/1926/7667 7554/1933/7673
f 7548/1926/7667 7555/1934/7674 7547/1929/7666
f 7556/1935/7675 7547/1929/7666 7555/1934/7674
f 7547/1929/7666 7556/1935/7675 7551/1930/7670
f 7553/1932/7672 7557/1936/7676 7554/1933/7673
f 7555/1934/7674 7554/1933/7673 7557/1936/7676
f 7557/1936/7676 7558/1937/7677 7555/1934/7674
f 7556/1935/7675 7555/1934/7674 7558/1937/7677
f 7559/1938/7678 7551/1930/7670 7556/1935/7675
f 7551/1930/7670 7559/1938/7678 7552/1931/7671
f 7556/1935/7675 7558/1937/7677 7559/1938/7678
f 7560/1939/7679 7552/1931/7671 7559/1938/7678
f 7561/1940/7680 7559/1938/7678 7558/1937/7677
f 7559/1938/7678 7561/1940/7680 7560/1939/7679
f 7558/1937/7677 7557/1936/7676 7561/1940/7680
f 7562/1941/7681 7560/1939/7679 7561/1940/7680
f 7560/1939/7679 7563/1942/7682 7552/1931/7671
f 7562/1941/7681 7539/1943/7657 7560/1939/7679
f 7563/1942/7682 7560/1939/7679 7539/1943/7657
f 7564/1944/7683 7557/1936/7676 7553/1932/7672
f 7564/1944/7683 7561/1940/7680 7557/1936/7676
f 7561/1940/7680 7564/1944/7683 7562/1941/7681
f 7565/1945/7684 7562/1941/7681 7564/1944/7683
f 7565/1945/7684 7537/1946/7655 7562/1941/7681
f 7539/1943/7657 7562/1941/7681 7537/1946/7655
f 7537/1946/7655 7565/1945/7684 7536/1952/7654
f 7566/1976/7685 7536/1952/7654 7565/1945/7684
f 7566/1976/7685 7534/1953/7652 7536/1952/7654
f 7566/1976/7685 7567/1957/7686 7534/1953/7652
f 7567/1957/7686 7532/1956/7650 7534/1953/7652
f 7532/1956/7650 7567/1957/7686 7568/1958/7687
f 7569/1959/7688 7568/1958/7687 7567/1957/7686
f 7569/1959/7688 7570/1960/7689 7568/1958/7687
f 7571/1961/7690 7568/1958/7687 7570/1960/7689
f 7568/1958/7687 7530/1963/7648 7532/1956/7650
f 7568/1958/7687 7571/1961/7690 7530/1963/7648
f 7572/1964/7691 7530/1963/7648 7571/1961/7690
f 7524/1910/7642 7530/1963/7648 7572/1964/7691
f 7570/1960/7689 7573/1965/7692 7571/1961/7690
f 7574/1966/7693 7571/1961/7690 7573/1965/7692
f 7574/1966/7693 7573/1965/7692 7575/1967/7694
f 7576/1968/7695 7575/1967/7694 7573/1965/7692
f 7572/1964/7691 7571/1961/7690 7577/1969/7696
f 7574/1966/7693 7577/1969/7696 7571/1961/7690
f 7574/1966/7693 7575/1967/7694 7577/1969/7696
f 7578/1970/7697 7577/1969/7696 7575/1967/7694
f 7575/1967/7694 7576/1968/7695 7578/1970/7697
f 7579/1971/7698 7578/1970/7697 7576/1968/7695
f 7577/1969/7696 7525/1911/7643 7572/1964/7691
f 7524/1910/7642 7572/1964/7691 7525/1911/7643
f 7577/1969/7696 7578/1970/7697 7525/1911/7643
f 7527/1913/7645 7525/1911/7643 7578/1970/7697
f 7578/1970/7697 7579/1971/7698 7527/1913/7645
f 7580/1972/7699 7527/1913/7645 7579/1971/7698
f 7580/1972/7699 7528/1914/7646 7527/1913/7645
f 7580/1972/7699 7529/1915/7647 7528/1914/7646
f 7579/1971/7698 7576/1968/7695 7581/1973/7700
f 7581/1973/7700 7580/1972/7699 7579/1971/7698
f 7582/1974/7701 7581/1973/7700 7576/1968/7695
f 7583/1975/7702 7582/1974/7703 7573/1965/7692
f 7583/1975/7702 7573/1965/7692 7570/1960/7689
f 7583/1975/7702 7570/1960/7689 7569/1959/7688
f 7583/1975/7702 7569/1959/7688 7567/1957/7686
f 7567/1957/7686 7566/1976/7685 7583/1975/7702
f 7584/1968/7704 7573/1965/7692 7582/1974/7703
f 7585/1980/7705 7586/1978/7706 7587/1979/7707
f 7588/1977/7708 7587/1979/7707 7586/1978/7706
f 7588/1977/7708 7589/1981/7709 7587/1979/7707
f 7590/1982/7710 7587/1979/7707 7589/1981/7709
f 7589/1981/7709 7591/1983/7711 7590/1982/7710
f 7592/1984/7712 7590/1982/7710 7591/1983/7711
f 7592/1984/7712 7591/1983/7711 7593/1985/7713
f 7594/1986/7714 7593/1985/7713 7591/1983/7711
f 7593/1985/7713 7594/1986/7714 7595/1987/7715
f 7596/1988/7716 7595/1987/7715 7594/1986/7714
f 7595/1987/7715 7596/1988/7716 7597/1989/7717
f 7598/1990/7718 7597/1989/7717 7596/1988/7716
f 7597/1989/7717 7598/1990/7718 7599/1991/7719
f 7600/1992/7720 7599/1991/7719 7598/1990/7718
f 7436/1833/7554 7419/1816/7537 7601/1993/7721
f 7601/1993/7721 7437/1834/7555 7436/1833/7554
f 7601/1993/7721 7439/1836/7557 7437/1834/7555
f 7471/1868/7589 7487/1889/7605 7472/1869/7590
f 7602/1995/7722 7603/1994/7722 7604/1996/7722
f 7605/1998/7723 7606/1996/7724 7607/1997/7725
f 7608/1994/7726 7607/1997/7725 7606/1996/7724
f 7605/1998/7723 7609/1999/7727 7606/1996/7724
f 7610/2000/7728 7606/1996/7724 7609/1999/7727
f 7609/1999/7727 7611/2001/7729 7610/2000/7728
f 7612/2002/7730 7610/2000/7728 7611/2001/7729
f 7612/2002/7730 7611/2001/7729 7613/2003/7731
f 7614/2004/7732 7613/2003/7731 7611/2001/7729
f 7615/2005/7733 7613/2003/7731 7614/2004/7732
f 7615/2005/7733 7614/2004/7732 7616/2006/7734
f 7615/2005/7733 7616/2006/7734 7617/2007/7735
f 7617/2007/7735 7616/2006/7734 7618/2008/7736
f 7619/2009/7737 7618/2008/7736 7616/2006/7734
f 7619/2009/7737 7620/2010/7738 7618/2008/7736
f 7621/2011/7739 7618/2008/7736 7620/2010/7738
f 7620/2010/7738 7622/2012/7740 7621/2011/7739
f 7623/2013/7741 7621/2011/7739 7622/2012/7740
f 7623/2013/7741 7622/2012/7740 7624/2014/7742
f 7625/2015/7743 7624/2014/7742 7622/2012/7740
f 7624/2014/7742 7625/2015/7743 7626/2016/7744
f 7627/2017/7745 7626/2016/7744 7625/2015/7743
f 7627/2017/7745 7628/2018/7746 7626/2016/7744
f 7629/2019/7747 7626/2016/7744 7628/2018/7746
f 7628/2018/7746 7630/2020/7748 7629/2019/7747
f 7631/2021/7749 7629/2019/7747 7630/2020/7748
f 7631/2021/7749 7630/2020/7748 7632/2022/7750
f 7633/2023/7751 7632/2022/7750 7630/2020/7748
f 7634/2024/7752 7632/2022/7750 7633/2023/7751
f 7633/2023/7751 7635/2025/7753 7634/2024/7752
f 7636/2026/7754 7634/2024/7752 7635/2025/7753
f 7635/2025/7753 7637/2027/7755 7636/2026/7754
f 7638/2028/7756 7636/2026/7754 7637/2027/7755
f 7637/2027/7755 7639/2029/7757 7638/2028/7756
f 7640/2030/7758 7638/2028/7756 7639/2029/7757
f 7639/2029/7757 7641/2031/7759 7640/2030/7758
f 7642/2032/7760 7640/2030/7758 7641/2031/7759
f 7641/2031/7759 7643/2033/7761 7642/2032/7760
f 7644/2034/7762 7642/2032/7760 7643/2033/7761
f 7644/2034/7762 7643/2033/7761 7645/2035/7763
f 7646/2036/7764 7645/2035/7763 7643/2033/7761
f 7645/2035/7763 7646/2036/7764 7647/2037/7765
f 7648/2038/7766 7647/2037/7765 7646/2036/7764
f 7647/2037/7765 7648/2038/7766 7649/2039/7767
f 7650/2040/7768 7649/2039/7767 7648/2038/7766
f 7650/2040/7768 7651/2041/7769 7649/2039/7767
f 7652/2042/7770 7649/2039/7767 7651/2041/7769
f 7652/2042/7770 7651/2041/7769 7653/2043/7771
f 7654/2044/7772 7653/2043/7771 7651/2041/7769
f 7653/2043/7771 7654/2044/7772 7608/1994/7726
f 7607/1997/7725 7608/1994/7726 7654/2044/7772
f 7544/1950/7662 7552/1931/7671 7655/1942/7773
f 7544/1950/7662 7655/1942/7773 7541/1948/7659
f 7656/1955/7774 7542/1949/7660 7657/1954/7775
f 7526/1906/7664 7542/1949/7660 7656/1955/7774
f 7526/1906/7644 7658/1955/7776 7531/1962/7649
f 7658/1955/7776 7533/1954/7651 7531/1962/7649
f 7659/2046/7777 7660/2045/7778 7661/2043/7779
f 7662/2042/7780 7661/2043/7779 7660/2045/7778
f 7663/2022/7781 7664/2047/7781 7665/2021/7781
f 7666/2051/3034 7667/2049/3033 7668/2050/3033
f 7669/2048/3033 7668/2050/3033 7667/2049/3033
f 7669/2048/3033 7670/2052/3033 7668/2050/3033
f 7669/2048/3033 7671/2053/7782 7670/2052/3033
f 7672/2054/7783 7670/2052/3033 7671/2053/7782
f 7671/2053/7782 7673/2055/7784 7672/2054/7783
f 7671/2053/7782 7674/2056/7785 7673/2055/7784
f 7671/2053/7782 7675/2057/7786 7674/2056/7785
f 7676/2049/7787 7677/2051/7788 7678/2059/7789
f 7679/2058/7790 7678/2059/7789 7677/2051/7788
f 7678/2059/7789 7679/2058/7790 7680/2060/7791
f 7681/2061/7792 7680/2060/7791 7679/2058/7790
f 7681/2061/7792 7682/2062/7793 7680/2060/7791
f 7683/2063/7794 7680/2060/7791 7682/2062/7793
f 7682/2062/7793 7684/2064/7795 7683/2063/7794
f 7684/2064/7795 7682/2062/7793 7685/2065/7796
f 7684/2064/7795 7685/2065/7796 7686/2066/7797
f 7687/2067/7798 7686/2066/7797 7685/2065/7796
f 7687/2067/7798 7688/2068/7799 7686/2066/7797
f 7683/2063/7794 7684/2064/7795 7689/2069/7800
f 7690/2070/7801 7689/2069/7800 7684/2064/7795
f 7691/2071/7802 7689/2069/7800 7690/2070/7801
f 7692/2072/7803 7691/2071/7802 7690/2070/7801
f 7692/2072/7803 7693/2073/7804 7691/2071/7802
f 7694/2074/7805 7693/2073/7804 7692/2072/7803
f 7694/2074/7805 7695/2075/7806 7693/2073/7804
f 7696/2079/7807 7697/2077/7808 7698/2078/7809
f 7699/2076/7810 7698/2078/7809 7697/2077/7808
f 7696/2079/7807 7698/2078/7809 7700/2080/7811
f 7701/2081/7812 7700/2080/7811 7698/2078/7809
f 7700/2080/7811 7701/2081/7812 7702/2082/7813
f 7703/2083/7814 7702/2082/7813 7701/2081/7812
f 7702/2082/7813 7703/2083/7814 7704/2084/7815
f 7705/2085/7816 7704/2084/7815 7703/2083/7814
f 7697/2077/7808 7706/2086/7817 7699/2076/7810
f 7706/2086/7817 7707/2087/7818 7699/2076/7810
f 7708/2088/7819 7699/2076/7810 7707/2087/7818
f 7708/2088/7819 7707/2087/7818 7709/2089/7820
f 7708/2088/7819 7709/2089/7820 7710/2090/7821
f 7709/2089/7820 7711/2091/7822 7710/2090/7821
f 7699/2076/7810 7708/2088/7819 7712/2092/7823
f 7713/2093/7824 7712/2092/7823 7708/2088/7819
f 7708/2088/7819 7710/2090/7821 7713/2093/7824
f 7712/2092/7823 7714/2094/7825 7699/2076/7810
f 7698/2078/7809 7699/2076/7810 7714/2094/7825
f 7698/2078/7809 7714/2094/7825 7701/2081/7812
f 7715/2095/7826 7701/2081/7812 7714/2094/7825
f 7701/2081/7812 7715/2095/7826 7703/2083/7814
f 7716/2096/7827 7703/2083/7814 7715/2095/7826
f 7703/2083/7814 7716/2096/7827 7705/2085/7816
f 7717/2097/7828 7705/2085/7816 7716/2096/7827
f 7718/2098/7829 7713/2093/7824 7710/2090/7821
f 7712/2092/7823 7713/2093/7824 7719/2099/7830
f 7720/2100/7831 7719/2099/7830 7713/2093/7824
f 7713/2093/7824 7718/2098/7829 7720/2100/7831
f 7714/2094/7825 7712/2092/7823 7721/2101/7832
f 7719/2099/7830 7721/2101/7832 7712/2092/7823
f 7715/2095/7826 7714/2094/7825 7722/2102/7833
f 7721/2101/7832 7722/2102/7833 7714/2094/7825
f 7715/2095/7826 7722/2102/7833 7716/2096/7827
f 7723/2103/7834 7716/2096/7827 7722/2102/7833
f 7716/2096/7827 7723/2103/7834 7717/2097/7828
f 7724/2104/7835 7717/2097/7828 7723/2103/7834
f 7725/2105/7836 7720/2100/7831 7718/2098/7829
f 7726/2107/3033 7727/2106/3033 7728/2108/3033
f 7726/2107/3033 7729/2109/3033 7727/2106/3033
f 7726/2107/3033 7730/2110/3033 7729/2109/3033
f 7726/2107/3033 7731/2111/3033 7730/2110/3033
f 7726/2107/3033 7732/2112/3033 7731/2111/3033
f 7726/2107/3033 7728/2108/3033 7732/2112/3033
l 4917 4920
