# Blender 4.2.20 LTS
# www.blender.org
mtllib Npc4.mtl
o 5211_Florentino_High
v -0.078997 1.848701 -0.085304
v -0.089574 1.853244 -0.077288
v -0.088521 1.843997 -0.070799
v -0.088521 1.843997 -0.070799
v -0.080329 1.830012 -0.078304
v -0.084304 1.830329 -0.073783
v -0.074090 1.816430 -0.070558
v -0.081039 1.826315 -0.070526
v -0.030466 1.859583 -0.212744
v 0.000677 1.861452 -0.192943
v -0.002536 1.831912 -0.181183
v -0.063649 1.855761 -0.205403
v -0.039106 1.840725 -0.191346
v -0.052367 1.831779 -0.176488
v -0.049963 1.865166 -0.199062
v -0.051102 1.855389 -0.196402
v -0.057483 1.866426 -0.207563
v -0.057483 1.866426 -0.207563
v -0.043067 1.875317 -0.201190
v -0.057483 1.866426 -0.207563
v -0.065575 1.895881 -0.219070
v -0.059461 1.816343 -0.173656
v -0.055897 1.810635 -0.150113
v -0.055897 1.810635 -0.150113
v -0.044075 1.789997 -0.140483
v -0.052367 1.831779 -0.176488
v -0.054850 1.825999 -0.166275
v -0.054850 1.825999 -0.166275
v -0.052367 1.831779 -0.176488
v -0.051102 1.855389 -0.196402
v -0.064363 1.850707 -0.188675
v -0.079436 1.847900 -0.177817
v -0.081086 1.874097 -0.196603
v -0.096937 1.864677 -0.195064
v -0.069400 1.876914 -0.199386
v -0.049963 1.865166 -0.199062
v -0.094830 1.875516 -0.200487
v -0.104430 1.884674 -0.209573
v -0.094354 1.881266 -0.194908
v -0.084104 1.881063 -0.187280
v -0.075705 1.885916 -0.184564
v -0.045292 1.905948 -0.180750
v -0.042522 1.887439 -0.199881
v -0.043067 1.875317 -0.201190
v -0.011489 1.884580 -0.196136
v -0.008683 1.905651 -0.180419
v -0.023978 1.910537 -0.182325
v -0.031043 1.922249 -0.173762
v -0.009532 1.945866 -0.166991
v -0.089574 1.853244 -0.077288
v -0.082556 1.849413 -0.065929
v -0.082556 1.849413 -0.065929
v -0.088521 1.843997 -0.070799
v -0.089574 1.853244 -0.077288
v -0.091915 1.861081 -0.057781
v -0.079138 1.841227 -0.058109
v -0.081039 1.826315 -0.070526
v -0.088521 1.843997 -0.070799
v -0.084304 1.830329 -0.073783
v -0.077228 1.823993 -0.065154
v -0.074995 1.812758 -0.067395
v -0.071888 1.823547 -0.067078
v -0.069891 1.838341 -0.058203
v -0.089822 1.855426 -0.045580
v -0.069991 1.848668 -0.040952
v -0.069645 1.859155 -0.015733
v -0.090407 1.871382 -0.018452
v -0.078800 1.876479 -0.001030
v -0.093382 1.876520 -0.038886
v -0.084986 1.895152 0.000169
v -0.075147 1.898003 0.011754
v -0.087211 1.901459 -0.014252
v -0.081374 1.907922 0.006891
v -0.070510 1.917686 0.018580
v -0.098956 1.875956 -0.044342
v -0.073884 1.919163 0.016832
v -0.062739 1.935536 0.018498
v -0.081010 1.913156 0.006178
v -0.084284 1.911128 -0.011351
v -0.102223 1.862544 -0.074703
v -0.094497 1.849473 -0.075623
v -0.095368 1.908343 -0.038136
v -0.104872 1.884469 -0.060737
v -0.107414 1.855317 -0.101347
v -0.096294 1.842922 -0.099173
v -0.106922 1.867647 -0.080166
v -0.108166 1.860208 -0.121205
v -0.102349 1.852365 -0.120289
v -0.105550 1.877637 -0.144249
v -0.104100 1.872522 -0.126208
v -0.101205 1.869202 -0.107793
v -0.101609 1.879529 -0.092929
v -0.101939 1.895927 -0.081286
v -0.094246 1.920397 -0.069167
v -0.076894 1.951034 -0.056501
v -0.080324 1.940373 -0.023817
v -0.067883 1.961768 -0.022513
v -0.056784 1.972674 -0.050272
v -0.073766 1.938767 -0.003574
v -0.081010 1.913156 0.006178
v -0.073884 1.919163 0.016832
v -0.062739 1.935536 0.018498
v -0.066801 1.946906 0.000936
v -0.049036 1.956724 0.012826
v -0.056008 1.955782 0.003741
v -0.038345 1.967770 0.007462
v -0.073766 1.938767 -0.003574
v -0.043503 1.981026 -0.026890
v -0.034233 1.986873 -0.051507
v -0.057013 1.960119 -0.008180
v -0.066801 1.946906 0.000936
v -0.056008 1.955782 0.003741
v -0.035984 1.978275 -0.005491
v -0.038345 1.967770 0.007462
v -0.022712 1.977132 0.003788
v -0.013462 1.989485 -0.011874
v -0.003115 1.982862 -0.002875
v 0.008685 1.985369 -0.004972
v -0.040345 1.979644 -0.014182
v -0.016414 1.994664 -0.035335
v 0.002255 1.999437 -0.059122
v -0.014599 1.992581 -0.022871
v 0.017347 1.992293 -0.016671
v 0.020937 1.985005 -0.005572
v 0.005225 1.995484 -0.032896
v 0.004045 1.999632 -0.041255
v 0.031855 1.990910 -0.020913
v 0.032494 1.978198 -0.005333
v 0.017506 2.000893 -0.045106
v 0.027360 2.000080 -0.062384
v 0.021234 1.997174 -0.040030
v 0.022341 1.997733 -0.034323
v 0.040820 1.983209 -0.027966
v 0.041276 1.965347 -0.009758
v 0.036814 1.991514 -0.039304
v 0.035459 1.989420 -0.046763
v 0.040986 1.993463 -0.063050
v 0.048255 1.979135 -0.063294
v 0.048299 1.976040 -0.048741
v 0.042896 1.980130 -0.041988
v 0.051570 1.964181 -0.040949
v 0.047115 1.971088 -0.035120
v 0.048403 1.960461 -0.025086
v 0.044254 1.954958 -0.010211
v -0.052367 1.831779 -0.176488
v -0.039106 1.840725 -0.191346
v -0.036655 1.842371 -0.192352
v -0.053524 1.871136 -0.220368
v -0.042818 1.874160 -0.213661
v -0.042818 1.874160 -0.213661
v -0.065575 1.895881 -0.219070
v -0.053524 1.871136 -0.220368
v -0.043038 1.855303 -0.215553
v -0.026603 1.858588 -0.208691
v -0.028788 1.845167 -0.203600
v -0.022549 1.868430 -0.203485
v -0.015040 1.832486 -0.187249
v 0.000677 1.861452 -0.192943
v -0.002536 1.831912 -0.181183
v -0.002932 1.870808 -0.193950
v 0.022897 1.881899 -0.188702
v -0.011489 1.884580 -0.196136
v -0.043067 1.875317 -0.201190
v -0.034649 1.834936 -0.192340
v -0.039106 1.840725 -0.191346
v -0.063649 1.855761 -0.205403
v -0.009532 1.945866 -0.166991
v -0.048593 1.908150 -0.187331
v -0.031043 1.922249 -0.173762
v 0.037234 1.891844 -0.178957
v 0.049226 1.885705 -0.177049
v 0.041556 1.904423 -0.165535
v 0.049226 1.885705 -0.177049
v 0.042442 1.934757 -0.154592
v 0.041556 1.904423 -0.165535
v -0.045292 1.905948 -0.180750
v -0.031043 1.922249 -0.173762
v -0.059270 1.921253 -0.155234
v -0.059270 1.921253 -0.155234
v -0.059688 1.905523 -0.172690
v -0.075705 1.885916 -0.184564
v -0.076276 1.899370 -0.162283
v -0.080714 1.910844 -0.130991
v -0.089772 1.883168 -0.171272
v -0.084104 1.881063 -0.187280
v -0.094354 1.881266 -0.194908
v -0.095987 1.888660 -0.147016
v -0.099269 1.877631 -0.188417
v -0.104430 1.884674 -0.209573
v -0.102309 1.861301 -0.151986
v -0.103336 1.860802 -0.179974
v -0.096937 1.864677 -0.195064
v -0.079436 1.847900 -0.177817
v -0.092084 1.844133 -0.142097
v -0.092084 1.844133 -0.142097
v -0.054850 1.825999 -0.166275
v -0.098664 1.854255 -0.115957
v -0.105113 1.871694 -0.133769
v -0.099593 1.866653 -0.103194
v -0.095568 1.889452 -0.114720
v -0.101609 1.879529 -0.092929
v -0.098235 1.904950 -0.100725
v -0.100128 1.896147 -0.082443
v -0.087693 1.928992 -0.093230
v -0.090626 1.921033 -0.071037
v -0.076277 1.947112 -0.059702
v -0.069716 1.935323 -0.120630
v -0.069716 1.935323 -0.120630
v -0.059270 1.921253 -0.155234
v -0.075029 1.951277 -0.082870
v -0.057216 1.966095 -0.055827
v -0.056147 1.968114 -0.079788
v -0.034161 1.979168 -0.058506
v -0.032000 1.980839 -0.079286
v 0.001847 1.991353 -0.065894
v -0.049987 1.935341 -0.147125
v -0.048116 1.959259 -0.135038
v -0.059270 1.921253 -0.155234
v -0.052367 1.831779 -0.176488
v -0.036655 1.842371 -0.192352
v -0.051102 1.855389 -0.196402
v 0.007098 1.889235 -0.205995
v -0.003337 1.881187 -0.208063
v -0.008840 1.873122 -0.213435
v 0.000573 1.878773 -0.201050
v -0.008840 1.873122 -0.213435
v -0.003337 1.881187 -0.208063
v 0.022897 1.881899 -0.188702
v 0.000677 1.861452 -0.192943
v 0.012298 1.868273 -0.191651
v 0.037292 1.874606 -0.186070
v 0.037234 1.891844 -0.178957
v 0.015304 1.869706 -0.195942
v 0.049226 1.885705 -0.177049
v 0.043046 1.859474 -0.188121
v 0.064192 1.854960 -0.162320
v 0.074177 1.861261 -0.151270
v 0.068043 1.879263 -0.160060
v 0.068129 1.886936 -0.161544
v 0.086753 1.905767 -0.133696
v 0.028967 1.850600 -0.199890
v 0.003989 1.847158 -0.208018
v 0.000054 1.861571 -0.197817
v -0.030466 1.859583 -0.212744
v 0.033991 1.830022 -0.172099
v 0.064192 1.854960 -0.162320
v 0.013161 1.827262 -0.178775
v -0.002536 1.831912 -0.181183
v 0.015833 1.922311 0.029503
v 0.016918 1.912343 0.031167
v 0.012846 1.936334 0.044595
v 0.015833 1.922311 0.029503
v 0.020127 1.917526 0.031867
v 0.022291 1.930104 0.038887
v 0.025917 1.925041 0.027320
v 0.031290 1.936012 0.031464
v 0.025693 1.937167 0.044505
v 0.033142 1.946703 0.030789
v 0.034586 1.942725 0.027382
v 0.034662 1.950094 0.023139
v 0.035683 1.946781 0.018752
v 0.024656 1.959703 0.043130
v 0.029156 1.962738 0.032722
v 0.030103 1.961614 0.025275
v 0.040252 1.951058 0.003743
v 0.016634 1.971786 0.029822
v 0.016212 1.972303 0.038478
v 0.017301 1.947694 0.055285
v -0.001446 1.970042 0.038743
v -0.002737 1.971335 0.028812
v -0.021008 1.958525 0.035592
v 0.012749 1.964940 0.052661
v -0.020759 1.956317 0.043111
v -0.034649 1.944666 0.041092
v -0.002507 1.959652 0.055899
v 0.011094 1.952071 0.059904
v 0.009560 1.948200 0.058625
v -0.032538 1.944371 0.046507
v -0.047564 1.928168 0.045260
v -0.000345 1.949047 0.064685
v -0.024485 1.941234 0.060532
v -0.048190 1.924347 0.050434
v -0.054788 1.904582 0.044882
v 0.002432 1.939836 0.047559
v -0.013478 1.939251 0.047391
v 0.016918 1.912343 0.031167
v 0.010410 1.920883 0.029345
v 0.012366 1.912267 0.032460
v 0.003426 1.921878 0.030560
v 0.005868 1.914248 0.033053
v 0.005868 1.914248 0.033053
v -0.000504 1.945567 0.062964
v -0.015881 1.931733 0.065965
v -0.040950 1.917530 0.061238
v -0.014350 1.929084 0.064381
v -0.027187 1.929240 0.046250
v -0.054707 1.901962 0.050195
v -0.028783 1.912135 0.061669
v -0.014350 1.929084 0.064381
v -0.027663 1.911318 0.058043
v -0.014350 1.929084 0.064381
v -0.027877 1.916501 0.026271
v -0.013095 1.920322 0.028401
v -0.037961 1.914468 0.043323
v -0.045410 1.907734 0.014657
v -0.049035 1.902724 0.039039
v -0.040235 1.893018 0.051933
v -0.039688 1.893052 0.047858
v -0.039688 1.893052 0.047858
v -0.052133 1.893273 0.039327
v -0.053198 1.894802 0.041468
v -0.052252 1.880611 0.039643
v -0.057606 1.883716 0.039621
v -0.061934 1.871388 0.034045
v -0.049223 1.895781 0.052899
v -0.051159 1.879750 0.043961
v -0.052252 1.880611 0.039643
v -0.061934 1.871388 0.034045
v -0.056151 1.881930 0.045837
v -0.061934 1.871388 0.034045
v -0.058412 1.883634 0.044042
v -0.061934 1.871388 0.034045
v -0.058618 1.882979 0.041655
v -0.055265 1.897395 0.044311
v -0.053198 1.894802 0.041468
v -0.057606 1.883716 0.039621
v -0.061934 1.871388 0.034045
v 0.067030 1.847720 -0.044804
v 0.067030 1.847720 -0.044804
v 0.069279 1.828521 -0.052245
v 0.068128 1.828838 -0.054472
v 0.071559 1.843185 -0.044143
v 0.069279 1.828521 -0.052245
v 0.071175 1.855503 -0.038124
v 0.066636 1.859489 -0.038686
v 0.072207 1.868004 -0.031048
v 0.075822 1.868114 -0.051600
v 0.066739 1.870214 -0.028124
v 0.072635 1.853684 -0.053762
v 0.066804 1.879738 -0.018559
v 0.055582 1.889248 -0.002857
v 0.074147 1.882581 -0.020065
v 0.058527 1.892184 -0.000516
v 0.037692 1.909506 0.027204
v 0.058449 1.897767 0.005233
v 0.076537 1.889507 -0.018302
v 0.056015 1.905744 0.014590
v 0.070817 1.841344 -0.054867
v 0.069279 1.828521 -0.052245
v 0.068128 1.828838 -0.054472
v 0.069706 1.841118 -0.057835
v 0.071956 1.853640 -0.057014
v 0.074205 1.866163 -0.056193
v 0.075745 1.867208 -0.066598
v 0.090858 1.878193 -0.052223
v 0.096495 1.872427 -0.083567
v 0.086187 1.862423 -0.083777
v 0.089385 1.861268 -0.091026
v 0.084974 1.892658 -0.017462
v 0.094531 1.882307 -0.060057
v 0.095730 1.865701 -0.096348
v 0.092546 1.860023 -0.103232
v 0.095080 1.863006 -0.103008
v 0.094749 1.864574 -0.110288
v 0.097178 1.877986 -0.089791
v 0.094311 1.870290 -0.103075
v 0.094379 1.867051 -0.105463
v 0.094749 1.864574 -0.110288
v 0.097960 1.888095 -0.072293
v 0.101670 1.885533 -0.093851
v 0.099113 1.876016 -0.116001
v 0.094503 1.866820 -0.116771
v 0.092085 1.905313 -0.046289
v 0.097081 1.909935 -0.050449
v 0.087213 1.898286 -0.022522
v 0.054242 1.927281 0.021942
v 0.050180 1.921268 0.027365
v 0.043416 1.916527 0.028065
v 0.029562 1.919815 0.027568
v 0.041019 1.930155 0.033217
v 0.036214 1.926073 0.032239
v 0.031290 1.936012 0.031464
v 0.025917 1.925041 0.027320
v 0.034586 1.942725 0.027382
v 0.043512 1.939952 0.027306
v 0.035683 1.946781 0.018752
v 0.052519 1.948052 0.005044
v 0.040252 1.951058 0.003743
v 0.034662 1.950094 0.023139
v 0.044254 1.954958 -0.010211
v 0.064124 1.939570 -0.002556
v 0.055401 1.953457 -0.009550
v 0.057604 1.952957 -0.018808
v 0.048403 1.960461 -0.025086
v 0.068692 1.944564 -0.014538
v 0.071856 1.940493 -0.033720
v 0.053798 1.961590 -0.029575
v 0.051570 1.964181 -0.040949
v 0.098402 1.913031 -0.072134
v 0.097402 1.890810 -0.105001
v 0.093507 1.884641 -0.121336
v 0.095853 1.872589 -0.131390
v 0.088250 1.878736 -0.135797
v 0.078082 1.878462 -0.155933
v 0.092283 1.867027 -0.134492
v 0.088415 1.865996 -0.132608
v 0.092445 1.865668 -0.116287
v 0.094311 1.870290 -0.103075
v 0.091516 1.869328 -0.102883
v 0.080447 1.940104 -0.042160
v 0.069193 1.951151 -0.032800
v 0.061252 1.956151 -0.026048
v 0.071688 1.960183 -0.044065
v 0.060814 1.962439 -0.034363
v 0.086097 1.947442 -0.064986
v 0.059470 1.967293 -0.041022
v 0.100112 1.922330 -0.093678
v 0.097402 1.890810 -0.105001
v 0.073877 1.964946 -0.056207
v 0.096810 1.895624 -0.115022
v 0.086967 1.862995 -0.119092
v 0.087952 1.874564 -0.131661
v 0.079186 1.848904 -0.144398
v 0.075309 1.862447 -0.159821
v 0.055938 1.840781 -0.174035
v 0.059164 1.856300 -0.184266
v 0.040958 1.849851 -0.194353
v 0.068043 1.879263 -0.160060
v 0.086753 1.905767 -0.133696
v 0.046690 1.868139 -0.190025
v 0.046892 1.858827 -0.197879
v 0.023699 1.863422 -0.207942
v 0.036868 1.866244 -0.199684
v 0.090937 1.922234 -0.118823
v 0.093672 1.938061 -0.100415
v 0.086581 1.954409 -0.080976
v 0.071754 1.965318 -0.061698
v 0.084400 1.953582 -0.086380
v 0.092758 1.941502 -0.105537
v 0.058943 1.966695 -0.046486
v 0.052566 1.975755 -0.051100
v 0.048299 1.976040 -0.048741
v 0.062707 1.977452 -0.067435
v 0.051768 1.979205 -0.063987
v 0.048255 1.979135 -0.063294
v 0.055207 1.977845 -0.101026
v 0.050816 1.975501 -0.102251
v 0.075892 1.968400 -0.087065
v 0.085547 1.956527 -0.112879
v 0.065453 1.974695 -0.098408
v 0.070576 1.971863 -0.118138
v 0.053836 1.974890 -0.123756
v 0.048968 1.968866 -0.124008
v 0.067860 1.959628 -0.139150
v 0.050958 1.963720 -0.144235
v 0.048441 1.952828 -0.140754
v 0.086315 1.945433 -0.127634
v 0.045347 1.944004 -0.165544
v 0.042442 1.934757 -0.154592
v 0.036086 1.923262 -0.179041
v 0.056330 1.940498 -0.162061
v 0.090977 1.928609 -0.124046
v 0.035232 1.927267 -0.187295
v 0.018082 1.920918 -0.199460
v 0.042623 1.924224 -0.189339
v 0.080113 1.932391 -0.146516
v 0.088744 1.914592 -0.140826
v 0.063876 1.915621 -0.171134
v 0.069706 1.896732 -0.167589
v 0.068129 1.886936 -0.161544
v 0.049226 1.885705 -0.177049
v 0.049130 1.897404 -0.192275
v 0.020852 1.900030 -0.199101
v 0.039336 1.912744 -0.200458
v 0.022321 1.908969 -0.205966
v -0.005057 1.921863 -0.208573
v 0.022267 1.915758 -0.207153
v 0.091508 1.866877 -0.103403
v 0.091508 1.866877 -0.103403
v 0.094311 1.870290 -0.103075
v 0.091516 1.869328 -0.102883
v 0.094379 1.867051 -0.105463
v 0.094311 1.870290 -0.103075
v 0.094749 1.864574 -0.110288
v 0.081745 1.850944 -0.034725
v 0.067221 1.855828 -0.008246
v 0.082021 1.851521 -0.034910
v 0.081745 1.850944 -0.034725
v 0.064655 1.855484 -0.009624
v 0.056553 1.868378 0.012791
v 0.059696 1.870494 0.015805
v 0.044485 1.882945 0.026175
v 0.051401 1.886487 0.032867
v 0.039049 1.893893 0.032275
v 0.038839 1.914463 0.047844
v 0.034904 1.910565 0.039532
v 0.030126 1.919225 0.040390
v 0.032384 1.927624 0.050269
v 0.032384 1.927624 0.050269
v 0.025057 1.923090 0.037005
v 0.025057 1.923090 0.037005
v 0.024718 1.937503 0.043472
v 0.024718 1.937503 0.043472
v 0.025057 1.923090 0.037005
v 0.017521 1.923056 0.025976
v 0.021186 1.917186 0.028256
v -0.062264 1.805810 -0.004761
v -0.051905 1.797398 -0.002613
v -0.061465 1.810751 -0.010705
v -0.063820 1.810014 -0.003980
v -0.051905 1.797398 -0.002613
v -0.062264 1.805810 -0.004761
v -0.013478 1.939251 0.047391
v 0.022897 1.881899 -0.188702
v 0.012298 1.868273 -0.191651
v 0.015304 1.869706 -0.195942
v 0.000054 1.861571 -0.197817
v 0.000677 1.861452 -0.192943
v -0.030466 1.859583 -0.212744
v 0.002255 1.999437 -0.059122
v 0.001847 1.991353 -0.065894
v 0.027360 2.000080 -0.062384
v -0.034161 1.979168 -0.058506
v -0.034233 1.986873 -0.051507
v -0.056784 1.972674 -0.050272
v -0.057216 1.966095 -0.055827
v -0.076894 1.951034 -0.056501
v -0.076277 1.947112 -0.059702
v -0.094246 1.920397 -0.069167
v -0.090626 1.921033 -0.071037
v -0.100128 1.896147 -0.082443
v -0.101939 1.895927 -0.081286
v -0.101609 1.879529 -0.092929
v -0.005057 1.921863 -0.208573
v 0.018082 1.920918 -0.199460
v 0.020852 1.900030 -0.199101
v 0.036086 1.923262 -0.179041
v 0.049226 1.885705 -0.177049
v 0.042442 1.934757 -0.154592
v -0.071809 1.904733 -0.158216
v -0.077678 1.909513 -0.155573
v -0.069098 1.924775 -0.150774
v -0.093355 1.894830 -0.160861
v -0.090101 1.885717 -0.164569
v -0.100431 1.874169 -0.172158
v -0.086905 1.889039 -0.176094
v -0.048593 1.908150 -0.187331
v -0.031043 1.922249 -0.173762
v -0.059270 1.921253 -0.155234
v -0.069098 1.924775 -0.150774
v -0.059270 1.921253 -0.155234
v -0.049987 1.935341 -0.147125
v -0.069098 1.924775 -0.150774
v -0.056536 1.940517 -0.144343
v -0.048116 1.959259 -0.135038
v -0.011489 1.884580 -0.196136
v -0.003337 1.881187 -0.208063
v -0.014917 1.877707 -0.213358
v -0.029473 1.879639 -0.204896
v -0.051683 1.882508 -0.216436
v -0.092084 1.844133 -0.142097
v -0.070177 1.835799 -0.169907
v -0.054850 1.825999 -0.166275
v -0.091829 1.844883 -0.163226
v -0.081248 1.840128 -0.177203
v -0.095361 1.853264 -0.181531
v -0.102349 1.852365 -0.120289
v -0.104100 1.872522 -0.126208
v -0.105550 1.877637 -0.144249
v -0.101205 1.869202 -0.107793
v -0.096294 1.842922 -0.099173
v -0.089574 1.853244 -0.077288
v -0.101609 1.879529 -0.092929
v -0.094497 1.849473 -0.075623
v -0.091915 1.861081 -0.057781
v -0.089574 1.853244 -0.077288
v -0.096294 1.842922 -0.099173
v -0.036655 1.842371 -0.192352
v -0.039106 1.840725 -0.191346
v -0.034649 1.834936 -0.192340
v -0.015040 1.832486 -0.187249
v -0.018589 1.806395 -0.171433
v -0.004713 1.803447 -0.172080
v -0.002536 1.831912 -0.181183
v -0.045390 1.812118 -0.184264
v -0.063649 1.855761 -0.205403
v -0.059461 1.816343 -0.173656
v -0.038807 1.791334 -0.156341
v -0.044075 1.789997 -0.140483
v -0.031779 1.765092 -0.131706
v -0.024889 1.789913 -0.161682
v -0.011345 1.762320 -0.145698
v 0.010322 1.763536 -0.146316
v 0.013208 1.804461 -0.168854
v 0.029804 1.809759 -0.164789
v 0.032185 1.765105 -0.133647
v 0.013161 1.827262 -0.178775
v 0.033991 1.830022 -0.172099
v 0.060183 1.827300 -0.150783
v 0.064192 1.854960 -0.162320
v 0.074177 1.861261 -0.151270
v 0.076891 1.837465 -0.137332
v 0.086967 1.862995 -0.119092
v 0.060114 1.817107 -0.137628
v 0.082167 1.835426 -0.099102
v 0.097402 1.890810 -0.105001
v 0.080799 1.878698 -0.070852
v 0.059697 1.836739 -0.075108
v 0.076699 1.819897 -0.120190
v 0.072083 1.809408 -0.090203
v 0.063708 1.815009 -0.082590
v 0.057695 1.793797 -0.088596
v 0.061562 1.801026 -0.113789
v 0.065851 1.793795 -0.094078
v 0.058125 1.783792 -0.102838
v 0.049112 1.779964 -0.098311
v 0.044999 1.781683 -0.125738
v -0.052367 1.831779 -0.176488
v -0.055897 1.810635 -0.150113
v -0.059461 1.816343 -0.173656
v -0.063649 1.855761 -0.205403
v -0.051728 1.854106 -0.205423
v -0.057483 1.866426 -0.207563
v -0.051102 1.855389 -0.196402
v -0.037373 1.843707 -0.199272
v -0.036655 1.842371 -0.192352
v -0.015040 1.832486 -0.187249
v -0.028788 1.845167 -0.203600
v -0.043038 1.855303 -0.215553
v -0.057483 1.866426 -0.207563
v -0.053524 1.871136 -0.220368
v -0.065575 1.895881 -0.219070
v -0.049555 1.952484 0.035387
v -0.061127 1.932667 0.039479
v -0.068290 1.939263 0.023024
v -0.047564 1.928168 0.045260
v -0.034649 1.944666 0.041092
v -0.054788 1.904582 0.044882
v -0.035013 1.966423 0.027907
v -0.021008 1.958525 0.035592
v -0.053840 1.960245 0.016658
v -0.068290 1.939263 0.023024
v -0.074350 1.920905 0.022525
v -0.071420 1.907632 0.036264
v -0.019240 1.974338 0.023100
v -0.002737 1.971335 0.028812
v -0.058367 1.892947 0.042457
v -0.053198 1.894802 0.041468
v -0.053198 1.894802 0.041468
v 0.000279 1.978363 0.021717
v 0.016634 1.971786 0.029822
v 0.024656 1.977645 0.014894
v 0.030103 1.961614 0.025275
v 0.036449 1.965042 0.007373
v 0.040252 1.951058 0.003743
v 0.041221 1.967436 -0.001716
v 0.044254 1.954958 -0.010211
v 0.041276 1.965347 -0.009758
v 0.032494 1.978198 -0.005333
v 0.031506 1.980412 0.000644
v 0.020937 1.985005 -0.005572
v 0.016825 1.987076 -0.000767
v 0.008685 1.985369 -0.004972
v -0.002674 1.985956 0.001020
v -0.003115 1.982862 -0.002875
v -0.022712 1.977132 0.003788
v -0.027896 1.979752 0.008468
v -0.038345 1.967770 0.007462
v -0.041631 1.970067 0.010489
v -0.049036 1.956724 0.012826
v -0.062739 1.935536 0.018498
v -0.068290 1.939263 0.023024
v -0.070510 1.917686 0.018580
v -0.079882 1.899145 0.016200
v -0.075147 1.898003 0.011754
v -0.084258 1.881923 0.001758
v -0.078877 1.883917 0.027928
v -0.083035 1.873396 0.014175
v -0.062761 1.882734 0.038405
v -0.054583 1.886787 0.039277
v -0.052240 1.878448 0.035885
v -0.069900 1.868125 0.030202
v -0.077480 1.855634 0.016069
v -0.092465 1.860257 -0.013273
v -0.091439 1.869692 -0.017672
v -0.098441 1.859071 -0.039717
v -0.098365 1.869271 -0.039546
v -0.103946 1.872833 -0.059136
v -0.062202 1.862809 0.025726
v -0.058850 1.879031 0.019203
v -0.049035 1.902724 0.039039
v -0.045410 1.907734 0.014657
v -0.054583 1.886787 0.039277
v -0.052240 1.878448 0.035885
v -0.057461 1.880009 0.005981
v -0.067070 1.859214 -0.001217
v -0.071093 1.849711 0.009048
v -0.081396 1.841212 -0.014841
v -0.077989 1.850106 -0.022429
v -0.086722 1.841160 -0.031793
v -0.085336 1.849024 -0.037714
v -0.095916 1.848403 -0.057639
v -0.090320 1.844926 -0.028359
v -0.089483 1.850150 -0.026875
v -0.088545 1.846363 -0.014015
v -0.088105 1.851600 -0.013852
v -0.094210 1.850233 -0.043640
v -0.098043 1.854674 -0.062429
v -0.106402 1.865164 -0.063842
v -0.106202 1.863249 -0.074368
v -0.107905 1.873651 -0.073483
v -0.107157 1.871146 -0.081027
v -0.105438 1.878735 -0.070397
v -0.107844 1.886838 -0.083207
v -0.107734 1.885206 -0.088174
v -0.104944 1.889039 -0.080500
v -0.098927 1.908431 -0.096603
v -0.088771 1.912071 -0.148750
v -0.098725 1.903671 -0.132179
v -0.099845 1.886180 -0.159393
v -0.085484 1.939034 -0.125606
v -0.075728 1.925538 -0.143454
v -0.087105 1.933288 -0.095496
v -0.063632 1.939947 -0.140475
v -0.071538 1.961493 -0.116097
v -0.075029 1.951277 -0.082870
v -0.048116 1.959259 -0.135038
v -0.057185 1.973110 -0.109351
v -0.056147 1.968114 -0.079788
v -0.036417 1.973773 -0.129786
v -0.035579 1.983565 -0.097218
v -0.032000 1.980839 -0.079286
v -0.022124 1.983352 -0.116528
v -0.093254 1.902805 -0.129893
v -0.099845 1.886180 -0.159393
v -0.098725 1.903671 -0.132179
v -0.087105 1.933288 -0.095496
v -0.088771 1.912071 -0.148750
v -0.099845 1.886180 -0.159393
v -0.093254 1.902805 -0.129893
v -0.069716 1.935323 -0.120630
v -0.087105 1.933288 -0.095496
v -0.075029 1.951277 -0.082870
v -0.075728 1.925538 -0.143454
v -0.063632 1.939947 -0.140475
v -0.048116 1.959259 -0.135038
v -0.099593 1.866653 -0.103194
v -0.101609 1.879529 -0.092929
v -0.089574 1.853244 -0.077288
v -0.088467 1.847668 -0.095624
v -0.078997 1.848701 -0.085304
v -0.098664 1.854255 -0.115957
v -0.059032 1.836739 -0.075108
v -0.089323 1.834470 -0.122453
v -0.092084 1.844133 -0.142097
v -0.073862 1.819580 -0.103073
v -0.049532 1.810949 -0.093974
v -0.085032 1.829266 -0.152772
v -0.091829 1.844883 -0.163226
v -0.064449 1.812198 -0.121442
v -0.056926 1.803710 -0.126947
v -0.059589 1.803921 -0.105658
v -0.038534 1.787883 -0.105956
v -0.063670 1.812704 -0.137124
v -0.050154 1.787150 -0.116496
v -0.031779 1.765092 -0.131706
v -0.044075 1.789997 -0.140483
v -0.055897 1.810635 -0.150113
v -0.054850 1.825999 -0.166275
v -0.070177 1.835799 -0.169907
v -0.081248 1.840128 -0.177203
v -0.089956 1.837962 -0.170162
v -0.095361 1.853264 -0.181531
v 0.074177 1.861261 -0.151270
v 0.086967 1.862995 -0.119092
v 0.079186 1.848904 -0.144398
v 0.055938 1.840781 -0.174035
v 0.055972 1.856426 -0.174097
v 0.068043 1.879263 -0.160060
v 0.046690 1.868139 -0.190025
v 0.041466 1.853068 -0.190386
v 0.040958 1.849851 -0.194353
v 0.036868 1.866244 -0.199684
v 0.023699 1.863422 -0.207942
v -0.008683 1.905651 -0.180419
v -0.013678 1.911956 -0.184978
v -0.009532 1.945866 -0.166991
v -0.011489 1.884580 -0.196136
v -0.025630 1.889410 -0.202850
v -0.029473 1.879639 -0.204896
v -0.051683 1.882508 -0.216436
v -0.042818 1.874160 -0.213661
v -0.043067 1.875317 -0.201190
v -0.065575 1.895881 -0.219070
v -0.022549 1.868430 -0.203485
v -0.002932 1.870808 -0.193950
v -0.011489 1.884580 -0.196136
v 0.000573 1.878773 -0.201050
v -0.003337 1.881187 -0.208063
v 0.022897 1.881899 -0.188702
v 0.008420 1.873830 -0.200255
v -0.008840 1.873122 -0.213435
v -0.046031 1.971789 -0.132956
v -0.075421 1.958667 -0.124111
v -0.060490 1.971495 -0.102013
v -0.064833 1.960544 -0.140463
v -0.082856 1.945798 -0.136447
v -0.078776 1.948744 -0.145667
v -0.090065 1.935417 -0.145654
v 0.089385 1.861268 -0.091026
v 0.092546 1.860023 -0.103232
v 0.091508 1.866877 -0.103403
v 0.094749 1.864574 -0.110288
v 0.030126 1.919225 0.040390
v 0.037774 1.936756 0.031511
v 0.025057 1.923090 0.037005
v 0.045453 1.934949 0.029855
v 0.053943 1.924940 0.025135
v 0.034904 1.910565 0.039532
v 0.039049 1.893893 0.032275
v 0.063538 1.907248 0.009735
v 0.044485 1.882945 0.026175
v 0.056553 1.868378 0.012791
v 0.070639 1.891457 -0.006059
v 0.064655 1.855484 -0.009624
v 0.072964 1.876743 -0.020999
v 0.081745 1.850944 -0.034725
v 0.081694 1.862230 -0.039517
v 0.094194 1.854232 -0.047393
v 0.037774 1.936756 0.031511
v 0.045453 1.934949 0.029855
v 0.030526 1.939730 0.036938
v 0.040356 1.933881 0.041155
v 0.047278 1.920955 0.038606
v 0.053943 1.924940 0.025135
v 0.059913 1.896968 0.023858
v 0.063538 1.907248 0.009735
v 0.068440 1.879789 0.005886
v 0.070639 1.891457 -0.006059
v 0.072922 1.866282 -0.013692
v 0.072964 1.876743 -0.020999
v 0.081694 1.862230 -0.039517
v 0.084426 1.856553 -0.036528
v 0.094194 1.854232 -0.047393
v 0.082021 1.851521 -0.034910
v 0.081745 1.850944 -0.034725
v 0.067221 1.855828 -0.008246
v 0.059696 1.870494 0.015805
v 0.051401 1.886487 0.032867
v 0.038839 1.914463 0.047844
v 0.032384 1.927624 0.050269
v 0.024718 1.937503 0.043472
v 0.017521 1.923056 0.025976
v 0.021789 1.922188 0.021879
v 0.037774 1.936756 0.031511
v 0.027535 1.921788 0.026816
v 0.027535 1.921788 0.026816
v 0.021186 1.917186 0.028256
v 0.025057 1.923090 0.037005
v 0.037774 1.936756 0.031511
v -0.038099 1.914043 0.043125
v -0.027187 1.932300 0.046250
v -0.048583 1.931676 0.000325
v -0.061811 1.904795 -0.008598
v -0.050456 1.874673 0.036270
v -0.077825 1.869581 -0.024505
v -0.057903 1.836513 0.013566
v -0.079301 1.840105 -0.026330
v -0.077844 1.824916 -0.029518
v -0.060906 1.818559 -0.004758
v -0.058390 1.818946 0.002412
v -0.061465 1.810751 -0.010705
v -0.076565 1.810264 -0.029436
v -0.056072 1.810091 -0.001118
v -0.058390 1.818946 0.002412
v -0.051905 1.797398 -0.002613
v -0.065522 1.798477 -0.018075
v -0.062264 1.805810 -0.004761
v -0.072320 1.797683 -0.028545
v -0.064040 1.779987 -0.024466
v -0.055690 1.780548 -0.011093
v -0.062502 1.766771 -0.016780
v -0.058617 1.791425 -0.007457
v -0.062264 1.805810 -0.004761
v -0.057550 1.767274 -0.010697
v -0.065098 1.755347 -0.005304
v -0.028606 1.951331 0.004623
v -0.048583 1.931676 0.000325
v -0.027187 1.932300 0.046250
v -0.009556 1.929941 0.030152
v 0.000662 1.938466 0.027098
v -0.014557 1.956292 0.000751
v -0.028606 1.951331 0.004623
v -0.014557 1.956292 0.000751
v -0.007892 1.947577 0.020048
v -0.019774 1.940315 0.022446
v -0.009556 1.929941 0.030152
v 0.000662 1.938466 0.027098
v -0.027187 1.932300 0.046250
v -0.038151 1.928336 0.024783
v -0.048583 1.931676 0.000325
v -0.038099 1.914043 0.043125
v -0.052539 1.911028 0.024434
v -0.061811 1.904795 -0.008598
v -0.050456 1.874673 0.036270
v -0.062840 1.873248 0.009143
v -0.072725 1.838149 -0.008548
v -0.077825 1.869581 -0.024505
v -0.079301 1.840105 -0.026330
v -0.057903 1.836513 0.013566
v -0.077844 1.824916 -0.029518
v -0.063990 1.819417 -0.002144
v -0.058390 1.818946 0.002412
v -0.074512 1.821099 -0.012253
v -0.076565 1.810264 -0.029436
v -0.073747 1.808966 -0.015002
v -0.072320 1.797683 -0.028545
v -0.070935 1.797437 -0.016200
v -0.064040 1.779987 -0.024466
v -0.063820 1.810014 -0.003980
v -0.056072 1.810091 -0.001118
v -0.058390 1.818946 0.002412
v -0.051905 1.797398 -0.002613
v -0.062264 1.805810 -0.004761
v -0.058617 1.791425 -0.007457
v -0.062185 1.779263 -0.015101
v -0.062502 1.766771 -0.016780
v -0.055690 1.780548 -0.011093
v -0.061990 1.767586 -0.012536
v -0.065098 1.755347 -0.005304
v -0.057550 1.767274 -0.010697
v -0.034775 1.946694 -0.001093
v -0.027463 1.938025 0.010889
v -0.038013 1.929246 0.009232
v -0.046539 1.938199 -0.002658
v -0.058133 1.900519 0.006517
v -0.049676 1.947093 -0.023488
v -0.035291 1.953461 -0.022327
v -0.066016 1.923987 -0.031536
v -0.068438 1.913320 -0.010436
v -0.076484 1.883145 -0.021200
v -0.065022 1.866715 0.001573
v -0.079175 1.883477 -0.042695
v -0.081098 1.850101 -0.030076
v -0.066974 1.840526 -0.007557
v -0.082692 1.852489 -0.053794
v -0.080253 1.826472 -0.034346
v -0.077989 1.831613 -0.053710
v -0.065784 1.822024 -0.012804
v -0.073218 1.808930 -0.051578
v -0.075858 1.806416 -0.035269
v -0.065853 1.806085 -0.018097
v -0.067382 1.791821 -0.047278
v -0.062497 1.794554 -0.023599
v -0.069397 1.792530 -0.034189
v -0.059129 1.777568 -0.041225
v -0.061106 1.778205 -0.031848
v -0.055512 1.780033 -0.027965
v -0.050934 1.757013 -0.028359
v -0.013964 1.885854 -0.215827
v -0.014917 1.877707 -0.213358
v -0.003337 1.881187 -0.208063
v -0.051683 1.882508 -0.216436
v 0.007098 1.889235 -0.205995
v -0.016038 1.892971 -0.213063
v 0.004025 1.898717 -0.205013
v -0.023770 1.895808 -0.209760
v -0.025630 1.889410 -0.202850
v -0.010107 1.913046 -0.192121
v -0.013678 1.911956 -0.184978
v 0.001059 1.913005 -0.194979
v -0.006480 1.942805 -0.177468
v -0.009532 1.945866 -0.166991
v 0.008950 1.941053 -0.187491
v 0.014982 1.912542 -0.194982
v 0.024929 1.896155 -0.194002
v 0.011017 1.879372 -0.206785
v -0.008840 1.873122 -0.213435
v 0.008420 1.873830 -0.200255
v 0.022897 1.881899 -0.188702
v 0.037234 1.891844 -0.178957
v 0.036381 1.922550 -0.181477
v 0.041556 1.904423 -0.165535
v 0.042442 1.934757 -0.154592
v 0.027957 1.935385 -0.186542
v 0.042127 1.942435 -0.166553
v 0.048441 1.952828 -0.140754
v 0.015288 1.963106 -0.172012
v 0.046861 1.961437 -0.144164
v 0.048968 1.968866 -0.124008
v 0.037224 1.955838 -0.170408
v -0.006431 1.961572 -0.159698
v 0.040655 1.974300 -0.146544
v 0.017672 1.980503 -0.149947
v 0.043326 1.980169 -0.126502
v 0.018010 1.986387 -0.131919
v -0.002559 1.977413 -0.145726
v 0.043691 1.985321 -0.108246
v 0.050816 1.975501 -0.102251
v 0.048255 1.979135 -0.063294
v 0.020674 1.990737 -0.117443
v 0.042863 1.989497 -0.082553
v 0.040986 1.993463 -0.063050
v 0.027360 2.000080 -0.062384
v 0.029961 1.997987 -0.091849
v 0.015555 1.998234 -0.091216
v 0.001246 1.984075 -0.127059
v -0.017156 1.967247 -0.160317
v 0.005142 2.001466 -0.080131
v 0.001847 1.991353 -0.065894
v -0.016487 1.996669 -0.086446
v -0.032000 1.980839 -0.079286
v -0.006921 1.990084 -0.104392
v -0.039154 1.990655 -0.099698
v -0.060490 1.971495 -0.102013
v 0.006533 1.987180 -0.114874
v -0.002240 1.991869 -0.112709
v -0.022124 1.983352 -0.116528
v -0.061646 1.978156 -0.122839
v -0.075421 1.958667 -0.124111
v -0.046031 1.971789 -0.132956
v -0.064833 1.960544 -0.140463
v -0.013810 1.988435 -0.129602
v -0.036417 1.973773 -0.129786
v -0.073590 1.965134 -0.135248
v -0.078776 1.948744 -0.145667
v -0.082192 1.950134 -0.141336
v -0.082856 1.945798 -0.136447
v -0.090065 1.935417 -0.145654
v -0.009513 1.981971 -0.145910
v -0.023578 1.983383 -0.144359
v -0.034412 1.969850 -0.158575
v -0.048116 1.959259 -0.135038
v -0.026157 1.947990 -0.174089
v -0.047103 1.948938 -0.171876
v -0.056536 1.940517 -0.144343
v -0.038937 1.926200 -0.182180
v -0.048593 1.908150 -0.187331
v -0.063190 1.929185 -0.178714
v -0.069098 1.924775 -0.150774
v -0.075889 1.912941 -0.176154
v -0.086905 1.889039 -0.176094
v -0.077678 1.909513 -0.155573
v -0.093631 1.891887 -0.172572
v -0.100431 1.874169 -0.172158
v -0.093355 1.894830 -0.160861
v -0.080641 1.583949 0.041169
v -0.081118 1.590809 0.045656
v -0.067615 1.600112 0.028976
v -0.075522 1.586603 0.049020
v -0.067615 1.600112 0.028976
v -0.068875 1.576923 0.053184
v -0.072255 1.568511 0.046975
v -0.048582 1.554605 0.059298
v 0.082462 1.584476 0.040762
v 0.069105 1.603471 0.031879
v 0.083840 1.591615 0.048140
v 0.069105 1.603471 0.031879
v 0.078618 1.588542 0.051441
v 0.071264 1.578072 0.056092
v 0.075772 1.569979 0.050009
v 0.049097 1.555506 0.061411
v 0.039478 1.688132 -0.017034
v 0.034895 1.710002 -0.040847
v 0.048923 1.703105 -0.018163
v 0.048923 1.703105 -0.018163
v 0.056132 1.663222 0.015319
v 0.039478 1.688132 -0.017034
v 0.050454 1.655171 0.017942
v 0.034358 1.696746 -0.007639
v 0.034895 1.710002 -0.040847
v 0.062446 1.679332 0.018372
v 0.071136 1.620250 0.052298
v 0.074459 1.640237 0.055461
v 0.044908 1.658605 0.024641
v 0.058728 1.613948 0.056568
v 0.078760 1.637446 0.055490
v 0.074284 1.615661 0.051222
v 0.058249 1.608995 0.055886
v 0.083874 1.649701 0.053437
v 0.047232 1.618439 0.064507
v 0.080869 1.653591 0.052243
v 0.089967 1.654285 0.046483
v 0.051078 1.621689 0.064162
v 0.049878 1.635020 0.071461
v 0.089381 1.660431 0.043374
v 0.091859 1.651271 0.038906
v 0.052537 1.637921 0.069160
v 0.074507 1.688914 0.011553
v 0.093829 1.655450 0.034603
v 0.043769 1.670336 0.035504
v 0.045684 1.644850 0.076758
v 0.044533 1.641525 0.077716
v 0.058282 1.708562 -0.024526
v 0.033062 1.645799 0.081229
v 0.033736 1.641780 0.082594
v 0.024648 1.672516 0.041704
v 0.022694 1.641124 0.083613
v 0.024177 1.637790 0.084427
v 0.020849 1.696768 0.000256
v 0.015877 1.634532 0.083234
v 0.018654 1.632186 0.083937
v 0.010836 1.660550 0.039624
v 0.012926 1.624446 0.079375
v 0.016112 1.623041 0.080884
v 0.007983 1.688360 0.000434
v 0.016619 1.709120 -0.031426
v 0.010288 1.643655 0.032641
v 0.016862 1.615397 0.071551
v 0.020543 1.614464 0.071453
v 0.011794 1.609365 0.066751
v 0.013157 1.605986 0.066174
v -0.000000 1.676071 -0.006094
v 0.000028 1.704402 -0.030829
v 0.000333 1.725121 -0.019949
v 0.024494 1.729587 -0.028914
v 0.050393 1.717203 -0.055964
v 0.049972 1.741330 -0.058972
v -0.000000 1.606341 0.064698
v -0.000000 1.602691 0.065004
v -0.000000 1.638807 0.031116
v -0.000000 1.676071 -0.006094
v 0.057269 1.721393 -0.073848
v 0.057380 1.750427 -0.081342
v 0.060565 1.730858 -0.100037
v 0.059760 1.757798 -0.100236
v 0.040427 1.766038 -0.141858
v 0.073563 1.700244 -0.049963
v 0.061442 1.702096 -0.036321
v 0.061593 1.707364 -0.030864
v 0.085180 1.676289 -0.018792
v 0.083465 1.674421 -0.021639
v 0.078508 1.685117 0.003773
v 0.073408 1.677096 -0.005268
v 0.090648 1.640981 0.009946
v 0.089476 1.636924 0.010899
v 0.086460 1.636358 0.028959
v 0.083496 1.632695 0.031853
v 0.059044 1.610824 0.043513
v 0.039974 1.642160 0.010493
v 0.044503 1.648758 0.012211
v 0.058747 1.605348 0.039832
v 0.039974 1.642160 0.010493
v 0.067550 1.578036 0.058345
v 0.070415 1.571398 0.053602
v 0.079248 1.591510 0.053809
v 0.070023 1.618468 0.040376
v 0.044503 1.648758 0.012211
v 0.071264 1.578072 0.056092
v 0.070415 1.571398 0.053602
v 0.078618 1.588542 0.051441
v 0.075772 1.569979 0.050009
v 0.083840 1.591615 0.048140
v 0.049097 1.555506 0.061411
v 0.048289 1.560363 0.063056
v 0.086441 1.596078 0.048144
v 0.045591 1.606508 0.045686
v 0.039974 1.642160 0.010493
v 0.043939 1.558484 0.067793
v 0.037402 1.554235 0.068094
v 0.055218 1.574236 0.075478
v 0.059254 1.574469 0.073162
v 0.054941 1.579089 0.084338
v 0.048828 1.611311 0.049171
v 0.083962 1.587144 0.040684
v 0.082462 1.584476 0.040762
v 0.078292 1.617875 0.032836
v 0.090869 1.624341 0.018733
v 0.067573 1.654205 0.012131
v 0.081025 1.652078 -0.002254
v 0.083465 1.674421 -0.021639
v 0.057898 1.584481 0.083134
v 0.041827 1.619434 0.054908
v 0.036064 1.655028 0.017074
v 0.018558 1.650402 0.025151
v 0.048866 1.584627 0.091654
v 0.046724 1.578077 0.090249
v 0.026379 1.617396 0.060928
v 0.010962 1.644794 0.022015
v 0.031611 1.577288 0.096700
v 0.033751 1.572348 0.095409
v 0.014071 1.611458 0.058598
v 0.007221 1.639574 0.015566
v 0.007221 1.639574 0.015566
v 0.017873 1.562577 0.095479
v 0.019904 1.559070 0.094364
v 0.009679 1.604296 0.054771
v 0.013275 1.549955 0.089666
v 0.016095 1.549713 0.090338
v 0.013266 1.590656 0.051674
v 0.019432 1.543277 0.082757
v 0.022042 1.544317 0.084358
v 0.028621 1.536988 0.074296
v 0.033512 1.536927 0.074244
v 0.022062 1.523073 0.068227
v -0.000000 1.634571 0.012237
v -0.000000 1.583913 0.049924
v -0.000000 1.583913 0.049924
v 0.018946 1.527106 0.072274
v 0.018946 1.527106 0.072274
v -0.000000 1.516488 0.068161
v -0.000000 1.521029 0.072377
v -0.000000 1.583913 0.049924
v -0.000000 1.521029 0.072377
v -0.000000 1.634571 0.012237
v -0.007228 1.639503 0.015629
v -0.000000 1.639045 0.023514
v -0.000000 1.639045 0.023514
v 0.007221 1.639574 0.015566
v 0.010962 1.644794 0.022015
v -0.000000 1.521029 0.072377
v -0.018946 1.527106 0.072274
v -0.028621 1.536988 0.074296
v -0.013266 1.590656 0.051674
v -0.000000 1.634571 0.012237
v -0.007228 1.639503 0.015629
v -0.022062 1.523073 0.068228
v -0.000000 1.516488 0.068161
v -0.000000 1.521029 0.072377
v -0.033512 1.536927 0.074244
v -0.022042 1.544317 0.084358
v -0.019432 1.543277 0.082757
v -0.016095 1.549713 0.090338
v -0.013275 1.549955 0.089667
v -0.019904 1.559070 0.094365
v -0.009679 1.604296 0.054771
v -0.017873 1.562577 0.095479
v -0.033752 1.572348 0.095409
v -0.014071 1.611458 0.058598
v -0.010964 1.644770 0.022041
v -0.031611 1.577288 0.096700
v -0.046724 1.578077 0.090249
v -0.026380 1.617396 0.060928
v -0.018565 1.650359 0.025203
v -0.047489 1.583773 0.091081
v -0.054941 1.579090 0.084338
v -0.040401 1.618539 0.054627
v -0.035350 1.654461 0.016434
v -0.043722 1.644884 0.010602
v -0.043722 1.644884 0.010602
v -0.056731 1.583489 0.082589
v -0.056367 1.573661 0.074986
v -0.047714 1.610842 0.049161
v -0.059254 1.574469 0.073162
v -0.043424 1.557584 0.065680
v -0.036888 1.553334 0.065981
v -0.048582 1.554605 0.059298
v -0.045168 1.604696 0.043257
v -0.047775 1.559462 0.060943
v -0.035839 1.641027 0.010714
v -0.043722 1.644884 0.010602
v -0.057350 1.606601 0.039323
v -0.066898 1.569931 0.050568
v -0.072255 1.568511 0.046975
v -0.068875 1.576923 0.053184
v -0.065162 1.576888 0.055437
v -0.066898 1.569931 0.050568
v -0.076152 1.589571 0.051388
v -0.075522 1.586603 0.049020
v -0.081118 1.590809 0.045656
v -0.068998 1.617152 0.039168
v -0.070099 1.653483 0.010616
v -0.083718 1.595271 0.045660
v -0.072700 1.618520 0.029452
v -0.082141 1.586617 0.041091
v -0.080641 1.583949 0.041169
v -0.089624 1.622477 0.016741
v -0.085895 1.663003 -0.011170
v 0.037402 1.554235 0.068094
v 0.034028 1.588942 0.051063
v 0.055218 1.574236 0.075478
v 0.055218 1.574236 0.075478
v 0.034028 1.588942 0.051063
v 0.054941 1.579089 0.084338
v 0.054941 1.579089 0.084338
v 0.034028 1.588942 0.051063
v 0.046724 1.578077 0.090249
v 0.033751 1.572348 0.095409
v 0.019904 1.559070 0.094364
v 0.016095 1.549713 0.090338
v 0.016095 1.549713 0.090338
v 0.034028 1.588942 0.051063
v 0.022042 1.544317 0.084358
v 0.033512 1.536927 0.074244
v 0.049097 1.555506 0.061411
v 0.034028 1.588942 0.051063
v 0.037402 1.554235 0.068094
v -0.057350 1.606601 0.039323
v -0.043722 1.644884 0.010602
v -0.033512 1.536927 0.074244
v -0.021923 1.584962 0.044857
v -0.029560 1.587953 0.053160
v -0.022062 1.523073 0.068228
v -0.033512 1.536927 0.074244
v 0.002194 1.584949 0.035367
v -0.000000 1.516488 0.068161
v 0.022062 1.523073 0.068227
v 0.021794 1.585498 0.044529
v 0.033512 1.536927 0.074244
v 0.034028 1.588942 0.051063
v -0.036888 1.553334 0.065981
v -0.056367 1.573661 0.074986
v -0.056367 1.573661 0.074986
v -0.029560 1.587953 0.053160
v -0.054941 1.579090 0.084338
v -0.054941 1.579090 0.084338
v -0.029560 1.587953 0.053160
v -0.046724 1.578077 0.090249
v -0.029560 1.587953 0.053160
v -0.033752 1.572348 0.095409
v -0.019904 1.559070 0.094365
v -0.016095 1.549713 0.090338
v -0.016095 1.549713 0.090338
v -0.022042 1.544317 0.084358
v -0.029560 1.587953 0.053160
v -0.033512 1.536927 0.074244
v -0.048582 1.554605 0.059298
v -0.036888 1.553334 0.065981
v -0.029560 1.587953 0.053160
v -0.056715 1.750969 -0.081342
v -0.042244 1.741647 -0.060791
v -0.045831 1.740241 -0.054235
v -0.020336 1.732654 -0.038157
v -0.045831 1.740241 -0.054235
v -0.023829 1.730732 -0.028914
v 0.000333 1.727178 -0.027380
v 0.000333 1.725121 -0.019949
v -0.056715 1.750969 -0.081342
v -0.051114 1.752237 -0.080691
v -0.059094 1.757872 -0.100236
v -0.059094 1.757872 -0.100236
v -0.051935 1.758353 -0.102637
v -0.039762 1.766038 -0.138562
v -0.030266 1.765466 -0.136587
v 0.018558 1.650402 0.025151
v 0.038977 1.665514 0.022922
v 0.036064 1.655028 0.017074
v 0.015544 1.659396 0.032435
v 0.036014 1.671939 0.029146
v 0.049878 1.635020 0.071461
v 0.036064 1.655028 0.017074
v 0.047232 1.618439 0.064507
v 0.044503 1.648758 0.012211
v 0.058249 1.608995 0.055886
v 0.074284 1.615661 0.051222
v 0.074284 1.615661 0.051222
v 0.067573 1.654205 0.012131
v 0.067573 1.654205 0.012131
v 0.044533 1.641525 0.077716
v 0.024320 1.670903 0.034338
v 0.033736 1.641780 0.082594
v 0.024177 1.637790 0.084427
v 0.017116 1.665796 0.035229
v 0.018654 1.632186 0.083937
v 0.015544 1.659396 0.032435
v 0.016112 1.623041 0.080884
v 0.020543 1.614464 0.071453
v 0.018558 1.650402 0.025151
v 0.010962 1.644794 0.022015
v 0.013157 1.605986 0.066174
v -0.000000 1.639045 0.023514
v -0.000000 1.602691 0.065004
v -0.013157 1.605986 0.066174
v -0.010964 1.644770 0.022041
v -0.020543 1.614464 0.071453
v -0.018565 1.650359 0.025203
v -0.015266 1.659337 0.032554
v -0.016113 1.623041 0.080884
v -0.018426 1.632106 0.084301
v -0.038699 1.665455 0.023041
v -0.016838 1.665736 0.035349
v -0.024145 1.637859 0.084683
v -0.035735 1.671880 0.029266
v -0.015266 1.659337 0.032554
v -0.024042 1.670843 0.034458
v -0.033736 1.641780 0.082594
v -0.044533 1.641525 0.077716
v -0.049564 1.634917 0.071461
v -0.035350 1.654461 0.016434
v -0.018565 1.650359 0.025203
v -0.046757 1.619668 0.063036
v -0.043722 1.644884 0.010602
v -0.058426 1.608949 0.053832
v -0.074836 1.615938 0.050008
v -0.074836 1.615938 0.050008
v -0.070099 1.653483 0.010616
v -0.070099 1.653483 0.010616
v -0.079129 1.637506 0.055410
v -0.070099 1.653483 0.010616
v -0.083660 1.649466 0.052643
v -0.089634 1.654126 0.046193
v -0.089634 1.654126 0.046193
v -0.091661 1.651570 0.038447
v -0.091661 1.651570 0.038447
v -0.070099 1.653483 0.010616
v -0.070099 1.653483 0.010616
v -0.084265 1.633265 0.031345
v -0.084265 1.633265 0.031345
v -0.070099 1.653483 0.010616
v -0.089476 1.636924 0.010907
v -0.085895 1.663003 -0.011170
v -0.007228 1.639503 0.015629
v -0.010964 1.644770 0.022041
v -0.000000 1.639045 0.023514
v -0.059094 1.757872 -0.100236
v -0.061714 1.728179 -0.101241
v -0.061714 1.728179 -0.101241
v -0.039762 1.766038 -0.138562
v -0.059094 1.757872 -0.100236
v -0.056715 1.750969 -0.081342
v -0.057434 1.722785 -0.076694
v -0.073694 1.700092 -0.049910
v -0.045831 1.740241 -0.054235
v -0.061514 1.704211 -0.035771
v -0.084969 1.677101 -0.016369
v -0.052538 1.718511 -0.054946
v -0.034094 1.710440 -0.039830
v -0.023829 1.730732 -0.028914
v -0.016566 1.709120 -0.031424
v 0.000333 1.725121 -0.019949
v 0.000028 1.704402 -0.030829
v -0.062395 1.709402 -0.030386
v -0.073940 1.678171 -0.005035
v -0.058902 1.709843 -0.023717
v -0.078350 1.685494 0.004186
v -0.020849 1.696768 0.000256
v -0.035240 1.696239 -0.008146
v -0.039478 1.688181 -0.017168
v -0.049204 1.704005 -0.017876
v -0.050454 1.655171 0.018007
v -0.074825 1.689206 0.011677
v -0.094944 1.655689 0.034931
v -0.007983 1.688359 0.000434
v -0.000000 1.676071 -0.006094
v -0.010288 1.643655 0.032641
v -0.044263 1.669732 0.035345
v -0.024648 1.672516 0.041704
v -0.045533 1.658641 0.024361
v -0.010836 1.660563 0.039624
v -0.052223 1.637818 0.069160
v -0.050604 1.622919 0.062691
v -0.045684 1.644850 0.076758
v -0.049564 1.634917 0.071461
v -0.046757 1.619668 0.063036
v -0.044533 1.641525 0.077716
v -0.058905 1.613902 0.054514
v -0.058426 1.608949 0.053832
v -0.074836 1.615938 0.050008
v -0.033062 1.645799 0.081229
v -0.033736 1.641780 0.082594
v -0.071687 1.620527 0.051084
v -0.079129 1.637506 0.055410
v -0.022726 1.641055 0.083358
v -0.024145 1.637859 0.084683
v -0.016106 1.634612 0.082871
v -0.018426 1.632106 0.084301
v -0.012926 1.624446 0.079375
v -0.016113 1.623041 0.080884
v -0.016862 1.615398 0.071551
v -0.020543 1.614464 0.071453
v -0.011794 1.609365 0.066751
v -0.013157 1.605986 0.066174
v -0.000000 1.638807 0.031116
v -0.000000 1.676071 -0.006094
v -0.000000 1.606341 0.064698
v -0.000000 1.602691 0.065004
v 0.372872 1.485768 -0.154854
v 0.368107 1.473758 -0.154873
v 0.331701 1.500459 -0.118076
v 0.372872 1.485768 -0.154854
v 0.336889 1.509726 -0.115213
v 0.296065 1.515388 -0.084920
v 0.303376 1.524256 -0.079690
v 0.257723 1.562833 -0.067245
v 0.265752 1.567382 -0.059060
v 0.223780 1.587387 -0.051313
v 0.229379 1.593732 -0.041930
v 0.214460 1.610834 -0.051536
v 0.218070 1.621014 -0.043536
v 0.177810 1.657013 -0.068342
v 0.182809 1.665117 -0.065319
v 0.149311 1.682566 -0.074245
v 0.144218 1.672921 -0.077594
v 0.283049 1.596224 -0.076333
v 0.302781 1.557016 -0.079218
v 0.291683 1.558802 -0.082521
v 0.291683 1.558802 -0.082521
v 0.276082 1.588276 -0.078202
v 0.254017 1.609548 -0.067340
v 0.258149 1.619321 -0.062450
v 0.238103 1.611348 -0.058516
v 0.234522 1.621145 -0.050205
v -0.207094 1.597990 -0.225623
v -0.207094 1.597990 -0.225623
v -0.227226 1.555247 -0.226678
v -0.225008 1.552691 -0.218337
v -0.212998 1.599981 -0.230790
v -0.227226 1.555247 -0.226678
v -0.232970 1.592557 -0.232157
v -0.205493 1.627052 -0.221959
v -0.237568 1.611974 -0.226568
v -0.209267 1.637266 -0.225988
v -0.181607 1.659459 -0.204376
v -0.250706 1.625384 -0.214445
v -0.191004 1.671031 -0.205571
v -0.229767 1.652454 -0.206215
v -0.156035 1.690118 -0.189358
v -0.147628 1.679551 -0.189956
v -0.123658 1.701037 -0.181590
v -0.114039 1.691200 -0.183429
v -0.110188 1.713235 -0.158820
v -0.118455 1.721038 -0.156370
v -0.161945 1.707040 -0.167572
v -0.168991 1.715968 -0.136626
v -0.124738 1.722941 -0.131236
v -0.210752 1.710791 -0.141658
v -0.219880 1.701476 -0.173575
v -0.258855 1.707906 -0.146883
v -0.254463 1.649880 -0.181354
v -0.295371 1.620906 -0.146978
v -0.266684 1.629102 -0.197194
v -0.286705 1.610837 -0.166882
v -0.318034 1.581609 -0.147918
v -0.289599 1.608688 -0.179188
v -0.309060 1.573239 -0.165038
v -0.309814 1.571932 -0.173101
v -0.335022 1.545045 -0.148953
v -0.318970 1.542659 -0.172108
v -0.344033 1.516910 -0.148990
v -0.316806 1.538694 -0.114591
v -0.338739 1.509071 -0.148022
v -0.344033 1.516910 -0.148990
v -0.344033 1.516910 -0.148990
v -0.323022 1.541594 -0.115104
v -0.307163 1.569806 -0.107402
v -0.302938 1.567839 -0.108079
v -0.288952 1.591539 -0.101895
v -0.292946 1.593707 -0.100357
v -0.276861 1.608854 -0.087801
v -0.273482 1.606054 -0.089808
v -0.259903 1.608661 -0.071572
v -0.262373 1.611551 -0.068334
v -0.076907 1.145823 -0.191390
v -0.077747 1.156824 -0.203718
v -0.121799 1.121642 -0.206128
v -0.121799 1.121642 -0.206128
v -0.119613 1.114967 -0.196878
v 0.003621 1.155999 -0.186268
v 0.005199 1.160339 -0.205720
v -0.061483 1.117284 -0.214993
v 0.003621 1.155999 -0.186268
v -0.060704 1.114095 -0.204010
v -0.205346 1.520873 0.017172
v -0.176483 1.571086 0.016685
v -0.207299 1.524767 0.030539
v -0.205346 1.520873 0.017172
v -0.174515 1.565842 0.005021
v -0.143016 1.607916 -0.008519
v -0.145250 1.614230 0.001612
v -0.107857 1.655642 -0.030139
v -0.108805 1.661288 -0.023822
v -0.087157 1.685234 -0.044567
v 0.207779 1.608494 -0.232101
v 0.136024 1.649795 -0.228178
v 0.138637 1.637932 -0.222330
v 0.138637 1.637932 -0.222330
v 0.209263 1.599651 -0.225125
v -0.132928 1.637538 -0.221025
v -0.130773 1.651163 -0.227816
v -0.203392 1.611285 -0.231591
v -0.132928 1.637538 -0.221025
v -0.205435 1.602067 -0.223899
v 0.411465 1.387902 -0.164261
v 0.446452 1.338004 -0.193396
v 0.417902 1.395776 -0.164081
v 0.438365 1.333738 -0.189952
v 0.446452 1.338004 -0.193396
v 0.464725 1.274913 -0.196021
v 0.457412 1.267586 -0.194714
v -0.494853 1.099777 -0.100182
v -0.492543 1.113892 -0.102658
v -0.505307 1.113980 -0.131082
v -0.516661 1.101361 -0.125922
v -0.499484 1.096364 -0.097427
v -0.512929 1.103284 -0.130501
v -0.505307 1.113980 -0.131082
v -0.518808 1.123458 -0.149822
v -0.539868 1.117928 -0.150154
v -0.539335 1.121021 -0.154486
v -0.529563 1.136979 -0.160089
v -0.538677 1.146252 -0.160637
v -0.571432 1.124071 -0.143988
v -0.571696 1.120140 -0.138235
v -0.568032 1.156815 -0.136040
v -0.599149 1.130007 -0.121949
v -0.597612 1.124792 -0.118546
v -0.568147 1.170041 -0.097554
v -0.607240 1.138573 -0.077079
v -0.607334 1.132232 -0.076473
v -0.585728 1.138143 -0.046173
v -0.586495 1.144782 -0.046206
v -0.554484 1.141025 -0.041392
v -0.551465 1.177046 -0.069798
v -0.554485 1.148819 -0.040143
v -0.518375 1.146256 -0.049220
v -0.515849 1.156116 -0.044849
v -0.509217 1.175236 -0.050840
v -0.498466 1.167091 -0.054202
v -0.494939 1.136043 -0.042491
v -0.499374 1.132355 -0.044363
v -0.488283 1.135537 -0.070830
v -0.484845 1.114301 -0.058821
v -0.492543 1.113892 -0.102658
v -0.489422 1.110837 -0.059875
v -0.494853 1.099777 -0.100182
v -0.499484 1.096364 -0.097427
v 0.115613 1.703431 -0.121842
v 0.115613 1.703431 -0.121842
v 0.127787 1.698335 -0.126160
v 0.100537 1.716775 -0.163530
v 0.100537 1.716775 -0.163530
v 0.090611 1.714117 -0.161768
v 0.058008 1.726580 -0.189318
v 0.054153 1.722392 -0.183219
v -0.000000 1.729303 -0.196729
v 0.000003 1.724640 -0.189355
v -0.114455 1.705410 -0.121975
v -0.100537 1.716767 -0.163116
v -0.128286 1.700562 -0.125499
v -0.090611 1.714087 -0.161153
v -0.100537 1.716767 -0.163116
v -0.058015 1.726544 -0.183439
v -0.054160 1.722415 -0.177347
v -0.000000 1.729303 -0.196729
v 0.000003 1.724640 -0.189355
v 0.093010 1.790844 -0.112447
v 0.105413 1.788429 -0.113776
v 0.081470 1.779603 -0.109179
v 0.081470 1.779603 -0.109179
v 0.105771 1.746310 -0.114452
v 0.074989 1.739694 -0.110455
v 0.100793 1.709212 -0.119725
v 0.076770 1.714327 -0.110557
v 0.115613 1.703431 -0.128909
v -0.105413 1.788429 -0.113776
v -0.093010 1.790844 -0.112447
v -0.081360 1.779703 -0.109098
v -0.105759 1.746323 -0.114492
v -0.081360 1.779703 -0.109098
v -0.074910 1.739694 -0.110455
v -0.101295 1.709080 -0.119975
v -0.076770 1.714327 -0.110557
v -0.114455 1.705410 -0.129377
v 0.569968 1.021399 -0.070313
v 0.569968 1.021399 -0.070313
v 0.574664 1.049005 -0.087859
v 0.557426 1.046573 -0.078484
v 0.581933 1.023080 -0.079452
v 0.574664 1.049005 -0.087859
v 0.581870 1.016254 -0.077827
v 0.576267 0.994271 -0.072199
v 0.566729 0.996163 -0.064860
v 0.574337 0.988466 -0.071209
v 0.552636 0.967433 -0.058282
v 0.557588 0.964436 -0.063553
v 0.554801 0.958929 -0.057181
v 0.582122 1.056614 -0.058716
v 0.571945 1.023130 -0.059202
v 0.562744 1.051561 -0.060412
v 0.582122 1.056614 -0.058716
v 0.587343 1.026082 -0.054959
v 0.587370 1.020751 -0.054201
v 0.580588 0.997130 -0.050610
v 0.568712 0.998197 -0.054669
v 0.579221 0.992581 -0.049761
v 0.564828 0.967248 -0.045557
v 0.554826 0.968314 -0.048564
v 0.557188 0.958889 -0.048589
v 0.568074 1.048231 -0.113455
v 0.549921 1.046739 -0.114831
v 0.551504 1.045774 -0.105004
v 0.557426 1.046573 -0.078484
v 0.574664 1.049005 -0.087859
v 0.555515 1.046333 -0.087815
v 0.562457 1.053289 -0.050093
v 0.582122 1.056614 -0.058716
v 0.562744 1.051561 -0.060412
v 0.522660 1.091347 -0.064232
v 0.521679 1.089040 -0.050798
v 0.543081 1.089640 -0.041198
v 0.534151 1.089764 -0.031131
v 0.543081 1.089640 -0.041198
v 0.520187 1.084575 -0.042927
v 0.526227 1.075930 -0.019648
v 0.517476 1.064999 -0.030925
v 0.524992 1.062617 -0.015856
v 0.517350 1.042236 -0.020481
v 0.521064 1.044312 -0.010837
v 0.513259 1.029586 -0.002222
v 0.510538 1.032557 0.003935
v 0.499524 1.028516 -0.005586
v 0.503036 1.042425 -0.024642
v 0.502865 1.066310 -0.035780
v 0.494165 1.045509 -0.014864
v 0.497050 1.030807 -0.000268
v 0.493217 1.065689 -0.019969
v 0.495351 1.080313 -0.023458
v 0.504161 1.090782 -0.047657
v 0.495830 1.099249 -0.035122
v 0.501864 1.097878 -0.057207
v 0.493982 1.118679 -0.051296
v 0.522660 1.091347 -0.064232
v 0.503986 1.123143 -0.083947
v 0.500751 1.135569 -0.065040
v 0.506142 1.146522 -0.081621
v 0.505934 1.135152 -0.101556
v 0.505648 1.153021 -0.085090
v 0.502900 1.140610 -0.103057
v 0.507556 1.138889 -0.124228
v 0.513315 1.113266 -0.096252
v 0.510166 1.132577 -0.122911
v 0.525192 1.140263 -0.142280
v 0.520928 1.148112 -0.141939
v 0.543130 1.155356 -0.145984
v 0.538872 1.169087 -0.147212
v 0.549842 1.165362 -0.134020
v 0.546117 1.175260 -0.137804
v 0.550744 1.181700 -0.121136
v 0.553751 1.170625 -0.117391
v 0.546830 1.187885 -0.094777
v 0.523805 1.110676 -0.140860
v 0.517288 1.109734 -0.122414
v 0.539152 1.117975 -0.148024
v 0.563629 1.130784 -0.132878
v 0.568563 1.136442 -0.108638
v 0.552595 1.173732 -0.092453
v 0.553244 1.125937 -0.144972
v 0.564492 1.097575 -0.145640
v 0.549698 1.089093 -0.149182
v 0.534182 1.082844 -0.137154
v 0.574221 1.102212 -0.126174
v 0.574080 1.070108 -0.142760
v 0.539329 1.172753 -0.073005
v 0.534227 1.186688 -0.075709
v 0.516318 1.169548 -0.072383
v 0.530705 1.081754 -0.116231
v 0.559960 1.063667 -0.145083
v 0.519159 1.162809 -0.069591
v 0.505648 1.153021 -0.085090
v 0.506142 1.146522 -0.081621
v 0.513883 1.144499 -0.052635
v 0.500751 1.135569 -0.065040
v 0.533440 1.144785 -0.051560
v 0.508296 1.128214 -0.035295
v 0.493982 1.118679 -0.051296
v 0.495830 1.099249 -0.035122
v 0.545903 1.059954 -0.131867
v 0.553831 1.144090 -0.061142
v 0.567346 1.140309 -0.080824
v 0.579882 1.109388 -0.102515
v 0.579635 1.074236 -0.122227
v 0.528271 1.122830 -0.029891
v 0.546045 1.111856 -0.038114
v 0.569152 1.117250 -0.050073
v 0.579811 1.114284 -0.072240
v 0.589230 1.080876 -0.093207
v 0.502652 1.104937 -0.017684
v 0.502142 1.084694 -0.014386
v 0.495351 1.080313 -0.023458
v 0.518895 1.103183 -0.015684
v 0.500170 1.070212 -0.010669
v 0.493217 1.065689 -0.019969
v 0.515581 1.082387 -0.011372
v 0.534151 1.089764 -0.031131
v 0.543081 1.089640 -0.041198
v 0.526227 1.075930 -0.019648
v 0.513052 1.069631 -0.006972
v 0.524992 1.062617 -0.015856
v 0.569426 1.084523 -0.032998
v 0.553728 1.071372 -0.035590
v 0.511606 1.047877 -0.003906
v 0.521064 1.044312 -0.010837
v 0.510538 1.032557 0.003935
v 0.497050 1.030807 -0.000268
v 0.498651 1.047943 -0.009417
v 0.494165 1.045509 -0.014864
v 0.575508 1.072439 -0.031168
v 0.562289 1.060815 -0.033923
v 0.584098 1.091418 -0.042447
v 0.593359 1.034059 -0.022811
v 0.582416 1.027173 -0.026843
v 0.588109 1.078889 -0.038942
v 0.589897 1.086693 -0.064974
v 0.590934 1.075210 -0.054892
v 0.604195 1.036703 -0.027675
v 0.594496 1.027627 -0.021070
v 0.586440 1.004311 -0.021094
v 0.592794 1.073069 -0.066697
v 0.582122 1.056614 -0.058716
v 0.604523 1.032891 -0.043018
v 0.603823 1.027761 -0.026655
v 0.603772 1.024093 -0.039574
v 0.596637 1.006944 -0.016790
v 0.607364 1.004912 -0.022188
v 0.607341 1.003016 -0.036143
v 0.604910 0.999275 -0.022240
v 0.604674 0.996736 -0.034113
v 0.596747 1.001630 -0.016155
v 0.586115 0.971658 -0.018071
v 0.592625 0.973653 -0.014131
v 0.592381 0.965178 -0.016826
v 0.599444 0.967214 -0.017003
v 0.599767 0.964775 -0.027483
v 0.592381 0.965178 -0.016826
v -0.234069 1.688250 -0.075078
v -0.212224 1.658479 -0.065861
v -0.225609 1.649223 -0.047490
v -0.225609 1.649223 -0.047490
v -0.200044 1.646887 -0.055657
v -0.214951 1.625510 -0.023969
v -0.188707 1.637514 -0.042476
v -0.225619 1.613590 -0.041763
v -0.225619 1.613590 -0.041763
v -0.180773 1.631860 -0.031153
v -0.215436 1.593018 -0.024119
v -0.199454 1.607369 0.003726
v -0.201721 1.576024 0.000652
v -0.165328 1.633012 -0.009859
v -0.184203 1.585022 0.016235
v -0.182616 1.613845 0.020340
v -0.153401 1.630113 0.006066
v -0.169784 1.587957 0.029016
v -0.167009 1.616439 0.032069
v -0.135159 1.621006 0.025738
v -0.157654 1.587341 0.038507
v -0.145055 1.609909 0.046443
v -0.117124 1.602176 0.039257
v -0.137065 1.577109 0.052924
v -0.126967 1.592481 0.056690
v -0.108162 1.573894 0.050796
v -0.118345 1.570685 0.062504
v -0.128004 1.555022 0.059927
v -0.114967 1.552136 0.068239
v -0.098626 1.547415 0.053947
v -0.091961 1.543320 0.057416
v -0.117247 1.539398 0.072500
v -0.130540 1.534134 0.060195
v -0.111036 1.515945 0.065434
v -0.101982 1.520502 0.075304
v -0.088453 1.523982 0.062400
v -0.068552 1.467136 0.070484
v 0.168538 1.148881 -0.008162
v 0.168575 1.124982 -0.010860
v 0.168575 1.124982 -0.010860
v 0.156924 1.149685 -0.001268
v 0.189251 1.099035 -0.024610
v 0.177502 1.094667 -0.023129
v 0.178874 1.129856 -0.012614
v 0.168538 1.148881 -0.008162
v 0.195602 1.068560 -0.027992
v 0.182058 1.065422 -0.026790
v 0.190273 1.045864 -0.024010
v 0.182930 1.048979 -0.024422
v 0.179903 1.176714 -0.032517
v 0.173835 1.176589 -0.033389
v 0.156924 1.149685 -0.001268
v 0.194283 1.139098 -0.041203
v 0.187697 1.183813 -0.080909
v 0.205093 1.108514 -0.075320
v 0.199345 1.142046 -0.080715
v 0.195891 1.141950 -0.112124
v 0.180378 1.181103 -0.122379
v 0.185204 1.132484 -0.137363
v 0.156908 1.170931 -0.148295
v 0.196506 1.104337 -0.125019
v 0.174869 1.127120 -0.139279
v 0.148676 1.168412 -0.149049
v 0.184512 1.100699 -0.127846
v 0.211649 1.071450 -0.078939
v 0.194955 1.076712 -0.127549
v 0.182771 1.076597 -0.128448
v 0.189760 1.047495 -0.142440
v 0.177328 1.048442 -0.138364
v 0.195931 1.043290 -0.022144
v 0.190524 1.005876 0.002631
v 0.179143 1.003778 0.006839
v 0.209898 0.985182 -0.031549
v 0.215715 1.027651 -0.081076
v 0.223433 0.957967 -0.085575
v 0.220021 0.952988 -0.051826
v 0.197357 0.993093 -0.138056
v 0.174104 1.018327 -0.159118
v 0.163333 1.015975 -0.158348
v 0.158108 1.015672 -0.153212
v 0.211141 0.954863 -0.119726
v 0.233570 0.827677 -0.092485
v 0.231493 0.827168 -0.073433
v 0.227616 0.826301 -0.111600
v 0.221218 0.723474 -0.098730
v 0.197099 0.481368 -0.055418
v 0.207789 0.522111 -0.049303
v 0.212690 0.519100 -0.048029
v 0.212690 0.519100 -0.048029
v 0.198092 0.469919 -0.052690
v 0.223752 0.619104 -0.107352
v 0.219464 0.562769 -0.082784
v 0.215304 0.623828 -0.106936
v 0.223752 0.619104 -0.107352
v 0.223752 0.619104 -0.107352
v 0.224866 0.555404 -0.082064
v 0.237401 0.581665 -0.120631
v 0.224866 0.555404 -0.082064
v 0.230550 0.600925 -0.147364
v 0.239734 0.544831 -0.095901
v 0.226312 0.525354 -0.074090
v 0.238253 0.576181 -0.160356
v 0.237045 0.563884 -0.126855
v 0.227361 0.493292 -0.079784
v 0.237505 0.535538 -0.103489
v 0.212690 0.519100 -0.048029
v 0.225991 0.543921 -0.058619
v 0.230905 0.546883 -0.077615
v 0.232555 0.575978 -0.064780
v 0.233694 0.571723 -0.075401
v 0.223280 0.598855 -0.070153
v 0.198092 0.469919 -0.052690
v 0.230907 0.483874 -0.086476
v 0.259309 0.485979 -0.134288
v 0.224953 0.459359 -0.080406
v 0.255842 0.445198 -0.112424
v 0.202015 0.416319 -0.077323
v 0.167221 0.456116 -0.069464
v 0.258702 0.494634 -0.168238
v 0.238659 0.562301 -0.161074
v 0.225948 0.550023 -0.203159
v 0.224711 0.535176 -0.201302
v 0.219047 0.578145 -0.189920
v 0.173573 0.547921 -0.219198
v 0.203059 0.494308 -0.239767
v 0.205493 0.579539 -0.180160
v 0.220374 0.605025 -0.143940
v 0.223752 0.619104 -0.107352
v 0.215304 0.623828 -0.106936
v 0.170105 0.562023 -0.194932
v 0.125670 0.561927 -0.194265
v 0.134324 0.568642 -0.181741
v 0.121332 0.535622 -0.203118
v 0.149239 0.489658 -0.237771
v 0.123140 0.525144 -0.199030
v 0.175740 0.493390 -0.242426
v 0.145045 0.484452 -0.231395
v 0.118349 0.459866 -0.201942
v 0.147916 0.447441 -0.242275
v 0.127076 0.438064 -0.220694
v 0.121132 0.443234 -0.202442
v 0.142187 0.441510 -0.232288
v 0.180920 0.430282 -0.249749
v 0.209091 0.453062 -0.242913
v 0.150480 0.383215 -0.220513
v 0.207015 0.489942 -0.229768
v 0.183222 0.415078 -0.241249
v 0.214463 0.448709 -0.231926
v 0.194025 0.323608 -0.217963
v 0.223319 0.386806 -0.224130
v 0.146734 0.379745 -0.212105
v 0.116147 0.420274 -0.184574
v 0.194025 0.323608 -0.217963
v 0.126808 0.377173 -0.171244
v 0.155942 0.317519 -0.173728
v 0.194822 0.317078 -0.206859
v 0.168301 0.257214 -0.167216
v 0.240992 0.450134 -0.218736
v 0.197196 0.257104 -0.195522
v 0.176171 0.199327 -0.166756
v 0.255802 0.478274 -0.200540
v 0.255075 0.485959 -0.167868
v 0.225477 0.386888 -0.213380
v 0.225477 0.386888 -0.213380
v 0.194025 0.323608 -0.217963
v 0.252475 0.471453 -0.194886
v 0.259742 0.477593 -0.138111
v 0.239827 0.448728 -0.209757
v 0.263243 0.439318 -0.181372
v 0.265365 0.436254 -0.138190
v 0.264239 0.397135 -0.177821
v 0.260520 0.401256 -0.121843
v 0.257564 0.340923 -0.122802
v 0.245085 0.327009 -0.181807
v 0.242244 0.261940 -0.175170
v 0.258061 0.274149 -0.126606
v 0.210208 0.343924 -0.083185
v 0.156645 0.325409 -0.112880
v 0.216689 0.275712 -0.093275
v 0.239199 0.202298 -0.179589
v 0.257293 0.218553 -0.131768
v 0.238866 0.219333 -0.102420
v 0.199304 0.200299 -0.198962
v 0.258007 0.187466 -0.136563
v 0.239484 0.171688 -0.183540
v 0.199875 0.172025 -0.203541
v 0.246559 0.165684 -0.186394
v 0.177878 0.164341 -0.186089
v 0.171086 0.160772 -0.145564
v 0.174307 0.157067 -0.193427
v 0.166722 0.152556 -0.144674
v 0.176068 0.107940 -0.203077
v 0.167872 0.085927 -0.174350
v 0.198096 0.123821 -0.221929
v 0.198652 0.166801 -0.212877
v 0.238573 0.105727 -0.206599
v 0.269969 0.067501 -0.163429
v 0.263526 0.122549 -0.136893
v 0.254252 0.154187 -0.111142
v 0.249021 0.120355 -0.132696
v 0.257387 0.068160 -0.163153
v 0.257387 0.068160 -0.163153
v 0.241015 0.150491 -0.108953
v 0.228861 0.164932 -0.089134
v 0.228729 0.154233 -0.098071
v 0.215363 0.150490 -0.096073
v 0.228008 0.174844 -0.085703
v 0.202104 0.153295 -0.090494
v 0.201345 0.113241 -0.112953
v 0.205571 0.214354 -0.093894
v 0.174563 0.266456 -0.116665
v 0.179417 0.115614 -0.106211
v 0.183229 0.177172 -0.116068
v 0.182121 0.062004 -0.130531
v 0.194417 0.062195 -0.133056
v 0.166722 0.152556 -0.144674
v 0.167872 0.085927 -0.174350
v 0.171086 0.160772 -0.145564
v 0.176171 0.199327 -0.166756
v 0.181980 0.211106 -0.119762
v 0.168301 0.257214 -0.167216
v 0.155942 0.317519 -0.173728
v 0.126808 0.377173 -0.171244
v 0.127567 0.382852 -0.128923
v 0.150148 0.401678 -0.094644
v 0.118642 0.422160 -0.137998
v 0.116147 0.420274 -0.184574
v 0.130548 0.441076 -0.095015
v 0.115259 0.460494 -0.156851
v 0.121132 0.443234 -0.202442
v 0.118349 0.459866 -0.201942
v 0.133731 0.437132 -0.107158
v 0.119259 0.455528 -0.123742
v 0.106642 0.470020 -0.155237
v 0.123140 0.525144 -0.199030
v 0.112902 0.464596 -0.115919
v 0.144402 0.479769 -0.077888
v 0.106934 0.537945 -0.153501
v 0.121332 0.535622 -0.203118
v 0.148413 0.486453 -0.066662
v 0.123966 0.510672 -0.089968
v 0.106966 0.532782 -0.114061
v 0.102186 0.552264 -0.155439
v 0.125670 0.561927 -0.194265
v 0.119183 0.524056 -0.077123
v 0.169444 0.511987 -0.042000
v 0.197099 0.481368 -0.055418
v 0.130949 0.531302 -0.069832
v 0.142113 0.509536 -0.056283
v 0.144043 0.531460 -0.044944
v 0.129996 0.527476 -0.056643
v 0.119670 0.558455 -0.068745
v 0.114357 0.556997 -0.053842
v 0.097873 0.550689 -0.105793
v 0.173914 0.517058 -0.044200
v 0.100007 0.578105 -0.151336
v 0.134324 0.568642 -0.181741
v 0.100660 0.585294 -0.147517
v 0.083878 0.596402 -0.096670
v 0.083951 0.607182 -0.090905
v 0.121964 0.560125 -0.046823
v 0.114689 0.577856 -0.053429
v 0.123154 0.566309 -0.047040
v 0.119186 0.580579 -0.056752
v 0.149738 0.540069 -0.044514
v 0.189427 0.571339 -0.003716
v 0.140917 0.602212 -0.024309
v 0.192386 0.542948 -0.016495
v 0.181355 0.608988 -0.002808
v 0.174261 0.649393 -0.003796
v 0.215589 0.611067 -0.039514
v 0.174261 0.649393 -0.003796
v 0.226079 0.581390 -0.063391
v 0.217749 0.547354 -0.055145
v 0.207789 0.522111 -0.049303
v 0.194551 0.516950 -0.032345
v 0.119670 0.558455 -0.068745
v 0.119186 0.580579 -0.056752
v 0.114689 0.577856 -0.053429
v 0.114689 0.577856 -0.053429
v 0.114357 0.556997 -0.053842
v 0.130949 0.531302 -0.069832
v 0.129996 0.527476 -0.056643
v 0.142113 0.509536 -0.056283
v 0.148413 0.486453 -0.066662
v 0.194025 0.323608 -0.217963
v 0.194822 0.317078 -0.206859
v 0.263526 0.122549 -0.136893
v 0.269969 0.067501 -0.163429
v 0.267240 0.029475 -0.161137
v 0.267240 0.029475 -0.161137
v 0.269249 0.002699 -0.160505
v 0.191722 0.001873 -0.130323
v 0.191722 0.001873 -0.130323
v 0.191023 0.029909 -0.128092
v -0.212690 0.519100 -0.048029
v -0.207789 0.522111 -0.049303
v -0.197099 0.481368 -0.055418
v -0.212690 0.519100 -0.048029
v -0.198092 0.469919 -0.052690
v -0.223752 0.619104 -0.107352
v -0.215304 0.623828 -0.106936
v -0.219464 0.562769 -0.082784
v -0.223752 0.619104 -0.107352
v -0.223752 0.619104 -0.107352
v -0.224866 0.555404 -0.082064
v -0.237401 0.581665 -0.120631
v -0.224866 0.555404 -0.082064
v -0.230550 0.600925 -0.147364
v -0.239734 0.544831 -0.095901
v -0.228015 0.525353 -0.074090
v -0.238253 0.576181 -0.160356
v -0.237045 0.563884 -0.126855
v -0.227361 0.493292 -0.079784
v -0.237505 0.535538 -0.103488
v -0.212690 0.519100 -0.048029
v -0.225991 0.543921 -0.058619
v -0.230905 0.546883 -0.077615
v -0.232555 0.575978 -0.064780
v -0.233694 0.571723 -0.075401
v -0.223280 0.598855 -0.070153
v -0.198092 0.469919 -0.052690
v -0.230907 0.483874 -0.086476
v -0.259309 0.485979 -0.134288
v -0.224953 0.459359 -0.080406
v -0.255842 0.445198 -0.112424
v -0.202015 0.416319 -0.077323
v -0.167221 0.456116 -0.069464
v -0.258702 0.494634 -0.168238
v -0.238659 0.562301 -0.161074
v -0.225948 0.550023 -0.203159
v -0.224711 0.535176 -0.201302
v -0.219047 0.578144 -0.189920
v -0.173573 0.547921 -0.219198
v -0.203059 0.494308 -0.239767
v -0.205493 0.579539 -0.180160
v -0.220374 0.605025 -0.143940
v -0.223752 0.619104 -0.107352
v -0.215304 0.623828 -0.106936
v -0.170105 0.562023 -0.194932
v -0.125671 0.561927 -0.194265
v -0.134324 0.568642 -0.181741
v -0.121332 0.535622 -0.203118
v -0.149239 0.489658 -0.237771
v -0.123140 0.525144 -0.199030
v -0.175740 0.493390 -0.242426
v -0.145045 0.484452 -0.231395
v -0.118349 0.459866 -0.201942
v -0.147916 0.447441 -0.242275
v -0.127076 0.438064 -0.220694
v -0.123508 0.441527 -0.200901
v -0.142187 0.441510 -0.232288
v -0.180920 0.430282 -0.249749
v -0.209091 0.453062 -0.242913
v -0.150480 0.383215 -0.220513
v -0.207015 0.489942 -0.229768
v -0.183222 0.415078 -0.241249
v -0.214463 0.448709 -0.231926
v -0.194025 0.323608 -0.217963
v -0.223319 0.386806 -0.224130
v -0.146734 0.379745 -0.212105
v -0.116147 0.420274 -0.184574
v -0.194025 0.323608 -0.217963
v -0.126808 0.377173 -0.171244
v -0.155942 0.317519 -0.173728
v -0.194822 0.317078 -0.206859
v -0.168301 0.257214 -0.167216
v -0.240992 0.450134 -0.218736
v -0.197196 0.257104 -0.195521
v -0.176172 0.199327 -0.166756
v -0.255802 0.478274 -0.200540
v -0.255075 0.485959 -0.167868
v -0.225477 0.386888 -0.213380
v -0.194025 0.323608 -0.217963
v -0.252475 0.471453 -0.194886
v -0.259742 0.477593 -0.138110
v -0.239827 0.448728 -0.209757
v -0.263243 0.439318 -0.181372
v -0.265365 0.436254 -0.138190
v -0.264239 0.392253 -0.177820
v -0.260520 0.401256 -0.121843
v -0.257564 0.340923 -0.122802
v -0.245085 0.327009 -0.181807
v -0.242244 0.261940 -0.175170
v -0.258061 0.274149 -0.126606
v -0.210208 0.343924 -0.083185
v -0.156645 0.325409 -0.112880
v -0.216689 0.275712 -0.093275
v -0.239199 0.202298 -0.179589
v -0.257293 0.218553 -0.131767
v -0.238867 0.219333 -0.102419
v -0.199304 0.200299 -0.198962
v -0.258007 0.187466 -0.136562
v -0.239484 0.171229 -0.183540
v -0.199875 0.171107 -0.203541
v -0.246559 0.165225 -0.186394
v -0.177878 0.164341 -0.186089
v -0.171086 0.160772 -0.145564
v -0.174307 0.157067 -0.193427
v -0.166722 0.152555 -0.144674
v -0.176068 0.107940 -0.203076
v -0.167872 0.085927 -0.174350
v -0.198096 0.123821 -0.221929
v -0.198652 0.165883 -0.212877
v -0.238573 0.105727 -0.206599
v -0.269969 0.067501 -0.163429
v -0.263526 0.122549 -0.136893
v -0.254252 0.154187 -0.111142
v -0.249021 0.120355 -0.132696
v -0.258648 0.063518 -0.163126
v -0.269969 0.067501 -0.163429
v -0.241015 0.150491 -0.108953
v -0.228861 0.164932 -0.089134
v -0.228729 0.154233 -0.098071
v -0.215363 0.150490 -0.096073
v -0.228008 0.174843 -0.085703
v -0.202104 0.153295 -0.090494
v -0.201345 0.113241 -0.112953
v -0.205571 0.214354 -0.093894
v -0.174563 0.266456 -0.116665
v -0.179417 0.115614 -0.106211
v -0.183229 0.177172 -0.116068
v -0.182121 0.062004 -0.130531
v -0.194417 0.062195 -0.133056
v -0.166722 0.152555 -0.144674
v -0.167872 0.085927 -0.174350
v -0.171086 0.160772 -0.145564
v -0.176172 0.199327 -0.166756
v -0.181980 0.211106 -0.119762
v -0.168301 0.257214 -0.167216
v -0.155942 0.317519 -0.173728
v -0.126808 0.377173 -0.171244
v -0.127567 0.382852 -0.128923
v -0.150149 0.401678 -0.094644
v -0.118642 0.422160 -0.137998
v -0.116147 0.420274 -0.184574
v -0.130548 0.441076 -0.095015
v -0.133731 0.437132 -0.107158
v -0.114578 0.458826 -0.152725
v -0.123508 0.441527 -0.200901
v -0.119259 0.455528 -0.123742
v -0.106642 0.470020 -0.155237
v -0.118349 0.459866 -0.201942
v -0.123140 0.525144 -0.199030
v -0.112902 0.464596 -0.115919
v -0.144403 0.479769 -0.077888
v -0.106934 0.537945 -0.153501
v -0.121332 0.535622 -0.203118
v -0.148413 0.486453 -0.066662
v -0.123966 0.510672 -0.089968
v -0.106966 0.532782 -0.114061
v -0.102186 0.552264 -0.155439
v -0.125671 0.561927 -0.194265
v -0.119183 0.524056 -0.077123
v -0.169444 0.511987 -0.042000
v -0.197099 0.481368 -0.055418
v -0.173914 0.517058 -0.044200
v -0.144043 0.531460 -0.044944
v -0.149738 0.540069 -0.044514
v -0.123154 0.566309 -0.047040
v -0.142113 0.509536 -0.056283
v -0.130949 0.531302 -0.069832
v -0.129996 0.527476 -0.056643
v -0.114357 0.556997 -0.053842
v -0.119670 0.558455 -0.068745
v -0.097873 0.550689 -0.105793
v -0.121964 0.560125 -0.046823
v -0.114681 0.577856 -0.053428
v -0.119178 0.580579 -0.056752
v -0.083948 0.599384 -0.096670
v -0.087565 0.608730 -0.095898
v -0.102013 0.585294 -0.147517
v -0.100007 0.578105 -0.151336
v -0.134324 0.568642 -0.181741
v -0.119670 0.558455 -0.068745
v -0.119670 0.558455 -0.068745
v -0.114681 0.577856 -0.053428
v -0.119178 0.580579 -0.056752
v -0.114357 0.556997 -0.053842
v -0.114681 0.577856 -0.053428
v -0.130949 0.531302 -0.069832
v -0.129996 0.527476 -0.056643
v -0.142113 0.509536 -0.056283
v -0.148413 0.486453 -0.066662
v -0.194822 0.317078 -0.206859
v -0.194025 0.323608 -0.217963
v -0.191722 0.001873 -0.130323
v -0.269249 0.002699 -0.160505
v -0.267240 0.029475 -0.161137
v -0.267240 0.029475 -0.161137
v -0.191722 0.001873 -0.130323
v -0.191023 0.029909 -0.128092
v -0.563969 1.024191 -0.114840
v -0.568074 1.048231 -0.113455
v -0.549921 1.046739 -0.114830
v -0.549921 1.046739 -0.114830
v -0.553025 1.025539 -0.117809
v -0.561811 1.019410 -0.114758
v -0.546414 1.011783 -0.116361
v -0.554364 1.008765 -0.113017
v -0.552530 1.005671 -0.112402
v -0.537971 0.995130 -0.112750
v -0.544791 0.992539 -0.110857
v -0.537194 0.987900 -0.112647
v -0.574665 1.049005 -0.087859
v -0.569969 1.021399 -0.070312
v -0.569969 1.021399 -0.070312
v -0.557427 1.046573 -0.078484
v -0.574665 1.049005 -0.087859
v -0.581933 1.023080 -0.079451
v -0.581870 1.016254 -0.077827
v -0.576267 0.994271 -0.072199
v -0.566729 0.996163 -0.064859
v -0.574338 0.988466 -0.071209
v -0.552636 0.967433 -0.058282
v -0.557588 0.964436 -0.063553
v -0.554801 0.958929 -0.057180
v -0.571946 1.023130 -0.059202
v -0.582123 1.056614 -0.058716
v -0.562745 1.051561 -0.060412
v -0.587344 1.026082 -0.054959
v -0.582123 1.056614 -0.058716
v -0.587370 1.020751 -0.054201
v -0.580588 0.997130 -0.050610
v -0.568712 0.998197 -0.054669
v -0.579222 0.992581 -0.049761
v -0.564829 0.967247 -0.045557
v -0.554826 0.968313 -0.048564
v -0.557189 0.958888 -0.048588
v -0.568074 1.048231 -0.113455
v -0.551505 1.045774 -0.105004
v -0.549921 1.046739 -0.114830
v -0.557427 1.046573 -0.078484
v -0.555516 1.046333 -0.087815
v -0.574665 1.049005 -0.087859
v -0.562458 1.053288 -0.050093
v -0.562745 1.051561 -0.060412
v -0.582123 1.056614 -0.058716
v 0.300169 1.809559 -0.164378
v 0.285101 1.874585 -0.168334
v 0.283191 1.873079 -0.178155
v 0.300169 1.809559 -0.164378
v 0.298375 1.806089 -0.175912
v 0.299089 1.754733 -0.150170
v 0.296277 1.751897 -0.160192
v 0.279296 1.707846 -0.129361
v 0.282056 1.710384 -0.120068
v 0.253968 1.673909 -0.075568
v 0.255491 1.678530 -0.066557
v 0.221573 1.649123 -0.039947
v 0.224107 1.651134 -0.029685
v 0.202086 1.626983 -0.021324
v 0.203580 1.628790 -0.009292
v 0.191784 1.605545 -0.013152
v 0.193731 1.607185 -0.000365
v 0.192832 1.591925 -0.000756
v 0.190110 1.590986 -0.012886
v 0.204044 1.569685 -0.006121
v 0.201527 1.569228 -0.018141
v 0.223286 1.553423 -0.018079
v 0.219898 1.553337 -0.029558
v 0.249758 1.541273 -0.033223
v 0.246576 1.540842 -0.044015
v 0.273191 1.533199 -0.049639
v 0.269198 1.533218 -0.060109
v 0.354330 1.731415 -0.180311
v 0.354111 1.782178 -0.180767
v 0.353989 1.781552 -0.188566
v 0.356027 1.733889 -0.170466
v 0.354111 1.782178 -0.180767
v 0.342289 1.694088 -0.162240
v 0.344289 1.695911 -0.152575
v 0.319379 1.665897 -0.132932
v 0.321556 1.668546 -0.124117
v 0.280575 1.640726 -0.082334
v 0.283184 1.641541 -0.072937
v 0.246704 1.621615 -0.054815
v 0.249557 1.622241 -0.044628
v 0.229532 1.602653 -0.042757
v 0.232314 1.603377 -0.032530
v 0.226011 1.587605 -0.041517
v 0.228384 1.587404 -0.030911
v 0.231487 1.572717 -0.033038
v 0.229356 1.572992 -0.043121
v 0.238826 1.561691 -0.039568
v 0.236795 1.562096 -0.050084
v 0.248649 1.554352 -0.047076
v 0.245845 1.555478 -0.056998
v 0.261058 1.550580 -0.057294
v 0.260558 1.550585 -0.065640
v 0.000333 1.818215 -0.010138
v 0.000333 1.795036 -0.033072
v -0.026059 1.814137 -0.010692
v -0.027899 1.781917 -0.014659
v -0.026059 1.814137 -0.010692
v -0.023515 1.787188 0.015257
v 0.000333 1.770839 -0.014392
v 0.000333 1.795036 -0.033072
v -0.014455 1.786955 0.019267
v -0.007608 1.787142 0.021730
v 0.000333 1.786272 0.022590
v -0.034271 1.847591 0.015181
v -0.033828 1.849442 0.013486
v -0.025733 1.850212 0.015012
v 0.000333 1.818215 -0.010138
v 0.026724 1.814138 -0.010692
v 0.000333 1.795036 -0.033072
v 0.026724 1.814138 -0.010692
v 0.028564 1.781917 -0.014659
v 0.024180 1.787188 0.015257
v 0.000333 1.770839 -0.014392
v 0.000333 1.795036 -0.033072
v 0.015120 1.786955 0.019267
v 0.008273 1.787142 0.021730
v 0.000333 1.786272 0.022590
v 0.034936 1.847591 0.015181
v 0.026398 1.850212 0.015012
v 0.034493 1.849442 0.013486
v 0.083496 1.632695 0.031853
v 0.067573 1.654205 0.012131
v 0.091859 1.651271 0.038906
v 0.089476 1.636924 0.010899
v 0.067573 1.654205 0.012131
v 0.083465 1.674421 -0.021639
v 0.089967 1.654285 0.046483
v 0.083874 1.649701 0.053437
v 0.083874 1.649701 0.053437
v 0.067573 1.654205 0.012131
v 0.078760 1.637446 0.055490
v -0.056132 1.663228 0.015249
v -0.039478 1.688181 -0.017168
v -0.074828 1.640297 0.055381
v -0.083660 1.649466 0.052643
v -0.081083 1.653827 0.053039
v -0.089634 1.654126 0.046193
v -0.063624 1.680383 0.018606
v -0.089713 1.660590 0.043715
v -0.091661 1.651570 0.038447
v -0.039478 1.688181 -0.017168
v -0.034094 1.710440 -0.039830
v -0.087229 1.636927 0.028469
v -0.084265 1.633265 0.031345
v -0.089476 1.636924 0.010907
v -0.090648 1.640981 0.009971
v -0.085895 1.663003 -0.011170
v -0.073694 1.700092 -0.049910
v 0.024494 1.729587 -0.028914
v 0.000333 1.725121 -0.019949
v 0.000333 1.727178 -0.027380
v 0.021001 1.731674 -0.038157
v 0.049972 1.741330 -0.058972
v 0.044577 1.742370 -0.063872
v 0.044577 1.742370 -0.063872
v 0.057380 1.750427 -0.081342
v 0.057380 1.750427 -0.081342
v 0.051779 1.751577 -0.080691
v 0.059760 1.757798 -0.100236
v 0.052421 1.758294 -0.102638
v 0.059760 1.757798 -0.100236
v 0.030931 1.765466 -0.136609
v 0.040427 1.766038 -0.141858
v 0.059760 1.757798 -0.100236
v 0.333208 1.514219 -0.187992
v 0.372872 1.485768 -0.154854
v 0.333866 1.550438 -0.146721
v 0.314810 1.556552 -0.179692
v 0.298574 1.622630 -0.142046
v 0.296178 1.536655 -0.214512
v 0.327267 1.502511 -0.186293
v 0.372872 1.485768 -0.154854
v 0.368107 1.473758 -0.154873
v 0.285548 1.525365 -0.212445
v 0.248547 1.563732 -0.210941
v 0.257764 1.572881 -0.216614
v 0.221053 1.593049 -0.215717
v 0.296496 1.561390 -0.208648
v 0.228664 1.601837 -0.223308
v 0.204192 1.616387 -0.223793
v 0.265317 1.584045 -0.208804
v 0.237674 1.612403 -0.216518
v 0.225982 1.629243 -0.224261
v 0.291855 1.613986 -0.179361
v 0.275726 1.597790 -0.204224
v 0.209020 1.626249 -0.229583
v 0.174835 1.656523 -0.203604
v 0.274579 1.643183 -0.185669
v 0.250087 1.622560 -0.212023
v 0.227203 1.671303 -0.200112
v 0.176773 1.672162 -0.207972
v 0.124752 1.689276 -0.184476
v 0.128222 1.698486 -0.193777
v 0.192091 1.704779 -0.179244
v 0.128222 1.698486 -0.193777
v 0.131356 1.726876 -0.130826
v 0.261469 1.700216 -0.159451
v 0.193131 1.710871 -0.134023
v 0.149311 1.682566 -0.074245
v 0.286632 1.656300 -0.140837
v 0.276386 1.698711 -0.139472
v 0.192740 1.681491 -0.088575
v 0.182809 1.665117 -0.065319
v 0.263211 1.690778 -0.117388
v 0.232283 1.667361 -0.079359
v 0.218070 1.621014 -0.043536
v 0.277363 1.645007 -0.097068
v 0.234522 1.621145 -0.050205
v 0.229379 1.593732 -0.041930
v 0.258149 1.619321 -0.062450
v 0.244130 1.608454 -0.053578
v 0.265752 1.567382 -0.059060
v 0.271703 1.580900 -0.065884
v 0.302781 1.557016 -0.079218
v 0.283049 1.596224 -0.076333
v 0.303376 1.524256 -0.079690
v 0.295247 1.610075 -0.104170
v 0.318915 1.555326 -0.109486
v 0.336889 1.509726 -0.115213
v 0.372872 1.485768 -0.154854
v 0.128222 1.698486 -0.193777
v 0.131356 1.726876 -0.130826
v 0.121861 1.711505 -0.129279
v 0.124752 1.689276 -0.184476
v 0.149311 1.682566 -0.074245
v 0.144218 1.672921 -0.077594
v 0.121861 1.711505 -0.129279
v 0.131356 1.726876 -0.130826
v 0.271703 1.580900 -0.065884
v 0.291683 1.558802 -0.082521
v 0.302781 1.557016 -0.079218
v 0.267121 1.580850 -0.076393
v 0.244023 1.602557 -0.064056
v 0.244130 1.608454 -0.053578
v 0.238103 1.611348 -0.058516
v 0.234522 1.621145 -0.050205
v 0.250087 1.622560 -0.212023
v 0.225982 1.629243 -0.224261
v 0.230062 1.618439 -0.213540
v 0.244480 1.612034 -0.203923
v 0.275726 1.597790 -0.204224
v 0.267996 1.590153 -0.198399
v 0.284964 1.565757 -0.201581
v 0.296496 1.561390 -0.208648
v 0.265317 1.584045 -0.208804
v 0.296496 1.561390 -0.208648
v 0.284964 1.565757 -0.201581
v 0.261012 1.582704 -0.198268
v 0.237674 1.612403 -0.216518
v 0.232612 1.611249 -0.205617
v 0.230062 1.618439 -0.213540
v 0.225982 1.629243 -0.224261
v 0.285548 1.525365 -0.212445
v 0.294400 1.581212 -0.140726
v 0.327267 1.502511 -0.186293
v 0.368107 1.473758 -0.154873
v 0.368107 1.473758 -0.154873
v 0.294400 1.581212 -0.140726
v 0.331701 1.500459 -0.118076
v 0.296065 1.515388 -0.084920
v -0.335022 1.545045 -0.148953
v -0.323022 1.541594 -0.115104
v -0.344033 1.516910 -0.148990
v -0.311399 1.573789 -0.125251
v -0.318034 1.581609 -0.147918
v -0.313648 1.574089 -0.117046
v -0.307163 1.569806 -0.107402
v -0.292946 1.593707 -0.100357
v -0.295761 1.609452 -0.112795
v -0.276861 1.608854 -0.087801
v -0.290481 1.610905 -0.125585
v -0.295371 1.620906 -0.146978
v -0.276754 1.631644 -0.093850
v -0.259569 1.650874 -0.108093
v -0.258855 1.707906 -0.146883
v -0.261841 1.630941 -0.072205
v -0.262373 1.611551 -0.068334
v -0.237425 1.654755 -0.079648
v -0.258855 1.707906 -0.146883
v -0.213307 1.686965 -0.102181
v -0.210752 1.710791 -0.141658
v -0.165925 1.697404 -0.106239
v -0.168991 1.715968 -0.136626
v -0.124738 1.722941 -0.131236
v -0.133833 1.703697 -0.099298
v -0.140221 1.685173 -0.079308
v -0.199427 1.666611 -0.077484
v -0.227177 1.629995 -0.055905
v -0.253702 1.619181 -0.054660
v -0.162553 1.680778 -0.082921
v -0.159436 1.668647 -0.079724
v -0.135388 1.674578 -0.077339
v -0.193257 1.655306 -0.074353
v -0.223211 1.625663 -0.062376
v -0.234459 1.603414 -0.045766
v -0.231156 1.600338 -0.048876
v -0.253189 1.595162 -0.052732
v -0.259903 1.608661 -0.071572
v -0.251250 1.592633 -0.056448
v -0.251321 1.598014 -0.046210
v -0.250635 1.570334 -0.043252
v -0.249660 1.565770 -0.046255
v -0.232302 1.586398 -0.215147
v -0.225008 1.552691 -0.218337
v -0.227226 1.555247 -0.226678
v -0.236073 1.588581 -0.220217
v -0.232970 1.592557 -0.232157
v -0.245052 1.599784 -0.204761
v -0.237568 1.611974 -0.226568
v -0.248740 1.602615 -0.210477
v -0.262177 1.599083 -0.193998
v -0.250706 1.625384 -0.214445
v -0.266452 1.602098 -0.199778
v -0.266684 1.629102 -0.197194
v -0.281516 1.586448 -0.182345
v -0.289599 1.608688 -0.179188
v -0.286962 1.588555 -0.187407
v -0.309814 1.571932 -0.173101
v -0.298575 1.562866 -0.177668
v -0.302269 1.564340 -0.180038
v -0.318970 1.542659 -0.172108
v -0.314249 1.537850 -0.173546
v -0.344033 1.516910 -0.148990
v -0.338739 1.509071 -0.148022
v -0.118455 1.721038 -0.156370
v -0.110188 1.713235 -0.158820
v -0.115586 1.712164 -0.130752
v -0.124738 1.722941 -0.131236
v -0.133833 1.703697 -0.099298
v -0.128851 1.696584 -0.099253
v -0.140221 1.685173 -0.079308
v -0.135388 1.674578 -0.077339
v -0.245052 1.599784 -0.204761
v -0.205493 1.627052 -0.221959
v -0.207094 1.597990 -0.225623
v -0.232302 1.586398 -0.215147
v -0.225008 1.552691 -0.218337
v -0.259903 1.608661 -0.071572
v -0.231156 1.600338 -0.048876
v -0.223211 1.625663 -0.062376
v -0.251250 1.592633 -0.056448
v -0.249660 1.565770 -0.046255
v -0.245052 1.599784 -0.204761
v -0.223211 1.625663 -0.062376
v -0.205493 1.627052 -0.221959
v -0.259903 1.608661 -0.071572
v -0.273482 1.606054 -0.089808
v -0.262177 1.599083 -0.193998
v -0.281516 1.586448 -0.182345
v -0.288952 1.591539 -0.101895
v -0.302938 1.567839 -0.108079
v -0.298575 1.562866 -0.177668
v -0.316806 1.538694 -0.114591
v -0.314249 1.537850 -0.173546
v -0.338739 1.509071 -0.148022
v -0.173090 1.224448 -0.078504
v -0.167777 1.164856 -0.023224
v -0.186413 1.170224 -0.086272
v -0.156548 1.226662 -0.022190
v -0.142284 1.272905 -0.022787
v -0.154034 1.274227 -0.074827
v -0.125774 1.171891 0.029144
v -0.136368 1.140436 0.033133
v -0.110760 1.106698 0.054537
v -0.068106 1.130983 0.059102
v -0.131699 1.313317 -0.021945
v -0.143352 1.327204 -0.070501
v -0.103057 1.273452 0.023277
v -0.113712 1.224790 0.027837
v -0.061488 1.225266 0.049863
v -0.061516 1.169224 0.056992
v -0.062463 1.115268 0.060614
v 0.000049 1.158898 0.063978
v 0.000049 1.169466 0.060828
v 0.018517 1.169466 0.061290
v -0.000282 1.224223 0.060641
v -0.003876 1.282845 0.061766
v 0.051724 1.283043 0.052479
v 0.046554 1.335860 0.048035
v 0.051340 1.224480 0.054109
v 0.098327 1.334182 0.032704
v 0.103997 1.397098 0.031926
v 0.099349 1.282414 0.031717
v 0.051357 1.169301 0.057624
v 0.051794 1.137447 0.059132
v 0.143080 1.331048 -0.021112
v 0.104191 1.223719 0.031987
v 0.108877 1.168321 0.036446
v 0.113198 1.074260 0.047115
v 0.162046 1.140188 0.006793
v 0.168309 1.198390 -0.011097
v 0.191493 1.161661 -0.026419
v 0.158345 1.224266 -0.013762
v 0.184658 1.225937 -0.081533
v 0.199410 1.176148 -0.080689
v 0.161642 1.278635 -0.078989
v 0.148758 1.280550 -0.018096
v 0.152342 1.328515 -0.080040
v 0.148777 1.385371 -0.021889
v 0.155522 1.376102 -0.088905
v 0.149247 1.446337 0.018538
v 0.165642 1.434242 -0.023107
v 0.175341 1.425118 -0.101746
v 0.189333 1.480743 -0.027021
v 0.190171 1.464305 -0.110343
v 0.196248 1.478440 -0.113581
v 0.174585 1.495813 0.014224
v 0.203569 1.528750 -0.032925
v 0.169712 1.548114 0.000877
v 0.223931 1.587372 -0.045700
v 0.191706 1.618219 -0.040990
v 0.146498 1.607301 -0.006919
v 0.234019 1.631808 -0.086054
v 0.145879 1.640875 -0.038286
v 0.124595 1.662704 -0.035396
v 0.196097 1.648696 -0.082896
v 0.236118 1.648996 -0.144716
v 0.197383 1.666312 -0.140616
v 0.144917 1.665651 -0.073356
v 0.127787 1.698335 -0.126160
v 0.138872 1.666168 -0.069168
v 0.113488 1.676745 -0.068303
v 0.115613 1.703431 -0.128909
v 0.086433 1.692659 -0.056402
v 0.100793 1.709212 -0.119725
v 0.076770 1.714327 -0.110557
v 0.191493 1.161661 -0.026419
v 0.199410 1.176148 -0.080689
v 0.187463 1.168006 -0.080951
v 0.182634 1.157630 -0.030971
v 0.162046 1.140188 0.006793
v 0.155195 1.134392 0.000309
v 0.113198 1.074260 0.047115
v 0.110788 1.072148 0.040575
v 0.049895 1.132533 0.050970
v 0.113198 1.074260 0.047115
v 0.110788 1.072148 0.040575
v 0.051794 1.137447 0.059132
v 0.018076 1.165719 0.051932
v 0.018517 1.169466 0.061290
v 0.192264 1.166954 -0.128991
v 0.187463 1.168006 -0.080951
v 0.199410 1.176148 -0.080689
v 0.182635 1.161149 -0.125934
v 0.159499 1.132220 -0.176926
v 0.155239 1.129177 -0.168475
v 0.118829 1.070207 -0.200843
v 0.121960 1.071263 -0.211165
v 0.058589 1.117579 -0.202435
v 0.118829 1.070207 -0.200843
v 0.121960 1.071263 -0.211165
v 0.058554 1.121422 -0.212736
v 0.005199 1.160339 -0.205720
v 0.003621 1.155999 -0.186268
v -0.186413 1.170224 -0.086272
v -0.160723 1.157796 -0.026365
v -0.173841 1.163130 -0.088819
v -0.167777 1.164856 -0.023224
v -0.136368 1.140436 0.033133
v -0.132846 1.135276 0.027002
v -0.110760 1.106698 0.054537
v -0.107813 1.101785 0.047343
v -0.110760 1.106698 0.054537
v -0.068106 1.130983 0.059102
v -0.067482 1.126920 0.051294
v -0.107813 1.101785 0.047343
v -0.160349 1.149346 -0.147343
v -0.119613 1.114967 -0.196878
v -0.121799 1.121642 -0.206128
v -0.163609 1.158401 -0.151828
v -0.173841 1.163130 -0.088819
v -0.186413 1.170224 -0.086272
v -0.061483 1.117284 -0.214993
v -0.077747 1.156824 -0.203718
v -0.076907 1.145823 -0.191390
v -0.060704 1.114095 -0.204010
v 0.018076 1.165719 0.051932
v 0.000049 1.158898 0.063978
v 0.018517 1.169466 0.061290
v 0.000049 1.155580 0.055079
v -0.062463 1.115268 0.060614
v -0.062197 1.113728 0.051846
v -0.062463 1.115268 0.060614
v -0.062197 1.113728 0.051846
v -0.067482 1.126920 0.051294
v -0.068106 1.130983 0.059102
v -0.074268 1.575613 0.039083
v -0.094126 1.624277 0.010898
v -0.087780 1.626351 0.009456
v -0.083805 1.575227 0.042189
v -0.067887 1.535182 0.060347
v -0.055791 1.534823 0.054699
v -0.051563 1.496740 0.068724
v -0.033157 1.495294 0.060416
v 0.001678 1.436895 0.057757
v -0.052065 1.441165 0.059912
v -0.023488 1.395397 0.053438
v -0.050532 1.396131 0.051277
v -0.054254 1.348196 0.046082
v -0.091365 1.396417 0.047424
v -0.097504 1.445960 0.053056
v -0.140426 1.448602 0.044098
v -0.109135 1.498939 0.059209
v -0.183063 1.497330 0.039111
v -0.118935 1.535636 0.051247
v -0.207299 1.524767 0.030539
v -0.130535 1.573895 0.034128
v -0.176483 1.571086 0.016685
v -0.145250 1.614230 0.001612
v -0.108805 1.661288 -0.023822
v -0.093485 1.669389 -0.019969
v -0.087157 1.685234 -0.044567
v -0.054254 1.348196 0.046082
v -0.091588 1.395409 0.033574
v -0.091365 1.396417 0.047424
v -0.140426 1.448602 0.044098
v -0.136973 1.450333 0.024986
v -0.183063 1.497330 0.039111
v -0.184344 1.500488 0.022260
v -0.207299 1.524767 0.030539
v -0.205346 1.520873 0.017172
v 0.042930 1.340102 0.056152
v 0.046554 1.335860 0.048035
v -0.003876 1.282845 0.061766
v 0.101491 1.398992 0.042870
v 0.103997 1.397098 0.031926
v 0.149248 1.449631 0.033048
v 0.149247 1.446337 0.018538
v 0.197202 1.489219 0.022913
v 0.197462 1.487171 0.008357
v 0.149247 1.446337 0.018538
v 0.197462 1.487171 0.008357
v 0.174585 1.495813 0.014224
v 0.169712 1.548114 0.000877
v 0.184001 1.653028 -0.215727
v 0.136024 1.649795 -0.228178
v 0.207779 1.608494 -0.232101
v 0.126277 1.692636 -0.198687
v 0.181616 1.653849 -0.204082
v 0.207779 1.608494 -0.232101
v 0.209263 1.599651 -0.225125
v 0.058453 1.663579 -0.225523
v 0.115832 1.600252 -0.248365
v 0.138637 1.637932 -0.222330
v 0.122902 1.688453 -0.184666
v 0.058453 1.709891 -0.190087
v -0.001030 1.664587 -0.224996
v 0.058453 1.600252 -0.245721
v 0.121105 1.593274 -0.237031
v 0.091988 1.546897 -0.256727
v 0.191020 1.578714 -0.231056
v 0.209263 1.599651 -0.225125
v 0.229707 1.630335 -0.199939
v 0.222309 1.569961 -0.223419
v 0.197383 1.666312 -0.140616
v 0.236118 1.648996 -0.144716
v 0.127787 1.698335 -0.126160
v 0.163542 1.526943 -0.232590
v 0.205740 1.516444 -0.213065
v 0.196267 1.484532 -0.190847
v 0.075936 1.723422 -0.139729
v 0.115613 1.703431 -0.121842
v 0.042823 1.722112 -0.168391
v -0.000665 1.720950 -0.186884
v 0.099219 1.541122 -0.242610
v 0.139696 1.469997 -0.219449
v -0.054992 1.710431 -0.188306
v -0.042823 1.722097 -0.168884
v -0.075936 1.723422 -0.139726
v 0.179919 1.466091 -0.177783
v 0.196248 1.478440 -0.113581
v 0.190171 1.464305 -0.110343
v 0.165176 1.419636 -0.149557
v 0.175341 1.425118 -0.101746
v 0.119990 1.411568 -0.194695
v 0.144115 1.368520 -0.124920
v 0.155522 1.376102 -0.088905
v 0.152342 1.328515 -0.080040
v 0.109487 1.363629 -0.161187
v 0.058453 1.363629 -0.170327
v 0.058453 1.469906 -0.226656
v 0.138343 1.319169 -0.120085
v 0.105575 1.313726 -0.151662
v 0.146062 1.274479 -0.115082
v 0.161642 1.278635 -0.078989
v 0.184658 1.225937 -0.081533
v 0.058453 1.412407 -0.203549
v 0.110476 1.269907 -0.152522
v 0.166688 1.213984 -0.120668
v 0.117040 1.216592 -0.171671
v 0.120456 1.158423 -0.192292
v 0.192264 1.166954 -0.128991
v 0.199410 1.176148 -0.080689
v 0.159499 1.132220 -0.176926
v 0.121960 1.071263 -0.211165
v 0.058554 1.121422 -0.212736
v 0.058453 1.268220 -0.165485
v 0.058537 1.160235 -0.208050
v 0.005199 1.160339 -0.205720
v 0.058487 1.217536 -0.188602
v 0.058453 1.313847 -0.163305
v -0.000000 1.313847 -0.164699
v 0.000083 1.268373 -0.166768
v 0.001710 1.215795 -0.188421
v -0.055123 1.215825 -0.188065
v -0.056282 1.159446 -0.205093
v -0.061483 1.117284 -0.214993
v -0.077747 1.156824 -0.203718
v -0.055349 1.268256 -0.164965
v -0.119298 1.166984 -0.192065
v -0.121799 1.121642 -0.206128
v -0.163609 1.158401 -0.151828
v -0.150451 1.216353 -0.138461
v -0.186413 1.170224 -0.086272
v -0.173090 1.224448 -0.078504
v -0.113662 1.213859 -0.178995
v -0.140286 1.268783 -0.123135
v -0.154034 1.274227 -0.074827
v -0.098663 1.273799 -0.158270
v -0.133525 1.318351 -0.113919
v -0.143352 1.327204 -0.070501
v -0.054992 1.313847 -0.162896
v -0.098674 1.313769 -0.151150
v -0.143431 1.371861 -0.123193
v -0.150543 1.384496 -0.073840
v -0.000000 1.363629 -0.167156
v -0.054992 1.363629 -0.171344
v -0.000000 1.412407 -0.198384
v -0.104279 1.363629 -0.162035
v -0.160530 1.412838 -0.132116
v -0.171348 1.428312 -0.082813
v -0.187930 1.481265 -0.099616
v -0.000000 1.469906 -0.219913
v -0.115017 1.410401 -0.186560
v -0.179086 1.472308 -0.169116
v -0.190200 1.489229 -0.103402
v -0.187522 1.497532 -0.180414
v -0.054992 1.412407 -0.203158
v -0.140293 1.469906 -0.219541
v -0.054992 1.469906 -0.226388
v -0.000000 1.488444 -0.224128
v -0.160891 1.526934 -0.231738
v -0.195445 1.521620 -0.204712
v -0.210863 1.566288 -0.220513
v -0.099223 1.541305 -0.242475
v 0.058453 1.517995 -0.237751
v -0.054992 1.517251 -0.238004
v 0.058453 1.526266 -0.248488
v -0.000284 1.494812 -0.232257
v 0.058453 1.546897 -0.248005
v -0.054992 1.523248 -0.247823
v -0.000156 1.546897 -0.237797
v -0.000269 1.600252 -0.237631
v -0.054992 1.600252 -0.244595
v -0.054992 1.546897 -0.247093
v -0.093635 1.546897 -0.256492
v -0.054992 1.665963 -0.224606
v -0.117917 1.592907 -0.236875
v -0.112833 1.600252 -0.248597
v -0.183592 1.580483 -0.230025
v -0.132928 1.637538 -0.221025
v -0.205435 1.602067 -0.223899
v -0.220779 1.631199 -0.202220
v -0.179015 1.654981 -0.204699
v -0.130773 1.651163 -0.227816
v -0.231285 1.661913 -0.142042
v -0.192361 1.675461 -0.138442
v -0.127364 1.692561 -0.198994
v -0.125452 1.687388 -0.185237
v -0.128286 1.700562 -0.125499
v -0.114455 1.705410 -0.121975
v -0.180709 1.656454 -0.214265
v -0.203392 1.611285 -0.231591
v -0.203392 1.611285 -0.231591
v -0.205435 1.602067 -0.223899
v 0.260744 1.370379 -0.137261
v 0.240418 1.401390 -0.179550
v 0.240429 1.398573 -0.130821
v 0.262455 1.374867 -0.181260
v 0.285203 1.398975 -0.214843
v 0.266715 1.424021 -0.217329
v 0.319618 1.429400 -0.219941
v 0.300915 1.456428 -0.222007
v 0.333042 1.479160 -0.193479
v 0.353599 1.452352 -0.196313
v 0.366406 1.456226 -0.156955
v 0.349053 1.486087 -0.153340
v 0.355010 1.445930 -0.112507
v 0.336021 1.475748 -0.111295
v 0.310094 1.455552 -0.076635
v 0.328775 1.426207 -0.080389
v 0.271710 1.422930 -0.080936
v 0.289838 1.393863 -0.087897
v 0.240429 1.398573 -0.130821
v 0.260744 1.370379 -0.137261
v 0.269781 1.374509 -0.178126
v 0.260744 1.370379 -0.137261
v 0.268989 1.370827 -0.138830
v 0.262455 1.374867 -0.181260
v 0.290190 1.396676 -0.210420
v 0.285203 1.398975 -0.214843
v 0.319618 1.429400 -0.219941
v 0.322750 1.425691 -0.214683
v 0.353599 1.452352 -0.196313
v 0.352646 1.445848 -0.192797
v 0.366406 1.456226 -0.156955
v 0.364044 1.449307 -0.156770
v 0.355010 1.445930 -0.112507
v 0.353863 1.439768 -0.115099
v 0.330140 1.421754 -0.085646
v 0.328775 1.426207 -0.080389
v 0.289838 1.393863 -0.087897
v 0.294873 1.392152 -0.093384
v 0.268989 1.370827 -0.138830
v 0.260744 1.370379 -0.137261
v 0.440043 1.196547 -0.119273
v 0.483776 1.173852 -0.084694
v 0.479881 1.161818 -0.109505
v 0.449874 1.215382 -0.090910
v 0.402875 1.224939 -0.129677
v 0.498731 1.200360 -0.073666
v 0.468814 1.240021 -0.078692
v 0.508824 1.214365 -0.077398
v 0.504293 1.239073 -0.085345
v 0.491796 1.264946 -0.091693
v 0.447904 1.292886 -0.083031
v 0.408054 1.249831 -0.096759
v 0.371385 1.251692 -0.137705
v 0.433348 1.282327 -0.080607
v 0.371056 1.288077 -0.107514
v 0.354756 1.275284 -0.143151
v 0.337099 1.305150 -0.148345
v 0.400885 1.318724 -0.088577
v 0.429975 1.345200 -0.105890
v 0.350723 1.318867 -0.115061
v 0.330178 1.313435 -0.149613
v 0.407767 1.369573 -0.114562
v 0.418726 1.371583 -0.160242
v 0.345239 1.327220 -0.112192
v 0.325660 1.318844 -0.150441
v 0.377689 1.346580 -0.104690
v 0.341658 1.332674 -0.110318
v 0.301086 1.338122 -0.147228
v 0.371189 1.353091 -0.101510
v 0.398312 1.376788 -0.115178
v 0.404437 1.382625 -0.161603
v 0.320295 1.358175 -0.100850
v 0.268989 1.370827 -0.138830
v 0.294873 1.392152 -0.093384
v 0.366946 1.357342 -0.099433
v 0.392139 1.381498 -0.115580
v 0.350146 1.383521 -0.090905
v 0.330140 1.421754 -0.085646
v 0.376004 1.407352 -0.112358
v 0.353863 1.439768 -0.115099
v 0.395108 1.389834 -0.162491
v 0.382968 1.418502 -0.161262
v 0.364044 1.449307 -0.156770
v 0.352646 1.445848 -0.192797
v 0.371125 1.414671 -0.196771
v 0.322750 1.425691 -0.214683
v 0.342997 1.394417 -0.217123
v 0.290190 1.396676 -0.210420
v 0.387760 1.386345 -0.200064
v 0.398022 1.375778 -0.198357
v 0.413741 1.359592 -0.195744
v 0.438365 1.333738 -0.189952
v 0.416133 1.308677 -0.212146
v 0.457412 1.267586 -0.194714
v 0.390017 1.338164 -0.215520
v 0.376350 1.353830 -0.220438
v 0.367426 1.364058 -0.223649
v 0.318288 1.367028 -0.213618
v 0.341914 1.337121 -0.217601
v 0.300160 1.346264 -0.188919
v 0.269781 1.374509 -0.178126
v 0.350730 1.327880 -0.215757
v 0.330961 1.321273 -0.188702
v 0.301086 1.338122 -0.147228
v 0.268989 1.370827 -0.138830
v 0.325660 1.318844 -0.150441
v 0.336746 1.313970 -0.188064
v 0.330178 1.313435 -0.149613
v 0.337099 1.305150 -0.148345
v 0.364233 1.313726 -0.212933
v 0.345606 1.302784 -0.187088
v 0.354756 1.275284 -0.143151
v 0.385427 1.284094 -0.211269
v 0.364459 1.274999 -0.187195
v 0.371385 1.251692 -0.137705
v 0.409456 1.264446 -0.204303
v 0.381284 1.252545 -0.182171
v 0.402875 1.224939 -0.129677
v 0.434162 1.238656 -0.191750
v 0.414373 1.224011 -0.171125
v 0.440043 1.196547 -0.119273
v 0.486284 1.225426 -0.174404
v 0.492843 1.249957 -0.166334
v 0.508402 1.222241 -0.160843
v 0.515022 1.195710 -0.161762
v 0.467252 1.203212 -0.172454
v 0.501019 1.170940 -0.157245
v 0.452528 1.197094 -0.153679
v 0.486398 1.160585 -0.137118
v 0.479881 1.161818 -0.109505
v 0.480955 1.155500 -0.109990
v 0.499876 1.150088 -0.081066
v 0.497235 1.137845 -0.104821
v 0.485184 1.169489 -0.082821
v 0.479881 1.161818 -0.109505
v 0.516233 1.172330 -0.064713
v 0.483776 1.173852 -0.084694
v 0.500525 1.195222 -0.067829
v 0.534673 1.192748 -0.070331
v 0.514237 1.216272 -0.070221
v 0.498731 1.200360 -0.073666
v 0.508824 1.214365 -0.077398
v 0.504293 1.239073 -0.085345
v 0.543330 1.206201 -0.078914
v 0.511725 1.243990 -0.083240
v 0.491796 1.264946 -0.091693
v 0.526981 1.241656 -0.100811
v 0.556921 1.202680 -0.114083
v 0.571011 1.176630 -0.107246
v 0.550363 1.192576 -0.145906
v 0.498854 1.269593 -0.089223
v 0.508245 1.274542 -0.108685
v 0.457932 1.297957 -0.077490
v 0.447904 1.292886 -0.083031
v 0.429975 1.345200 -0.105890
v 0.483933 1.310759 -0.097793
v 0.498765 1.308730 -0.139372
v 0.439812 1.349966 -0.104983
v 0.411465 1.387902 -0.164261
v 0.411465 1.387902 -0.164261
v 0.516457 1.274005 -0.132107
v 0.536551 1.239084 -0.123455
v 0.530534 1.232827 -0.142636
v 0.469346 1.343012 -0.122651
v 0.459220 1.369838 -0.154211
v 0.417902 1.395776 -0.164081
v 0.417902 1.395776 -0.164081
v 0.439812 1.349966 -0.104983
v 0.446452 1.338004 -0.193396
v 0.474114 1.334284 -0.168649
v 0.484735 1.292790 -0.175446
v 0.464725 1.274913 -0.196021
v 0.509728 1.264597 -0.151100
v 0.521728 1.196070 -0.164765
v 0.538046 1.170811 -0.154848
v 0.502004 1.254524 -0.169887
v 0.515541 1.226212 -0.163172
v 0.492843 1.249957 -0.166334
v 0.457412 1.267586 -0.194714
v 0.508402 1.222241 -0.160843
v 0.515022 1.195710 -0.161762
v 0.503798 1.168171 -0.159960
v 0.519275 1.147323 -0.149050
v 0.501019 1.170940 -0.157245
v 0.488036 1.155492 -0.138612
v 0.504076 1.136427 -0.129686
v 0.486398 1.160585 -0.137118
v 0.480955 1.155500 -0.109990
v 0.497235 1.137845 -0.104821
v 0.479881 1.161818 -0.109505
v 0.507556 1.138889 -0.123950
v 0.497235 1.137845 -0.104821
v 0.502900 1.140610 -0.103057
v 0.504076 1.136427 -0.129686
v 0.520928 1.148112 -0.141939
v 0.519275 1.147323 -0.149050
v 0.538872 1.169087 -0.147212
v 0.538046 1.170811 -0.154848
v 0.544321 1.184781 -0.139437
v 0.550363 1.192576 -0.145906
v 0.571011 1.176630 -0.107246
v 0.568553 1.167551 -0.105796
v 0.542613 1.195830 -0.081179
v 0.543330 1.206201 -0.078914
v 0.534673 1.192748 -0.070331
v 0.534227 1.186688 -0.075709
v 0.516233 1.172330 -0.064713
v 0.516318 1.169548 -0.072383
v 0.499876 1.150088 -0.081066
v 0.505648 1.153021 -0.085090
v 0.502900 1.140610 -0.103057
v 0.497235 1.137845 -0.104821
v -0.222967 1.637444 -0.081117
v -0.231285 1.661913 -0.142042
v -0.192361 1.675461 -0.138442
v -0.188913 1.653055 -0.074968
v -0.185061 1.615335 -0.034761
v -0.209862 1.592042 -0.042863
v -0.144647 1.666575 -0.073006
v -0.128286 1.700562 -0.125499
v -0.142736 1.640604 -0.034002
v -0.138777 1.666711 -0.068828
v -0.178916 1.562859 -0.002726
v -0.193430 1.535785 -0.043971
v -0.143016 1.607916 -0.008519
v -0.107857 1.655642 -0.030139
v -0.148617 1.559530 0.016337
v -0.153917 1.511355 0.034143
v -0.112805 1.675420 -0.061783
v -0.087157 1.685234 -0.044567
v -0.114455 1.705410 -0.129377
v -0.076770 1.714327 -0.110557
v -0.101295 1.709080 -0.119975
v -0.169778 1.503575 0.014282
v -0.136973 1.450333 0.024986
v -0.187364 1.494094 -0.030722
v -0.190200 1.489229 -0.103402
v -0.187930 1.481265 -0.099616
v -0.171348 1.428312 -0.082813
v -0.157990 1.439093 -0.025109
v -0.150543 1.384496 -0.073840
v -0.140349 1.393506 -0.021608
v -0.091588 1.395409 0.033574
v -0.132152 1.335120 -0.021216
v -0.143352 1.327204 -0.070501
v -0.131699 1.313317 -0.021945
v -0.097658 1.343905 0.021483
v -0.054254 1.348196 0.046082
v -0.103057 1.273452 0.023277
v 0.222939 1.433131 -0.122984
v 0.242243 1.404267 -0.131565
v 0.240503 1.407583 -0.176561
v 0.221598 1.445171 -0.179647
v 0.206945 1.459815 -0.115767
v 0.265672 1.429200 -0.213586
v 0.204782 1.471545 -0.184720
v 0.196248 1.478440 -0.113581
v 0.196267 1.484532 -0.190847
v 0.239460 1.473258 -0.208035
v 0.298329 1.459456 -0.218224
v 0.220618 1.505849 -0.214086
v 0.205740 1.516444 -0.213065
v 0.267904 1.512839 -0.214011
v 0.327952 1.479982 -0.190849
v 0.239574 1.562507 -0.222238
v 0.222309 1.569961 -0.223419
v 0.292179 1.543464 -0.193901
v 0.343371 1.486693 -0.152815
v 0.250746 1.622077 -0.197991
v 0.229707 1.630335 -0.199939
v 0.236118 1.648996 -0.144716
v 0.313748 1.540065 -0.148679
v 0.261541 1.632857 -0.144876
v 0.234019 1.631808 -0.086054
v 0.257293 1.615660 -0.090430
v 0.223931 1.587372 -0.045700
v 0.308942 1.526128 -0.103863
v 0.331028 1.476949 -0.112659
v 0.245228 1.569795 -0.054956
v 0.203569 1.528750 -0.032925
v 0.281725 1.500578 -0.071769
v 0.306574 1.457613 -0.077957
v 0.222907 1.515929 -0.054984
v 0.196248 1.478440 -0.113581
v 0.206945 1.459815 -0.115767
v 0.249144 1.466146 -0.073790
v 0.271074 1.428376 -0.083440
v 0.222939 1.433131 -0.122984
v 0.242243 1.404267 -0.131565
v 0.547912 1.163068 -0.145456
v 0.538872 1.169087 -0.147212
v 0.550748 1.182639 -0.108187
v 0.575960 1.135301 -0.095459
v 0.564410 1.131595 -0.146278
v 0.583657 1.107370 -0.119485
v 0.593143 1.089697 -0.083303
v 0.579134 1.114936 -0.063538
v 0.558128 1.147147 -0.051939
v 0.543585 1.179051 -0.070934
v 0.534227 1.186688 -0.075709
v -0.518375 1.146256 -0.049220
v -0.520104 1.154631 -0.107812
v -0.554484 1.141025 -0.041392
v -0.585728 1.138143 -0.046173
v -0.607334 1.132232 -0.076473
v -0.597612 1.124792 -0.118546
v -0.571696 1.120140 -0.138235
v -0.539868 1.117928 -0.150154
v -0.539868 1.117928 -0.150154
v -0.520104 1.154631 -0.107812
v -0.516661 1.101361 -0.125922
v -0.499484 1.096364 -0.097427
v -0.489422 1.110837 -0.059875
v -0.499374 1.132355 -0.044363
v -0.518375 1.146256 -0.049220
v -0.551465 1.177046 -0.069798
v -0.508201 1.182311 -0.048367
v -0.509217 1.175236 -0.050840
v -0.474192 1.218409 -0.071927
v -0.498466 1.167091 -0.054202
v -0.463115 1.208965 -0.073276
v -0.432949 1.265896 -0.084654
v -0.489949 1.166015 -0.049984
v -0.474928 1.222323 -0.066815
v -0.457556 1.206364 -0.071486
v -0.517361 1.238975 -0.085704
v -0.557594 1.189182 -0.059357
v -0.551465 1.177046 -0.069798
v -0.551465 1.177046 -0.069798
v -0.582566 1.179868 -0.100356
v -0.534680 1.239359 -0.123837
v -0.477490 1.291486 -0.102412
v -0.443516 1.272807 -0.086863
v -0.578691 1.162699 -0.142893
v -0.568032 1.156815 -0.136040
v -0.545501 1.147068 -0.167393
v -0.522538 1.223169 -0.165297
v -0.545501 1.147068 -0.167393
v -0.497803 1.291018 -0.144257
v -0.449289 1.328057 -0.112809
v -0.469028 1.329330 -0.154738
v -0.484167 1.273059 -0.183177
v -0.498503 1.203067 -0.187917
v -0.416098 1.309668 -0.099785
v -0.538677 1.146252 -0.160637
v -0.568032 1.156815 -0.136040
v -0.491531 1.200449 -0.186800
v -0.449370 1.246574 -0.203036
v -0.529563 1.136979 -0.160089
v -0.461334 1.254864 -0.201462
v -0.451054 1.315627 -0.196220
v -0.482396 1.195406 -0.185031
v -0.525205 1.131746 -0.170893
v -0.518808 1.123458 -0.149822
v -0.450302 1.350218 -0.159347
v -0.429814 1.295306 -0.210285
v -0.479874 1.192320 -0.189785
v -0.508762 1.116665 -0.161219
v -0.505307 1.113980 -0.131082
v -0.465946 1.182195 -0.180481
v -0.428840 1.229637 -0.197288
v -0.491935 1.107264 -0.137911
v -0.492543 1.113892 -0.102658
v -0.481801 1.108292 -0.104376
v -0.446831 1.170271 -0.154744
v -0.434228 1.172137 -0.120704
v -0.395677 1.221238 -0.135240
v -0.407889 1.218562 -0.173269
v -0.378458 1.260606 -0.183839
v -0.367276 1.260269 -0.142462
v -0.352821 1.283285 -0.145704
v -0.401186 1.274176 -0.205001
v -0.358655 1.286441 -0.186181
v -0.343383 1.298311 -0.147821
v -0.379783 1.301587 -0.207784
v -0.345726 1.303308 -0.187710
v -0.334811 1.315959 -0.146764
v -0.407131 1.321111 -0.216716
v -0.334608 1.321300 -0.190608
v -0.321011 1.331007 -0.147552
v -0.365809 1.319482 -0.209602
v -0.431006 1.337001 -0.200136
v -0.392321 1.337959 -0.220915
v -0.417917 1.350955 -0.202694
v -0.438076 1.363856 -0.162356
v -0.323584 1.338757 -0.187142
v -0.352751 1.336529 -0.207655
v -0.377713 1.355182 -0.220867
v -0.405255 1.369671 -0.205423
v -0.314550 1.349463 -0.186648
v -0.310363 1.341360 -0.143090
v -0.341381 1.354202 -0.207251
v -0.417243 1.380694 -0.164802
v -0.287446 1.381584 -0.185168
v -0.278418 1.372420 -0.129705
v -0.390704 1.387406 -0.202074
v -0.367908 1.374789 -0.221550
v -0.332552 1.366335 -0.208619
v -0.248047 1.424224 -0.182500
v -0.239452 1.416362 -0.118789
v -0.359429 1.388963 -0.221372
v -0.306062 1.402735 -0.212721
v -0.217998 1.462179 -0.167170
v -0.210485 1.455321 -0.112313
v -0.271960 1.447382 -0.210839
v -0.333992 1.431485 -0.220839
v -0.383577 1.404072 -0.201298
v -0.202078 1.480028 -0.172723
v -0.194354 1.484875 -0.107971
v -0.190200 1.489229 -0.103402
v -0.187522 1.497532 -0.180414
v -0.235070 1.490954 -0.206799
v -0.209912 1.516634 -0.203259
v -0.195445 1.521620 -0.204712
v -0.210863 1.566288 -0.220513
v -0.299815 1.477245 -0.220586
v -0.262810 1.529245 -0.216667
v -0.228141 1.561179 -0.219428
v -0.362194 1.454073 -0.198970
v -0.241596 1.623722 -0.200814
v -0.220779 1.631199 -0.202220
v -0.331186 1.505241 -0.196482
v -0.293060 1.563085 -0.195288
v -0.306834 1.567560 -0.146233
v -0.251976 1.653012 -0.145083
v -0.231285 1.661913 -0.142042
v -0.242561 1.628060 -0.085159
v -0.222967 1.637444 -0.081117
v -0.209862 1.592042 -0.042863
v -0.226536 1.578993 -0.050579
v -0.193430 1.535785 -0.043971
v -0.298143 1.557539 -0.093191
v -0.208295 1.527345 -0.053810
v -0.190200 1.489229 -0.103402
v -0.194354 1.484875 -0.107971
v -0.265791 1.523962 -0.065055
v -0.235204 1.487963 -0.074843
v -0.210485 1.455321 -0.112313
v -0.334534 1.502411 -0.104957
v -0.268336 1.439653 -0.082597
v -0.239452 1.416362 -0.118789
v -0.302076 1.470111 -0.081734
v -0.301765 1.387769 -0.093240
v -0.278418 1.372420 -0.129705
v -0.336402 1.416903 -0.093437
v -0.329232 1.352515 -0.109347
v -0.310363 1.341360 -0.143090
v -0.342529 1.509468 -0.149465
v -0.371908 1.458978 -0.155333
v -0.366952 1.445693 -0.113945
v -0.396908 1.411847 -0.160076
v -0.365061 1.378967 -0.097957
v -0.392074 1.405270 -0.120692
v -0.338388 1.340764 -0.114716
v -0.321011 1.331007 -0.147552
v -0.334811 1.315959 -0.146764
v -0.405241 1.396136 -0.161657
v -0.400448 1.391796 -0.122941
v -0.374614 1.366323 -0.099464
v -0.413555 1.376738 -0.122135
v -0.350526 1.325784 -0.109959
v -0.429578 1.362170 -0.119854
v -0.388779 1.352743 -0.095682
v -0.361271 1.310357 -0.115686
v -0.343383 1.298311 -0.147821
v -0.352821 1.283285 -0.145704
v -0.396071 1.336905 -0.104615
v -0.437364 1.348695 -0.117071
v -0.403982 1.326146 -0.102707
v -0.367701 1.298902 -0.114123
v -0.377549 1.281357 -0.111730
v -0.367276 1.260269 -0.142462
v -0.404252 1.241727 -0.101676
v -0.395677 1.221238 -0.135240
v -0.441356 1.185496 -0.089524
v -0.434228 1.172137 -0.120704
v -0.478257 1.137132 -0.063801
v -0.481801 1.108292 -0.104376
v -0.488283 1.135537 -0.070830
v -0.498466 1.167091 -0.054202
v -0.492543 1.113892 -0.102658
v 0.035173 1.495294 0.061794
v 0.001678 1.436895 0.057757
v 0.000632 1.495294 0.066024
v 0.001418 1.534571 0.062287
v 0.057599 1.539422 0.051184
v 0.002785 1.572586 0.047232
v 0.078313 1.581622 0.036748
v 0.002710 1.625720 0.010345
v 0.090867 1.629209 0.008581
v -0.033157 1.495294 0.060416
v 0.000632 1.495294 0.066024
v 0.001678 1.436895 0.057757
v 0.001418 1.534571 0.062287
v -0.055791 1.534823 0.054699
v 0.002785 1.572586 0.047232
v -0.074268 1.575613 0.039083
v 0.002710 1.625720 0.010345
v -0.087780 1.626351 0.009456
v 0.240429 1.398573 -0.130821
v 0.240503 1.407583 -0.176561
v 0.242243 1.404267 -0.131565
v 0.240418 1.401390 -0.179550
v 0.265672 1.429200 -0.213586
v 0.266715 1.424021 -0.217329
v 0.300915 1.456428 -0.222007
v 0.298329 1.459456 -0.218224
v 0.333042 1.479160 -0.193479
v 0.327952 1.479982 -0.190849
v 0.343371 1.486693 -0.152815
v 0.349053 1.486087 -0.153340
v 0.336021 1.475748 -0.111295
v 0.331028 1.476949 -0.112659
v 0.310094 1.455552 -0.076635
v 0.306574 1.457613 -0.077957
v 0.271074 1.428376 -0.083440
v 0.271710 1.422930 -0.080936
v 0.242243 1.404267 -0.131565
v 0.240429 1.398573 -0.130821
v 0.411465 1.387902 -0.164261
v 0.418726 1.371583 -0.160242
v 0.438365 1.333738 -0.189952
v 0.429975 1.345200 -0.105890
v 0.138908 1.676476 -0.013003
v 0.144917 1.665651 -0.073356
v 0.157126 1.632493 -0.035240
v 0.133224 1.706428 -0.067884
v 0.132818 1.713799 -0.002790
v 0.127787 1.698335 -0.126160
v 0.125232 1.739564 -0.063871
v 0.133321 1.748172 0.002107
v 0.114827 1.733531 -0.116491
v 0.100537 1.716775 -0.163530
v 0.123474 1.778434 -0.058625
v 0.131119 1.763581 0.004179
v 0.112251 1.760427 -0.109628
v 0.112717 1.795626 -0.109338
v 0.096207 1.753448 -0.158865
v 0.058008 1.726580 -0.189318
v 0.095776 1.783442 -0.154682
v 0.096783 1.813856 -0.156158
v 0.059301 1.760491 -0.185166
v -0.000000 1.729303 -0.196729
v -0.000000 1.762984 -0.194742
v 0.057806 1.796090 -0.186602
v 0.056090 1.823184 -0.195668
v -0.000000 1.800122 -0.199579
v -0.000000 1.828695 -0.210520
v 0.042756 1.763730 -0.174847
v 0.000003 1.724640 -0.189355
v -0.000000 1.767972 -0.190157
v 0.054153 1.722392 -0.183219
v 0.081089 1.756980 -0.137768
v 0.090611 1.714117 -0.161768
v 0.115613 1.703431 -0.121842
v 0.050986 1.830217 -0.191832
v 0.000186 1.833294 -0.208427
v -0.000000 1.828695 -0.210520
v 0.056090 1.823184 -0.195668
v 0.089128 1.820803 -0.155337
v 0.096783 1.813856 -0.156158
v 0.102973 1.805952 -0.111171
v 0.112717 1.795626 -0.109338
v 0.113796 1.785705 -0.053969
v 0.123474 1.778434 -0.058625
v 0.131119 1.763581 0.004179
v 0.119717 1.767115 0.005621
v 0.093176 1.782514 -0.052616
v 0.096790 1.762325 0.008063
v 0.085256 1.801965 -0.112057
v 0.076238 1.816870 -0.152908
v 0.080391 1.766660 -0.049433
v 0.084693 1.751727 0.006735
v 0.081301 1.740152 0.005911
v 0.044905 1.826294 -0.184911
v 0.000186 1.833294 -0.208427
v 0.000127 1.829382 -0.206679
v 0.063471 1.797538 -0.152892
v 0.075099 1.785536 -0.112577
v 0.074281 1.726907 -0.057399
v 0.087202 1.711646 0.000837
v 0.063667 1.746254 -0.116565
v 0.072814 1.686537 -0.058411
v 0.095929 1.669352 0.000562
v 0.090867 1.629209 0.008581
v 0.059917 1.720001 -0.115051
v 0.052848 1.758972 -0.156247
v 0.042756 1.763730 -0.174847
v 0.038554 1.803136 -0.183315
v -0.000000 1.767972 -0.190157
v 0.000127 1.829382 -0.206679
v -0.000000 1.806070 -0.197826
v 0.152378 1.629033 -0.030370
v 0.138908 1.676476 -0.013003
v 0.157126 1.632493 -0.035240
v 0.133964 1.672603 -0.009457
v 0.126429 1.711797 0.000244
v 0.132818 1.713799 -0.002790
v 0.127354 1.745305 0.005499
v 0.133321 1.748172 0.002107
v 0.126636 1.757730 0.006627
v 0.131119 1.763581 0.004179
v 0.119717 1.767115 0.005621
v 0.118786 1.760826 0.007517
v 0.096790 1.762325 0.008063
v 0.099099 1.756721 0.008508
v 0.084693 1.751727 0.006735
v 0.088951 1.748482 0.008491
v 0.086073 1.740311 0.007234
v 0.081301 1.740152 0.005911
v 0.092560 1.713605 0.001427
v 0.087202 1.711646 0.000837
v 0.095929 1.669352 0.000562
v 0.102488 1.669535 0.000407
v 0.090867 1.629209 0.008581
v 0.097461 1.627770 0.010120
v 0.118786 1.760826 0.007517
v 0.126636 1.757730 0.006627
v 0.118796 1.770529 -0.050493
v 0.103964 1.773033 -0.048023
v 0.105413 1.788429 -0.113776
v 0.093010 1.790844 -0.112447
v 0.099099 1.756721 0.008508
v 0.081470 1.779603 -0.109179
v 0.089245 1.763048 -0.047748
v 0.088951 1.748482 0.008491
v 0.074989 1.739694 -0.110455
v 0.086073 1.740311 0.007234
v 0.084733 1.723369 -0.054449
v 0.076770 1.714327 -0.110557
v 0.092560 1.713605 0.001427
v 0.086433 1.692659 -0.056402
v 0.102488 1.669535 0.000407
v 0.093202 1.667392 -0.022703
v 0.097461 1.627770 0.010120
v 0.152378 1.629033 -0.030370
v 0.138872 1.666168 -0.069168
v 0.133964 1.672603 -0.009457
v 0.121027 1.726231 -0.056572
v 0.126429 1.711797 0.000244
v 0.115613 1.703431 -0.128909
v 0.127354 1.745305 0.005499
v 0.105771 1.746310 -0.114452
v 0.118796 1.770529 -0.050493
v 0.126636 1.757730 0.006627
v 0.105413 1.788429 -0.113776
v 0.138872 1.666168 -0.069168
v 0.152378 1.629033 -0.030370
v 0.157126 1.632493 -0.035240
v 0.144917 1.665651 -0.073356
v 0.042756 1.763730 -0.174847
v -0.000000 1.767972 -0.190157
v -0.000665 1.720950 -0.186884
v 0.042823 1.722112 -0.168391
v 0.081089 1.756980 -0.137768
v 0.075936 1.723422 -0.139729
v 0.115613 1.703431 -0.121842
v -0.144647 1.666575 -0.073006
v -0.138908 1.676476 -0.013003
v -0.157126 1.632493 -0.035240
v -0.133136 1.706743 -0.067721
v -0.128286 1.700562 -0.125499
v -0.132818 1.713799 -0.002790
v -0.115850 1.734513 -0.116155
v -0.100537 1.716767 -0.163116
v -0.125232 1.739564 -0.063871
v -0.133321 1.748171 0.002107
v -0.096207 1.753434 -0.156724
v -0.058015 1.726544 -0.183439
v -0.123475 1.778434 -0.058625
v -0.131119 1.763581 0.004179
v -0.112251 1.760425 -0.109290
v -0.112717 1.795626 -0.108996
v -0.095776 1.783442 -0.154116
v -0.096783 1.813856 -0.156674
v -0.059301 1.761264 -0.184149
v -0.000000 1.729303 -0.196729
v -0.000000 1.762984 -0.194742
v -0.057806 1.796106 -0.184931
v -0.056090 1.823206 -0.197483
v -0.000000 1.800122 -0.199579
v -0.000000 1.828695 -0.210520
v 0.000003 1.724640 -0.189355
v -0.042756 1.763730 -0.174872
v -0.000000 1.767972 -0.190157
v -0.054160 1.722415 -0.177347
v -0.081089 1.756934 -0.137721
v -0.090611 1.714087 -0.161153
v -0.114455 1.705410 -0.121975
v -0.000000 1.828695 -0.210520
v 0.000186 1.833294 -0.208427
v -0.050986 1.830235 -0.193489
v -0.056090 1.823206 -0.197483
v -0.089128 1.820803 -0.155890
v -0.096783 1.813856 -0.156674
v -0.102973 1.805951 -0.110765
v -0.112717 1.795626 -0.108996
v -0.113796 1.785705 -0.053969
v -0.123475 1.778434 -0.058625
v -0.131119 1.763581 0.004179
v -0.119717 1.767115 0.005621
v -0.093176 1.782513 -0.052616
v -0.096790 1.762324 0.008063
v -0.084788 1.802220 -0.111630
v -0.077156 1.816214 -0.154890
v -0.080391 1.766660 -0.049433
v -0.084877 1.751470 0.006855
v -0.081320 1.740121 0.005924
v -0.045354 1.825750 -0.188439
v 0.000186 1.833294 -0.208427
v 0.000127 1.829382 -0.206679
v -0.064313 1.796602 -0.154554
v -0.074533 1.786005 -0.112111
v -0.074281 1.726907 -0.057399
v -0.087202 1.711646 0.000837
v -0.063437 1.746254 -0.116565
v -0.072944 1.685886 -0.058211
v -0.095929 1.669352 0.000562
v -0.087780 1.626351 0.009456
v -0.059917 1.720001 -0.115058
v -0.052659 1.759250 -0.155956
v -0.042756 1.763730 -0.174872
v -0.039380 1.801593 -0.187487
v -0.000000 1.767972 -0.190157
v -0.000000 1.806070 -0.197826
v 0.000127 1.829382 -0.206679
v -0.138908 1.676476 -0.013003
v -0.152378 1.629033 -0.030370
v -0.157126 1.632493 -0.035240
v -0.133965 1.672603 -0.009457
v -0.126429 1.711797 0.000244
v -0.132818 1.713799 -0.002790
v -0.127354 1.745305 0.005499
v -0.133321 1.748171 0.002107
v -0.126636 1.757730 0.006627
v -0.131119 1.763581 0.004179
v -0.119717 1.767115 0.005621
v -0.118786 1.760825 0.007517
v -0.096790 1.762324 0.008063
v -0.099099 1.756720 0.008508
v -0.084877 1.751470 0.006855
v -0.088951 1.748482 0.008491
v -0.086073 1.740311 0.007234
v -0.081320 1.740121 0.005924
v -0.092560 1.713605 0.001427
v -0.087202 1.711646 0.000837
v -0.095929 1.669352 0.000562
v -0.102488 1.669534 0.000407
v -0.087780 1.626351 0.009456
v -0.094126 1.624277 0.010898
v -0.118796 1.770529 -0.050493
v -0.126636 1.757730 0.006627
v -0.118786 1.760825 0.007517
v -0.103964 1.773032 -0.048023
v -0.105413 1.788429 -0.113776
v -0.093010 1.790844 -0.112447
v -0.099099 1.756720 0.008508
v -0.103964 1.773032 -0.048023
v -0.081360 1.779703 -0.109098
v -0.103964 1.773032 -0.048023
v -0.089245 1.763048 -0.047748
v -0.088951 1.748482 0.008491
v -0.074910 1.739694 -0.110455
v -0.086073 1.740311 0.007234
v -0.084733 1.723369 -0.054449
v -0.076770 1.714327 -0.110557
v -0.087157 1.685234 -0.044567
v -0.092560 1.713605 0.001427
v -0.093485 1.669389 -0.019969
v -0.102488 1.669534 0.000407
v -0.094126 1.624277 0.010898
v -0.152378 1.629033 -0.030370
v -0.133965 1.672603 -0.009457
v -0.138777 1.666711 -0.068828
v -0.121027 1.726231 -0.056571
v -0.126429 1.711797 0.000244
v -0.114455 1.705410 -0.129377
v -0.127354 1.745305 0.005499
v -0.105759 1.746323 -0.114492
v -0.118796 1.770529 -0.050493
v -0.126636 1.757730 0.006627
v -0.105413 1.788429 -0.113776
v -0.138777 1.666711 -0.068828
v -0.144647 1.666575 -0.073006
v -0.157126 1.632493 -0.035240
v -0.152378 1.629033 -0.030370
v -0.042756 1.763730 -0.174872
v -0.000665 1.720950 -0.186884
v -0.000000 1.767972 -0.190157
v -0.042823 1.722097 -0.168884
v -0.081089 1.756934 -0.137721
v -0.075936 1.723422 -0.139726
v -0.114455 1.705410 -0.121975
v -0.153917 1.511355 0.034143
v -0.184344 1.500488 0.022260
v -0.136973 1.450333 0.024986
v -0.205346 1.520873 0.017172
v -0.174515 1.565842 0.005021
v -0.148617 1.559530 0.016337
v -0.143016 1.607916 -0.008519
v 0.568074 1.048231 -0.113455
v 0.551504 1.045774 -0.105004
v 0.559333 1.024980 -0.102574
v 0.570377 1.023789 -0.109556
v 0.570007 1.020178 -0.108816
v 0.556821 1.002204 -0.098126
v 0.564539 0.997468 -0.105421
v 0.562342 0.994026 -0.104648
v 0.540742 0.985046 -0.093708
v 0.545337 0.978101 -0.099732
v 0.539513 0.974862 -0.093873
v 0.560815 1.026575 -0.089133
v 0.555515 1.046333 -0.087815
v 0.574664 1.049005 -0.087859
v 0.574014 1.027267 -0.086324
v 0.571786 1.022213 -0.086056
v 0.558090 1.003944 -0.086374
v 0.568412 0.999884 -0.083389
v 0.566563 0.997244 -0.082789
v 0.547147 0.979446 -0.079750
v 0.542091 0.984634 -0.082778
v 0.539900 0.974261 -0.082045
v 0.547147 0.979446 -0.079750
v 0.543564 0.969920 -0.082166
v 0.539900 0.974261 -0.082045
v 0.571800 0.989367 -0.087767
v 0.566563 0.997244 -0.082789
v 0.575719 0.993308 -0.087426
v 0.568412 0.999884 -0.083389
v 0.581639 1.019302 -0.092255
v 0.571786 1.022213 -0.086056
v 0.574014 1.027267 -0.086324
v 0.584827 1.024948 -0.092195
v 0.574664 1.049005 -0.087859
v 0.587330 1.065461 -0.095379
v 0.542091 0.984634 -0.082778
v 0.539900 0.974261 -0.082045
v 0.539513 0.974862 -0.093873
v 0.540742 0.985046 -0.093708
v 0.558090 1.003944 -0.086374
v 0.556821 1.002204 -0.098126
v 0.560815 1.026575 -0.089133
v 0.559333 1.024980 -0.102574
v 0.555515 1.046333 -0.087815
v 0.551504 1.045774 -0.105004
v 0.544501 1.055824 -0.082979
v 0.557426 1.046573 -0.078484
v 0.542554 1.057027 -0.111241
v 0.549921 1.046739 -0.114831
v 0.550114 1.060853 -0.057236
v 0.562744 1.051561 -0.060412
v 0.569968 1.021399 -0.070313
v 0.571945 1.023130 -0.059202
v 0.566729 0.996163 -0.064860
v 0.568712 0.998197 -0.054669
v 0.554826 0.968314 -0.048564
v 0.552636 0.967433 -0.058282
v 0.554801 0.958929 -0.057181
v 0.557188 0.958889 -0.048589
v 0.562457 1.053289 -0.050093
v 0.549986 1.048873 -0.130030
v 0.552805 1.025539 -0.127403
v 0.553024 1.025539 -0.117810
v 0.546414 1.011783 -0.116362
v 0.545451 1.010974 -0.127067
v 0.535641 0.995493 -0.120329
v 0.537970 0.995130 -0.112750
v 0.537193 0.987900 -0.112647
v 0.535396 0.987715 -0.120575
v 0.541130 0.991459 -0.126621
v 0.550186 1.004421 -0.130228
v 0.560325 1.019469 -0.133709
v 0.561328 1.024083 -0.134394
v 0.552103 1.007416 -0.131005
v 0.561633 1.052785 -0.141856
v 0.570176 1.022691 -0.133541
v 0.566979 1.015797 -0.130206
v 0.560078 1.001986 -0.127986
v 0.574588 1.057351 -0.139967
v 0.530424 1.087086 -0.090899
v 0.543081 1.089640 -0.041198
v 0.553728 1.071372 -0.035590
v 0.553728 1.071372 -0.035590
v 0.562457 1.053289 -0.050093
v 0.573161 1.022713 -0.120283
v 0.569077 1.015880 -0.121326
v 0.578611 1.059990 -0.121680
v 0.561334 1.002606 -0.117134
v 0.558190 0.999670 -0.118202
v 0.581140 1.061978 -0.114010
v 0.568074 1.048231 -0.113455
v 0.556836 0.998608 -0.125516
v 0.541130 0.991459 -0.126621
v 0.540365 0.983690 -0.121618
v 0.541888 0.983110 -0.113885
v 0.541130 0.991459 -0.126621
v 0.535396 0.987715 -0.120575
v 0.587330 1.065461 -0.095379
v 0.584827 1.024948 -0.092195
v 0.582230 1.023690 -0.107924
v 0.579526 1.018137 -0.105529
v 0.581639 1.019302 -0.092255
v 0.574466 0.992515 -0.101553
v 0.575719 0.993308 -0.087426
v 0.570657 0.988833 -0.099345
v 0.571800 0.989367 -0.087767
v 0.542661 0.968568 -0.094006
v 0.543564 0.969920 -0.082166
v 0.539513 0.974862 -0.093873
v 0.539900 0.974261 -0.082045
v 0.590885 1.067334 -0.086758
v 0.574664 1.049005 -0.087859
v 0.598516 1.026005 -0.061164
v 0.596603 1.023590 -0.075555
v 0.594247 1.015577 -0.072056
v 0.595555 1.017555 -0.060836
v 0.590529 0.994106 -0.055128
v 0.588912 0.991358 -0.068208
v 0.586221 0.988441 -0.055192
v 0.585046 0.986404 -0.065291
v 0.564477 0.958859 -0.049182
v 0.562258 0.957460 -0.059293
v 0.510538 1.032557 0.003935
v 0.513259 1.029586 -0.002222
v 0.499524 1.028516 -0.005586
v 0.497050 1.030807 -0.000268
v 0.582230 1.023690 -0.107924
v 0.581140 1.061978 -0.114010
v 0.568074 1.048231 -0.113455
v 0.570377 1.023789 -0.109556
v 0.579526 1.018137 -0.105529
v 0.570007 1.020178 -0.108816
v 0.564539 0.997468 -0.105421
v 0.574466 0.992515 -0.101553
v 0.570657 0.988833 -0.099345
v 0.562342 0.994026 -0.104648
v 0.545337 0.978101 -0.099732
v 0.542661 0.968568 -0.094006
v 0.539513 0.974862 -0.093873
v 0.563968 1.024191 -0.114840
v 0.549921 1.046739 -0.114831
v 0.568074 1.048231 -0.113455
v 0.553024 1.025539 -0.117810
v 0.561810 1.019410 -0.114758
v 0.546414 1.011783 -0.116362
v 0.554363 1.008765 -0.113018
v 0.552530 1.005671 -0.112402
v 0.537970 0.995130 -0.112750
v 0.544790 0.992539 -0.110857
v 0.537193 0.987900 -0.112647
v 0.544790 0.992539 -0.110857
v 0.541888 0.983110 -0.113885
v 0.537193 0.987900 -0.112647
v 0.558190 0.999670 -0.118202
v 0.552530 1.005671 -0.112402
v 0.561334 1.002606 -0.117134
v 0.554363 1.008765 -0.113018
v 0.561810 1.019410 -0.114758
v 0.569077 1.015880 -0.121326
v 0.563968 1.024191 -0.114840
v 0.573161 1.022713 -0.120283
v 0.568074 1.048231 -0.113455
v 0.578611 1.059990 -0.121680
v 0.564828 0.967248 -0.045557
v 0.564477 0.958859 -0.049182
v 0.557188 0.958889 -0.048589
v 0.586221 0.988441 -0.055192
v 0.579221 0.992581 -0.049761
v 0.580588 0.997130 -0.050610
v 0.590529 0.994106 -0.055128
v 0.587370 1.020751 -0.054201
v 0.595555 1.017555 -0.060836
v 0.587343 1.026082 -0.054959
v 0.598516 1.026005 -0.061164
v 0.582122 1.056614 -0.058716
v 0.592794 1.073069 -0.066697
v 0.574664 1.049005 -0.087859
v 0.596603 1.023590 -0.075555
v 0.590885 1.067334 -0.086758
v 0.581933 1.023080 -0.079452
v 0.594247 1.015577 -0.072056
v 0.581870 1.016254 -0.077827
v 0.588912 0.991358 -0.068208
v 0.576267 0.994271 -0.072199
v 0.585046 0.986404 -0.065291
v 0.574337 0.988466 -0.071209
v 0.557588 0.964436 -0.063553
v 0.562258 0.957460 -0.059293
v 0.554801 0.958929 -0.057181
v 0.580754 1.022995 -0.039380
v 0.582122 1.056614 -0.058716
v 0.562457 1.053289 -0.050093
v 0.591554 1.027612 -0.046713
v 0.592468 1.020901 -0.045002
v 0.583717 1.002888 -0.033540
v 0.595801 1.001875 -0.040708
v 0.595364 0.996767 -0.039802
v 0.585560 0.969868 -0.027227
v 0.595040 0.970888 -0.033521
v 0.593158 0.962240 -0.026742
v 0.592381 0.965178 -0.016826
v 0.593158 0.962240 -0.026742
v 0.585560 0.969868 -0.027227
v 0.586115 0.971658 -0.018071
v 0.586440 1.004311 -0.021094
v 0.583717 1.002888 -0.033540
v 0.582416 1.027173 -0.026843
v 0.580754 1.022995 -0.039380
v 0.562289 1.060815 -0.033923
v 0.604523 1.032891 -0.043018
v 0.590934 1.075210 -0.054892
v 0.582122 1.056614 -0.058716
v 0.591554 1.027612 -0.046713
v 0.603772 1.024093 -0.039574
v 0.592468 1.020901 -0.045002
v 0.595801 1.001875 -0.040708
v 0.607341 1.003016 -0.036143
v 0.604674 0.996736 -0.034113
v 0.595364 0.996767 -0.039802
v 0.595040 0.970888 -0.033521
v 0.599767 0.964775 -0.027483
v 0.593158 0.962240 -0.026742
v 0.540365 0.983690 -0.121618
v 0.535396 0.987715 -0.120575
v 0.537193 0.987900 -0.112647
v 0.541888 0.983110 -0.113885
v 0.562258 0.957460 -0.059293
v 0.554801 0.958929 -0.057181
v 0.557188 0.958889 -0.048589
v 0.564477 0.958859 -0.049182
v 0.593158 0.962240 -0.026742
v 0.592381 0.965178 -0.016826
v 0.599444 0.967214 -0.017003
v 0.599767 0.964775 -0.027483
v -0.092034 1.554194 0.052124
v -0.098626 1.547415 0.053947
v -0.082770 1.541874 0.055864
v -0.094931 1.565919 0.050320
v -0.129164 1.552154 0.047377
v -0.099182 1.590425 0.046173
v -0.115021 1.535061 0.053769
v -0.091961 1.543320 0.057416
v -0.142080 1.561608 0.042436
v -0.106301 1.612994 0.033600
v -0.099759 1.515516 0.059206
v -0.088453 1.523982 0.062400
v -0.068552 1.467136 0.070484
v -0.111036 1.515945 0.065434
v -0.130540 1.534134 0.060195
v -0.141382 1.546286 0.053853
v -0.158615 1.553586 0.046008
v -0.163224 1.566437 0.033444
v -0.171500 1.554346 0.041880
v -0.157654 1.587341 0.038507
v -0.180402 1.560109 0.026303
v -0.184384 1.551246 0.037865
v -0.171505 1.585501 0.031051
v -0.186811 1.576834 0.023516
v -0.197628 1.563173 0.020341
v -0.135159 1.621006 0.025738
v -0.125246 1.631681 0.015676
v -0.169784 1.587957 0.029016
v -0.138706 1.640152 0.008069
v -0.153401 1.630113 0.006066
v -0.153922 1.631724 0.010203
v -0.184203 1.585022 0.016235
v -0.165328 1.633012 -0.009859
v -0.145743 1.647001 0.003465
v -0.159321 1.642196 0.003616
v -0.160176 1.652333 0.000638
v -0.151162 1.655667 0.000766
v -0.156599 1.671120 -0.000002
v -0.180773 1.631860 -0.031153
v -0.201721 1.576024 0.000652
v -0.215436 1.593018 -0.024119
v -0.188707 1.637514 -0.042476
v -0.225619 1.613590 -0.041763
v -0.200044 1.646887 -0.055657
v -0.233236 1.642187 -0.060883
v -0.212224 1.658479 -0.065861
v -0.234069 1.688250 -0.075078
v -0.116386 1.607940 0.041662
v -0.117124 1.602176 0.039257
v -0.135159 1.621006 0.025738
v -0.134424 1.623946 0.025542
v -0.148503 1.635977 0.015584
v -0.153922 1.631724 0.010203
v -0.159321 1.642196 0.003616
v -0.154987 1.649407 0.008360
v -0.160176 1.652333 0.000638
v -0.156599 1.671120 -0.000002
v -0.151162 1.655667 0.000766
v -0.145743 1.647001 0.003465
v -0.138706 1.640152 0.008069
v -0.125246 1.631681 0.015676
v -0.106301 1.612994 0.033600
v -0.099182 1.590425 0.046173
v -0.106015 1.575716 0.054293
v -0.117124 1.602176 0.039257
v -0.094931 1.565919 0.050320
v -0.108162 1.573894 0.050796
v -0.096157 1.549187 0.056832
v -0.092034 1.554194 0.052124
v -0.098626 1.547415 0.053947
v -0.082770 1.541874 0.055864
v -0.225609 1.649223 -0.047490
v -0.233236 1.642187 -0.060883
v -0.234069 1.688250 -0.075078
v -0.119178 0.580579 -0.056752
v -0.087565 0.608730 -0.095898
v -0.119670 0.558455 -0.068745
v -0.100995 0.610785 -0.049661
v -0.093535 0.637565 -0.044017
v -0.140594 0.612408 -0.033776
v -0.073298 0.644182 -0.081959
v -0.063364 0.703064 -0.072610
v -0.152512 0.639690 -0.020898
v -0.171115 0.616560 -0.025755
v -0.076162 0.704199 -0.027838
v -0.039256 0.785401 -0.061453
v -0.197561 0.648538 -0.045453
v -0.202860 0.621091 -0.048304
v -0.137017 0.710824 -0.000984
v -0.050290 0.788666 -0.011962
v -0.025762 0.857063 -0.054696
v -0.120087 0.803250 0.021064
v -0.037394 0.861449 -0.003346
v -0.011579 0.929707 -0.046772
v -0.197774 0.717909 -0.030624
v -0.215304 0.623828 -0.106936
v -0.216358 0.587420 -0.072427
v -0.219464 0.562769 -0.082784
v -0.199027 0.819819 -0.015693
v -0.101548 0.886744 0.036320
v -0.211878 0.656263 -0.104346
v -0.027452 0.932298 0.001015
v -0.026351 0.937994 -0.003323
v -0.014423 0.935281 -0.050961
v -0.068454 0.948601 0.033185
v -0.066964 0.941890 0.039653
v -0.105931 0.969655 0.046855
v -0.189080 0.941733 -0.000509
v -0.142786 1.019433 0.033126
v -0.187524 1.049178 -0.022466
v -0.219861 0.954764 -0.090521
v -0.205539 1.041575 -0.090039
v -0.181340 1.019512 -0.150265
v -0.226060 0.823754 -0.096656
v -0.190315 0.929540 -0.161507
v -0.221273 0.717278 -0.098288
v -0.140109 0.992328 -0.180549
v -0.135599 0.996738 -0.177743
v -0.091247 0.967445 -0.177182
v -0.202455 0.818923 -0.154525
v -0.197378 0.661045 -0.142933
v -0.093168 0.962028 -0.180737
v -0.048599 0.947902 -0.155719
v -0.125014 0.896605 -0.180052
v -0.201723 0.718333 -0.147350
v -0.160254 0.660757 -0.155471
v -0.199133 0.631354 -0.149866
v -0.220374 0.605025 -0.143940
v -0.046373 0.941113 -0.159284
v -0.022517 0.935689 -0.108487
v -0.068416 0.874664 -0.164403
v -0.142860 0.806583 -0.176747
v -0.204079 0.600846 -0.162937
v -0.205493 0.579539 -0.180160
v -0.016480 0.930844 -0.112351
v -0.014423 0.935281 -0.050961
v -0.011579 0.929707 -0.046772
v -0.025762 0.857063 -0.054696
v -0.029558 0.863646 -0.118466
v -0.039256 0.785401 -0.061453
v -0.085416 0.793474 -0.165047
v -0.042579 0.785626 -0.122146
v -0.063364 0.703064 -0.072610
v -0.068019 0.703503 -0.120743
v -0.073298 0.644182 -0.081959
v -0.154509 0.713147 -0.166613
v -0.103645 0.706543 -0.155200
v -0.076620 0.649087 -0.118990
v -0.087565 0.608730 -0.095898
v -0.110122 0.654929 -0.146556
v -0.090362 0.611233 -0.129118
v -0.102013 0.585294 -0.147517
v -0.117678 0.621168 -0.151756
v -0.124790 0.590178 -0.164948
v -0.134324 0.568642 -0.181741
v -0.161597 0.628866 -0.161262
v -0.163802 0.595329 -0.174200
v -0.170105 0.562023 -0.194932
v 0.163333 1.015975 -0.158348
v 0.158108 1.015672 -0.153212
v 0.134247 0.994596 -0.173957
v 0.138164 0.992328 -0.180550
v 0.092257 0.962027 -0.180737
v 0.091345 0.965461 -0.175416
v 0.045076 0.941113 -0.158128
v 0.047248 0.944357 -0.154024
v 0.021642 0.935925 -0.103816
v 0.015099 0.930894 -0.104373
v 0.013084 0.934775 -0.051712
v 0.008483 0.929707 -0.046772
v 0.028418 0.938767 -0.002726
v 0.027452 0.932503 0.001015
v 0.069464 0.949106 0.033376
v 0.066964 0.942637 0.039653
v 0.110734 0.970303 0.050822
v 0.110210 0.976069 0.044268
v 0.152889 1.016873 0.040207
v 0.148947 1.019031 0.035827
v 0.191634 0.990728 -0.135084
v 0.174104 1.018327 -0.159118
v 0.163333 1.015975 -0.158348
v 0.197357 0.993093 -0.138056
v 0.211141 0.954863 -0.119726
v 0.203438 0.951363 -0.119300
v 0.227616 0.826301 -0.111600
v 0.223220 0.825554 -0.112555
v 0.221218 0.723474 -0.098730
v 0.221273 0.717278 -0.098288
v 0.190524 1.005876 0.002631
v 0.201653 0.979084 -0.031653
v 0.179143 1.003778 0.006839
v 0.209898 0.985182 -0.031549
v 0.220021 0.952988 -0.051826
v 0.210186 0.950622 -0.049045
v 0.231493 0.827168 -0.073433
v 0.225554 0.826190 -0.071477
v 0.221218 0.723474 -0.098730
v 0.221273 0.717278 -0.098288
v -0.026351 0.937994 -0.003323
v -0.009174 0.961681 -0.046121
v -0.014423 0.935281 -0.050961
v -0.021121 0.965337 -0.000782
v -0.068454 0.948601 0.033185
v -0.006559 1.000451 -0.041281
v -0.058954 0.992108 0.039954
v -0.105931 0.969655 0.046855
v -0.016926 1.003723 0.004416
v -0.000001 1.001304 -0.040134
v -0.101766 1.041649 0.043111
v -0.142786 1.019433 0.033126
v -0.049119 1.038388 0.045793
v -0.000000 1.040339 0.046990
v -0.000000 1.009005 0.005738
v 0.016981 1.003733 0.004390
v 0.006554 1.000451 -0.041281
v -0.143679 1.075135 0.021403
v -0.187524 1.049178 -0.022466
v -0.095972 1.095247 0.045812
v -0.048836 1.092454 0.055150
v 0.022759 0.966455 -0.000075
v 0.010194 0.962321 -0.046497
v 0.028418 0.938767 -0.002726
v 0.013084 0.934775 -0.051712
v 0.069464 0.949106 0.033376
v 0.058720 0.993373 0.039644
v 0.110210 0.976069 0.044268
v 0.049129 1.038423 0.047470
v 0.108437 1.040681 0.043381
v 0.148947 1.019031 0.035827
v 0.148345 1.076635 0.026627
v 0.182930 1.048979 -0.024422
v 0.182058 1.065422 -0.026790
v 0.177502 1.094667 -0.023129
v 0.168575 1.124982 -0.010860
v 0.095372 1.095247 0.042442
v 0.139413 1.110278 0.020978
v 0.156924 1.149685 -0.001268
v 0.048859 1.092454 0.055103
v 0.091603 1.171163 0.036764
v 0.128126 1.171163 0.017393
v 0.143384 1.171164 0.000157
v 0.173835 1.176589 -0.033389
v 0.046938 1.171163 0.047896
v -0.000000 1.092454 0.056424
v -0.000000 1.171163 0.054008
v -0.046918 1.171163 0.048327
v -0.090558 1.171164 0.038607
v -0.135061 1.120335 0.023825
v -0.127806 1.171162 0.018846
v -0.177765 1.097729 -0.026216
v -0.168330 1.136996 -0.027721
v -0.156261 1.180466 -0.027236
v -0.171023 1.180468 -0.088836
v -0.182529 1.141860 -0.093428
v -0.190697 1.104302 -0.090143
v -0.197481 1.070620 -0.094949
v -0.205539 1.041575 -0.090039
v 0.219464 0.562769 -0.082784
v 0.216357 0.587420 -0.072427
v 0.215304 0.623828 -0.106936
v 0.202860 0.621091 -0.048304
v 0.197561 0.648537 -0.045453
v 0.211878 0.656263 -0.104346
v 0.171115 0.616560 -0.025755
v 0.197774 0.717909 -0.030624
v 0.221273 0.717278 -0.098288
v 0.225554 0.826190 -0.071477
v 0.152114 0.640202 -0.021002
v 0.140979 0.612041 -0.034232
v 0.199027 0.819819 -0.015693
v 0.210186 0.950622 -0.049045
v 0.100995 0.610785 -0.049661
v 0.119186 0.580579 -0.056752
v 0.138053 0.710824 -0.000388
v 0.083951 0.607182 -0.090905
v 0.119670 0.558455 -0.068745
v 0.093535 0.637565 -0.044017
v 0.185499 0.936710 0.000892
v 0.201653 0.979084 -0.031653
v 0.179143 1.003778 0.006839
v 0.152889 1.016873 0.040207
v 0.190273 1.045864 -0.024010
v 0.110734 0.970303 0.050822
v 0.103420 0.886744 0.036721
v 0.066964 0.942637 0.039653
v 0.121649 0.803250 0.020982
v 0.039513 0.861448 -0.001902
v 0.027452 0.932503 0.001015
v 0.008483 0.929707 -0.046772
v 0.051425 0.788666 -0.010128
v 0.025762 0.857063 -0.054696
v 0.015099 0.930894 -0.104373
v 0.077244 0.704199 -0.026514
v 0.027814 0.863646 -0.115361
v 0.045076 0.941113 -0.158128
v 0.038983 0.785999 -0.061412
v 0.063231 0.703038 -0.071050
v 0.066777 0.874664 -0.165211
v 0.092257 0.962027 -0.180737
v 0.040240 0.786927 -0.119208
v 0.073298 0.644182 -0.081959
v 0.084962 0.794953 -0.165054
v 0.067540 0.703503 -0.120472
v 0.124674 0.896605 -0.180052
v 0.138164 0.992328 -0.180550
v 0.076620 0.649087 -0.118990
v 0.090362 0.611233 -0.129118
v 0.100660 0.585294 -0.147517
v 0.111985 0.656296 -0.146068
v 0.121816 0.589547 -0.165584
v 0.134324 0.568642 -0.181741
v 0.142537 0.808310 -0.177305
v 0.189033 0.929540 -0.154652
v 0.163333 1.015975 -0.158348
v 0.191634 0.990728 -0.135084
v 0.203438 0.951363 -0.119300
v 0.223220 0.825554 -0.112555
v 0.203670 0.821314 -0.149948
v 0.201723 0.718333 -0.144416
v 0.221273 0.717278 -0.098288
v 0.211878 0.656263 -0.104346
v 0.154509 0.713147 -0.163679
v 0.197378 0.661045 -0.142933
v 0.215304 0.623828 -0.106936
v 0.103645 0.706543 -0.155200
v 0.160254 0.660757 -0.155471
v 0.199133 0.631354 -0.149866
v 0.220374 0.605025 -0.143940
v 0.161597 0.628866 -0.161262
v 0.204079 0.600846 -0.162937
v 0.205493 0.579539 -0.180160
v 0.163802 0.595329 -0.174200
v 0.170105 0.562023 -0.194932
v 0.116560 0.621697 -0.151925
v -0.205539 1.041575 -0.090039
v -0.181340 1.019512 -0.150265
v -0.197481 1.070620 -0.094949
v -0.176234 1.044786 -0.154505
v -0.171624 1.070757 -0.161206
v -0.190697 1.104302 -0.090143
v -0.131008 1.024154 -0.190313
v -0.135599 0.996738 -0.177743
v -0.165314 1.110246 -0.161560
v -0.182529 1.141860 -0.093428
v -0.079954 1.018212 -0.179065
v -0.091247 0.967445 -0.177182
v -0.127962 1.052102 -0.198107
v -0.041568 0.986646 -0.151498
v -0.048599 0.947902 -0.155719
v -0.011754 0.969601 -0.105133
v -0.022517 0.935689 -0.108487
v -0.014423 0.935281 -0.050961
v -0.009174 0.961681 -0.046121
v -0.006559 1.000451 -0.041281
v -0.009870 1.016980 -0.100892
v -0.000001 1.001304 -0.040134
v -0.037147 1.016806 -0.150256
v -0.060653 1.048558 -0.201188
v 0.001207 1.055824 -0.180553
v -0.000037 1.031510 -0.150151
v -0.000022 1.023843 -0.099864
v 0.009809 1.016980 -0.100892
v 0.006554 1.000451 -0.041281
v -0.061050 1.089168 -0.206475
v 0.033869 1.014314 -0.151123
v 0.012385 0.971296 -0.098792
v 0.010194 0.962321 -0.046497
v 0.013084 0.934775 -0.051712
v 0.021642 0.935925 -0.103816
v 0.047248 0.944357 -0.154024
v 0.040600 0.985560 -0.150541
v 0.091345 0.965461 -0.175416
v 0.081224 1.016554 -0.183057
v 0.134247 0.994596 -0.173957
v 0.057392 1.049593 -0.201892
v 0.130791 1.027921 -0.178185
v 0.158108 1.015672 -0.153212
v 0.129253 1.060305 -0.191727
v 0.162066 1.044300 -0.157470
v 0.177328 1.048442 -0.138364
v 0.166342 1.072909 -0.161975
v 0.182771 1.076597 -0.128448
v 0.056721 1.091799 -0.206869
v 0.165673 1.100075 -0.161545
v 0.184512 1.100699 -0.127846
v 0.122710 1.097665 -0.194121
v 0.163799 1.126694 -0.158103
v 0.174869 1.127120 -0.139279
v 0.148676 1.168412 -0.149049
v 0.119678 1.136113 -0.191574
v 0.111864 1.171161 -0.179738
v 0.057719 1.130023 -0.199585
v 0.055129 1.171160 -0.190144
v 0.001008 1.128174 -0.192278
v 0.002438 1.171159 -0.186086
v -0.055601 1.171159 -0.190817
v 0.000652 1.091808 -0.190860
v -0.060095 1.128624 -0.199771
v -0.113345 1.171162 -0.180322
v -0.127999 1.092135 -0.196834
v -0.120842 1.136113 -0.191958
v -0.162096 1.138119 -0.154030
v -0.153636 1.175805 -0.145053
v -0.171023 1.180468 -0.088836
v 0.148947 1.019031 0.035827
v 0.182930 1.048979 -0.024422
v 0.190273 1.045864 -0.024010
v 0.152889 1.016873 0.040207
v 0.225991 0.543921 -0.058619
v 0.212690 0.519100 -0.048029
v 0.207789 0.522111 -0.049303
v 0.217749 0.547354 -0.055145
v 0.232555 0.575978 -0.064780
v 0.226079 0.581390 -0.063391
v 0.223280 0.598855 -0.070153
v 0.223280 0.598855 -0.070153
v 0.233694 0.571723 -0.075401
v 0.225562 0.573042 -0.080223
v 0.224866 0.555404 -0.082064
v 0.226312 0.525354 -0.074090
v 0.230905 0.546883 -0.077615
v 0.224866 0.555404 -0.082064
v 0.119186 0.580579 -0.056752
v 0.140917 0.602212 -0.024309
v 0.123154 0.566309 -0.047040
v 0.140979 0.612041 -0.034232
v 0.174045 0.650205 -0.009192
v 0.174261 0.649393 -0.003796
v 0.215589 0.611067 -0.039514
v 0.174261 0.649393 -0.003796
v 0.174045 0.650205 -0.009192
v 0.202860 0.621091 -0.048304
v 0.226079 0.581390 -0.063391
v 0.216357 0.587420 -0.072427
v 0.219464 0.562769 -0.082784
v 0.224866 0.555404 -0.082064
v 0.202860 0.621091 -0.048304
v 0.174045 0.650205 -0.009192
v 0.171115 0.616560 -0.025755
v 0.140979 0.612041 -0.034232
v 0.223280 0.598855 -0.070153
v 0.226079 0.581390 -0.063391
v 0.225562 0.573042 -0.080223
v 0.224866 0.555404 -0.082064
v 0.269969 0.067501 -0.163429
v 0.249994 0.079873 -0.182128
v 0.257387 0.068160 -0.163153
v 0.238573 0.105727 -0.206599
v 0.234150 0.097009 -0.199788
v 0.201863 0.107631 -0.206368
v 0.198096 0.123821 -0.221929
v 0.176068 0.107940 -0.203077
v 0.182922 0.092086 -0.185030
v 0.167872 0.085927 -0.174350
v 0.183261 0.077509 -0.161280
v 0.183261 0.077509 -0.161280
v 0.167872 0.085927 -0.174350
v 0.182121 0.062004 -0.130531
v 0.194417 0.062195 -0.133056
v 0.191722 0.001873 -0.130323
v 0.269249 0.002699 -0.160505
v 0.260277 0.002699 -0.189233
v 0.177561 0.001967 -0.160488
v 0.178708 0.001967 -0.199707
v 0.241534 0.002699 -0.228775
v 0.202471 0.001967 -0.229573
v 0.293616 0.018739 0.101146
v 0.325774 0.005067 0.036803
v 0.237921 0.005116 0.056236
v 0.210074 0.002349 0.008321
v 0.327852 0.001136 -0.026201
v 0.203578 0.001967 -0.032113
v 0.308716 0.002699 -0.066489
v 0.205246 0.022852 -0.090282
v 0.283134 0.020608 -0.114857
v 0.191023 0.029909 -0.128092
v 0.267240 0.029475 -0.161137
v 0.241534 0.002699 -0.228775
v 0.256913 0.073611 -0.187178
v 0.238959 0.093701 -0.209891
v 0.260277 0.002699 -0.189233
v 0.267240 0.029475 -0.161137
v 0.269249 0.002699 -0.160505
v 0.267618 0.054960 -0.162899
v 0.282531 0.046113 -0.111128
v 0.262971 0.118720 -0.124976
v 0.257387 0.068160 -0.163153
v 0.249021 0.120355 -0.132696
v 0.283134 0.020608 -0.114857
v 0.241015 0.150491 -0.108953
v 0.252930 0.151706 -0.100418
v 0.228729 0.154233 -0.098071
v 0.260326 0.097535 -0.065396
v 0.304389 0.025804 -0.064191
v 0.308716 0.002699 -0.066489
v 0.327852 0.001136 -0.026201
v 0.272925 0.083978 -0.085672
v 0.290921 0.056739 -0.044780
v 0.256752 0.077068 -0.019352
v 0.322434 0.023342 -0.016711
v 0.325774 0.005067 0.036803
v 0.302370 0.041829 -0.002856
v 0.317163 0.022704 0.035005
v 0.240457 0.101780 -0.056427
v 0.252930 0.151706 -0.100418
v 0.230441 0.165204 -0.081843
v 0.209978 0.152797 -0.080543
v 0.215363 0.150490 -0.096073
v 0.220659 0.092195 -0.056234
v 0.185499 0.113107 -0.096668
v 0.201345 0.113241 -0.112953
v 0.194417 0.062195 -0.133056
v 0.286288 0.030127 0.087233
v 0.293616 0.018739 0.101146
v 0.237921 0.005116 0.056236
v 0.205815 0.070547 -0.064820
v 0.187594 0.051398 -0.128691
v 0.216503 0.054104 -0.023073
v 0.174464 0.065096 -0.158635
v 0.183261 0.077509 -0.161280
v 0.174340 0.083050 -0.193703
v 0.182922 0.092086 -0.185030
v 0.201863 0.107631 -0.206368
v 0.198375 0.107729 -0.221973
v 0.202471 0.001967 -0.229573
v 0.178708 0.001967 -0.199707
v 0.177561 0.001967 -0.160488
v 0.191023 0.029909 -0.128092
v 0.191722 0.001873 -0.130323
v 0.198643 0.045216 -0.087450
v 0.205246 0.022852 -0.090282
v 0.204370 0.025238 -0.032470
v 0.203578 0.001967 -0.032113
v 0.210074 0.002349 0.008321
v 0.214681 0.019149 0.011388
v 0.231220 0.040598 0.014591
v 0.242036 0.020877 0.053716
v 0.267844 0.056510 0.013590
v 0.281398 0.042314 0.062818
v 0.253389 0.038262 0.045911
v 0.302269 0.038938 0.030916
v 0.202471 0.001967 -0.229573
v 0.241534 0.002699 -0.228775
v 0.238959 0.093701 -0.209891
v 0.198375 0.107729 -0.221973
v 0.257387 0.068160 -0.163153
v 0.256913 0.073611 -0.187178
v 0.267618 0.054960 -0.162899
v 0.249994 0.079873 -0.182128
v 0.238959 0.093701 -0.209891
v 0.234150 0.097009 -0.199788
v 0.201863 0.107631 -0.206368
v 0.198375 0.107729 -0.221973
v 0.252930 0.151706 -0.100418
v 0.230441 0.165204 -0.081843
v -0.225991 0.543921 -0.058619
v -0.207789 0.522111 -0.049303
v -0.212690 0.519100 -0.048029
v -0.217749 0.547354 -0.055145
v -0.232555 0.575978 -0.064780
v -0.226079 0.581390 -0.063391
v -0.189427 0.571339 -0.003715
v -0.223280 0.598855 -0.070153
v -0.223280 0.598855 -0.070153
v -0.215589 0.611067 -0.039514
v -0.192386 0.542948 -0.016495
v -0.181355 0.608988 -0.002808
v -0.174261 0.649393 -0.003796
v -0.140917 0.602212 -0.024309
v -0.174261 0.649393 -0.003796
v -0.123154 0.566309 -0.047040
v -0.149738 0.540069 -0.044514
v -0.173914 0.517058 -0.044200
v -0.194551 0.516950 -0.032344
v -0.197099 0.481368 -0.055418
v -0.233694 0.571723 -0.075401
v -0.225562 0.573042 -0.080223
v -0.224866 0.555404 -0.082064
v -0.230905 0.546883 -0.077615
v -0.228015 0.525353 -0.074090
v -0.140917 0.602212 -0.024309
v -0.119178 0.580579 -0.056752
v -0.123154 0.566309 -0.047040
v -0.140594 0.612408 -0.033776
v -0.174045 0.650205 -0.009192
v -0.174261 0.649393 -0.003796
v -0.215589 0.611067 -0.039514
v -0.174045 0.650205 -0.009192
v -0.174261 0.649393 -0.003796
v -0.202860 0.621091 -0.048304
v -0.226079 0.581390 -0.063391
v -0.216358 0.587420 -0.072427
v -0.219464 0.562769 -0.082784
v -0.224866 0.555404 -0.082064
v -0.202860 0.621091 -0.048304
v -0.171115 0.616560 -0.025755
v -0.174045 0.650205 -0.009192
v -0.140594 0.612408 -0.033776
v -0.226079 0.581390 -0.063391
v -0.223280 0.598855 -0.070153
v -0.225562 0.573042 -0.080223
v -0.224866 0.555404 -0.082064
v -0.269969 0.067501 -0.163429
v -0.258648 0.063518 -0.163126
v -0.249994 0.079873 -0.182128
v -0.238573 0.105727 -0.206599
v -0.234150 0.097009 -0.199787
v -0.201863 0.107631 -0.206368
v -0.198096 0.123821 -0.221929
v -0.176068 0.107940 -0.203076
v -0.182922 0.092086 -0.185030
v -0.167872 0.085927 -0.174350
v -0.183261 0.077509 -0.161280
v -0.182121 0.062004 -0.130531
v -0.167872 0.085927 -0.174350
v -0.183261 0.077509 -0.161280
v -0.194417 0.062195 -0.133056
v -0.191722 0.001873 -0.130323
v -0.260277 0.002699 -0.189233
v -0.269249 0.002699 -0.160505
v -0.177561 0.001967 -0.160488
v -0.178708 0.001967 -0.199707
v -0.241534 0.002699 -0.223998
v -0.202471 0.001967 -0.229573
v -0.293616 0.018739 0.101146
v -0.237921 0.005116 0.056236
v -0.325774 0.005067 0.036803
v -0.210074 0.002349 0.008321
v -0.327852 0.001136 -0.026201
v -0.203578 0.001967 -0.032113
v -0.308716 0.002699 -0.066488
v -0.205247 0.022852 -0.090282
v -0.283134 0.020608 -0.114857
v -0.191023 0.029909 -0.128092
v -0.267240 0.029475 -0.161137
v -0.256914 0.073611 -0.187178
v -0.241534 0.002699 -0.223998
v -0.238960 0.093701 -0.209891
v -0.260277 0.002699 -0.189233
v -0.267240 0.029475 -0.161137
v -0.269249 0.002699 -0.160505
v -0.267618 0.054960 -0.162899
v -0.282531 0.046113 -0.111127
v -0.283134 0.020608 -0.114857
v -0.262971 0.118720 -0.124976
v -0.304389 0.025804 -0.064191
v -0.308716 0.002699 -0.066488
v -0.327852 0.001136 -0.026201
v -0.322434 0.023342 -0.016711
v -0.325774 0.005067 0.036803
v -0.290921 0.056739 -0.044780
v -0.272925 0.083978 -0.085672
v -0.260326 0.097535 -0.065396
v -0.256753 0.077068 -0.019352
v -0.252930 0.151706 -0.100418
v -0.240457 0.101780 -0.056427
v -0.230441 0.165204 -0.081843
v -0.209978 0.152797 -0.080543
v -0.220659 0.092195 -0.056234
v -0.185499 0.113107 -0.096668
v -0.302371 0.041829 -0.002856
v -0.205815 0.070547 -0.064820
v -0.187594 0.051398 -0.128691
v -0.317163 0.022704 0.035005
v -0.216503 0.054104 -0.023073
v -0.286288 0.030127 0.087233
v -0.293616 0.018739 0.101146
v -0.237921 0.005116 0.056236
v -0.302269 0.038938 0.030916
v -0.267844 0.056510 0.013590
v -0.281398 0.042314 0.062818
v -0.242036 0.020877 0.053716
v -0.231220 0.040597 0.014591
v -0.253389 0.038262 0.045911
v -0.214681 0.019149 0.011388
v -0.210074 0.002349 0.008321
v -0.204370 0.025238 -0.032470
v -0.203578 0.001967 -0.032113
v -0.205247 0.022852 -0.090282
v -0.198643 0.045216 -0.087450
v -0.191023 0.029909 -0.128092
v -0.174464 0.065096 -0.158635
v -0.194417 0.062195 -0.133056
v -0.183261 0.077509 -0.161280
v -0.177561 0.001967 -0.160488
v -0.191722 0.001873 -0.130323
v -0.178708 0.001967 -0.199707
v -0.174340 0.083050 -0.193703
v -0.182922 0.092086 -0.185030
v -0.202471 0.001967 -0.229573
v -0.201863 0.107631 -0.206368
v -0.198375 0.107729 -0.221973
v -0.238960 0.093701 -0.209891
v -0.241534 0.002699 -0.223998
v -0.202471 0.001967 -0.229573
v -0.198375 0.107729 -0.221973
v -0.256914 0.073611 -0.187178
v -0.258648 0.063518 -0.163126
v -0.267618 0.054960 -0.162899
v -0.249994 0.079873 -0.182128
v -0.238960 0.093701 -0.209891
v -0.234150 0.097009 -0.199787
v -0.201863 0.107631 -0.206368
v -0.198375 0.107729 -0.221973
v -0.262971 0.118720 -0.124976
v -0.267618 0.054960 -0.162899
v -0.258648 0.063518 -0.163126
v -0.249021 0.120355 -0.132696
v -0.241015 0.150491 -0.108953
v -0.252930 0.151706 -0.100418
v -0.228729 0.154233 -0.098071
v -0.252930 0.151706 -0.100418
v -0.230441 0.165204 -0.081843
v -0.215363 0.150490 -0.096073
v -0.230441 0.165204 -0.081843
v -0.209978 0.152797 -0.080543
v -0.185499 0.113107 -0.096668
v -0.201345 0.113241 -0.112953
v -0.194417 0.062195 -0.133056
v -0.187594 0.051398 -0.128691
v -0.197541 1.655900 -0.062025
v -0.208863 1.653364 -0.064172
v -0.211810 1.682087 -0.086110
v -0.200188 1.686590 -0.086274
v -0.183493 1.657361 -0.062837
v -0.217967 1.699677 -0.111592
v -0.184626 1.685505 -0.088998
v -0.164711 1.662081 -0.062587
v -0.204210 1.706282 -0.112797
v -0.226935 1.719171 -0.144204
v -0.211363 1.725704 -0.148415
v -0.186341 1.702743 -0.116562
v -0.190641 1.722606 -0.151341
v -0.165291 1.689802 -0.089496
v -0.151080 1.664115 -0.059289
v -0.147513 1.698748 -0.084630
v -0.164944 1.711590 -0.114897
v -0.164308 1.732638 -0.144776
v -0.142612 1.720112 -0.110283
v -0.142377 1.739045 -0.138216
v -0.197659 1.647184 -0.064454
v -0.210515 1.645884 -0.064507
v -0.208863 1.653364 -0.064172
v -0.197541 1.655900 -0.062025
v -0.182677 1.650996 -0.063328
v -0.183493 1.657361 -0.062837
v -0.164711 1.662081 -0.062587
v -0.162759 1.655683 -0.066092
v -0.151080 1.664115 -0.059289
v -0.143864 1.659029 -0.060291
v -0.151080 1.664115 -0.059289
v -0.139609 1.692490 -0.087788
v -0.143864 1.659029 -0.060291
v -0.147513 1.698748 -0.084630
v -0.133952 1.706218 -0.113026
v -0.142612 1.720112 -0.110283
v -0.133149 1.720258 -0.135558
v -0.142377 1.739045 -0.138216
v -0.132158 1.718598 -0.164784
v -0.140565 1.732520 -0.168752
v -0.124686 1.708030 -0.202370
v -0.119081 1.701557 -0.193043
v -0.098329 1.674370 -0.231150
v -0.094725 1.672037 -0.224054
v -0.070290 1.628221 -0.250005
v -0.073029 1.630002 -0.260381
v -0.055082 1.520470 -0.280316
v -0.058238 1.522511 -0.286148
v -0.140565 1.732520 -0.168752
v -0.142377 1.739045 -0.138216
v -0.164308 1.732638 -0.144776
v -0.160913 1.723675 -0.176990
v -0.124686 1.708030 -0.202370
v -0.190641 1.722606 -0.151341
v -0.148637 1.704603 -0.207519
v -0.192557 1.700413 -0.200923
v -0.221957 1.707402 -0.189629
v -0.211363 1.725704 -0.148415
v -0.226935 1.719171 -0.144204
v -0.171494 1.685231 -0.220351
v -0.127395 1.659218 -0.236800
v -0.224111 1.672021 -0.212197
v -0.112627 1.669940 -0.237659
v -0.098329 1.674370 -0.231150
v -0.092434 1.615396 -0.258520
v -0.073029 1.630002 -0.260381
v -0.058238 1.522511 -0.286148
v -0.248000 1.679654 -0.203214
v -0.253639 1.639638 -0.216645
v -0.243670 1.701083 -0.176185
v -0.270866 1.638077 -0.214329
v -0.271057 1.593088 -0.223101
v -0.259027 1.676637 -0.189077
v -0.274673 1.633488 -0.205163
v -0.270198 1.592039 -0.213913
v -0.271241 1.630054 -0.200355
v -0.257511 1.671934 -0.183145
v -0.245974 1.693938 -0.172046
v -0.229629 1.710508 -0.142945
v -0.217967 1.699677 -0.111592
v -0.219933 1.694122 -0.112140
v -0.211810 1.682087 -0.086110
v -0.214139 1.676186 -0.090119
v -0.208863 1.653364 -0.064172
v -0.210515 1.645884 -0.064507
v -0.191231 1.692137 -0.172602
v -0.132158 1.718598 -0.164784
v -0.119081 1.701557 -0.193043
v -0.195071 1.677923 -0.194789
v -0.245974 1.693938 -0.172046
v -0.257511 1.671934 -0.183145
v -0.198819 1.645431 -0.219338
v -0.271241 1.630054 -0.200355
v -0.270198 1.592039 -0.213913
v -0.094725 1.672037 -0.224054
v -0.187777 1.606992 -0.238270
v -0.070290 1.628221 -0.250005
v -0.171494 1.685231 -0.220351
v -0.192557 1.700413 -0.200923
v -0.191428 1.686989 -0.201915
v -0.174262 1.676550 -0.216855
v -0.131026 1.654335 -0.233534
v -0.127395 1.659218 -0.236800
v -0.092434 1.615396 -0.258520
v -0.224111 1.672021 -0.212197
v -0.191428 1.686989 -0.201915
v -0.192557 1.700413 -0.200923
v -0.220510 1.667527 -0.210315
v -0.253639 1.639638 -0.216645
v -0.559333 1.024980 -0.102574
v -0.551505 1.045774 -0.105004
v -0.568074 1.048231 -0.113455
v -0.570378 1.023789 -0.109555
v -0.570008 1.020178 -0.108815
v -0.556822 1.002204 -0.098126
v -0.564540 0.997468 -0.105420
v -0.562343 0.994026 -0.104648
v -0.540742 0.985046 -0.093708
v -0.545337 0.978100 -0.099732
v -0.539514 0.974862 -0.093873
v -0.574665 1.049005 -0.087859
v -0.555516 1.046333 -0.087815
v -0.560816 1.026575 -0.089133
v -0.574015 1.027267 -0.086323
v -0.571787 1.022213 -0.086056
v -0.558091 1.003944 -0.086374
v -0.568413 0.999884 -0.083388
v -0.566564 0.997244 -0.082789
v -0.547148 0.979446 -0.079750
v -0.542092 0.984634 -0.082777
v -0.539900 0.974261 -0.082045
v -0.547148 0.979446 -0.079750
v -0.539900 0.974261 -0.082045
v -0.543564 0.969920 -0.082165
v -0.571801 0.989367 -0.087767
v -0.566564 0.997244 -0.082789
v -0.575719 0.993308 -0.087426
v -0.568413 0.999884 -0.083388
v -0.581640 1.019302 -0.092255
v -0.571787 1.022213 -0.086056
v -0.574015 1.027267 -0.086323
v -0.584828 1.024948 -0.092195
v -0.574665 1.049005 -0.087859
v -0.587330 1.065461 -0.095379
v -0.539514 0.974862 -0.093873
v -0.539900 0.974261 -0.082045
v -0.542092 0.984634 -0.082777
v -0.540742 0.985046 -0.093708
v -0.558091 1.003944 -0.086374
v -0.556822 1.002204 -0.098126
v -0.560816 1.026575 -0.089133
v -0.559333 1.024980 -0.102574
v -0.555516 1.046333 -0.087815
v -0.551505 1.045774 -0.105004
v -0.542253 1.064128 -0.082979
v -0.557427 1.046573 -0.078484
v -0.540911 1.063169 -0.111241
v -0.549921 1.046739 -0.114830
v -0.547606 1.067686 -0.057236
v -0.522661 1.091346 -0.064232
v -0.530425 1.087086 -0.090899
v -0.562745 1.051561 -0.060412
v -0.569969 1.021399 -0.070312
v -0.571946 1.023130 -0.059202
v -0.566729 0.996163 -0.064859
v -0.568712 0.998197 -0.054669
v -0.554826 0.968313 -0.048564
v -0.552636 0.967433 -0.058282
v -0.554801 0.958929 -0.057180
v -0.557189 0.958888 -0.048588
v -0.562458 1.053288 -0.050093
v -0.540447 1.086478 -0.041198
v -0.554248 1.072583 -0.035589
v -0.562289 1.060815 -0.033923
v -0.582416 1.027173 -0.026843
v -0.580755 1.022995 -0.039379
v -0.583718 1.002888 -0.033540
v -0.586441 1.004311 -0.021094
v -0.585561 0.969868 -0.027227
v -0.586115 0.971658 -0.018071
v -0.592381 0.965178 -0.016826
v -0.593158 0.962240 -0.026742
v -0.540447 1.086478 -0.041198
v -0.521679 1.089040 -0.050798
v -0.501864 1.097877 -0.057207
v -0.503987 1.123143 -0.083947
v -0.513316 1.113266 -0.096251
v -0.530706 1.081754 -0.116231
v -0.545903 1.059954 -0.131867
v -0.504162 1.090781 -0.047656
v -0.520187 1.084575 -0.042927
v -0.540447 1.086478 -0.041198
v -0.534152 1.089764 -0.031131
v -0.526228 1.075930 -0.019647
v -0.517477 1.064998 -0.030925
v -0.524993 1.062616 -0.015856
v -0.502865 1.066310 -0.035780
v -0.517351 1.042236 -0.020481
v -0.521064 1.044311 -0.010836
v -0.513260 1.029586 -0.002222
v -0.510539 1.032556 0.003936
v -0.499524 1.028515 -0.005585
v -0.503037 1.042425 -0.024641
v -0.494166 1.045509 -0.014863
v -0.497050 1.030806 -0.000268
v -0.493218 1.065689 -0.019969
v -0.495351 1.080313 -0.023457
v -0.495831 1.099249 -0.035122
v -0.493983 1.118679 -0.051296
v -0.502565 1.134480 -0.065039
v -0.506143 1.146522 -0.081621
v -0.505934 1.135152 -0.101555
v -0.505649 1.153021 -0.085090
v -0.502900 1.140610 -0.103057
v -0.507557 1.138889 -0.124228
v -0.510167 1.132578 -0.122910
v -0.517289 1.109734 -0.122414
v -0.525192 1.140264 -0.142279
v -0.520929 1.148113 -0.141939
v -0.534182 1.082844 -0.137154
v -0.528064 1.109841 -0.137107
v -0.543131 1.155357 -0.145984
v -0.538873 1.169088 -0.147212
v -0.539153 1.117975 -0.148024
v -0.549699 1.089093 -0.149182
v -0.559960 1.063667 -0.145083
v -0.549842 1.165362 -0.134020
v -0.546118 1.175260 -0.137804
v -0.550745 1.181701 -0.121136
v -0.553751 1.170625 -0.117390
v -0.546831 1.187886 -0.094777
v -0.552851 1.124762 -0.144198
v -0.564492 1.097575 -0.145640
v -0.563630 1.130784 -0.132878
v -0.568564 1.136442 -0.108638
v -0.552596 1.173732 -0.092453
v -0.574080 1.070108 -0.142760
v -0.574221 1.102212 -0.126174
v -0.539330 1.172753 -0.073004
v -0.534227 1.186688 -0.075708
v -0.516319 1.169548 -0.072383
v -0.519160 1.162809 -0.069591
v -0.505649 1.153021 -0.085090
v -0.506143 1.146522 -0.081621
v -0.513883 1.144499 -0.052634
v -0.502565 1.134480 -0.065039
v -0.533441 1.144785 -0.051560
v -0.508296 1.128214 -0.035295
v -0.493983 1.118679 -0.051296
v -0.495831 1.099249 -0.035122
v -0.553831 1.144090 -0.061142
v -0.567347 1.140309 -0.080824
v -0.579883 1.109388 -0.102515
v -0.579636 1.074236 -0.122227
v -0.502653 1.104937 -0.017684
v -0.528272 1.122830 -0.029891
v -0.546046 1.111856 -0.038114
v -0.569153 1.117250 -0.050073
v -0.579811 1.114284 -0.072240
v -0.502143 1.084693 -0.014385
v -0.495351 1.080313 -0.023457
v -0.540447 1.086478 -0.041198
v -0.569426 1.084523 -0.032998
v -0.540447 1.086478 -0.041198
v -0.554248 1.072583 -0.035589
v -0.518896 1.103183 -0.015683
v -0.500170 1.070211 -0.010669
v -0.493218 1.065689 -0.019969
v -0.534152 1.089764 -0.031131
v -0.540447 1.086478 -0.041198
v -0.515581 1.082387 -0.011372
v -0.526228 1.075930 -0.019647
v -0.513053 1.069631 -0.006972
v -0.524993 1.062616 -0.015856
v -0.511607 1.047876 -0.003906
v -0.521064 1.044311 -0.010836
v -0.510539 1.032556 0.003936
v -0.497050 1.030806 -0.000268
v -0.498652 1.047943 -0.009417
v -0.494166 1.045509 -0.014863
v -0.510539 1.032556 0.003936
v -0.497050 1.030806 -0.000268
v -0.499524 1.028515 -0.005585
v -0.513260 1.029586 -0.002222
v -0.582230 1.023690 -0.107924
v -0.568074 1.048231 -0.113455
v -0.581141 1.061979 -0.114010
v -0.570378 1.023789 -0.109555
v -0.579526 1.018137 -0.105529
v -0.570008 1.020178 -0.108815
v -0.564540 0.997468 -0.105420
v -0.574467 0.992515 -0.101553
v -0.570658 0.988834 -0.099345
v -0.562343 0.994026 -0.104648
v -0.545337 0.978100 -0.099732
v -0.542662 0.968568 -0.094006
v -0.539514 0.974862 -0.093873
v -0.544791 0.992539 -0.110857
v -0.537194 0.987900 -0.112647
v -0.541889 0.983110 -0.113884
v -0.558190 0.999670 -0.118202
v -0.552530 1.005671 -0.112402
v -0.561335 1.002606 -0.117133
v -0.554364 1.008765 -0.113017
v -0.561811 1.019410 -0.114758
v -0.569078 1.015880 -0.121325
v -0.563969 1.024191 -0.114840
v -0.573161 1.022713 -0.120283
v -0.568074 1.048231 -0.113455
v -0.578612 1.059990 -0.121680
v -0.540366 0.983689 -0.121618
v -0.558190 0.999670 -0.118202
v -0.541889 0.983110 -0.113884
v -0.556837 0.998608 -0.125515
v -0.541130 0.991459 -0.126620
v -0.535397 0.987715 -0.120575
v -0.560079 1.001986 -0.127986
v -0.561335 1.002606 -0.117133
v -0.569078 1.015880 -0.121325
v -0.550187 1.004421 -0.130227
v -0.541130 0.991459 -0.126620
v -0.566980 1.015797 -0.130206
v -0.573161 1.022713 -0.120283
v -0.552104 1.007416 -0.131004
v -0.570177 1.022691 -0.133541
v -0.560326 1.019469 -0.133708
v -0.545452 1.010974 -0.127066
v -0.574589 1.057351 -0.139967
v -0.578612 1.059990 -0.121680
v -0.535642 0.995493 -0.120329
v -0.541130 0.991459 -0.126620
v -0.535397 0.987715 -0.120575
v -0.537194 0.987900 -0.112647
v -0.537971 0.995130 -0.112750
v -0.546414 1.011783 -0.116361
v -0.552806 1.025539 -0.127403
v -0.553025 1.025539 -0.117809
v -0.561329 1.024084 -0.134393
v -0.549986 1.048873 -0.130030
v -0.561633 1.052785 -0.141856
v -0.581141 1.061979 -0.114010
v -0.568074 1.048231 -0.113455
v -0.587330 1.065461 -0.095379
v -0.589230 1.080876 -0.093207
v -0.584828 1.024948 -0.092195
v -0.582230 1.023690 -0.107924
v -0.579526 1.018137 -0.105529
v -0.581640 1.019302 -0.092255
v -0.574467 0.992515 -0.101553
v -0.575719 0.993308 -0.087426
v -0.570658 0.988834 -0.099345
v -0.571801 0.989367 -0.087767
v -0.542662 0.968568 -0.094006
v -0.543564 0.969920 -0.082165
v -0.539514 0.974862 -0.093873
v -0.539900 0.974261 -0.082045
v -0.590886 1.067334 -0.086758
v -0.574665 1.049005 -0.087859
v -0.592795 1.073069 -0.066697
v -0.598516 1.026005 -0.061164
v -0.596604 1.023590 -0.075554
v -0.594247 1.015577 -0.072056
v -0.595556 1.017555 -0.060836
v -0.590530 0.994106 -0.055128
v -0.588912 0.991357 -0.068208
v -0.586221 0.988441 -0.055192
v -0.585047 0.986404 -0.065291
v -0.564478 0.958859 -0.049181
v -0.562259 0.957460 -0.059293
v -0.589897 1.086693 -0.064974
v -0.590935 1.075210 -0.054892
v -0.582123 1.056614 -0.058716
v -0.584099 1.091418 -0.042447
v -0.588110 1.078889 -0.038942
v -0.604523 1.032891 -0.043018
v -0.575508 1.072439 -0.031167
v -0.562289 1.060815 -0.033923
v -0.604196 1.036703 -0.027675
v -0.593359 1.034059 -0.022811
v -0.582416 1.027173 -0.026843
v -0.603824 1.027761 -0.026655
v -0.603773 1.024093 -0.039574
v -0.594496 1.027627 -0.021070
v -0.586441 1.004311 -0.021094
v -0.607365 1.004912 -0.022188
v -0.607342 1.003016 -0.036143
v -0.596638 1.006944 -0.016790
v -0.604910 0.999275 -0.022240
v -0.604674 0.996736 -0.034112
v -0.596747 1.001630 -0.016155
v -0.586115 0.971658 -0.018071
v -0.592625 0.973653 -0.014130
v -0.592381 0.965178 -0.016826
v -0.599444 0.967214 -0.017003
v -0.599768 0.964775 -0.027483
v -0.592381 0.965178 -0.016826
v -0.564829 0.967247 -0.045557
v -0.557189 0.958888 -0.048588
v -0.564478 0.958859 -0.049181
v -0.586221 0.988441 -0.055192
v -0.579222 0.992581 -0.049761
v -0.580588 0.997130 -0.050610
v -0.590530 0.994106 -0.055128
v -0.587370 1.020751 -0.054201
v -0.595556 1.017555 -0.060836
v -0.587344 1.026082 -0.054959
v -0.598516 1.026005 -0.061164
v -0.582123 1.056614 -0.058716
v -0.592795 1.073069 -0.066697
v -0.596604 1.023590 -0.075554
v -0.574665 1.049005 -0.087859
v -0.590886 1.067334 -0.086758
v -0.581933 1.023080 -0.079451
v -0.594247 1.015577 -0.072056
v -0.581870 1.016254 -0.077827
v -0.588912 0.991357 -0.068208
v -0.576267 0.994271 -0.072199
v -0.585047 0.986404 -0.065291
v -0.574338 0.988466 -0.071209
v -0.557588 0.964436 -0.063553
v -0.562259 0.957460 -0.059293
v -0.554801 0.958929 -0.057180
v -0.582123 1.056614 -0.058716
v -0.580755 1.022995 -0.039379
v -0.562458 1.053288 -0.050093
v -0.591555 1.027612 -0.046713
v -0.592469 1.020901 -0.045002
v -0.583718 1.002888 -0.033540
v -0.595802 1.001875 -0.040708
v -0.595364 0.996767 -0.039802
v -0.585561 0.969868 -0.027227
v -0.595040 0.970888 -0.033521
v -0.593158 0.962240 -0.026742
v -0.604523 1.032891 -0.043018
v -0.582123 1.056614 -0.058716
v -0.590935 1.075210 -0.054892
v -0.591555 1.027612 -0.046713
v -0.603773 1.024093 -0.039574
v -0.592469 1.020901 -0.045002
v -0.595802 1.001875 -0.040708
v -0.607342 1.003016 -0.036143
v -0.604674 0.996736 -0.034112
v -0.595364 0.996767 -0.039802
v -0.595040 0.970888 -0.033521
v -0.599768 0.964775 -0.027483
v -0.593158 0.962240 -0.026742
v -0.537194 0.987900 -0.112647
v -0.535397 0.987715 -0.120575
v -0.540366 0.983689 -0.121618
v -0.541889 0.983110 -0.113884
v -0.562259 0.957460 -0.059293
v -0.564478 0.958859 -0.049181
v -0.557189 0.958888 -0.048588
v -0.554801 0.958929 -0.057180
v -0.593158 0.962240 -0.026742
v -0.599768 0.964775 -0.027483
v -0.599444 0.967214 -0.017003
v -0.592381 0.965178 -0.016826
v 0.000550 1.800983 0.023322
v 0.000550 1.786467 0.020546
v -0.009864 1.786461 0.017599
v -0.013609 1.802152 0.016630
v -0.017332 1.786452 0.011749
v -0.021276 1.802144 -0.000388
v -0.020811 1.786447 -0.012736
v -0.020811 1.801499 -0.012265
v 0.000550 1.800983 0.023322
v 0.010965 1.786461 0.017599
v 0.000550 1.786467 0.020546
v 0.014710 1.802152 0.016630
v 0.018433 1.786452 0.011749
v 0.022377 1.802144 -0.000388
v 0.021912 1.786447 -0.012736
v 0.021912 1.801499 -0.012265
v -0.009864 1.786329 0.017599
v 0.000550 1.786335 0.020546
v 0.000550 1.775218 0.017438
v -0.010928 1.776207 0.011721
v -0.017332 1.786320 0.011749
v -0.019459 1.776083 -0.003192
v -0.020811 1.786315 -0.012736
v -0.020301 1.775558 -0.012736
v 0.010965 1.786329 0.017599
v 0.000550 1.775218 0.017438
v 0.000550 1.786335 0.020546
v 0.012029 1.776207 0.011721
v 0.018433 1.786320 0.011749
v 0.020560 1.776083 -0.003192
v 0.021912 1.786315 -0.012736
v 0.021402 1.775558 -0.012736
v 0.285101 1.874585 -0.168334
v 0.300169 1.809559 -0.164378
v 0.269639 1.816387 -0.153044
v 0.249842 1.782566 -0.133933
v 0.299089 1.754733 -0.150170
v 0.230976 1.757897 -0.108700
v 0.282056 1.710384 -0.120068
v 0.255491 1.678530 -0.066557
v 0.201655 1.726462 -0.065911
v 0.181538 1.689265 -0.026181
v 0.224107 1.651134 -0.029685
v 0.167958 1.649770 -0.001080
v 0.203580 1.628790 -0.009292
v 0.193731 1.607185 -0.000365
v 0.158580 1.613475 0.013891
v 0.192832 1.591925 -0.000756
v 0.160308 1.580964 0.022064
v 0.181507 1.550137 0.012898
v 0.204044 1.569685 -0.006121
v 0.211107 1.527326 -0.003694
v 0.223286 1.553423 -0.018079
v 0.243041 1.514986 -0.024315
v 0.249758 1.541273 -0.033223
v 0.262761 1.507588 -0.040662
v 0.273191 1.533199 -0.049639
v 0.291735 1.480819 -0.063298
v 0.258255 1.505711 -0.051383
v 0.289491 1.481597 -0.070781
v 0.269198 1.533218 -0.060109
v 0.246576 1.540842 -0.044015
v 0.238576 1.513134 -0.034239
v 0.219898 1.553337 -0.029558
v 0.207227 1.524821 -0.014032
v 0.201527 1.569228 -0.018141
v 0.178748 1.549018 0.000695
v 0.190110 1.590986 -0.012886
v 0.155207 1.579823 0.009941
v 0.153734 1.609605 0.004268
v 0.191784 1.605545 -0.013152
v 0.163862 1.648322 -0.012750
v 0.202086 1.626983 -0.021324
v 0.221573 1.649123 -0.039947
v 0.178826 1.689445 -0.038205
v 0.253968 1.673909 -0.075568
v 0.197121 1.724039 -0.075753
v 0.227836 1.755577 -0.118072
v 0.279296 1.707846 -0.129361
v 0.296277 1.751897 -0.160192
v 0.247012 1.779893 -0.143634
v 0.298375 1.806089 -0.175912
v 0.266080 1.813281 -0.163372
v 0.283191 1.873079 -0.178155
v 0.155207 1.579823 0.009941
v 0.158580 1.613475 0.013891
v 0.160308 1.580964 0.022064
v 0.153734 1.609605 0.004268
v 0.167958 1.649770 -0.001080
v 0.163862 1.648322 -0.012750
v 0.181538 1.689265 -0.026181
v 0.178826 1.689445 -0.038205
v 0.201655 1.726462 -0.065911
v 0.197121 1.724039 -0.075753
v 0.230976 1.757897 -0.108700
v 0.227836 1.755577 -0.118072
v 0.249842 1.782566 -0.133933
v 0.247012 1.779893 -0.143634
v 0.269639 1.816387 -0.153044
v 0.266080 1.813281 -0.163372
v 0.283191 1.873079 -0.178155
v 0.285101 1.874585 -0.168334
v 0.269198 1.533218 -0.060109
v 0.289491 1.481597 -0.070781
v 0.291735 1.480819 -0.063298
v 0.273191 1.533199 -0.049639
v 0.291735 1.480819 -0.063298
v 0.289491 1.481597 -0.070781
v 0.258255 1.505711 -0.051383
v 0.258255 1.505711 -0.051383
v 0.262761 1.507588 -0.040662
v 0.262761 1.507588 -0.040662
v 0.238576 1.513134 -0.034239
v 0.243041 1.514986 -0.024315
v 0.207227 1.524821 -0.014032
v 0.211107 1.527326 -0.003694
v 0.178748 1.549018 0.000695
v 0.181507 1.550137 0.012898
v 0.155207 1.579823 0.009941
v 0.160308 1.580964 0.022064
v 0.332255 1.743654 -0.177248
v 0.353989 1.781552 -0.188566
v 0.354111 1.782178 -0.180767
v 0.334434 1.744636 -0.167883
v 0.308071 1.716796 -0.156337
v 0.310597 1.718760 -0.146901
v 0.282526 1.696980 -0.128958
v 0.285428 1.699087 -0.120023
v 0.246114 1.670514 -0.077300
v 0.249909 1.671159 -0.067895
v 0.217041 1.644660 -0.047107
v 0.220340 1.644201 -0.036724
v 0.199176 1.613530 -0.029437
v 0.203088 1.613830 -0.019529
v 0.198368 1.588014 -0.025803
v 0.202242 1.587989 -0.016263
v 0.210369 1.565659 -0.020301
v 0.210369 1.565659 -0.020301
v 0.207075 1.565704 -0.029458
v 0.227104 1.550808 -0.029854
v 0.225056 1.549565 -0.039545
v 0.245125 1.545031 -0.044605
v 0.242856 1.544762 -0.054417
v 0.245125 1.545031 -0.044605
v 0.261058 1.550580 -0.057294
v 0.260558 1.550585 -0.065640
v 0.356027 1.733889 -0.170466
v 0.334434 1.744636 -0.167883
v 0.354111 1.782178 -0.180767
v 0.344289 1.695911 -0.152575
v 0.310597 1.718760 -0.146901
v 0.321556 1.668546 -0.124117
v 0.285428 1.699087 -0.120023
v 0.283184 1.641541 -0.072937
v 0.249909 1.671159 -0.067895
v 0.249557 1.622241 -0.044628
v 0.220340 1.644201 -0.036724
v 0.232314 1.603377 -0.032530
v 0.203088 1.613830 -0.019529
v 0.202242 1.587989 -0.016263
v 0.228384 1.587404 -0.030911
v 0.210369 1.565659 -0.020301
v 0.231487 1.572717 -0.033038
v 0.227104 1.550808 -0.029854
v 0.238826 1.561691 -0.039568
v 0.245125 1.545031 -0.044605
v 0.248649 1.554352 -0.047076
v 0.261058 1.550580 -0.057294
v 0.332255 1.743654 -0.177248
v 0.354330 1.731415 -0.180311
v 0.353989 1.781552 -0.188566
v 0.342289 1.694088 -0.162240
v 0.308071 1.716796 -0.156337
v 0.319379 1.665897 -0.132932
v 0.282526 1.696980 -0.128958
v 0.280575 1.640726 -0.082334
v 0.246114 1.670514 -0.077300
v 0.246704 1.621615 -0.054815
v 0.217041 1.644660 -0.047107
v 0.229532 1.602653 -0.042757
v 0.199176 1.613530 -0.029437
v 0.198368 1.588014 -0.025803
v 0.226011 1.587605 -0.041517
v 0.207075 1.565704 -0.029458
v 0.229356 1.572992 -0.043121
v 0.225056 1.549565 -0.039545
v 0.236795 1.562096 -0.050084
v 0.242856 1.544762 -0.054417
v 0.245845 1.555478 -0.056998
v 0.260558 1.550585 -0.065640
v -0.007569 1.786940 0.021796
v 0.000333 1.785790 0.022590
v 0.000333 1.818215 -0.010138
v -0.014455 1.786756 0.019267
v -0.023515 1.787188 0.015257
v -0.026059 1.814137 -0.010692
v -0.025981 1.639050 -0.006072
v -0.000000 1.664372 -0.029636
v -0.000000 1.627447 -0.005513
v -0.028637 1.667887 -0.038044
v -0.102366 1.646757 -0.028638
v -0.101188 1.668805 -0.065921
v -0.012062 1.691112 -0.042057
v -0.033426 1.719670 -0.052738
v -0.000000 1.686359 -0.036845
v -0.053220 1.696084 -0.070155
v -0.104923 1.691245 -0.103164
v -0.063277 1.721707 -0.101591
v -0.014262 1.714057 -0.041527
v 0.000086 1.709291 -0.035019
v 0.000333 1.724699 -0.026751
v -0.015347 1.729599 -0.035220
v 0.000333 1.748281 -0.026359
v -0.017376 1.756103 -0.034823
v -0.033079 1.767271 -0.046788
v -0.048692 1.783913 -0.063363
v -0.048296 1.730437 -0.070896
v -0.053006 1.797097 -0.072671
v -0.055271 1.740778 -0.101428
v -0.041102 1.751930 -0.131360
v -0.067220 1.725979 -0.150927
v 0.000333 1.719755 -0.164818
v 0.000333 1.752658 -0.139949
v -0.055265 1.804166 -0.100480
v -0.057691 1.820675 -0.073091
v -0.059032 1.836739 -0.075108
v -0.059763 1.850035 -0.106107
v -0.033722 1.810681 -0.123647
v 0.000333 1.811102 -0.132129
v -0.033412 1.856113 -0.131315
v 0.000333 1.856506 -0.139929
v -0.077854 1.849260 -0.082265
v -0.080531 1.865724 -0.075528
v -0.075080 1.867208 -0.066598
v -0.070630 1.835764 -0.064471
v -0.067775 1.859143 -0.054478
v -0.067940 1.866377 -0.030502
v -0.079284 1.831422 -0.077700
v -0.079028 1.849792 -0.084835
v -0.080531 1.865724 -0.075528
v -0.072548 1.867076 -0.074133
v -0.075080 1.867208 -0.066598
v -0.069537 1.861846 -0.075706
v -0.059032 1.836739 -0.075108
v -0.057691 1.820675 -0.073091
v -0.072371 1.813451 -0.066821
v -0.059417 1.807734 -0.066178
v -0.053006 1.797097 -0.072671
v -0.048692 1.783913 -0.063363
v -0.067101 1.808465 -0.060217
v -0.059221 1.784755 -0.052461
v -0.062742 1.811146 -0.054920
v -0.059417 1.807734 -0.066178
v -0.066415 1.830979 -0.054788
v -0.067268 1.840595 -0.034136
v -0.065215 1.816243 -0.036264
v -0.050634 1.772778 -0.050026
v -0.033079 1.767271 -0.046788
v -0.060516 1.789696 -0.038568
v -0.051424 1.776014 -0.036447
v -0.042260 1.763425 -0.037171
v -0.030642 1.749123 -0.018226
v -0.017376 1.756103 -0.034823
v -0.041566 1.765224 -0.015501
v -0.049871 1.779859 -0.020427
v -0.057616 1.795613 -0.020198
v -0.063909 1.833462 -0.014902
v -0.060914 1.813473 -0.017717
v -0.062714 1.855569 -0.012004
v -0.024373 1.740195 -0.009689
v -0.032047 1.753401 -0.005950
v -0.022166 1.739430 -0.008520
v 0.000333 1.748281 -0.026359
v -0.023711 1.740817 0.001885
v -0.013419 1.738132 -0.003180
v 0.000333 1.737333 -0.000122
v -0.021732 1.740257 0.003245
v -0.013080 1.738963 0.007012
v 0.000333 1.737799 0.008586
v -0.021546 1.746335 0.011710
v -0.013096 1.745001 0.014613
v 0.000333 1.744715 0.016652
v -0.012469 1.755837 0.018712
v 0.000333 1.756191 0.019931
v -0.022740 1.746847 0.010906
v -0.011119 1.769922 0.015876
v 0.000333 1.769674 0.017582
v -0.021506 1.758664 0.014104
v -0.028681 1.761641 0.006570
v -0.027256 1.771265 0.010735
v -0.036047 1.775102 0.002803
v -0.010664 1.772490 0.017627
v 0.000333 1.772803 0.019776
v -0.019777 1.776139 0.016275
v -0.010651 1.775697 0.024075
v 0.000333 1.776276 0.024673
v 0.000333 1.782916 0.025648
v -0.043106 1.787619 0.000963
v -0.030810 1.779681 0.011001
v -0.036412 1.791381 0.012265
v -0.047727 1.797738 0.001473
v -0.052313 1.810884 0.000941
v -0.055585 1.829119 0.000565
v -0.040374 1.829498 0.015106
v -0.039940 1.811251 0.013395
v -0.055998 1.841015 0.001832
v -0.037827 1.800105 0.013129
v -0.023917 1.784688 0.015069
v -0.025347 1.787263 0.015549
v -0.026534 1.794987 0.019645
v -0.019681 1.780582 0.020928
v -0.009823 1.784087 0.025183
v -0.018323 1.784911 0.021814
v -0.007608 1.787142 0.021730
v 0.000333 1.786272 0.022590
v -0.014455 1.786955 0.019267
v -0.023515 1.787188 0.015257
v -0.023461 1.789923 0.019173
v -0.016316 1.789344 0.025152
v -0.014455 1.786756 0.019267
v -0.015882 1.793828 0.028324
v -0.015725 1.801307 0.026911
v -0.008111 1.788038 0.024673
v -0.007569 1.786940 0.021796
v 0.000333 1.785790 0.022590
v 0.000333 1.786672 0.027200
v -0.008088 1.791481 0.030213
v 0.000333 1.789387 0.031454
v 0.000333 1.792877 0.032606
v -0.008465 1.795156 0.031254
v -0.005562 1.798821 0.031144
v 0.000333 1.798266 0.031409
v -0.004876 1.804250 0.033559
v 0.000333 1.803988 0.034246
v 0.000333 1.805695 0.036351
v -0.012875 1.806941 0.028086
v -0.004831 1.806891 0.035686
v -0.008044 1.808315 0.034534
v -0.005629 1.807158 0.041049
v 0.000333 1.805828 0.042179
v 0.000333 1.806980 0.045946
v -0.009883 1.809573 0.039475
v -0.006426 1.808421 0.045259
v 0.000333 1.810880 0.050576
v -0.007756 1.811722 0.048139
v 0.000333 1.817439 0.050931
v -0.013651 1.809233 0.033936
v -0.013008 1.812076 0.039453
v -0.008221 1.817217 0.048516
v -0.015290 1.812018 0.033160
v -0.005429 1.825652 0.046366
v 0.000333 1.825401 0.048672
v 0.000333 1.842182 0.042046
v -0.013629 1.817881 0.035975
v -0.016539 1.811220 0.026070
v -0.015059 1.817264 0.028197
v -0.013166 1.820778 0.031033
v -0.006227 1.841962 0.039963
v -0.005479 1.853743 0.035037
v 0.000333 1.854894 0.036218
v 0.000333 1.860500 0.036063
v -0.012177 1.837811 0.025660
v -0.022358 1.832980 0.020403
v -0.013867 1.849506 0.016877
v -0.009851 1.848320 0.019849
v -0.023743 1.814607 0.020330
v -0.007136 1.859967 0.036218
v 0.000333 1.872104 0.037038
v -0.013283 1.858089 0.026427
v -0.012911 1.867836 0.037326
v 0.000333 1.887212 0.037122
v -0.015445 1.857247 0.018042
v -0.016264 1.861947 0.034436
v -0.018148 1.859365 0.027785
v -0.031117 1.865924 0.031500
v -0.028022 1.877698 0.029828
v -0.025594 1.909223 0.028484
v 0.000333 1.909910 0.034312
v 0.000333 1.936899 0.024142
v -0.029250 1.935880 0.018270
v -0.044280 1.909289 0.016275
v -0.047916 1.930097 0.000830
v -0.045671 1.880002 0.018173
v -0.061212 1.904193 -0.002404
v -0.064503 1.922740 -0.019334
v -0.069211 1.901046 -0.023810
v -0.055774 1.884874 0.007633
v -0.065821 1.881243 -0.013972
v -0.063452 1.868641 -0.007856
v -0.045830 1.868420 0.022569
v -0.056807 1.870187 0.010640
v -0.058405 1.860707 0.002705
v -0.053834 1.863164 0.010231
v -0.044111 1.863136 0.018260
v -0.054529 1.855438 0.000672
v -0.050056 1.858944 0.010509
v -0.045822 1.856976 0.012191
v -0.046712 1.846742 0.008969
v -0.028992 1.862301 0.024946
v -0.041801 1.860759 0.015034
v -0.024528 1.860475 0.018321
v -0.033156 1.861959 0.018027
v -0.048767 1.855414 0.006818
v -0.040856 1.858914 0.015660
v -0.019037 1.856629 0.016806
v -0.026057 1.859332 0.018447
v -0.032456 1.859798 0.018350
v -0.015488 1.853273 0.015812
v -0.017548 1.851993 0.014201
v -0.020860 1.855190 0.015188
v -0.026374 1.857593 0.015845
v -0.032052 1.853763 0.005311
v -0.018540 1.850819 0.013607
v -0.032072 1.858500 0.015647
v -0.040012 1.857559 0.012617
v -0.044090 1.855475 0.009546
v -0.045595 1.855066 0.007817
v -0.043089 1.851280 0.010620
v -0.044359 1.850131 0.011492
v -0.033828 1.849442 0.013486
v -0.025733 1.850212 0.015012
v -0.034271 1.847591 0.015181
v -0.035080 1.842378 0.014265
v -0.018955 1.849681 0.015846
v -0.025162 1.848972 0.016620
v -0.020851 1.845321 0.016848
v -0.024365 1.808817 0.020009
v -0.025567 1.801414 0.019991
v 0.008234 1.786940 0.021796
v 0.000333 1.818215 -0.010138
v 0.000333 1.785790 0.022590
v 0.015120 1.786756 0.019267
v 0.024180 1.787188 0.015257
v 0.026724 1.814138 -0.010692
v 0.025981 1.639050 -0.006072
v -0.000000 1.627447 -0.005513
v -0.000000 1.664372 -0.029636
v 0.028637 1.667887 -0.038044
v 0.102366 1.646757 -0.028638
v 0.101188 1.668805 -0.065921
v 0.012062 1.691112 -0.042057
v 0.034091 1.719670 -0.052738
v -0.000000 1.686359 -0.036845
v 0.053220 1.696084 -0.070155
v 0.104923 1.691245 -0.103164
v 0.063333 1.721707 -0.101591
v 0.014457 1.714057 -0.041527
v 0.000086 1.709291 -0.035019
v 0.000333 1.724699 -0.026751
v 0.016012 1.729599 -0.035220
v 0.000333 1.748281 -0.026359
v 0.018041 1.756103 -0.034823
v 0.033744 1.767271 -0.046788
v 0.049357 1.783913 -0.063363
v 0.048961 1.730437 -0.070896
v 0.053671 1.797097 -0.072671
v 0.055936 1.740778 -0.101429
v 0.067220 1.725979 -0.145885
v 0.055930 1.804166 -0.100480
v 0.058356 1.820675 -0.073091
v 0.059697 1.836739 -0.075108
v 0.060429 1.850035 -0.106107
v 0.041767 1.751930 -0.131360
v 0.000333 1.719755 -0.164818
v 0.000333 1.752658 -0.139949
v 0.034387 1.810681 -0.123647
v 0.034077 1.856113 -0.131315
v 0.000333 1.811102 -0.132129
v 0.000333 1.856506 -0.139929
v 0.083729 1.849260 -0.082265
v 0.075745 1.867208 -0.066598
v 0.081196 1.865724 -0.075528
v 0.071295 1.835764 -0.064471
v 0.068440 1.859143 -0.054478
v 0.068605 1.866377 -0.030502
v 0.079949 1.831422 -0.077700
v 0.079693 1.849792 -0.084835
v 0.081196 1.865724 -0.075528
v 0.073213 1.867076 -0.074133
v 0.075745 1.867208 -0.066598
v 0.070203 1.861846 -0.075706
v 0.059697 1.836739 -0.075108
v 0.058356 1.820675 -0.073091
v 0.073036 1.813451 -0.066821
v 0.060083 1.807734 -0.066178
v 0.053671 1.797097 -0.072671
v 0.049357 1.783913 -0.063363
v 0.067766 1.808465 -0.060217
v 0.067080 1.830979 -0.054788
v 0.059886 1.784755 -0.052461
v 0.063407 1.811146 -0.054920
v 0.060083 1.807734 -0.066178
v 0.067933 1.840595 -0.034136
v 0.065880 1.816243 -0.036264
v 0.051299 1.772778 -0.050026
v 0.033744 1.767271 -0.046788
v 0.061181 1.789696 -0.038568
v 0.052089 1.776014 -0.036447
v 0.042925 1.763425 -0.037171
v 0.031307 1.749123 -0.018226
v 0.018041 1.756103 -0.034823
v 0.042231 1.765224 -0.015501
v 0.050537 1.779859 -0.020427
v 0.058281 1.795613 -0.020198
v 0.064574 1.833462 -0.014902
v 0.061579 1.813473 -0.017717
v 0.063379 1.855569 -0.012004
v 0.025549 1.740292 -0.010026
v 0.032684 1.753401 -0.005950
v 0.022833 1.739284 -0.008520
v 0.000333 1.748281 -0.026359
v 0.024578 1.741099 0.001688
v 0.014084 1.738132 -0.003180
v 0.000333 1.737333 -0.000122
v 0.022079 1.740257 0.003245
v 0.013745 1.738963 0.007012
v 0.000333 1.737799 0.008586
v 0.022211 1.746335 0.011710
v 0.013761 1.745001 0.014613
v 0.000333 1.744715 0.016652
v 0.013134 1.755837 0.018712
v 0.000333 1.756191 0.019931
v 0.023509 1.746758 0.010936
v 0.011784 1.769922 0.015876
v 0.000333 1.769674 0.017582
v 0.022171 1.758664 0.014103
v 0.029346 1.761641 0.006570
v 0.027922 1.771265 0.010735
v 0.036712 1.775102 0.002803
v 0.011329 1.772490 0.017627
v 0.000333 1.772803 0.019776
v 0.020442 1.776139 0.016275
v 0.011316 1.775697 0.024075
v 0.000333 1.776276 0.024673
v 0.000333 1.782916 0.025648
v 0.043771 1.787619 0.000963
v 0.031476 1.779681 0.011001
v 0.037077 1.791381 0.012265
v 0.048392 1.797738 0.001473
v 0.052978 1.810884 0.000941
v 0.056250 1.829119 0.000565
v 0.041039 1.829498 0.015106
v 0.040605 1.811251 0.013395
v 0.056663 1.841015 0.001832
v 0.038492 1.800105 0.013129
v 0.024583 1.784688 0.015069
v 0.026012 1.787264 0.015549
v 0.027199 1.794987 0.019645
v 0.020346 1.780583 0.020928
v 0.010488 1.784087 0.025183
v 0.018988 1.784911 0.021814
v 0.008273 1.787142 0.021730
v 0.000333 1.786272 0.022590
v 0.015120 1.786955 0.019267
v 0.024180 1.787188 0.015257
v 0.024126 1.789923 0.019173
v 0.016981 1.789344 0.025152
v 0.015120 1.786756 0.019267
v 0.016547 1.793828 0.028324
v 0.016391 1.801308 0.026911
v 0.008776 1.788038 0.024673
v 0.008234 1.786940 0.021796
v 0.000333 1.785790 0.022590
v 0.000333 1.786672 0.027200
v 0.008753 1.791481 0.030213
v 0.000333 1.789387 0.031454
v 0.000333 1.792877 0.032606
v 0.009131 1.795156 0.031254
v 0.006228 1.798821 0.031144
v 0.000333 1.798266 0.031409
v 0.005541 1.804250 0.033559
v 0.000333 1.803988 0.034246
v 0.000333 1.805695 0.036351
v 0.013540 1.806941 0.028086
v 0.005496 1.806891 0.035686
v 0.008709 1.808315 0.034534
v 0.006294 1.807158 0.041049
v 0.000333 1.805828 0.042179
v 0.000333 1.806980 0.045946
v 0.010548 1.809573 0.039475
v 0.007091 1.808421 0.045259
v 0.000333 1.810880 0.050576
v 0.008421 1.811722 0.048139
v 0.000333 1.817439 0.050931
v 0.014316 1.809233 0.033936
v 0.013673 1.812076 0.039453
v 0.008886 1.817217 0.048516
v 0.015955 1.812018 0.033160
v 0.006094 1.825652 0.046366
v 0.000333 1.825401 0.048672
v 0.000333 1.842182 0.042046
v 0.014294 1.817881 0.035975
v 0.017204 1.811220 0.026070
v 0.015724 1.817264 0.028197
v 0.013831 1.820778 0.031033
v 0.006892 1.841962 0.039963
v 0.006144 1.853743 0.035037
v 0.000333 1.854894 0.036218
v 0.000333 1.860500 0.036063
v 0.012842 1.837811 0.025660
v 0.023024 1.832980 0.020403
v 0.014533 1.849506 0.016877
v 0.010516 1.848320 0.019849
v 0.024408 1.814607 0.020330
v 0.007801 1.859967 0.036218
v 0.000333 1.872104 0.037038
v 0.013948 1.858089 0.026427
v 0.013576 1.867836 0.037326
v 0.000333 1.887212 0.037122
v 0.016110 1.857247 0.018042
v 0.016929 1.861947 0.034436
v 0.018813 1.859365 0.027785
v 0.031782 1.865924 0.031500
v 0.028687 1.877698 0.029828
v 0.026259 1.909223 0.028484
v 0.000333 1.909910 0.034312
v 0.000333 1.936899 0.024142
v 0.029916 1.935880 0.018270
v 0.044945 1.909289 0.016275
v 0.048581 1.930097 0.000830
v 0.046336 1.880002 0.018173
v 0.061877 1.904193 -0.002404
v 0.065168 1.922740 -0.019334
v 0.069877 1.901046 -0.023810
v 0.056440 1.884875 0.007633
v 0.066486 1.881243 -0.013972
v 0.064117 1.868641 -0.007856
v 0.046495 1.868420 0.022569
v 0.057472 1.870187 0.010640
v 0.059070 1.860708 0.002704
v 0.054499 1.863164 0.010231
v 0.044776 1.863137 0.018260
v 0.055194 1.855438 0.000672
v 0.050721 1.858944 0.010509
v 0.046487 1.856976 0.012191
v 0.047377 1.846742 0.008969
v 0.029657 1.862301 0.024946
v 0.042466 1.860759 0.015034
v 0.033821 1.861959 0.018027
v 0.025193 1.860475 0.018321
v 0.049432 1.855414 0.006818
v 0.041521 1.858913 0.015660
v 0.026722 1.859332 0.018447
v 0.019702 1.856628 0.016806
v 0.033121 1.859798 0.018350
v 0.016153 1.853273 0.015812
v 0.018213 1.851992 0.014201
v 0.021525 1.855190 0.015188
v 0.027039 1.857593 0.015845
v 0.032717 1.853763 0.005311
v 0.019205 1.850819 0.013607
v 0.032737 1.858500 0.015647
v 0.040677 1.857559 0.012617
v 0.044755 1.855475 0.009546
v 0.046260 1.855066 0.007817
v 0.043754 1.851280 0.010620
v 0.045024 1.850131 0.011492
v 0.034493 1.849442 0.013486
v 0.026398 1.850212 0.015012
v 0.034936 1.847591 0.015181
v 0.019620 1.849681 0.015846
v 0.035745 1.842378 0.014265
v 0.025827 1.848972 0.016620
v 0.021516 1.845321 0.016848
v 0.025030 1.808817 0.020009
v 0.026232 1.801414 0.019991
v -0.582566 1.179868 -0.100356
v -0.568147 1.170041 -0.097554
v -0.189534 1.553203 0.024569
v -0.204987 1.544423 0.027646
v -0.198919 1.540186 0.038290
v -0.199629 1.537662 0.030877
v -0.203896 1.522624 0.042586
v -0.130540 1.534134 0.060195
v -0.134659 1.554738 0.060010
v -0.128004 1.555022 0.059927
v -0.141382 1.546286 0.053853
v -0.137065 1.577109 0.052924
v -0.147437 1.569946 0.055331
v -0.158615 1.553586 0.046008
v -0.157654 1.587341 0.038507
v -0.169328 1.572514 0.048386
v -0.171500 1.554346 0.041880
v -0.171505 1.585501 0.031051
v -0.187873 1.564462 0.042003
v -0.186811 1.576834 0.023516
v -0.184384 1.551246 0.037865
v -0.197628 1.563173 0.020341
v -0.197200 1.554899 0.039536
v -0.198919 1.540186 0.038290
v -0.204987 1.544423 0.027646
v -0.203450 1.543237 0.040531
v -0.203896 1.522624 0.042586
v 0.172506 1.548683 0.011421
v 0.169712 1.548114 0.000877
v 0.197462 1.487171 0.008357
v 0.197202 1.489219 0.022913
v 0.146034 1.607577 0.000414
v 0.146498 1.607301 -0.006919
v 0.125540 1.548184 0.039182
v 0.125700 1.665520 -0.030916
v 0.124595 1.662704 -0.035396
v 0.086433 1.692659 -0.056402
v 0.093202 1.667392 -0.022703
v 0.097461 1.627770 0.010120
v 0.088681 1.587760 0.036729
v 0.090867 1.629209 0.008581
v 0.078313 1.581622 0.036748
v 0.071291 1.539799 0.058486
v 0.057599 1.539422 0.051184
v 0.117682 1.499840 0.054688
v 0.149248 1.449631 0.033048
v 0.048784 1.491139 0.073428
v 0.035173 1.495294 0.061794
v 0.009605 1.430502 0.068978
v 0.001678 1.436895 0.057757
v -0.023488 1.395397 0.053438
v 0.111253 1.446577 0.051901
v 0.101491 1.398992 0.042870
v 0.050212 1.443135 0.068450
v 0.048071 1.395397 0.062119
v 0.042930 1.340102 0.056152
v -0.001627 1.338868 0.063196
v -0.003876 1.282845 0.061766
v 0.000885 1.395397 0.066728
v -0.012720 1.395397 0.063311
v -0.054045 1.339750 0.051523
v -0.054254 1.348196 0.046082
v -0.103057 1.273452 0.023277
v -0.056001 1.277670 0.049778
v -0.061488 1.225266 0.049863
v 0.538872 1.169087 -0.147212
v 0.554280 1.168962 -0.140158
v 0.544321 1.184781 -0.139437
v 0.547912 1.163068 -0.145456
v 0.568553 1.167551 -0.105796
v 0.570847 1.136967 -0.141372
v 0.564410 1.131595 -0.146278
v 0.583657 1.107370 -0.119485
v 0.588454 1.113504 -0.117125
v 0.596655 1.098737 -0.084943
v 0.593143 1.089697 -0.083303
v 0.579134 1.114936 -0.063538
v 0.583730 1.140210 -0.097989
v 0.585019 1.120205 -0.067668
v 0.567707 1.150078 -0.059082
v 0.558128 1.147147 -0.051939
v 0.543585 1.179051 -0.070934
v 0.553009 1.183385 -0.078360
v 0.542613 1.195830 -0.081179
v 0.534227 1.186688 -0.075709
v -0.039654 1.874557 0.004776
v -0.030490 1.877059 0.006814
v -0.031521 1.871715 0.012576
v -0.038535 1.869801 0.011016
v -0.046219 1.867755 0.002542
v -0.024399 1.869825 0.013567
v -0.021184 1.874589 0.008109
v -0.043560 1.864594 0.009307
v -0.048428 1.858474 0.000710
v -0.019076 1.864635 0.013725
v -0.014230 1.867809 0.008315
v -0.045250 1.857490 0.007905
v -0.045688 1.849200 -0.000228
v -0.016979 1.857538 0.013007
v -0.011490 1.858536 0.007377
v -0.043153 1.850393 0.007187
v -0.038734 1.842420 -0.000022
v -0.018669 1.850434 0.011605
v -0.013699 1.849254 0.005545
v -0.037830 1.845204 0.007344
v -0.029428 1.839950 0.001274
v -0.023695 1.845228 0.009896
v -0.020264 1.842451 0.003312
v -0.030708 1.843313 0.008336
v -0.024236 1.856865 0.016121
v -0.025151 1.853021 0.015362
v -0.027871 1.850203 0.014437
v -0.031667 1.849167 0.013593
v -0.032158 1.856620 0.016245
v -0.025371 1.860706 0.016510
v -0.035521 1.850190 0.013056
v -0.038402 1.852999 0.012971
v -0.028252 1.863515 0.016424
v -0.039537 1.856840 0.013360
v -0.032107 1.864538 0.015888
v -0.038622 1.860684 0.014118
v -0.035902 1.863502 0.015044
v 0.032630 1.871715 0.012576
v 0.031599 1.877059 0.006814
v 0.040763 1.874557 0.004776
v 0.039644 1.869801 0.011016
v 0.047329 1.867755 0.002542
v 0.025508 1.869825 0.013567
v 0.022294 1.874589 0.008109
v 0.044669 1.864594 0.009307
v 0.049537 1.858474 0.000710
v 0.020185 1.864635 0.013725
v 0.015339 1.867809 0.008315
v 0.046360 1.857490 0.007905
v 0.046798 1.849200 -0.000228
v 0.018088 1.857538 0.013007
v 0.012599 1.858536 0.007377
v 0.044262 1.850393 0.007187
v 0.039843 1.842420 -0.000022
v 0.019779 1.850434 0.011605
v 0.014808 1.849254 0.005545
v 0.038940 1.845204 0.007344
v 0.030537 1.839950 0.001274
v 0.024804 1.845228 0.009896
v 0.021374 1.842451 0.003312
v 0.031817 1.843313 0.008336
v 0.025346 1.856865 0.016121
v 0.026261 1.853021 0.015362
v 0.028980 1.850203 0.014437
v 0.032776 1.849166 0.013593
v 0.033267 1.856620 0.016245
v 0.026481 1.860706 0.016510
v 0.036631 1.850190 0.013056
v 0.039511 1.852999 0.012971
v 0.029361 1.863515 0.016424
v 0.040646 1.856840 0.013360
v 0.033216 1.864537 0.015888
v 0.039731 1.860684 0.014118
v 0.037012 1.863502 0.015044
vn -0.7504 -0.2765 -0.6004
vn -0.6510 -0.4843 -0.5845
vn -0.7454 -0.2898 -0.6003
vn -0.7459 -0.2887 -0.6003
vn -0.7392 -0.3524 -0.5740
vn -0.7508 -0.2754 -0.6004
vn -0.7753 -0.3612 -0.5181
vn -0.7302 -0.6087 -0.3103
vn -0.8129 -0.5719 0.1102
vn -0.5151 0.3648 0.7756
vn 0.1397 0.7883 0.5993
vn -0.5793 0.3046 0.7561
vn -0.7033 0.2618 0.6609
vn -0.6575 0.3968 0.6405
vn -0.6570 0.3980 0.6403
vn -0.5431 0.3257 0.7739
vn -0.5789 0.3053 0.7561
vn -0.5427 0.3247 0.7746
vn -0.4947 0.1949 0.8469
vn -0.5785 0.3044 0.7567
vn -0.7991 -0.5460 -0.2516
vn -0.9587 -0.2795 -0.0530
vn -0.6384 -0.6386 -0.4297
vn -0.6491 -0.6044 -0.4619
vn -0.8903 -0.2680 -0.3682
vn -0.9588 -0.2791 -0.0538
vn -0.2452 -0.4279 -0.8699
vn -0.8905 -0.2675 -0.3679
vn -0.6483 -0.6048 -0.4624
vn -0.2933 -0.5960 -0.7475
vn -0.3971 -0.7630 -0.5100
vn -0.0022 0.1279 -0.9918
vn -0.2375 -0.6859 -0.6878
vn -0.2636 0.2217 -0.9388
vn -0.0818 -0.0768 -0.9937
vn 0.5201 -0.0448 -0.8529
vn -0.3654 0.5203 -0.7719
vn 0.1257 0.9734 -0.1916
vn -0.0929 0.9096 -0.4050
vn -0.4208 0.7519 -0.5075
vn -0.3163 0.6617 -0.6798
vn -0.0707 0.4021 -0.9129
vn -0.2264 0.1002 -0.9689
vn 0.1764 0.1941 -0.9650
vn 0.2091 0.4286 -0.8790
vn 0.0272 0.4809 -0.8764
vn -0.2753 0.5430 -0.7934
vn -0.3519 0.4261 -0.8334
vn -0.7232 -0.3382 0.6021
vn -0.8690 -0.4251 0.2532
vn -0.7673 -0.5770 0.2799
vn -0.8691 -0.4249 0.2532
vn -0.8190 -0.5289 0.2226
vn -0.7670 -0.5775 0.2797
vn -0.6087 -0.5831 0.5380
vn -0.8359 -0.2234 0.5013
vn -0.7231 -0.3375 0.6027
vn -0.6186 -0.2502 0.7448
vn -0.4728 -0.3329 0.8159
vn -0.2942 -0.2428 0.9244
vn 0.1775 -0.2934 0.9394
vn -0.1365 -0.6203 0.7724
vn -0.7853 -0.5808 0.2145
vn -0.4155 -0.7979 0.4368
vn -0.5210 -0.7121 0.4707
vn -0.8453 -0.3819 0.3736
vn -0.6491 -0.4741 0.5949
vn -0.8541 -0.3577 0.3776
vn -0.8821 -0.1023 0.4598
vn -0.9565 0.2915 -0.0067
vn -0.9565 0.1098 0.2703
vn -0.8705 0.0348 0.4909
vn -0.9616 0.2741 -0.0148
vn -0.8227 -0.3784 0.4243
vn -0.5358 -0.1031 0.8380
vn -0.5995 0.1981 -0.7754
vn -0.9197 0.2394 0.3112
vn -0.9313 0.2387 0.2751
vn -0.8320 -0.4463 0.3294
vn -0.7851 -0.5230 0.3319
vn -0.9450 0.2356 0.2269
vn -0.9876 0.0380 0.1521
vn -0.9597 -0.2801 0.0222
vn -0.7561 -0.6465 0.1018
vn -0.9909 -0.1053 0.0836
vn -0.9763 -0.1697 -0.1345
vn -0.7827 -0.5999 -0.1657
vn -0.9955 0.0299 -0.0904
vn -0.9031 0.3908 0.1780
vn -0.9292 0.3693 0.0147
vn -0.9893 0.0724 -0.1265
vn -0.9720 0.2326 -0.0334
vn -0.9297 0.3609 0.0738
vn -0.8500 0.5242 0.0521
vn -0.8730 0.4225 0.2438
vn -0.7276 0.6449 0.2339
vn -0.6356 0.7719 0.0128
vn -0.8267 0.4384 0.3526
vn -0.9196 0.2406 0.3107
vn -0.8548 0.3977 0.3333
vn -0.7286 0.5000 0.4681
vn -0.7437 0.5890 0.3161
vn -0.7870 0.5417 -0.2953
vn -0.6267 0.6619 0.4112
vn -0.6559 0.7257 -0.2079
vn -0.8265 0.4389 0.3525
vn -0.5155 0.8397 0.1706
vn -0.4448 0.8956 -0.0019
vn -0.6577 0.6629 0.3579
vn -0.7438 0.5896 0.3149
vn -0.4563 0.7878 0.4138
vn -0.6558 0.7255 -0.2085
vn -0.4401 0.8885 -0.1300
vn -0.1514 0.8952 0.4192
vn -0.2116 0.9773 -0.0012
vn -0.0210 0.9909 0.1331
vn -0.5013 0.8048 0.3176
vn -0.2830 0.9535 0.1040
vn -0.1690 0.9850 -0.0339
vn -0.1983 0.9502 0.2403
vn 0.0848 0.9161 0.3919
vn 0.3516 0.9155 0.1955
vn -0.0415 0.9465 0.3199
vn -0.0822 0.9665 0.2432
vn 0.4966 0.7862 0.3678
vn 0.7400 0.6582 0.1382
vn 0.1689 0.9615 0.2169
vn 0.2800 0.9519 0.1241
vn 0.2628 0.9594 0.1028
vn 0.1374 0.9887 0.0605
vn 0.8258 0.5074 0.2464
vn 0.9173 0.3709 0.1446
vn 0.6036 0.7969 -0.0246
vn 0.6180 0.7858 0.0261
vn 0.7001 0.6939 0.1684
vn 0.4688 0.8740 0.1277
vn 0.6349 0.6786 0.3694
vn 0.8550 0.4378 0.2781
vn 0.4130 0.8093 0.4178
vn 0.8885 0.4170 0.1916
vn 0.6359 0.6592 0.4013
vn 0.6682 0.6613 0.3409
vn -0.5562 0.8310 0.0040
vn 0.4564 0.2668 -0.8488
vn 0.4625 0.1581 -0.8724
vn 0.4818 0.1910 -0.8552
vn 0.4625 0.1576 -0.8725
vn 0.4287 -0.0403 -0.9026
vn 0.4821 0.1904 -0.8552
vn 0.4803 -0.0892 -0.8726
vn 0.5088 -0.3765 -0.7741
vn 0.4697 0.2322 -0.8518
vn 0.3095 -0.4112 -0.8574
vn 0.3754 -0.1121 -0.9201
vn 0.1557 -0.5459 -0.8233
vn 0.2725 -0.0001 -0.9622
vn 0.5517 -0.0441 -0.8329
vn 0.1765 0.1929 -0.9652
vn -0.2263 0.1002 -0.9689
vn 0.6423 0.5803 -0.5007
vn 0.7380 -0.5677 -0.3648
vn 0.9204 0.1148 -0.3738
vn 0.5775 -0.1062 -0.8095
vn 0.6215 0.2292 -0.7491
vn -0.4765 0.3106 -0.8224
vn -0.6015 0.6351 -0.4846
vn -0.2760 0.5435 -0.7927
vn -0.3169 0.6618 -0.6795
vn -0.4616 0.6719 -0.5791
vn -0.6019 0.6350 -0.4842
vn -0.3163 0.6618 -0.6797
vn -0.4216 0.7521 -0.5066
vn -0.6095 0.6829 -0.4027
vn -0.7717 0.5446 -0.3284
vn -0.6687 0.7224 -0.1758
vn -0.0932 0.9100 -0.4040
vn 0.1260 0.9733 -0.1920
vn -0.8292 0.5134 -0.2209
vn -0.7394 0.6357 0.2217
vn -0.3667 0.5204 -0.7712
vn -0.9894 -0.1348 -0.0533
vn -0.8917 -0.4179 -0.1737
vn -0.2375 -0.6860 -0.6878
vn -0.3976 -0.7634 -0.5091
vn -0.8431 -0.5322 -0.0766
vn -0.8430 -0.5324 -0.0772
vn -0.6485 -0.6053 -0.4616
vn -0.9365 -0.3106 0.1630
vn -0.9950 0.0992 -0.0123
vn -0.9764 -0.1767 0.1242
vn -0.9585 0.2553 -0.1269
vn -0.9894 0.0719 -0.1262
vn -0.9340 0.2986 -0.1961
vn -0.9714 0.2316 -0.0528
vn -0.8554 0.4885 -0.1721
vn -0.9110 0.4116 0.0272
vn -0.7993 0.5971 0.0674
vn -0.7421 0.5125 -0.4320
vn -0.6024 0.6347 -0.4841
vn -0.7867 0.6170 0.0201
vn -0.5936 0.8033 0.0492
vn -0.5793 0.8088 0.1011
vn -0.4111 0.9107 0.0400
vn -0.4747 0.8412 0.2589
vn -0.3698 0.8110 0.4534
vn -0.6694 0.6072 -0.4280
vn -0.6807 0.5293 -0.5065
vn -0.7417 0.5126 -0.4326
vn -0.6019 0.6350 -0.4841
vn -0.3338 -0.5973 -0.7293
vn -0.4054 0.6821 -0.6086
vn -0.8221 0.2079 0.5299
vn -0.0284 0.2325 -0.9722
vn 0.5527 -0.0443 -0.8322
vn 0.6213 0.2289 -0.7494
vn 0.3602 0.3015 -0.8828
vn 0.5522 -0.0441 -0.8325
vn 0.2324 0.3956 -0.8885
vn 0.5775 -0.1049 -0.8096
vn 0.6440 -0.0659 -0.7622
vn 0.7330 -0.2172 -0.6446
vn 0.7986 -0.1655 -0.5786
vn 0.7458 0.0373 -0.6651
vn 0.7704 -0.3013 -0.5619
vn 0.9293 -0.1104 -0.3525
vn 0.4941 -0.1906 -0.8482
vn 0.0759 -0.3020 -0.9503
vn 0.0425 0.5849 -0.8100
vn 0.0237 -0.3299 -0.9437
vn 0.4941 -0.4966 -0.7136
vn 0.7328 -0.2184 -0.6445
vn 0.1523 -0.5996 -0.7856
vn 0.1552 -0.5462 -0.8232
vn 0.0814 -0.6181 0.7819
vn 0.2373 -0.6637 0.7093
vn 0.5209 -0.5714 0.6341
vn 0.1172 -0.6959 0.7085
vn 0.0820 -0.6180 0.7819
vn 0.5215 -0.5717 0.6334
vn 0.4593 -0.5843 0.6691
vn 0.3368 -0.4140 0.8457
vn 0.5272 -0.1181 0.8415
vn 0.6079 -0.4228 0.6721
vn 0.9180 0.0577 0.3923
vn 0.7164 0.3803 0.5849
vn 0.9485 0.1808 0.2601
vn 0.7718 0.5001 0.3927
vn 0.7770 0.3443 0.5270
vn 0.8114 0.5402 0.2232
vn 0.8405 0.4883 0.2348
vn 0.6699 0.6110 0.4218
vn 0.3328 0.9039 0.2686
vn 0.2915 0.9139 0.2826
vn 0.5768 -0.2465 0.7788
vn -0.2881 0.9062 0.3094
vn -0.1698 0.8638 0.4744
vn -0.3710 0.7408 0.5599
vn 0.2754 0.7011 0.6577
vn -0.5515 0.7528 0.3594
vn -0.4367 0.6229 0.6491
vn -0.2324 0.6977 0.6776
vn 0.4158 0.1236 0.9010
vn 0.3004 -0.6407 0.7066
vn -0.6384 0.6448 0.4203
vn -0.5958 0.4238 0.6822
vn 0.1249 0.1366 0.9827
vn -0.4428 0.4823 0.7559
vn -0.8127 0.3814 0.4404
vn -0.8095 0.1091 0.5769
vn -0.0292 -0.7281 0.6848
vn 0.4044 -0.8737 0.2703
vn 0.2373 -0.6637 0.7094
vn 0.1871 -0.6386 0.7465
vn 0.4871 -0.2779 0.8279
vn 0.1536 -0.2518 0.9555
vn 0.3311 -0.2632 0.9061
vn 0.5255 -0.6688 0.5259
vn 0.1186 -0.0863 0.9892
vn -0.4565 0.0825 0.8859
vn 0.7293 -0.6457 0.2263
vn 0.7248 -0.6862 -0.0619
vn -0.8800 0.1022 0.4638
vn 0.2516 -0.4097 0.8768
vn 0.7294 -0.6457 0.2257
vn 0.8287 -0.5506 -0.1005
vn 0.7291 -0.6457 0.2269
vn 0.7290 -0.6458 0.2269
vn 0.4316 -0.8229 0.3694
vn -0.1354 -0.7031 0.6981
vn 0.7466 -0.6240 -0.2305
vn 0.7803 -0.6230 0.0546
vn 0.8166 -0.4414 -0.3719
vn 0.4518 -0.6451 0.6162
vn 0.7969 -0.4082 -0.4454
vn -0.1323 0.1376 -0.9816
vn -0.8198 -0.2000 -0.5366
vn 0.6582 -0.2894 -0.6950
vn -0.3708 0.3514 -0.8597
vn -0.4572 -0.7057 -0.5413
vn -0.3570 -0.2562 0.8983
vn 0.4610 -0.7857 0.4125
vn 0.6579 -0.2890 -0.6954
vn -0.3605 -0.4421 0.8213
vn -0.9053 -0.0138 0.4245
vn -0.4572 -0.7056 -0.5413
vn -0.9256 0.3212 -0.2000
vn -0.9200 0.1868 -0.3445
vn -0.8195 -0.2002 -0.5370
vn -0.3703 0.3514 -0.8599
vn 0.5841 -0.7828 -0.2144
vn 0.2395 -0.8967 0.3722
vn -0.5022 -0.3921 0.7708
vn 0.5087 -0.4329 0.7442
vn -0.5022 -0.3922 0.7707
vn 0.4670 -0.5081 0.7237
vn -0.2847 -0.5362 0.7946
vn 0.5997 -0.5443 0.5865
vn 0.8323 -0.5392 0.1287
vn 0.0429 -0.6789 0.7330
vn 0.9867 -0.1405 -0.0812
vn 0.3563 -0.6530 0.6683
vn 0.2475 -0.7357 0.6305
vn 0.7083 -0.4957 0.5025
vn 0.3138 -0.7017 0.6397
vn 0.1897 -0.4496 0.8729
vn 0.4367 -0.6234 0.6486
vn 0.5740 -0.5969 0.5606
vn 0.4217 -0.5917 0.6871
vn 0.9724 -0.1403 -0.1862
vn 0.2395 -0.8967 0.3723
vn 0.5837 -0.7832 -0.2142
vn 0.9271 -0.1714 -0.3334
vn 0.9604 -0.1471 -0.2367
vn 0.8732 -0.4768 -0.1005
vn 0.5221 -0.8228 0.2247
vn 0.7298 -0.6115 0.3056
vn 0.8756 -0.4365 0.2070
vn 0.6282 -0.6368 0.4471
vn 0.6809 -0.6623 0.3127
vn 0.7257 -0.4066 0.5550
vn 0.9547 -0.2031 0.2175
vn 0.9198 -0.3805 0.0959
vn 0.7367 -0.6717 0.0777
vn 0.9285 -0.3713 -0.0096
vn 0.9822 -0.1696 -0.0813
vn 0.9560 -0.2862 0.0647
vn 0.9104 -0.4097 0.0578
vn 0.9884 0.1316 -0.0758
vn 0.9823 -0.1690 -0.0810
vn 0.9555 -0.2035 0.2137
vn 0.9909 -0.1314 0.0289
vn 0.9856 -0.0790 -0.1498
vn 0.6606 -0.7497 0.0387
vn 0.9340 0.0114 0.3571
vn 0.9483 0.1960 0.2498
vn 0.9249 0.1432 0.3522
vn 0.7802 0.2541 0.5716
vn 0.5912 -0.1508 0.7923
vn 0.2362 -0.3937 0.8884
vn -0.2435 -0.2433 0.9389
vn 0.2730 0.0782 0.9588
vn -0.1779 -0.2135 0.9606
vn 0.5277 -0.1184 0.8411
vn 0.3379 -0.4142 0.8451
vn 0.4617 0.5913 0.6613
vn 0.7715 0.5005 0.3929
vn 0.4940 0.7520 0.4364
vn 0.6695 0.6113 0.4220
vn 0.9486 0.1802 0.2602
vn 0.7929 0.3698 0.4843
vn 0.4001 0.8911 0.2143
vn 0.5237 0.8055 0.2773
vn 0.6355 0.6596 0.4013
vn 0.7781 0.5423 0.3169
vn 0.8192 0.4062 0.4048
vn 0.1210 0.8976 0.4240
vn 0.4130 0.8092 0.4178
vn 0.9729 0.2163 0.0814
vn 0.9964 -0.0059 -0.0846
vn 0.8488 0.4068 -0.3376
vn 0.9355 0.0080 -0.3532
vn 0.7389 0.5640 -0.3687
vn 0.7621 -0.0385 -0.6463
vn 0.5796 -0.6955 -0.4247
vn 0.1845 -0.9477 -0.2603
vn 0.3751 -0.9222 0.0944
vn 0.4154 -0.8753 0.2475
vn 0.8201 0.0611 0.5689
vn 0.7712 0.3232 0.5485
vn 0.5846 0.5637 0.5835
vn 0.7101 0.5702 0.4131
vn 0.3173 0.8190 0.4780
vn 0.8947 0.3648 0.2577
vn 0.0735 0.9685 0.2379
vn 0.9821 0.1772 -0.0638
vn 0.9964 -0.0072 -0.0844
vn 0.5688 0.8083 0.1520
vn 0.9632 -0.0528 -0.2634
vn 0.9517 -0.2283 -0.2051
vn 0.9251 -0.1031 -0.3655
vn 0.9028 -0.2631 -0.3403
vn 0.8594 -0.0077 -0.5112
vn 0.7114 -0.4590 -0.5322
vn 0.7564 -0.1054 -0.6456
vn 0.4295 -0.5392 -0.7244
vn 0.7461 0.0384 -0.6647
vn 0.9295 -0.1104 -0.3519
vn 0.6553 0.4633 -0.5966
vn 0.5917 -0.0282 -0.8056
vn 0.3802 -0.0957 -0.9200
vn 0.4622 0.4370 -0.7716
vn 0.9776 0.0272 -0.2085
vn 0.9506 0.3058 -0.0535
vn 0.7569 0.6518 -0.0485
vn 0.5442 0.8339 0.0915
vn 0.7627 0.6419 -0.0794
vn 0.9609 0.2695 -0.0634
vn 0.1927 0.9423 0.2739
vn 0.3911 0.7960 0.4620
vn 0.6338 0.6793 0.3698
vn 0.4828 0.8577 0.1766
vn 0.0354 0.9955 0.0877
vn 0.4689 0.8740 0.1277
vn -0.0892 0.9916 -0.0936
vn 0.2136 0.9688 -0.1258
vn 0.7287 0.6808 0.0750
vn 0.8374 0.5217 -0.1629
vn 0.3755 0.9260 -0.0401
vn 0.5178 0.8145 -0.2618
vn -0.2524 0.9174 -0.3076
vn 0.1171 0.9201 -0.3738
vn 0.5437 0.6078 -0.5788
vn -0.3814 0.7570 -0.5305
vn 0.0075 0.7982 -0.6024
vn 0.8319 0.3767 -0.4074
vn -0.4397 0.7690 -0.4640
vn 0.6727 0.5538 -0.4907
vn -0.8691 0.4229 0.2566
vn 0.5110 0.5495 -0.6610
vn 0.9773 0.0732 -0.1990
vn -0.2776 0.9278 -0.2493
vn 0.1848 0.8651 -0.4663
vn 0.4595 0.5946 -0.6598
vn 0.7346 0.3660 -0.5714
vn 0.9315 -0.0471 -0.3608
vn 0.7234 0.2618 -0.6389
vn 0.7860 -0.2487 -0.5660
vn 0.7703 -0.3025 -0.5614
vn 0.5769 -0.1050 -0.8100
vn 0.5166 -0.3820 -0.7663
vn 0.0038 -0.6913 -0.7226
vn 0.4780 0.2304 -0.8476
vn 0.0794 -0.4410 -0.8940
vn 0.0315 0.1486 -0.9884
vn 0.2664 0.3826 -0.8847
vn -0.4064 0.4120 -0.8155
vn -0.4063 0.4121 -0.8155
vn -0.4091 0.5372 -0.7376
vn -0.4072 0.4127 -0.8148
vn -0.3975 0.6917 -0.6030
vn -0.4093 0.5376 -0.7372
vn -0.3699 0.8147 -0.4467
vn 0.1890 -0.9420 0.2774
vn 0.0799 -0.9111 0.4043
vn 0.0793 -0.9113 0.4041
vn 0.0899 -0.9154 0.3924
vn 0.1885 -0.9422 0.2771
vn -0.0657 -0.8194 0.5694
vn -0.1138 -0.7827 0.6119
vn -0.2778 -0.6946 0.6635
vn -0.3188 -0.6514 0.6885
vn -0.4173 -0.5584 0.7170
vn -0.6749 -0.4611 0.5760
vn -0.7226 -0.4281 0.5428
vn -0.7420 -0.3924 0.5435
vn -0.7548 -0.3686 0.5426
vn -0.7878 -0.2917 0.5424
vn -0.7845 -0.3019 0.5416
vn -0.7881 -0.2911 0.5424
vn -0.7551 -0.3680 0.5426
vn -0.7846 -0.3019 0.5416
vn -0.7934 -0.2754 0.5429
vn -0.7914 -0.2836 0.5416
vn 0.8249 0.0358 -0.5642
vn 0.8343 -0.0688 -0.5470
vn 0.7658 -0.3633 -0.5306
vn -0.5365 -0.3287 0.7773
vn -0.3608 -0.2431 0.9004
vn -0.5498 -0.2259 0.8042
vn 0.3316 -0.2630 0.9060
vn 0.4040 -0.8738 0.2706
vn -0.1366 -0.7030 0.6980
vn -0.6408 0.7408 -0.2015
vn -0.5747 0.8101 -0.1161
vn -0.7217 0.6255 -0.2966
vn -0.2508 0.9670 0.0455
vn -0.3772 0.9234 0.0708
vn -0.0819 0.9960 0.0348
vn -0.1150 0.6413 -0.7586
vn -0.2570 0.6282 -0.7344
vn -0.2307 0.6330 -0.7390
vn -0.3930 0.6144 -0.6842
vn -0.3852 0.6173 -0.6860
vn -0.4194 0.5974 -0.6835
vn -0.4186 0.5871 -0.6929
vn -0.4217 0.5702 -0.7050
vn -0.4296 0.5550 -0.7124
vn -0.4532 0.5242 -0.7210
vn -0.4464 0.5312 -0.7201
vn -0.5075 0.4983 -0.7030
vn -0.5092 0.4984 -0.7017
vn -0.5109 0.4908 -0.7058
vn -0.6116 -0.1268 0.7809
vn -0.5305 -0.0944 0.8424
vn -0.3674 -0.0327 0.9295
vn -0.8067 -0.2313 0.5438
vn -0.7752 -0.2107 0.5955
vn -0.8842 -0.2899 0.3662
vn 0.1691 -0.4303 0.8867
vn 0.1509 -0.3870 0.9096
vn 0.3715 -0.6230 0.6884
vn 0.0010 -0.3839 0.9234
vn 0.3153 -0.6897 0.6519
vn 0.5283 -0.7428 0.4112
vn 0.6216 -0.7662 0.1632
vn 0.4934 -0.8300 0.2602
vn 0.4892 -0.7621 0.4242
vn 0.3003 -0.4727 0.8285
vn 0.2996 -0.4726 0.8288
vn 0.3714 -0.6226 0.6888
vn 0.0827 -0.4857 0.8702
vn 0.0614 -0.4742 0.8783
vn 0.1685 -0.4302 0.8868
vn 0.0823 -0.4853 0.8705
vn 0.0214 -0.4523 0.8916
vn 0.0489 -0.9591 0.2787
vn 0.0978 -0.9309 0.3520
vn -0.0567 -0.9912 0.1192
vn -0.1298 -0.9915 0.0032
vn 0.5081 0.8488 0.1459
vn 0.4609 0.8832 0.0866
vn 0.4349 0.8975 0.0736
vn 0.4701 0.8787 0.0832
vn 0.4875 0.8701 0.0730
vn 0.6274 0.7467 0.2209
vn 0.9958 0.0687 -0.0606
vn 0.9941 0.0598 -0.0903
vn 0.9817 0.0779 -0.1736
vn 0.9665 0.1245 -0.2244
vn 0.9548 0.1555 -0.2534
vn 0.9467 0.1827 -0.2654
vn 0.9467 0.1832 -0.2651
vn 0.6411 -0.7214 0.2618
vn 0.6413 -0.6823 0.3511
vn 0.6407 -0.7250 0.2526
vn 0.6340 -0.7562 0.1620
vn 0.1880 -0.2580 -0.9477
vn 0.1834 0.0481 -0.9819
vn 0.1829 0.0476 -0.9820
vn 0.3083 -0.4114 -0.8577
vn 0.0497 -0.5262 -0.8489
vn 0.0308 -0.4599 -0.8874
vn 0.1555 -0.5458 -0.8234
vn -0.1802 -0.6307 -0.7548
vn -0.1827 -0.4895 -0.8527
vn -0.5090 -0.7285 -0.4584
vn -0.7989 -0.5461 -0.2522
vn -0.6640 -0.6581 -0.3550
vn -0.1392 -0.6415 -0.7544
vn -0.2026 -0.5808 -0.7884
vn 0.2572 -0.5084 -0.8218
vn 0.2512 -0.4390 -0.8627
vn 0.5028 -0.4448 -0.7412
vn 0.6454 -0.4773 -0.5963
vn 0.1525 -0.5986 -0.7864
vn 0.4940 -0.4955 -0.7145
vn 0.6396 -0.4773 -0.6026
vn 0.7328 -0.2184 -0.6444
vn 0.7990 -0.1664 -0.5778
vn 0.8457 -0.3202 -0.4269
vn 0.6206 -0.6154 -0.4859
vn 0.9214 -0.3055 0.2402
vn 0.9965 -0.0068 -0.0837
vn 0.8400 -0.2777 0.4660
vn 0.6887 -0.2503 0.6804
vn 0.8378 -0.4818 -0.2566
vn 0.8227 -0.3699 0.4316
vn 0.5680 -0.2262 0.7913
vn 0.4922 -0.5721 0.6561
vn 0.8028 -0.4751 -0.3602
vn 0.8070 -0.5334 0.2535
vn 0.7245 -0.6889 0.0227
vn 0.4645 -0.8307 0.3070
vn 0.7896 -0.3773 -0.4840
vn -0.8272 0.4435 0.3451
vn -0.8652 0.4413 0.2380
vn -0.7341 0.4333 0.5228
vn -0.6711 0.4205 0.6106
vn -0.7531 -0.6533 0.0776
vn -0.7883 -0.4803 -0.3845
vn -0.7297 -0.6356 -0.2520
vn -0.3964 -0.8727 -0.2849
vn -0.4877 -0.8704 -0.0671
vn -0.2391 -0.8905 -0.3871
vn -0.1310 -0.8312 -0.5403
vn -0.5131 -0.6859 -0.5160
vn -0.7881 -0.4803 -0.3850
vn -0.7781 -0.4723 -0.4143
vn -0.8325 -0.3845 -0.3988
vn -0.8888 0.4267 -0.1670
vn -0.5910 0.3225 0.7394
vn -0.4119 0.5791 0.7035
vn -0.8094 0.1091 0.5770
vn -0.2909 0.7250 0.6243
vn -0.3702 0.7405 0.5609
vn -0.7679 0.5982 -0.2291
vn -0.8889 0.4265 -0.1669
vn -0.8888 0.4268 -0.1670
vn -0.9267 0.3273 -0.1846
vn -0.7356 0.0895 0.6715
vn -0.1496 0.7954 0.5874
vn -0.1695 0.8632 0.4755
vn -0.1364 -0.2189 0.9662
vn -0.0074 0.8666 0.4990
vn 0.3328 0.9035 0.2700
vn 0.4743 0.7346 0.4851
vn 0.8402 0.4881 0.2361
vn 0.8508 0.3061 0.4271
vn 0.6695 0.6113 0.4221
vn 0.9061 0.3760 0.1940
vn 0.6678 0.6619 0.3406
vn 0.9175 0.3711 0.1433
vn 0.7401 0.6585 0.1369
vn 0.6099 0.7683 0.1941
vn 0.3517 0.9157 0.1942
vn 0.1187 0.9915 0.0538
vn -0.2411 0.9589 -0.1498
vn -0.2114 0.9774 -0.0001
vn -0.4400 0.8887 -0.1288
vn -0.4391 0.8834 -0.1638
vn -0.6558 0.7259 -0.2073
vn -0.6629 0.6736 -0.3269
vn -0.7872 0.5421 -0.2941
vn -0.5997 0.1983 -0.7753
vn -0.8889 0.4270 -0.1658
vn -0.9616 0.2741 -0.0149
vn -0.9128 0.3555 -0.2012
vn -0.9567 0.2911 -0.0055
vn -0.9672 0.2078 0.1461
vn -0.8241 -0.0606 0.5632
vn -0.9245 -0.0900 0.3705
vn -0.2472 -0.3191 0.9149
vn 0.7637 -0.2720 0.5855
vn 0.8729 -0.2697 0.4066
vn -0.3757 -0.4761 0.7951
vn -0.5358 -0.6048 0.5891
vn -0.9473 -0.1501 0.2830
vn -0.9583 0.1530 0.2414
vn -0.9365 -0.2677 0.2266
vn -0.9566 0.0789 0.2806
vn -0.9496 0.1140 0.2919
vn 0.5696 -0.7013 0.4287
vn 0.9629 -0.2653 -0.0490
vn 0.8169 -0.4414 -0.3714
vn -0.8197 -0.2000 -0.5367
vn 0.7811 -0.6220 0.0546
vn 0.7630 -0.2722 0.5863
vn 0.8725 -0.2702 0.4071
vn 0.9293 -0.3691 0.0080
vn 0.8724 -0.4665 -0.1460
vn 0.4064 -0.8749 0.2634
vn 0.1932 -0.9787 0.0692
vn 0.8272 -0.4992 -0.2578
vn 0.1240 -0.9746 -0.1864
vn 0.8058 -0.4605 -0.3722
vn -0.1980 -0.9346 -0.2956
vn -0.8995 -0.4059 0.1615
vn -0.9633 -0.1997 0.1793
vn -0.8683 -0.4060 0.2850
vn -0.9543 -0.1566 0.2547
vn -0.8301 -0.5375 0.1485
vn -0.8178 -0.5678 0.0934
vn -0.9572 -0.2318 0.1734
vn -0.9510 -0.3083 0.0218
vn -0.9889 0.0574 0.1367
vn -0.9947 -0.0962 -0.0355
vn -0.9051 0.2717 0.3270
vn -0.9529 0.2689 0.1403
vn -0.9853 0.1446 -0.0914
vn -0.8133 0.4450 0.3749
vn -0.8932 0.4363 0.1087
vn -0.8414 0.4697 -0.2673
vn -0.8821 0.4127 -0.2270
vn -0.7829 0.4851 -0.3896
vn -0.7774 0.5365 -0.3283
vn -0.4203 0.5983 -0.6822
vn -0.8844 0.4644 0.0477
vn -0.4814 0.5657 -0.6695
vn -0.6796 0.6831 -0.2674
vn -0.7867 0.6170 0.0203
vn -0.6688 0.6077 -0.4283
vn -0.5292 0.8351 -0.1500
vn -0.5470 0.8060 -0.2262
vn -0.4250 0.9051 -0.0114
vn -0.4746 0.8411 0.2596
vn -0.2836 0.9329 -0.2219
vn -0.3557 -0.7397 0.5713
vn -0.3406 -0.7845 0.5182
vn -0.3645 -0.7088 0.6040
vn -0.3764 -0.6589 0.6513
vn 0.8421 -0.5349 0.0694
vn 0.9161 -0.4004 0.0210
vn 0.8528 -0.5221 -0.0063
vn 0.7302 -0.6485 0.2151
vn 0.6452 -0.6551 0.3933
vn 0.6247 -0.6839 0.3768
vn 0.7081 -0.6971 0.1123
vn 0.7606 -0.6439 0.0832
vn 0.7648 -0.6386 0.0857
vn -0.7670 -0.5776 0.2796
vn -0.9761 -0.1777 0.1248
vn -0.7601 -0.5605 0.3287
vn -0.4856 -0.7013 0.5219
vn -0.9362 -0.3112 0.1632
vn -0.5524 -0.5489 0.6274
vn -0.7881 -0.6021 0.1282
vn -0.8433 -0.5319 -0.0771
vn -0.7931 -0.5732 0.2059
vn -0.4562 -0.5958 0.6610
vn -0.6335 -0.7413 -0.2216
vn -0.9327 -0.3596 0.0263
vn -0.7615 -0.6430 -0.0821
vn -0.8007 -0.5714 -0.1800
vn -0.6696 -0.6394 0.3778
vn -0.4469 -0.6604 0.6035
vn -0.5218 -0.8035 -0.2864
vn -0.7343 -0.6469 0.2056
vn -0.6644 -0.6583 -0.3539
vn -0.9590 -0.2782 -0.0532
vn -0.6483 -0.6051 -0.4622
vn -0.2132 -0.8585 -0.4664
vn -0.2213 -0.8139 -0.5372
vn -0.6391 -0.7003 -0.3181
vn -0.7385 -0.5503 -0.3896
vn -0.8722 -0.0911 0.4806
vn -0.9137 -0.1635 0.3720
vn -0.8322 -0.0148 0.5543
vn -0.7858 -0.0426 0.6171
vn -0.7935 0.0349 0.6076
vn -0.8081 0.0675 0.5851
vn -0.7516 0.1926 0.6309
vn -0.7706 -0.0240 0.6369
vn -0.7735 -0.3312 0.5404
vn -0.6085 0.3047 0.7327
vn -0.6432 0.1643 0.7479
vn -0.7900 -0.2091 0.5763
vn -0.7169 -0.2703 0.6427
vn -0.6865 -0.2928 0.6656
vn -0.5808 -0.2647 0.7698
vn -0.5077 -0.1186 0.8533
vn -0.4525 -0.0088 0.8917
vn -0.4615 -0.0043 0.8871
vn 0.6960 0.7161 -0.0525
vn 0.4646 0.8745 -0.1391
vn 0.5502 0.8324 -0.0662
vn 0.2214 0.8301 -0.5118
vn 0.1950 0.7793 -0.5955
vn -0.4512 -0.8907 -0.0550
vn -0.3741 -0.7800 0.5016
vn -0.3236 -0.9052 0.2754
vn -0.2835 -0.6732 0.6830
vn -0.4015 -0.5157 0.7569
vn -0.4576 -0.6247 0.6327
vn 0.4486 -0.8715 0.1979
vn 0.5335 -0.8183 0.2140
vn 0.4486 -0.8716 0.1976
vn 0.5374 -0.8155 0.2147
vn 0.6976 -0.6912 0.1887
vn 0.6904 -0.6967 0.1947
vn 0.7566 -0.6408 0.1300
vn -0.9388 -0.1500 -0.3102
vn -0.9434 -0.1503 -0.2956
vn -0.9606 -0.1513 -0.2333
vn -0.9130 -0.1478 -0.3803
vn -0.0672 -0.4273 -0.9016
vn -0.0683 -0.4267 -0.9018
vn -0.3270 -0.2647 -0.9072
vn -0.3604 -0.2407 -0.9012
vn -0.6320 0.0527 -0.7732
vn -0.6246 0.0407 -0.7799
vn -0.6980 0.1233 -0.7054
vn -0.7545 0.1230 -0.6447
vn -0.6972 0.0635 -0.7141
vn -0.8338 0.1330 -0.5357
vn -0.8816 0.1522 -0.4467
vn -0.8930 0.1005 -0.4386
vn -0.8914 0.0895 -0.4443
vn -0.7937 -0.1382 -0.5925
vn -0.7875 -0.1470 -0.5985
vn -0.6392 -0.3030 -0.7068
vn 0.0097 0.9897 -0.1430
vn 0.7039 0.5990 0.3816
vn 0.1405 0.8246 -0.5480
vn 0.5634 0.6014 0.5665
vn 0.7827 0.1873 0.5936
vn 0.8632 0.2522 0.4373
vn 0.8604 0.0168 0.5094
vn 0.9207 0.1450 0.3623
vn 0.9221 -0.0868 0.3770
vn 0.9681 0.0814 0.2368
vn 0.9309 -0.0567 0.3608
vn 0.9625 0.1719 0.2097
vn 0.8393 0.4192 0.3462
vn 0.8360 0.1413 0.5303
vn 0.7430 0.2791 0.6083
vn 0.7712 -0.1593 0.6163
vn 0.7239 -0.1282 0.6779
vn 0.8499 -0.2604 0.4581
vn 0.8328 -0.2244 0.5061
vn 0.7807 -0.0985 0.6171
vn 0.7043 0.0922 0.7039
vn 0.5154 0.4568 0.7251
vn -0.1303 0.9682 0.2134
vn -0.5511 0.7139 -0.4320
vn -0.3157 0.6739 -0.6680
vn 0.1400 0.8241 -0.5489
vn 0.0912 0.4785 -0.8734
vn 0.7033 -0.6633 0.2558
vn 0.6048 -0.7581 0.2439
vn 0.6873 -0.6805 0.2541
vn 0.7568 -0.5994 0.2606
vn 0.8592 -0.3633 -0.3602
vn 0.8592 -0.3634 -0.3602
vn 0.8749 -0.3153 -0.3676
vn 0.8880 -0.2677 -0.3740
vn 0.9054 -0.1398 -0.4008
vn 0.9062 -0.0564 -0.4190
vn 0.8916 0.1140 -0.4382
vn 0.8786 0.1531 -0.4524
vn 0.8304 0.2231 -0.5106
vn 0.8563 0.2573 -0.4478
vn 0.9028 0.2359 -0.3597
vn 0.8251 0.0362 -0.5638
vn 0.7960 0.1685 -0.5814
vn 0.8467 0.3223 -0.4234
vn 0.9027 0.2365 -0.3595
vn 0.8342 -0.0687 -0.5472
vn 0.8313 0.1660 -0.5304
vn 0.7658 -0.3635 -0.5305
vn 0.8067 0.2080 -0.5532
vn 0.8455 0.1117 -0.5222
vn 0.8458 0.0665 -0.5293
vn 0.7709 -0.3485 -0.5331
vn 0.8493 0.2810 -0.4469
vn 0.7656 -0.3640 -0.5304
vn 0.7546 -0.3921 -0.5261
vn 0.6362 -0.6140 -0.4673
vn 0.2723 -0.8716 -0.4077
vn 0.2728 -0.8714 -0.4077
vn 0.2434 -0.8061 -0.5395
vn 0.2423 -0.8058 -0.5404
vn 0.2035 -0.7116 -0.6724
vn 0.2031 -0.7120 -0.6721
vn -0.2054 0.6723 0.7112
vn -0.2511 0.8076 0.5337
vn -0.4207 0.7453 0.5173
vn -0.2848 0.7797 0.5577
vn -0.1380 0.7652 0.6288
vn -0.1485 0.5021 0.8520
vn -0.4400 0.8197 0.3668
vn -0.6402 0.6606 0.3922
vn -0.7491 0.5569 0.3587
vn -0.8156 0.3768 0.4391
vn -0.8684 0.3136 0.3840
vn -0.9101 0.2889 0.2971
vn -0.8715 0.0616 0.4865
vn -0.9145 0.1115 0.3890
vn -0.8927 -0.0538 0.4475
vn -0.9278 0.1016 0.3591
vn -0.9456 -0.0009 0.3252
vn -0.8077 -0.1961 0.5560
vn -0.9722 -0.0676 0.2242
vn -0.6684 -0.2456 0.7020
vn -0.5930 -0.4231 0.6851
vn -0.8731 -0.1100 0.4750
vn -0.9716 -0.1770 0.1571
vn -0.8848 -0.2068 0.4175
vn -0.9326 -0.3383 0.1261
vn -0.8432 -0.3373 0.4187
vn -0.9501 -0.2801 0.1375
vn -0.5502 -0.2255 0.8040
vn -0.3903 -0.2524 0.8854
vn -0.3604 -0.2428 0.9007
vn -0.5375 -0.3287 0.7765
vn -0.6073 -0.2995 0.7358
vn -0.8244 -0.1496 0.5458
vn -0.9859 0.0988 0.1350
vn -0.5524 -0.1138 0.8258
vn -0.7972 0.2756 0.5372
vn -0.6781 0.4939 0.5443
vn -0.4038 0.3231 0.8559
vn -0.5658 0.4382 0.6984
vn -0.4954 0.5086 0.7042
vn -0.5073 0.6703 0.5416
vn -0.6325 0.5751 0.5189
vn -0.7731 0.1994 0.6022
vn -0.6591 0.6851 0.3102
vn -0.4908 0.8018 0.3408
vn -0.8832 0.4303 0.1866
vn -0.8583 0.3245 0.3974
vn -0.9490 0.1150 0.2937
vn -0.8708 0.0015 0.4916
vn -0.9823 0.1642 0.0898
vn -0.9641 -0.0498 0.2609
vn -0.8664 -0.1030 0.4886
vn -0.9994 -0.0181 0.0285
vn -0.9652 -0.1792 0.1907
vn -0.9828 -0.1585 -0.0951
vn -0.8458 -0.1710 0.5053
vn -0.9424 -0.2857 -0.1740
vn -0.9366 -0.3113 0.1609
vn -0.8179 -0.2742 0.5059
vn -0.8813 -0.4493 -0.1463
vn -0.7241 -0.3891 0.5695
vn -0.8629 -0.4556 0.2187
vn -0.8595 -0.4934 -0.1335
vn -0.8332 -0.4325 0.3446
vn -0.6022 -0.2646 0.7532
vn -0.8709 -0.3636 0.3307
vn 0.4533 -0.3391 -0.8243
vn 0.2389 -0.3227 -0.9159
vn 0.2130 0.0392 -0.9763
vn -0.2841 0.6257 -0.7265
vn 0.4180 0.1792 -0.8906
vn 0.0190 0.5657 -0.8244
vn 0.3094 0.3865 -0.8688
vn -0.4392 0.8059 -0.3969
vn -0.6797 0.6765 0.2835
vn -0.6037 0.5888 -0.5374
vn -0.8811 0.4149 -0.2271
vn -0.0863 0.5057 -0.8584
vn -0.6557 0.4527 -0.6043
vn -0.3526 0.4261 -0.8331
vn -0.1204 0.4716 -0.8736
vn 0.2892 0.2771 -0.9163
vn 0.6587 -0.0545 -0.7505
vn 0.5750 -0.2590 -0.7761
vn 0.3895 -0.3173 -0.8646
vn 0.6192 -0.6197 -0.4822
vn 0.5522 -0.0442 -0.8325
vn 0.6217 0.2286 -0.7491
vn 0.8076 0.0719 -0.5854
vn 0.9204 0.1150 -0.3737
vn 0.6720 0.5537 -0.4918
vn 0.4312 0.3059 -0.8488
vn 0.9162 0.0978 -0.3887
vn 0.0075 0.7982 -0.6023
vn -0.0426 0.6880 -0.7244
vn 0.9456 0.1967 -0.2591
vn 0.5984 0.4781 -0.6429
vn -0.0393 0.6168 -0.7862
vn 0.6214 0.6645 -0.4151
vn 0.0168 0.8720 -0.4893
vn 0.6457 0.7135 -0.2719
vn 0.0342 0.9550 -0.2947
vn 0.0970 0.8129 -0.5743
vn 0.6595 0.7220 -0.2093
vn 0.2124 0.9690 -0.1259
vn 0.4687 0.8741 0.1277
vn 0.0411 0.9540 -0.2970
vn 0.7600 0.6476 -0.0556
vn 0.7001 0.6942 0.1671
vn 0.2796 0.9521 0.1237
vn 0.2930 0.9399 -0.1751
vn -0.0158 0.9709 -0.2391
vn 0.0678 0.9438 -0.3236
vn 0.1782 0.5754 -0.7982
vn -0.1761 0.9808 0.0833
vn -0.2995 0.9468 0.1179
vn -0.4747 0.8408 0.2602
vn -0.2174 0.9524 -0.2136
vn -0.3915 0.9200 0.0197
vn -0.6924 0.6342 0.3440
vn 0.0273 0.9407 -0.3382
vn -0.0358 0.9743 -0.2223
vn -0.2835 0.9329 -0.2219
vn -0.4968 0.8443 -0.2007
vn -0.8468 0.5007 0.1794
vn -0.0694 0.8143 -0.5763
vn -0.1986 0.6603 -0.7242
vn -0.1447 0.9773 -0.1548
vn -0.5479 0.8057 -0.2252
vn -0.6223 0.6956 -0.3591
vn -0.4433 0.5506 -0.7073
vn -0.7677 0.5589 -0.3135
vn -0.8908 0.4121 0.1917
vn -0.8448 0.5044 -0.1786
vn 0.2701 0.7900 -0.5504
vn -0.3016 0.8829 -0.3599
vn -0.4430 0.7113 -0.5457
vn -0.6695 0.6077 -0.4272
vn 0.1805 0.3632 -0.9141
vn -0.4796 0.6123 -0.6285
vn -0.7967 0.5929 -0.1173
vn 0.1852 0.2054 -0.9610
vn -0.1662 0.2046 -0.9646
vn -0.5722 0.5133 -0.6396
vn -0.7960 0.6030 -0.0523
vn -0.6816 0.4535 -0.5742
vn -0.3923 0.1614 -0.9056
vn -0.7828 0.6214 -0.0327
vn -0.7532 0.4059 -0.5176
vn -0.8074 0.2980 -0.5092
vn -0.8028 0.5950 -0.0381
vn -0.1853 -0.7698 -0.6108
vn 0.4422 -0.8865 -0.1364
vn 0.8165 -0.2752 0.5075
vn -0.1858 -0.7695 -0.6110
vn -0.4080 -0.6744 -0.6154
vn 0.4426 -0.8864 -0.1360
vn -0.9982 -0.0075 -0.0592
vn -0.4047 -0.4070 -0.8189
vn 0.1456 -0.5057 -0.8503
vn -0.4842 -0.8552 -0.1848
vn 0.0379 -0.7831 -0.6207
vn -0.8068 -0.3420 0.4817
vn 0.3022 -0.6812 -0.6668
vn 0.0384 -0.7828 -0.6211
vn -0.4846 -0.8551 -0.1843
vn 0.9976 0.0673 -0.0184
vn 0.4555 -0.3520 -0.8177
vn -0.1045 -0.4894 -0.8657
vn -0.4342 0.7099 0.5546
vn 0.3412 0.6001 0.7235
vn 0.2437 0.7170 0.6531
vn -0.4332 0.7105 0.5545
vn 0.2442 0.7170 0.6529
vn -0.6911 0.3747 0.6181
vn 0.3214 0.6848 0.6541
vn 0.5865 0.7427 0.3231
vn 0.3422 0.5998 0.7233
vn -0.5517 0.5522 0.6250
vn -0.1176 0.1264 0.9850
vn -0.4680 0.1628 0.8686
vn 0.9408 0.3246 0.0974
vn 0.4506 0.1130 0.8856
vn 0.7219 -0.2192 0.6563
vn 0.6817 -0.7143 0.1584
vn -0.0035 -0.9746 0.2238
vn 0.7296 -0.1671 0.6632
vn -0.4990 -0.6080 0.6175
vn -0.1046 0.5250 0.8446
vn 0.7731 -0.3192 0.5481
vn 0.7978 -0.0640 0.5996
vn -0.1664 -0.4325 0.8862
vn 0.5663 0.6079 0.5566
vn 0.5404 -0.6176 0.5714
vn 0.9331 0.0904 0.3480
vn 0.3503 0.8333 0.4276
vn 0.9960 0.0796 -0.0401
vn 0.7667 0.5982 0.2331
vn 0.5909 0.4677 0.6573
vn 0.1433 -0.6669 0.7313
vn 0.2265 0.9243 0.3072
vn 0.1094 0.6183 0.7783
vn 0.3607 -0.6743 0.6443
vn -0.1797 0.8282 0.5308
vn -0.3010 0.5191 0.7999
vn 0.4187 -0.6001 0.6815
vn -0.1104 0.8748 0.4718
vn -0.6666 0.2245 0.7108
vn 0.4272 -0.4436 0.7878
vn -0.8969 0.3370 0.2864
vn -0.8275 -0.2551 0.5002
vn 0.3850 -0.4895 0.7824
vn -0.6913 0.5613 0.4550
vn 0.1977 0.3926 0.8982
vn -0.8296 0.3575 0.4289
vn -0.7065 -0.3509 0.6146
vn 0.7327 -0.5558 0.3926
vn -0.4283 0.1156 0.8962
vn 0.3912 -0.8866 0.2468
vn 0.0001 0.6009 0.7993
vn -0.0043 0.4181 0.9084
vn -0.0043 -0.3549 0.9349
vn 0.5183 -0.1905 0.8337
vn 0.6624 0.5532 0.5051
vn 0.8727 0.0644 0.4839
vn -0.0007 0.3072 0.9516
vn -0.0000 -0.9495 0.3137
vn -0.0006 0.7073 0.7069
vn 0.0001 0.6010 0.7993
vn 0.7908 0.4977 0.3562
vn 0.9779 0.0449 0.2044
vn 0.9912 0.1320 0.0071
vn 0.9792 0.0278 -0.2012
vn 0.9085 0.0241 -0.4172
vn 0.5389 0.7657 0.3510
vn 0.8325 0.5532 0.0298
vn 0.8285 0.5464 -0.1226
vn 0.9439 0.3295 0.0207
vn 0.8499 -0.2519 -0.4629
vn 0.9176 0.3560 -0.1767
vn 0.9379 0.3468 -0.0086
vn 0.9986 0.0297 -0.0433
vn 0.3474 -0.8460 -0.4045
vn 0.9578 -0.2820 0.0555
vn -0.0804 -0.8748 0.4777
vn -0.1088 -0.8778 0.4664
vn 0.3540 -0.6804 0.6417
vn -0.5696 0.2853 0.7708
vn 0.3545 -0.6805 0.6413
vn -0.4968 0.2904 0.8178
vn -0.5691 0.2852 0.7712
vn -0.4075 -0.2872 0.8669
vn 0.2822 -0.1520 0.9472
vn 0.4549 0.0849 0.8865
vn 0.1756 0.5732 0.8004
vn -0.1096 -0.8777 0.4665
vn 0.5859 -0.3339 0.7384
vn 0.2828 -0.1519 0.9471
vn 0.6953 -0.3733 0.6141
vn 0.4753 -0.2952 0.8289
vn 0.7644 -0.4790 0.4315
vn 0.4233 -0.7779 0.4643
vn -0.4973 0.2902 0.8176
vn 0.5570 -0.0140 0.8304
vn 0.9267 0.1503 0.3445
vn 0.9802 0.1668 0.1071
vn 0.3539 -0.6804 0.6417
vn 0.6439 -0.4929 0.5852
vn -0.5974 -0.7174 0.3584
vn -0.0086 -0.6339 0.7734
vn 0.9168 -0.3969 -0.0430
vn 0.3758 -0.7853 0.4921
vn 0.9764 0.1786 -0.1215
vn -0.1096 -0.8777 0.4664
vn 0.9433 -0.2755 0.1853
vn 0.8290 -0.4736 0.2975
vn 0.6176 0.4712 0.6297
vn 0.5875 0.5027 0.6342
vn 0.4370 -0.6965 0.5691
vn 0.6403 0.4896 0.5919
vn 0.8496 -0.2524 -0.4631
vn 0.8658 0.1518 0.4768
vn 0.4629 0.6865 0.5608
vn -0.2159 -0.0121 0.9763
vn 0.6557 0.2272 0.7200
vn 0.4372 0.3036 0.8466
vn 0.4488 -0.7796 0.4368
vn -0.2178 0.6704 0.7093
vn -0.3307 -0.8551 0.3992
vn -0.0452 0.2684 0.9622
vn 0.5247 -0.6479 0.5522
vn -0.7225 0.4314 0.5402
vn -0.4708 -0.3783 0.7970
vn -0.4757 0.0613 0.8775
vn 0.4718 -0.5422 0.6953
vn -0.9918 0.0257 0.1248
vn -0.7827 -0.4244 0.4553
vn 0.3034 -0.5074 0.8065
vn -0.9367 0.0676 0.3436
vn -0.6106 -0.7832 0.1175
vn 0.5618 -0.5175 0.6454
vn -0.2101 -0.5363 0.8174
vn 0.8284 -0.5531 -0.0886
vn 0.4832 -0.8643 -0.1395
vn 0.0022 0.2000 0.9798
vn -0.0006 0.4006 0.9162
vn 0.0289 -0.2128 0.9767
vn -0.0017 -0.9933 -0.1155
vn -0.0000 -0.2753 0.9614
vn 0.0001 -0.2759 0.9612
vn 0.0285 -0.2123 0.9768
vn -0.0005 0.4003 0.9164
vn 0.4765 -0.3730 0.7961
vn 0.0011 0.2009 0.9796
vn -0.4714 -0.3774 0.7971
vn 0.0018 -0.9407 -0.3392
vn -0.3318 -0.8546 0.3995
vn 0.0012 -0.9403 -0.3403
vn -0.4708 -0.3784 0.7970
vn -0.0285 -0.2123 0.9768
vn -0.0001 -0.2759 0.9612
vn 0.0007 0.4007 0.9162
vn 0.2101 -0.5363 0.8174
vn 0.9366 0.0677 0.3437
vn 0.0013 0.1996 0.9799
vn 0.4759 -0.3739 0.7960
vn -0.4700 -0.8699 -0.1495
vn -0.0017 -0.9933 -0.1156
vn -0.8494 -0.5266 -0.0356
vn -0.5657 -0.4576 0.6860
vn 0.6106 -0.7832 0.1175
vn -0.3231 -0.4991 0.8040
vn 0.7827 -0.4244 0.4553
vn -0.4933 -0.5520 0.6723
vn 0.9919 0.0256 0.1247
vn 0.4757 0.0613 0.8775
vn -0.5337 -0.6447 0.5473
vn 0.7227 0.4314 0.5401
vn 0.3301 -0.8546 0.4008
vn 0.0320 0.2903 0.9564
vn -0.4796 -0.7365 0.4770
vn 0.1875 0.6769 0.7118
vn -0.6743 0.2150 0.7065
vn -0.4381 0.3618 0.8229
vn -0.4401 -0.7078 0.5526
vn -0.4959 0.6765 0.5444
vn 0.1948 -0.0236 0.9806
vn -0.7064 -0.0711 0.7042
vn -0.8489 0.2234 0.4790
vn -0.1749 -0.6723 0.7194
vn -0.9716 0.2187 -0.0906
vn -0.9492 -0.3137 -0.0239
vn -0.6817 -0.5186 0.5161
vn 0.5598 -0.7699 0.3064
vn -0.4955 -0.6986 0.5163
vn -0.9316 0.2271 0.2839
vn -0.5753 -0.0043 0.8180
vn -0.9164 0.2713 0.2944
vn -0.7067 -0.0708 0.7039
vn 0.1008 0.4799 0.8715
vn -0.3399 -0.1537 0.9278
vn -0.4925 -0.3021 0.8162
vn -0.5776 -0.3657 0.7299
vn 0.4256 -0.3244 0.8447
vn -0.3394 -0.1540 0.9280
vn 0.1021 0.4796 0.8715
vn -0.4297 0.0587 0.9011
vn -0.7043 -0.3727 0.6043
vn -0.7218 -0.4454 0.5297
vn -0.1770 0.5573 0.8112
vn -0.7060 -0.0706 0.7047
vn -0.2442 -0.7372 0.6299
vn -0.9462 0.1850 0.2655
vn -0.6952 0.4143 0.5874
vn -0.8852 -0.2299 0.4045
vn -0.7299 -0.4141 0.5439
vn -0.5200 0.4599 0.7198
vn -0.9422 -0.1656 -0.2913
vn -0.0088 -0.6333 0.7739
vn 0.8162 -0.5710 0.0885
vn -0.5980 -0.7168 0.3586
vn 0.3752 -0.7855 0.4922
vn 0.8159 -0.5714 0.0884
vn -0.0084 -0.6335 0.7737
vn 0.4490 -0.7790 0.4378
vn 0.3761 -0.7849 0.4925
vn 0.5243 -0.6474 0.5532
vn 0.4710 -0.5419 0.6961
vn 0.3034 -0.5078 0.8062
vn 0.5610 -0.5184 0.6454
vn 0.3036 -0.5079 0.8062
vn 0.8288 -0.5525 -0.0886
vn -0.5980 -0.7173 0.3577
vn 0.4236 -0.7775 0.4648
vn -0.7063 -0.0702 0.7044
vn 0.1021 0.4800 0.8713
vn -0.9163 0.2722 0.2936
vn -0.8613 -0.4370 0.2593
vn -0.8254 -0.1642 -0.5402
vn -0.8494 -0.5266 -0.0355
vn -0.8494 -0.5265 -0.0354
vn -0.8257 -0.1640 -0.5397
vn -0.4699 -0.8700 -0.1493
vn 0.0328 -0.3716 -0.9278
vn 0.4832 -0.8644 -0.1393
vn 0.8134 -0.2099 -0.5425
vn 0.8285 -0.5530 -0.0885
vn -0.1745 -0.6723 0.7195
vn 0.5605 -0.7693 0.3065
vn -0.4400 -0.7078 0.5526
vn -0.1748 -0.6725 0.7191
vn -0.8614 -0.4366 0.2596
vn -0.4798 -0.7361 0.4775
vn -0.4406 -0.7074 0.5527
vn -0.5336 -0.6443 0.5479
vn -0.4928 -0.5518 0.6728
vn -0.3236 -0.4988 0.8040
vn -0.8611 -0.4375 0.2590
vn -0.5649 -0.4585 0.6860
vn -0.3231 -0.4988 0.8043
vn -0.8497 -0.5260 -0.0357
vn -0.8614 -0.4369 0.2592
vn 0.5604 -0.7698 0.3055
vn -0.4954 -0.6986 0.5163
vn 0.0861 0.9481 0.3061
vn 0.0448 0.9323 0.3590
vn -0.0508 0.9345 0.3524
vn 0.0446 0.9324 0.3587
vn 0.0859 0.9481 0.3061
vn 0.1238 0.9587 0.2562
vn 0.1242 0.9587 0.2558
vn 0.0234 0.9661 0.2569
vn 0.0229 0.9662 0.2570
vn 0.0437 0.9321 0.3595
vn -0.0385 0.9287 0.3688
vn -0.0521 0.9343 0.3526
vn -0.0581 0.9582 0.2802
vn -0.0229 0.9690 0.2461
vn -0.0576 0.9583 0.2800
vn -0.0377 0.9290 0.3681
vn 0.0108 0.9771 0.2127
vn -0.2163 -0.0127 0.9762
vn -0.5095 -0.5504 0.6614
vn 0.6558 0.2278 0.7198
vn -0.5098 -0.5503 0.6613
vn -0.2814 -0.9278 0.2451
vn 0.8876 -0.2486 0.3878
vn -0.1669 -0.4324 0.8861
vn -0.2163 -0.0127 0.9763
vn -0.4985 -0.6080 0.6179
vn -0.1098 -0.8780 0.4659
vn -0.0038 -0.9747 0.2233
vn 0.6816 -0.7146 0.1573
vn 0.4371 -0.6957 0.5701
vn 0.1437 -0.6664 0.7316
vn 0.3554 -0.9234 0.1449
vn 0.3607 -0.6748 0.6439
vn 0.4189 -0.6005 0.6811
vn 0.7746 -0.6170 0.1390
vn 0.8873 -0.2489 0.3883
vn 0.3854 -0.4893 0.7823
vn 0.7323 -0.5561 0.3931
vn 0.6553 0.2276 0.7202
vn -0.5095 -0.5502 0.6616
vn -0.3312 -0.8548 0.3996
vn 0.3912 -0.8866 0.2470
vn 0.0016 -0.9403 -0.3404
vn -0.0001 -0.9495 0.3137
vn -0.3911 -0.8866 0.2469
vn 0.3307 -0.8542 0.4012
vn -0.7328 -0.5526 0.3970
vn -0.6739 0.2153 0.7068
vn -0.8902 -0.2420 0.3859
vn -0.3643 -0.4808 0.7976
vn -0.3546 -0.4109 0.8399
vn 0.5150 -0.5474 0.6596
vn -0.7762 -0.6145 0.1412
vn -0.3660 -0.5762 0.7308
vn 0.2853 -0.9251 0.2507
vn 0.5154 -0.5468 0.6598
vn -0.8905 -0.2414 0.3857
vn -0.3546 -0.9237 0.1449
vn -0.3418 -0.6720 0.6569
vn -0.1510 -0.6644 0.7320
vn 0.1383 -0.4972 0.8565
vn 0.1948 -0.0238 0.9806
vn -0.6743 0.2156 0.7063
vn 0.5192 -0.5762 0.6312
vn -0.7066 -0.0706 0.7040
vn 0.0303 -0.9666 0.2543
vn -0.6837 -0.7050 0.1886
vn -0.2443 -0.7364 0.6309
vn -0.2444 -0.7368 0.6304
vn -0.6833 -0.7053 0.1889
vn -0.7065 -0.2457 0.6637
vn -0.7739 -0.2226 0.5929
vn -0.2443 -0.7368 0.6304
vn -0.7740 -0.2231 0.5926
vn -0.7639 -0.4105 0.4979
vn -0.2449 -0.7365 0.6306
vn -0.4577 -0.6680 0.5868
vn -0.2449 -0.7369 0.6301
vn -0.4576 -0.6680 0.5868
vn 0.1052 -0.8452 0.5240
vn -0.2444 -0.7367 0.6305
vn 0.1047 -0.8453 0.5239
vn -0.3528 -0.8532 -0.3842
vn -0.9420 -0.1659 -0.2918
vn 0.0019 -0.9403 -0.3403
vn 0.3312 -0.8541 0.4010
vn 0.4759 -0.3739 0.7961
vn -0.8968 0.0937 -0.4324
vn -0.9804 0.1961 0.0217
vn -0.9779 0.0867 -0.1901
vn -0.9674 0.1012 0.2321
vn -0.9782 0.0867 -0.1889
vn -0.9803 0.1961 0.0222
vn -0.8359 0.4678 0.2869
vn -0.6173 0.7328 0.2863
vn -0.8354 0.1280 0.5345
vn -0.7951 0.5978 0.1025
vn -0.9187 0.3850 0.0878
vn -0.7496 0.5268 0.4008
vn -0.3103 0.5923 0.7436
vn -0.5008 -0.1568 0.8512
vn -0.1933 0.4014 0.8953
vn -0.0055 -0.3550 0.9349
vn -0.0033 0.4181 0.9084
vn -0.7698 0.6382 -0.0112
vn -0.9379 0.3469 -0.0058
vn -0.2074 0.9197 0.3334
vn -0.9173 0.3622 -0.1655
vn 0.1024 0.8745 0.4741
vn -0.6111 0.7277 0.3115
vn -0.2513 0.7117 0.6560
vn 0.4341 0.7022 0.5643
vn -0.3359 0.6724 0.6596
vn -0.3527 0.8283 0.4354
vn -0.9980 0.0617 0.0120
vn 0.6911 0.5612 0.4554
vn 0.0001 0.6010 0.7992
vn 0.8296 0.3575 0.4289
vn -0.7721 0.5901 0.2360
vn 0.1719 0.8302 0.5304
vn -0.9453 0.3121 0.0950
vn 0.8965 0.3366 0.2879
vn -0.9355 0.0592 0.3482
vn -0.8249 -0.0920 0.5577
vn -0.6011 0.4633 0.6512
vn 0.1379 -0.4964 0.8571
vn 0.5198 -0.5761 0.6308
vn -0.1500 -0.6645 0.7320
vn -0.4247 0.0951 0.9003
vn 0.0301 -0.9665 0.2548
vn -0.6837 -0.7048 0.1892
vn -0.1009 0.6283 0.7714
vn -0.3418 -0.6716 0.6574
vn 0.1593 0.0926 0.9829
vn -0.7070 -0.2458 0.6631
vn 0.3312 0.5490 0.7674
vn -0.3657 -0.5758 0.7312
vn 0.6934 0.2702 0.6679
vn 0.8439 -0.2343 0.4826
vn -0.3639 -0.4809 0.7977
vn 0.7065 -0.3509 0.6146
vn -0.7333 -0.5523 0.3966
vn 0.4283 0.1156 0.8962
vn 0.0006 0.7073 0.7069
vn 0.0007 0.3072 0.9516
vn 0.4970 -0.4690 0.7301
vn 0.5478 -0.3580 0.7562
vn 0.4830 -0.4957 0.7218
vn 0.4967 -0.4695 0.7300
vn 0.5472 -0.3591 0.7560
vn 0.1435 -0.6062 0.7823
vn 0.0584 -0.5989 0.7987
vn -0.2362 -0.6424 0.7291
vn -0.2364 -0.6440 0.7276
vn -0.4626 -0.5739 0.6758
vn -0.5432 -0.4974 0.6764
vn -0.6866 -0.2330 0.6887
vn -0.6598 -0.2055 0.7228
vn -0.4836 -0.1611 0.8603
vn -0.4782 -0.1604 0.8634
vn -0.3270 -0.1491 0.9332
vn -0.3270 -0.1490 0.9332
vn -0.2046 -0.2056 0.9570
vn -0.2046 -0.2055 0.9570
vn -0.0302 -0.3279 0.9442
vn -0.0763 -0.2963 0.9520
vn -0.2034 -0.2052 0.9574
vn -0.0291 -0.3278 0.9443
vn 0.2147 -0.4660 0.8583
vn 0.2515 -0.4828 0.8388
vn 0.3610 -0.5284 0.7684
vn 0.7514 -0.3400 -0.5655
vn 0.6583 -0.3136 -0.6843
vn 0.7469 -0.1682 -0.6433
vn 0.6579 -0.3135 -0.6848
vn 0.4154 -0.0389 -0.9088
vn 0.7463 -0.1676 -0.6442
vn 0.0271 0.0102 -0.9996
vn 0.6594 0.0646 -0.7490
vn -0.2084 0.3155 -0.9258
vn 0.1227 0.3438 -0.9310
vn 0.4242 0.1720 -0.8891
vn -0.4542 0.5659 -0.6881
vn 0.0837 0.4900 -0.8677
vn -0.4185 0.5487 -0.7237
vn 0.0761 0.5386 -0.8391
vn 0.2021 0.2228 -0.9537
vn 0.1752 0.5949 -0.7845
vn 0.3090 0.4428 -0.8417
vn 0.4728 0.6293 -0.6168
vn 0.0330 0.8743 -0.4842
vn -0.0999 0.8749 -0.4738
vn -0.1270 0.9589 -0.2536
vn -0.1850 0.9559 -0.2281
vn -0.0561 0.9599 -0.2746
vn -0.1900 0.7941 -0.5773
vn -0.4745 0.6404 -0.6040
vn -0.6968 0.4639 -0.5470
vn -0.7297 0.3690 -0.5757
vn -0.6745 0.6625 -0.3257
vn -0.8027 0.4910 -0.3386
vn -0.7322 0.3941 -0.5555
vn -0.8150 0.5789 -0.0259
vn -0.8561 0.4249 -0.2940
vn -0.9162 0.3970 0.0544
vn -0.7663 0.3048 -0.5656
vn -0.7923 0.3308 -0.5126
vn -0.7831 0.2516 -0.5688
vn -0.7709 -0.6228 -0.1334
vn -0.1452 -0.9894 -0.0102
vn 0.3555 -0.6130 0.7056
vn -0.3394 -0.3625 0.8680
vn -0.7709 -0.6229 -0.1334
vn 0.3566 -0.6131 0.7049
vn 0.0050 -0.2592 0.9658
vn 0.5436 -0.4974 0.6761
vn 0.4391 -0.6938 0.5708
vn 0.0308 -0.4717 0.8812
vn -0.2386 -0.7450 0.6230
vn 0.0268 -0.9237 0.3821
vn 0.0446 -0.9666 0.2525
vn -0.4110 -0.8093 0.4198
vn 0.5254 -0.6206 -0.5821
vn 0.5613 -0.8067 -0.1848
vn -0.8277 0.4728 -0.3023
vn -0.8139 0.4644 -0.3492
vn -0.8138 0.4644 -0.3493
vn -0.8141 0.4645 -0.3484
vn -0.8034 0.4243 -0.4177
vn -0.8036 0.4232 -0.4185
vn -0.8140 0.3767 -0.4422
vn -0.8149 0.3745 -0.4424
vn -0.8215 0.3583 -0.4436
vn -0.3397 -0.5429 -0.7680
vn -0.3398 -0.5434 -0.7676
vn 0.3201 -0.5481 -0.7727
vn 0.3203 -0.5490 -0.7720
vn -0.3981 0.2381 -0.8859
vn -0.3426 0.1107 -0.9329
vn -0.3426 0.1101 -0.9330
vn -0.3407 0.1058 -0.9342
vn -0.3982 0.2380 -0.8859
vn -0.2773 -0.0253 -0.9605
vn -0.2768 -0.0249 -0.9606
vn 0.7164 -0.4221 -0.5555
vn 0.9308 -0.1991 -0.3066
vn 0.7505 -0.6211 -0.2258
vn -0.2493 -0.9413 0.2275
vn -0.4562 -0.8889 0.0428
vn 0.7501 -0.6215 -0.2261
vn 0.3912 -0.7314 -0.5586
vn 0.7156 -0.4228 -0.5560
vn 0.2992 -0.5621 -0.7711
vn -0.3617 -0.8558 -0.3699
vn -0.1029 -0.5623 -0.8205
vn -0.0878 -0.3224 -0.9425
vn -0.3959 -0.0680 -0.9158
vn -0.5112 -0.3204 -0.7975
vn -0.4457 -0.6960 -0.5630
vn -0.6566 0.4512 -0.6044
vn -0.8659 0.0675 -0.4957
vn -0.8373 -0.4085 -0.3634
vn -0.6487 0.7604 -0.0306
vn -0.9291 0.3414 0.1422
vn -0.9740 -0.1085 0.1986
vn -0.5391 -0.0567 0.8403
vn -0.5712 0.3937 0.7202
vn 0.0128 -0.2044 0.9788
vn -0.3775 0.7587 0.5310
vn -0.0833 0.2386 0.9675
vn -0.3149 -0.5958 0.7388
vn 0.0121 0.2160 0.9763
vn 0.0550 0.4834 0.8737
vn 0.5330 0.3097 0.7874
vn 0.4880 -0.0685 0.8701
vn -0.4300 -0.5918 0.6818
vn 0.9910 0.1201 0.0597
vn 0.8224 -0.3899 0.4143
vn 0.9312 -0.1987 -0.3056
vn -0.1507 -0.8602 0.4872
vn 0.7508 -0.6209 -0.2252
vn -0.2493 -0.9414 0.2274
vn -0.0835 -0.9380 -0.3365
vn -0.1729 -0.9545 -0.2429
vn -0.1729 -0.9545 -0.2430
vn 0.0173 -0.9011 -0.4332
vn -0.0824 -0.9379 -0.3370
vn -0.1717 -0.9546 -0.2434
vn 0.0787 -0.8424 -0.5331
vn 0.0706 -0.8420 -0.5348
vn -0.0250 -0.8433 -0.5368
vn -0.0280 -0.8435 -0.5364
vn 0.1394 -0.9656 -0.2194
vn 0.0781 -0.9414 -0.3281
vn 0.1394 -0.9657 -0.2192
vn 0.0770 -0.9413 -0.3287
vn 0.0002 -0.8905 -0.4549
vn 0.1382 -0.9657 -0.2198
vn -0.0775 -0.8318 -0.5496
vn -0.0782 -0.8341 -0.5461
vn 0.1600 -0.0047 0.9871
vn 0.1558 0.0210 0.9876
vn 0.1337 0.1476 0.9800
vn 0.1991 -0.0992 0.9749
vn 0.1559 0.0204 0.9876
vn 0.1601 -0.0053 0.9871
vn 0.2091 -0.0683 0.9755
vn 0.3732 -0.1407 0.9170
vn 0.3605 0.0216 0.9325
vn 0.4644 -0.1854 0.8660
vn -0.1619 -0.0052 0.9868
vn -0.1347 0.1534 0.9789
vn -0.1576 0.0213 0.9873
vn -0.1619 -0.0058 0.9868
vn -0.1577 0.0207 0.9873
vn -0.2078 -0.1012 0.9729
vn -0.2114 -0.0691 0.9750
vn -0.4150 -0.1415 0.8987
vn -0.3627 0.0229 0.9316
vn -0.5365 -0.1855 0.8233
vn -0.4405 -0.4270 -0.7897
vn -0.0275 -0.3273 -0.9445
vn -0.5258 -0.2588 -0.8103
vn -0.0269 -0.3270 -0.9446
vn -0.0826 -0.3261 -0.9417
vn -0.5261 -0.2583 -0.8102
vn -0.1181 -0.2532 -0.9602
vn -0.1637 -0.2164 -0.9625
vn -0.5987 0.0327 -0.8003
vn -0.1470 -0.2240 -0.9634
vn -0.6978 -0.0355 -0.7154
vn -0.3321 -0.3083 -0.8914
vn -0.5441 -0.5024 -0.6720
vn -0.1770 0.0395 0.9834
vn -0.2330 0.1229 0.9647
vn 0.2150 0.1245 0.9686
vn -0.2335 0.1233 0.9645
vn 0.1624 0.0775 0.9837
vn 0.2156 0.1247 0.9685
vn 0.1765 0.0832 0.9808
vn 0.1112 0.0875 0.9899
vn -0.2728 0.2572 0.9271
vn 0.1649 0.0238 0.9860
vn 0.1397 -0.0677 0.9879
vn -0.2797 0.1213 0.9524
vn -0.1260 -0.2344 0.9639
vn 0.0898 -0.9897 -0.1117
vn 0.1382 -0.9904 -0.0028
vn 0.2351 -0.9576 0.1668
vn -0.1961 -0.5056 0.8402
vn -0.0458 -0.9607 -0.2739
vn -0.6331 -0.7651 -0.1176
vn -0.1961 -0.5051 0.8405
vn 0.8515 -0.3691 0.3725
vn -0.0463 -0.9605 -0.2744
vn 0.2852 -0.7904 -0.5421
vn 0.9486 -0.1495 0.2788
vn 0.5645 -0.4309 -0.7040
vn 0.9727 -0.0801 0.2179
vn 0.5809 -0.5565 -0.5940
vn 0.9548 -0.1960 0.2235
vn 0.7589 -0.6498 -0.0431
vn 0.2940 0.3031 0.9065
vn -0.4937 -0.7167 -0.4926
vn -0.2807 -0.5731 -0.7699
vn -0.4135 -0.3671 -0.8332
vn -0.9877 -0.1440 -0.0605
vn -0.8545 0.1326 0.5022
vn -0.9999 0.0163 0.0001
vn -0.9964 0.0702 0.0481
vn -0.5793 -0.5802 -0.5725
vn -0.9984 0.0225 0.0519
vn -0.7072 -0.5623 -0.4285
vn -0.9853 0.1668 0.0371
vn -0.9271 -0.2462 -0.2826
vn -0.9393 0.3390 0.0536
vn -0.9674 0.1975 0.1587
vn -0.9503 -0.3031 -0.0708
vn -0.9110 0.0067 0.4123
vn -0.8814 -0.4520 0.1374
vn -0.7982 -0.4076 -0.4436
vn -0.8754 -0.4627 -0.1396
vn -0.8813 -0.3051 -0.3608
vn -0.4730 -0.0925 -0.8762
vn -0.3922 -0.2279 -0.8912
vn 0.3467 0.0951 -0.9331
vn 0.5141 0.0581 -0.8558
vn 0.8587 0.2288 -0.4585
vn 0.8674 0.1635 -0.4699
vn 0.9535 0.2651 -0.1435
vn 0.9372 0.3196 -0.1401
vn 0.8755 0.3758 0.3037
vn -0.7199 -0.2243 -0.6569
vn -0.9062 -0.3842 -0.1768
vn -0.1599 -0.0149 -0.9870
vn 0.8398 0.2815 -0.4643
vn 0.9203 0.3595 -0.1540
vn 0.8707 0.4232 0.2504
vn 0.4970 0.1617 -0.8526
vn 0.5697 0.1374 -0.8103
vn -0.1556 -0.1487 -0.9766
vn -0.7303 -0.3976 -0.5555
vn 0.8942 0.2262 -0.3864
vn 0.6908 -0.0213 -0.7227
vn 0.4276 0.4867 0.7618
vn 0.4839 0.3685 0.7938
vn -0.3522 0.2099 0.9121
vn -0.8883 -0.4507 -0.0884
vn -0.1512 -0.2662 -0.9520
vn -0.4561 0.4613 0.7611
vn -0.9106 0.0073 0.4132
vn -0.9671 0.1982 0.1597
vn -0.4560 0.6962 0.5544
vn -0.9391 0.3393 0.0541
vn 0.1846 0.6094 0.7711
vn -0.4591 0.6413 0.6148
vn -0.9984 0.0225 0.0520
vn -0.7591 -0.4337 -0.4854
vn 0.5738 0.5296 0.6247
vn 0.8568 0.4770 0.1959
vn 0.9381 0.2956 -0.1806
vn 0.9481 0.0589 -0.3124
vn 0.3412 0.4857 0.8048
vn 0.3112 0.2343 0.9210
vn 0.5986 0.5212 0.6083
vn 0.8915 0.4356 0.1245
vn 0.9693 0.1350 -0.2053
vn -0.5392 0.3925 0.7451
vn -0.5740 0.2507 0.7796
vn 0.3172 0.3109 0.8960
vn -0.5766 0.2121 0.7890
vn 0.2950 0.2036 0.9335
vn 0.8515 -0.3691 0.3724
vn -0.1964 -0.5054 0.8402
vn 0.9489 -0.1500 0.2777
vn 0.1861 0.1870 0.9646
vn 0.9729 -0.0804 0.2167
vn 0.0774 0.2310 0.9699
vn -0.5463 -0.2961 0.7835
vn 0.1776 0.2812 0.9431
vn 0.9549 -0.1963 0.2230
vn 0.2939 0.3031 0.9065
vn -0.6190 0.2569 0.7422
vn -0.9877 -0.1443 -0.0610
vn 0.0627 0.2040 0.9770
vn -0.5918 -0.2965 0.7496
vn 0.7060 0.4280 0.5643
vn 0.0440 0.2041 0.9780
vn -0.7292 -0.0948 0.6777
vn 0.7446 0.3769 0.5509
vn 0.9515 0.3002 0.0674
vn 0.9832 0.1274 0.1304
vn 0.8162 0.2502 0.5208
vn 0.0269 0.2018 0.9791
vn -0.7792 0.0477 0.6249
vn 0.9998 0.0178 0.0110
vn 0.8637 -0.4542 0.2185
vn 0.9882 0.1519 0.0199
vn 0.8487 0.1450 0.5086
vn 0.9988 0.0492 -0.0051
vn 0.0555 0.1260 0.9905
vn 0.8706 -0.0194 0.4917
vn 0.9946 -0.1032 0.0087
vn 0.8406 -0.1739 0.5130
vn 0.9604 -0.2744 0.0481
vn 0.0672 0.0421 0.9968
vn -0.8010 -0.2541 0.5420
vn -0.0355 -0.0561 0.9978
vn -0.4531 -0.5506 0.7011
vn 0.7447 -0.1787 0.6430
vn 0.9875 -0.1530 0.0379
vn -0.4536 -0.5512 0.7003
vn -0.4143 0.5301 0.7398
vn 0.4041 0.6535 0.6400
vn -0.0853 0.5627 0.8222
vn 0.1867 0.7792 0.5983
vn 0.4031 0.6543 0.6398
vn -0.5530 0.5115 0.6577
vn -0.0079 0.8325 0.5540
vn -0.8719 0.0470 0.4875
vn -0.2181 0.8624 0.4569
vn -0.8675 0.0120 0.4973
vn -0.7095 0.3654 0.6026
vn -0.7841 -0.0156 0.6204
vn -0.4428 0.8467 0.2949
vn -0.6548 -0.0468 0.7543
vn -0.6187 0.4807 0.6214
vn -0.2264 0.8959 0.3823
vn -0.6036 -0.0292 0.7967
vn -0.4409 0.5609 0.7008
vn 0.1048 0.8531 0.5111
vn -0.5511 0.0152 0.8343
vn -0.1722 0.5472 0.8191
vn 0.4567 0.6470 0.6106
vn -0.4694 0.0685 0.8803
vn 0.0877 0.4130 0.9065
vn 0.6532 0.3898 0.6492
vn 0.1615 0.3084 0.9374
vn -0.5304 0.1573 0.8330
vn 0.0779 0.3726 0.9247
vn 0.5774 0.4150 0.7031
vn 0.5000 0.4282 0.7528
vn -0.2116 0.1382 0.9675
vn -0.6174 -0.0815 0.7824
vn -0.5661 -0.3906 0.7259
vn 0.0022 -0.0081 1.0000
vn 0.5452 0.3612 0.7565
vn 0.1632 0.0131 0.9865
vn 0.5913 0.2344 0.7716
vn 0.5621 -0.0554 0.8252
vn 0.4907 0.2734 0.8273
vn 0.5487 -0.0802 0.8322
vn 0.6772 -0.0464 0.7344
vn 0.5615 -0.0558 0.8256
vn 0.6209 -0.0116 0.7838
vn 0.4908 0.2745 0.8269
vn 0.6614 0.0879 0.7449
vn 0.4949 0.0694 0.8662
vn -0.0398 0.3010 0.9528
vn 0.5061 0.1435 0.8505
vn 0.7301 0.4275 0.5331
vn 0.3708 0.5715 0.7321
vn 0.5913 0.2356 0.7713
vn 0.9287 0.1725 0.3283
vn 0.9546 0.2977 0.0035
vn 0.9918 0.1172 0.0515
vn 0.9756 0.2195 0.0106
vn 0.9416 0.2021 -0.2695
vn 0.8445 0.2976 -0.4452
vn 0.6090 0.0120 -0.7931
vn 0.3962 0.0397 -0.9173
vn 0.7675 0.0112 -0.6409
vn 0.5948 -0.0043 -0.8038
vn 0.5162 0.2072 -0.8310
vn 0.5451 -0.0484 -0.8369
vn 0.9949 0.1007 -0.0010
vn 0.6484 0.1753 -0.7409
vn 0.4859 0.1333 -0.8638
vn 0.5035 0.3321 -0.7976
vn 0.3708 0.2728 -0.8877
vn 0.6232 0.3308 0.7087
vn 0.5142 0.4315 0.7413
vn 0.1288 0.5504 0.8249
vn 0.9530 0.1494 0.2636
vn 0.9917 0.1173 -0.0518
vn 0.9881 0.1125 -0.1049
vn 0.9833 0.1028 0.1501
vn 0.8889 0.1054 -0.4458
vn 0.2085 0.4026 -0.8913
vn -0.4170 0.6904 -0.5911
vn 0.1065 0.4641 -0.8793
vn 0.9291 0.1184 -0.3503
vn 0.9946 -0.0104 -0.1032
vn 0.9940 -0.0149 0.1080
vn 0.9502 0.0016 -0.3116
vn 0.9886 -0.1111 -0.1012
vn -0.4981 0.0364 0.8663
vn -0.4982 0.0362 0.8663
vn -0.4992 0.0367 0.8657
vn -0.4992 0.0368 0.8657
vn 0.9033 0.4233 0.0702
vn 0.5204 0.3393 0.7836
vn 0.6387 0.6897 0.3410
vn 0.7429 0.2665 0.6141
vn 0.6386 0.6899 0.3410
vn 0.6384 0.6897 0.3416
vn 0.9688 0.1961 0.1515
vn 0.6250 0.7092 -0.3262
vn 0.9514 0.0726 0.2993
vn 0.8895 -0.0873 0.4485
vn 0.9448 0.2303 -0.2329
vn 0.9966 0.0797 0.0189
vn 0.8767 -0.1238 0.4648
vn 0.9749 0.0468 0.2177
vn 0.8415 -0.1850 0.5077
vn 0.9367 -0.2108 0.2796
vn 0.9638 -0.1566 0.2158
vn 0.9873 0.1474 0.0591
vn 0.9951 0.0396 0.0909
vn 0.9295 0.3658 -0.0468
vn 0.2751 -0.3141 0.9087
vn 0.8568 -0.0008 0.5157
vn 0.9764 0.0866 0.1978
vn 0.6864 -0.1603 0.7094
vn 0.8288 -0.0100 0.5594
vn 0.1715 -0.2437 0.9546
vn -0.3887 -0.3505 0.8521
vn 0.9845 0.1027 -0.1419
vn 0.9816 0.1223 -0.1464
vn 0.7194 0.2577 -0.6450
vn 0.8806 0.1073 -0.4615
vn 0.3236 0.7062 -0.6297
vn -0.0726 0.5929 -0.8020
vn 0.5298 0.2059 -0.8227
vn -0.0194 0.7716 -0.6358
vn 0.4466 0.7622 -0.4686
vn 0.6385 0.6894 0.3421
vn 0.9036 0.4226 0.0701
vn -0.0981 0.7685 -0.6322
vn -0.4801 0.5813 -0.6570
vn -0.2203 0.6954 -0.6840
vn -0.7640 0.0903 -0.6389
vn -0.5431 0.1447 -0.8271
vn -0.9179 -0.1061 -0.3823
vn -0.0502 0.2530 -0.9662
vn -0.8429 0.0212 -0.5376
vn -0.9276 -0.0824 -0.3644
vn -0.5674 -0.1273 -0.8135
vn -0.7728 -0.1607 -0.6140
vn -0.9442 -0.2003 -0.2615
vn -0.5893 -0.1726 -0.7893
vn 0.0304 -0.3447 -0.9382
vn 0.6170 -0.0470 -0.7855
vn -0.6455 -0.3847 -0.6598
vn 0.8075 0.1209 -0.5774
vn 0.0168 -0.3214 -0.9468
vn 0.5833 -0.0521 -0.8106
vn 0.0971 -0.6957 -0.7117
vn 0.7163 -0.2800 -0.6392
vn -0.7972 -0.4249 -0.4288
vn -0.9571 -0.1629 -0.2395
vn 0.0971 -0.6958 -0.7117
vn -0.9210 -0.3547 -0.1608
vn -0.8639 -0.3738 -0.3376
vn -0.0470 -0.4410 -0.8963
vn -0.9365 -0.1723 -0.3053
vn 0.7923 -0.1131 -0.5995
vn -0.1788 -0.0951 -0.9793
vn -0.9663 0.0308 -0.2556
vn 0.9115 -0.0186 -0.4110
vn 0.9940 -0.0987 -0.0476
vn 0.8418 -0.2626 -0.4717
vn 0.0971 -0.6958 -0.7116
vn 0.9668 -0.2036 -0.1542
vn 0.9995 0.0165 0.0258
vn 0.9112 -0.2543 -0.3241
vn 0.9284 0.0386 -0.3696
vn 0.9898 0.0542 0.1320
vn 0.9265 -0.1122 -0.3592
vn 0.8781 -0.0807 0.4717
vn 0.9229 -0.0777 0.3770
vn 0.7873 -0.1732 -0.5918
vn 0.7689 -0.0298 -0.6387
vn 0.9622 -0.0039 0.2723
vn 0.1195 -0.0938 0.9884
vn -0.7660 -0.2893 0.5741
vn 0.1103 -0.0382 0.9932
vn 0.7311 0.0731 -0.6783
vn 0.9935 -0.0227 0.1112
vn 0.6209 0.0733 0.7804
vn -0.2034 0.1182 -0.9719
vn 0.9938 0.1111 0.0007
vn 0.5422 0.5455 -0.6392
vn -0.1837 0.6224 -0.7608
vn 0.7035 0.4308 -0.5652
vn -0.8352 0.4356 -0.3358
vn -0.9438 0.3296 0.0241
vn -0.8389 0.3537 -0.4137
vn -0.9721 0.1945 0.1309
vn -0.9085 0.0803 -0.4100
vn -0.9973 -0.0529 0.0517
vn -0.1653 0.1918 -0.9674
vn -0.1420 0.5359 -0.8323
vn 0.6926 0.1346 -0.7087
vn 0.8450 -0.2660 0.4639
vn 0.8616 -0.2094 0.4624
vn 0.7504 -0.2119 0.6261
vn 0.2421 -0.5031 0.8296
vn 0.1711 -0.4440 0.8795
vn 0.3292 -0.6073 0.7230
vn 0.3439 -0.4020 0.8486
vn 0.3016 -0.6230 0.7217
vn 0.2351 -0.5515 0.8003
vn 0.2858 0.0002 0.9583
vn -0.3292 -0.2039 0.9220
vn 0.2223 -0.4353 0.8724
vn -0.3252 0.0653 0.9434
vn -0.8216 -0.1573 0.5480
vn -0.5609 -0.2768 0.7803
vn -0.8739 0.1191 0.4714
vn -0.4671 -0.3699 0.8031
vn 0.2176 -0.3888 0.8953
vn -0.9721 0.1940 0.1321
vn -0.9972 -0.0533 0.0528
vn -0.9437 0.3297 0.0253
vn -0.9666 0.0308 -0.2544
vn -0.9012 -0.0361 0.4319
vn -0.8643 -0.3738 -0.3366
vn -0.9213 -0.3546 -0.1596
vn -0.9077 -0.2497 0.3371
vn -0.5566 -0.2577 0.7898
vn -0.9552 -0.1406 0.2605
vn -0.9575 -0.1622 -0.2383
vn -0.7552 -0.3954 0.5228
vn -0.9503 -0.3114 -0.0024
vn -0.9444 -0.1999 -0.2611
vn -0.9280 -0.0829 -0.3633
vn -0.8880 -0.4048 0.2183
vn -0.8860 -0.4434 0.1355
vn -0.9679 -0.2388 -0.0786
vn -0.9184 -0.1056 -0.3814
vn -0.9050 -0.3183 0.2823
vn -0.7246 -0.3162 0.6124
vn -0.9697 -0.2006 -0.1394
vn -0.7649 0.0897 -0.6379
vn -0.5893 -0.4479 0.6724
vn -0.8460 -0.3208 0.4259
vn -0.9458 -0.2985 0.1281
vn -0.9494 -0.1492 -0.2764
vn -0.4813 0.5809 -0.6564
vn -0.7396 -0.3416 0.5800
vn -0.0064 -0.1347 0.9909
vn 0.4878 -0.0363 0.8722
vn -0.4418 -0.1691 0.8810
vn -0.4221 -0.4159 0.8055
vn -0.2902 -0.1779 0.9403
vn -0.5391 -0.3559 0.7633
vn -0.7618 -0.2708 0.5885
vn -0.6120 -0.2055 0.7637
vn -0.9334 -0.3183 0.1659
vn -0.1324 -0.2432 0.9609
vn -0.8238 0.3398 -0.4538
vn -0.2205 0.6954 -0.6839
vn -0.7772 0.2982 -0.5541
vn -0.9910 -0.0849 0.1035
vn -0.9440 -0.2849 0.1667
vn -0.3742 -0.0610 0.9253
vn -0.2401 0.3456 0.9071
vn -0.2492 0.1006 0.9632
vn -0.5959 -0.2461 0.7645
vn -0.2667 -0.1984 0.9431
vn 0.2367 -0.2403 0.9414
vn -0.4849 -0.1721 0.8575
vn 0.2496 -0.4049 0.8796
vn 0.1761 -0.0387 0.9836
vn 0.1613 0.0524 0.9855
vn 0.7880 0.0360 0.6146
vn 0.1600 0.0522 0.9857
vn 0.8298 -0.0564 0.5552
vn 0.8386 -0.1524 0.5229
vn 0.8100 -0.2503 0.5304
vn 0.2407 -0.4903 0.8377
vn -0.8851 0.1264 -0.4480
vn -0.9151 -0.1858 -0.3578
vn -0.9169 -0.1343 -0.3759
vn -0.8856 0.1256 -0.4472
vn -0.9151 -0.1854 -0.3582
vn -0.8781 -0.4396 -0.1892
vn -0.8412 -0.4834 -0.2421
vn -0.9127 -0.3878 0.1291
vn -0.9168 -0.3425 0.2052
vn 0.8419 -0.2630 -0.4712
vn -0.0457 -0.4414 -0.8962
vn 0.8450 -0.2659 0.4640
vn 0.8616 -0.2095 0.4624
vn 0.1698 -0.4440 0.8798
vn 0.3804 -0.0082 0.9248
vn 0.3803 -0.0082 0.9248
vn 0.4982 0.0362 0.8663
vn 0.4982 0.0363 0.8663
vn 0.4992 0.0367 0.8657
vn 0.4992 0.0368 0.8657
vn -0.5204 0.3393 0.7836
vn -0.9033 0.4232 0.0703
vn -0.6387 0.6898 0.3410
vn -0.7446 0.2797 0.6061
vn -0.6386 0.6899 0.3410
vn -0.7446 0.2796 0.6061
vn -0.6384 0.6897 0.3416
vn -0.9688 0.1961 0.1515
vn -0.6250 0.7092 -0.3262
vn -0.9543 0.0781 0.2885
vn -0.8938 -0.0886 0.4397
vn -0.9448 0.2303 -0.2329
vn -0.9966 0.0797 0.0189
vn -0.8768 -0.1332 0.4621
vn -0.9749 0.0468 0.2177
vn -0.8246 -0.1905 0.5327
vn -0.9354 -0.1778 0.3056
vn -0.9672 -0.1238 0.2218
vn -0.9873 0.1474 0.0591
vn -0.9951 0.0396 0.0909
vn -0.9295 0.3658 -0.0468
vn -0.2751 -0.3141 0.9087
vn -0.8568 -0.0008 0.5157
vn -0.9764 0.0866 0.1978
vn -0.6862 -0.1601 0.7096
vn -0.8288 -0.0100 0.5594
vn -0.1715 -0.2437 0.9546
vn 0.3887 -0.3505 0.8521
vn -0.9845 0.1027 -0.1419
vn -0.9816 0.1222 -0.1464
vn -0.7194 0.2577 -0.6450
vn -0.8806 0.1073 -0.4615
vn -0.3236 0.7062 -0.6297
vn 0.0726 0.5929 -0.8020
vn -0.5298 0.2060 -0.8227
vn 0.0194 0.7716 -0.6359
vn -0.4466 0.7622 -0.4685
vn -0.6386 0.6893 0.3421
vn -0.9036 0.4226 0.0701
vn 0.0997 0.7697 -0.6305
vn 0.4787 0.5836 -0.6560
vn 0.2208 0.7066 -0.6722
vn 0.7640 0.0903 -0.6389
vn 0.5431 0.1447 -0.8271
vn 0.9179 -0.1061 -0.3823
vn 0.0503 0.2529 -0.9662
vn 0.8429 0.0212 -0.5376
vn 0.9289 -0.1008 -0.3564
vn 0.5674 -0.1273 -0.8135
vn 0.7926 -0.1728 -0.5848
vn 0.9440 -0.2257 -0.2406
vn 0.5893 -0.1726 -0.7893
vn -0.0304 -0.3447 -0.9382
vn -0.6170 -0.0470 -0.7855
vn 0.6579 -0.3875 -0.6458
vn -0.8074 0.1209 -0.5774
vn -0.0168 -0.3214 -0.9468
vn -0.5833 -0.0521 -0.8106
vn -0.0971 -0.6957 -0.7117
vn -0.7163 -0.2800 -0.6392
vn 0.8043 -0.4223 -0.4181
vn 0.9521 -0.1325 -0.2755
vn -0.0971 -0.6958 -0.7117
vn 0.9210 -0.3547 -0.1608
vn 0.8639 -0.3738 -0.3376
vn 0.0470 -0.4410 -0.8963
vn 0.9365 -0.1723 -0.3053
vn -0.7923 -0.1131 -0.5995
vn 0.1788 -0.0951 -0.9793
vn 0.9661 0.0305 -0.2562
vn -0.9115 -0.0186 -0.4110
vn -0.9940 -0.0987 -0.0476
vn -0.8404 -0.2625 -0.4742
vn -0.9668 -0.2036 -0.1542
vn -0.9995 0.0165 0.0258
vn -0.9110 -0.2533 -0.3254
vn -0.9282 0.0398 -0.3700
vn -0.9896 0.0558 0.1324
vn -0.9248 -0.1189 -0.3614
vn -0.8768 -0.0805 0.4741
vn -0.9217 -0.0794 0.3798
vn -0.7852 -0.1781 -0.5931
vn -0.7689 -0.0298 -0.6387
vn -0.9622 -0.0036 0.2725
vn -0.1195 -0.0938 0.9884
vn 0.7660 -0.2893 0.5741
vn -0.1103 -0.0382 0.9932
vn -0.7309 0.0722 -0.6786
vn -0.9935 -0.0228 0.1111
vn -0.6209 0.0733 0.7804
vn 0.2025 0.1163 -0.9723
vn -0.9939 0.1105 0.0001
vn -0.5387 0.5443 -0.6431
vn 0.1779 0.6234 -0.7614
vn -0.7019 0.4313 -0.5669
vn 0.8326 0.4361 -0.3414
vn 0.9438 0.3296 0.0241
vn 0.8351 0.3596 -0.4163
vn 0.9721 0.1945 0.1309
vn 0.9083 0.0808 -0.4104
vn 0.9973 -0.0529 0.0517
vn 0.1638 0.1949 -0.9671
vn 0.1387 0.5331 -0.8346
vn -0.6924 0.1363 -0.7086
vn -0.8014 -0.2680 0.5347
vn -0.8716 -0.1929 0.4507
vn -0.7504 -0.2119 0.6261
vn -0.2774 -0.4878 0.8277
vn -0.2509 -0.4103 0.8767
vn -0.8018 -0.2679 0.5342
vn -0.3292 -0.6073 0.7230
vn -0.3439 -0.4020 0.8486
vn -0.3016 -0.6230 0.7218
vn -0.2351 -0.5516 0.8003
vn -0.2858 0.0002 0.9583
vn 0.3292 -0.2039 0.9220
vn -0.2223 -0.4354 0.8724
vn 0.3252 0.0653 0.9434
vn 0.8216 -0.1569 0.5481
vn 0.5610 -0.2768 0.7802
vn 0.8739 0.1191 0.4713
vn 0.4671 -0.3699 0.8031
vn -0.2176 -0.3888 0.8953
vn 0.9721 0.1940 0.1321
vn 0.9972 -0.0533 0.0528
vn 0.9437 0.3297 0.0253
vn 0.9665 0.0303 -0.2550
vn 0.9012 -0.0361 0.4319
vn 0.8643 -0.3738 -0.3366
vn 0.9213 -0.3546 -0.1596
vn 0.9077 -0.2497 0.3371
vn 0.5566 -0.2577 0.7898
vn 0.9529 -0.1483 0.2646
vn 0.9526 -0.1321 -0.2742
vn 0.7551 -0.3954 0.5230
vn 0.8880 -0.4048 0.2183
vn 0.9495 -0.3135 0.0105
vn 0.9442 -0.2252 -0.2404
vn 0.8892 -0.4306 0.1545
vn 0.9724 -0.2194 -0.0797
vn 0.9292 -0.1013 -0.3553
vn 0.9184 -0.1057 -0.3814
vn 0.9071 -0.3068 0.2881
vn 0.7245 -0.3162 0.6124
vn 0.9697 -0.2006 -0.1394
vn 0.7649 0.0897 -0.6379
vn 0.5893 -0.4479 0.6724
vn 0.8460 -0.3208 0.4259
vn 0.9458 -0.2985 0.1281
vn 0.9500 -0.1473 -0.2755
vn 0.4799 0.5832 -0.6555
vn 0.7403 -0.3398 0.5800
vn 0.0064 -0.1347 0.9909
vn -0.5472 0.1321 0.8265
vn -0.2798 0.1238 0.9520
vn 0.2902 -0.1779 0.9403
vn 0.0269 0.0581 0.9979
vn 0.0953 0.3124 0.9452
vn 0.4221 -0.4159 0.8055
vn 0.4418 -0.1691 0.8810
vn 0.5391 -0.3559 0.7633
vn 0.6120 -0.2056 0.7637
vn 0.7779 -0.2395 0.5809
vn 0.9348 -0.3129 0.1680
vn 0.3742 -0.0611 0.9253
vn 0.2401 0.3456 0.9071
vn 0.6499 -0.2399 0.7212
vn 0.9526 0.1433 0.2685
vn 0.9690 -0.1957 0.1509
vn 0.7153 0.3852 -0.5831
vn 0.8180 0.3575 -0.4507
vn 0.2211 0.7066 -0.6721
vn 0.8851 0.1262 -0.4479
vn 0.8851 0.1261 -0.4481
vn 0.9151 -0.1861 -0.3578
vn 0.8856 0.1253 -0.4472
vn 0.9168 -0.1345 -0.3759
vn 0.9150 -0.1855 -0.3582
vn 0.8781 -0.4396 -0.1892
vn 0.8412 -0.4834 -0.2421
vn 0.9127 -0.3878 0.1291
vn 0.9168 -0.3425 0.2052
vn -0.0971 -0.6957 -0.7118
vn 0.0457 -0.4413 -0.8962
vn -0.8405 -0.2629 -0.4737
vn -0.3804 -0.0082 0.9248
vn -0.3803 -0.0082 0.9248
vn 0.1466 -0.0918 0.9849
vn -0.3589 -0.0998 0.9280
vn -0.2223 -0.1266 0.9667
vn 0.1909 0.0680 0.9792
vn 0.1471 -0.0921 0.9848
vn -0.2229 -0.1268 0.9666
vn -0.1801 -0.0312 0.9832
vn 0.2293 0.2748 0.9338
vn -0.1075 0.0351 0.9936
vn -0.1202 -0.0182 0.9926
vn 0.2419 0.1731 0.9547
vn -0.1739 -0.1049 0.9792
vn 0.1322 -0.1608 0.9781
vn 0.4405 -0.4270 -0.7897
vn 0.5258 -0.2588 -0.8103
vn 0.0274 -0.3273 -0.9445
vn 0.5261 -0.2583 -0.8102
vn 0.0825 -0.3261 -0.9417
vn 0.0269 -0.3270 -0.9446
vn 0.1181 -0.2532 -0.9602
vn 0.1637 -0.2164 -0.9625
vn 0.5987 0.0327 -0.8003
vn 0.1470 -0.2240 -0.9634
vn 0.6978 -0.0355 -0.7154
vn 0.3321 -0.3083 -0.8915
vn 0.5442 -0.5022 -0.6720
vn 0.1770 0.0395 0.9834
vn -0.2150 0.1245 0.9686
vn 0.2330 0.1229 0.9647
vn -0.2156 0.1247 0.9685
vn -0.1624 0.0775 0.9837
vn 0.2335 0.1233 0.9645
vn -0.1765 0.0832 0.9808
vn -0.1112 0.0875 0.9899
vn 0.2728 0.2572 0.9271
vn -0.1649 0.0238 0.9860
vn -0.1397 -0.0677 0.9879
vn 0.2797 0.1213 0.9524
vn 0.1261 -0.2344 0.9639
vn -0.0898 -0.9897 -0.1118
vn -0.1382 -0.9904 -0.0028
vn -0.2351 -0.9576 0.1668
vn 0.9543 0.2086 -0.2141
vn 0.9762 0.0760 -0.2033
vn 0.9781 0.0538 -0.2010
vn 0.9762 0.0754 -0.2032
vn 0.9485 -0.2722 -0.1621
vn 0.9544 -0.2483 -0.1655
vn 0.8673 -0.4924 -0.0725
vn 0.8489 -0.5276 -0.0309
vn 0.7703 -0.6347 0.0619
vn 0.7430 -0.6649 0.0761
vn 0.7126 -0.6995 0.0529
vn 0.7216 -0.6917 0.0273
vn 0.8111 -0.5838 -0.0366
vn 0.8388 -0.5425 -0.0446
vn 0.9552 -0.2701 -0.1206
vn 0.9559 -0.2673 -0.1215
vn 0.9625 0.1827 -0.2006
vn 0.9506 0.2341 -0.2039
vn 0.7497 0.6321 -0.1958
vn 0.7106 0.6778 -0.1888
vn 0.4887 0.8596 -0.1491
vn 0.4580 0.8771 -0.1444
vn 0.3160 0.9414 -0.1180
vn 0.2980 0.9477 -0.1140
vn 0.2541 0.9615 -0.1043
vn 0.2541 0.9615 -0.1044
vn 0.9947 0.0034 -0.1031
vn 0.9803 -0.1680 -0.1036
vn 0.9785 -0.1785 -0.1038
vn 0.9802 -0.1686 -0.1039
vn 0.8798 -0.4704 -0.0687
vn 0.8472 -0.5287 -0.0524
vn 0.6971 -0.7169 -0.0077
vn 0.6480 -0.7616 -0.0016
vn 0.5271 -0.8496 -0.0177
vn 0.4947 -0.8682 -0.0377
vn 0.5567 -0.8252 -0.0959
vn 0.5986 -0.7933 -0.1106
vn 0.8388 -0.5105 -0.1895
vn 0.8534 -0.4841 -0.1933
vn 0.9753 -0.0070 -0.2208
vn 0.9753 -0.0074 -0.2208
vn 0.8962 0.4066 -0.1777
vn 0.8753 0.4529 -0.1697
vn 0.7023 0.7028 -0.1134
vn 0.6517 0.7522 -0.0973
vn 0.4633 0.8852 -0.0414
vn 0.4171 0.9084 -0.0279
vn 0.3065 0.9519 0.0035
vn 0.6733 -0.7342 0.0872
vn 0.0001 -0.0394 0.9992
vn -0.0001 -1.0000 -0.0072
vn 0.6729 -0.7345 0.0876
vn 0.7925 0.4971 0.3533
vn -0.0005 -0.0398 0.9992
vn 0.2370 -0.5327 0.8125
vn 0.0004 0.9644 0.2645
vn -0.0000 -0.0409 0.9992
vn -0.0090 0.9967 0.0809
vn 0.0218 0.9811 0.1921
vn -0.0001 0.9709 0.2395
vn -0.0917 0.8532 0.5135
vn -0.1154 0.7940 0.5969
vn -0.2448 0.2497 0.9369
vn -0.0001 -0.0394 0.9992
vn -0.6731 -0.7344 0.0871
vn -0.0003 -1.0000 -0.0072
vn -0.7925 0.4971 0.3533
vn -0.6727 -0.7347 0.0880
vn 0.0006 -0.0400 0.9992
vn -0.2370 -0.5327 0.8124
vn -0.0005 0.9644 0.2645
vn -0.0002 -0.0410 0.9992
vn 0.0090 0.9967 0.0809
vn -0.0218 0.9811 0.1921
vn 0.0002 0.9709 0.2395
vn 0.1154 0.7940 0.5969
vn 0.0918 0.8532 0.5135
vn 0.2446 0.2497 0.9369
vn 0.5410 -0.6173 0.5712
vn 0.4372 -0.6960 0.5696
vn -0.0809 -0.8746 0.4781
vn -0.0804 -0.8748 0.4778
vn 0.4369 -0.6965 0.5693
vn 0.3475 -0.8459 -0.4045
vn 0.8496 -0.2525 -0.4631
vn 0.7735 -0.3180 0.5482
vn 0.4372 -0.6960 0.5697
vn 0.7294 -0.1672 0.6633
vn 0.4370 -0.6957 0.5701
vn 0.7734 -0.3190 0.5479
vn 0.7215 -0.2191 0.6568
vn 0.4375 -0.6963 0.5690
vn 0.7296 -0.1670 0.6631
vn 0.6814 -0.7147 0.1581
vn -0.2519 0.7115 0.6560
vn 0.6893 0.3697 0.6231
vn 0.4388 0.1250 0.8899
vn -0.7741 -0.2230 0.5924
vn 0.0529 0.4636 0.8845
vn -0.7634 -0.4112 0.4981
vn 0.5281 0.5634 0.6354
vn -0.5939 0.5466 0.5903
vn -0.4571 -0.6680 0.5873
vn -0.2513 0.7116 0.6561
vn -0.3099 0.5926 0.7435
vn -0.9524 -0.2923 0.0871
vn 0.1041 -0.8455 0.5238
vn -0.3527 -0.8532 -0.3842
vn -0.9977 0.0684 -0.0047
vn -0.9421 -0.1653 -0.2916
vn -0.6177 0.7325 0.2860
vn 0.0222 0.9662 0.2570
vn 0.0216 0.9662 0.2570
vn -0.0934 0.9593 0.2665
vn -0.1004 0.9571 0.2718
vn -0.0621 0.9372 0.3433
vn -0.0426 0.9300 0.3652
vn 0.0491 0.9270 0.3718
vn 0.0417 0.9216 0.3860
vn -0.0421 0.9298 0.3655
vn 0.0503 0.9268 0.3721
vn 0.0605 0.9565 0.2854
vn 0.0600 0.9566 0.2852
vn 0.0435 0.9708 0.2360
vn 0.0408 0.9219 0.3853
vn 0.0270 0.9822 0.1857
vn 0.0436 0.9708 0.2359
vn 0.0597 0.9568 0.2847
vn 0.8943 0.4471 -0.0165
vn 0.8045 0.0692 -0.5899
vn 0.6624 0.0585 -0.7469
vn 0.7896 0.3933 -0.4710
vn 0.9170 0.3976 -0.0314
vn 0.3705 -0.0184 -0.9287
vn 0.4183 -0.3280 -0.8470
vn 0.4757 -0.2739 -0.8359
vn 0.0763 -0.2987 -0.9513
vn -0.2155 -0.3018 -0.9287
vn 0.0772 -0.0242 -0.9967
vn -0.2493 -0.4286 -0.8684
vn 0.5893 0.3416 -0.7322
vn 0.0930 -0.1829 -0.9787
vn -0.4273 -0.3313 -0.8412
vn 0.3685 0.2612 -0.8922
vn 0.4386 0.1198 -0.8907
vn 0.3698 0.2973 -0.8803
vn 0.7951 0.3739 -0.4776
vn 0.6890 0.3446 -0.6376
vn -0.1539 0.0553 -0.9865
vn -0.6027 -0.2015 -0.7721
vn 0.6982 0.3853 -0.6033
vn 0.5412 0.3783 -0.7510
vn 0.3077 0.5427 -0.7816
vn -0.1994 0.2495 -0.9476
vn -0.4780 -0.3418 -0.8091
vn -0.2172 0.4280 -0.8773
vn 0.1396 0.8390 -0.5260
vn -0.2171 0.4280 -0.8773
vn 0.1729 0.9809 0.0893
vn 0.4797 0.7757 -0.4101
vn 0.1517 0.9726 0.1764
vn 0.2230 0.7907 0.5702
vn 0.9307 0.3652 -0.0221
vn 0.7171 0.6946 0.0570
vn 0.1840 0.7647 0.6176
vn 0.2011 0.6845 0.7007
vn 0.4916 0.6824 0.5409
vn 0.3056 0.6355 0.7091
vn 0.3328 0.4331 0.8376
vn 0.7379 0.4126 0.5341
vn 0.4168 0.3852 0.8233
vn 0.4783 0.1748 0.8606
vn 0.5895 0.4516 0.6698
vn 0.4791 0.1746 0.8602
vn 0.5064 0.1095 0.8553
vn 0.5089 0.1173 0.8528
vn 0.7109 0.1837 0.6789
vn 0.7785 0.3362 0.5300
vn 0.7305 0.1244 0.6715
vn 0.8466 0.3617 0.3905
vn 0.8490 0.3078 0.4294
vn 0.8308 0.3132 0.4601
vn 0.8048 0.0696 -0.5894
vn -0.9006 0.4002 -0.1696
vn -0.9003 0.4008 -0.1697
vn -0.9009 0.3996 -0.1695
vn -0.7293 0.3845 0.5659
vn -0.7296 0.3840 0.5659
vn -0.7297 0.3840 0.5658
vn -0.7290 0.3850 0.5660
vn 0.4735 0.7614 -0.4428
vn 0.4736 0.7613 -0.4428
vn 0.5214 0.7583 -0.3912
vn 0.5223 0.7583 -0.3902
vn 0.5865 0.7264 -0.3583
vn 0.6239 0.6755 -0.3929
vn 0.6470 0.6397 -0.4149
vn 0.6470 0.6398 -0.4148
vn 0.1905 -0.6571 -0.7293
vn 0.1905 -0.6569 -0.7295
vn 0.0134 -0.5989 -0.8007
vn -0.0563 -0.5696 -0.8200
vn -0.3672 -0.3678 -0.8543
vn -0.3864 -0.3504 -0.8532
vn -0.5172 -0.2174 -0.8278
vn -0.5172 -0.2175 -0.8278
vn 0.5555 0.7437 0.3720
vn 0.5853 0.7250 0.3630
vn 0.5915 0.7209 0.3610
vn 0.6413 0.6723 0.3698
vn 0.6350 0.6808 0.3651
vn 0.6611 0.6431 0.3865
vn 0.6611 0.6434 0.3859
vn -0.6883 -0.5567 0.4651
vn -0.6725 -0.5606 0.4832
vn -0.6375 -0.5678 0.5208
vn -0.7171 -0.5485 0.4301
vn -0.7478 -0.4754 -0.4634
vn -0.7303 -0.4750 -0.4909
vn -0.7731 -0.4750 -0.4203
vn -0.6981 -0.4732 -0.5373
vn -0.8937 0.2858 0.3459
vn -0.8740 0.3441 0.3430
vn -0.8714 0.3420 0.3516
vn -0.9017 0.4242 0.0830
vn -0.8210 0.4287 0.3771
vn -0.9211 0.3566 0.1562
vn -0.7511 0.2766 0.5994
vn -0.7628 0.2679 0.5886
vn -0.8640 0.4786 0.1563
vn -0.7900 0.1921 0.5823
vn -0.8435 0.5125 0.1611
vn -0.8060 0.4022 0.4343
vn -0.7802 0.5387 0.3178
vn -0.7525 0.5209 0.4030
vn -0.5047 0.6441 0.5748
vn -0.6471 0.4913 0.5830
vn -0.9211 -0.0753 0.3819
vn -0.4076 0.6512 0.6401
vn -0.5051 0.6438 0.5748
vn -0.2099 0.7628 0.6116
vn -0.5042 0.6445 0.5748
vn -0.1301 0.8495 0.5112
vn -0.1977 0.8069 0.5566
vn -0.1870 0.8441 0.5026
vn -0.2255 0.8425 0.4892
vn -0.2434 0.8069 0.5383
vn -0.2281 0.4917 0.8404
vn -0.0400 0.5320 0.8458
vn 0.1813 0.3939 0.9011
vn -0.5519 0.3543 0.7549
vn -0.1497 0.5447 0.8251
vn -0.0580 0.2233 0.9730
vn -0.1624 0.1644 0.9729
vn 0.2523 0.1779 0.9511
vn 0.6246 0.0609 0.7786
vn 0.3727 0.1090 0.9215
vn 0.7157 -0.1252 0.6870
vn -0.9742 -0.1736 0.1442
vn -0.8298 -0.5495 -0.0980
vn -0.9188 -0.3525 -0.1774
vn -0.5651 0.1446 0.8123
vn -0.4684 -0.4100 0.7826
vn -0.4877 -0.5651 0.6654
vn -0.9412 -0.2591 0.2166
vn -0.9121 -0.2645 0.3131
vn -0.8449 -0.4744 0.2473
vn -0.9124 -0.3827 -0.1455
vn -0.8827 -0.1926 -0.4287
vn -0.0724 -0.9972 -0.0171
vn -0.8033 -0.1860 -0.5658
vn -0.6998 -0.5118 -0.4983
vn 0.1436 -0.9695 -0.1988
vn -0.6885 -0.0971 -0.7187
vn -0.4382 -0.4489 -0.7788
vn -0.6416 0.0309 -0.7664
vn 0.5804 -0.7621 -0.2869
vn -0.6309 0.1524 -0.7608
vn -0.2529 -0.2621 -0.9313
vn -0.6022 0.1761 -0.7787
vn 0.6690 -0.5554 -0.4939
vn -0.2325 -0.1083 -0.9666
vn -0.3033 -0.2312 -0.9244
vn 0.4108 -0.6132 -0.6747
vn -0.7710 -0.6229 -0.1328
vn -0.1451 -0.9894 -0.0111
vn 0.7083 0.6137 0.3487
vn 0.7292 0.6678 0.1496
vn 0.7100 0.6168 0.3397
vn 0.6587 0.4981 0.5639
vn 0.6577 0.4767 0.5833
vn 0.6539 0.4330 0.6205
vn 0.4473 -0.1195 0.8864
vn 0.4692 -0.1640 0.8678
vn 0.4692 -0.1640 0.8677
vn 0.4323 -0.0904 0.8972
vn 0.3853 -0.0039 0.9228
vn 0.4394 -0.5062 -0.7421
vn 0.4406 -0.4471 -0.7785
vn 0.4400 -0.4091 -0.7994
vn 0.4343 -0.2970 -0.8504
vn 0.5068 -0.8585 0.0783
vn 0.5067 -0.8586 0.0783
vn -0.0719 -0.9973 -0.0170
vn 0.0452 -0.9666 0.2522
vn 0.0276 -0.9240 0.3813
vn 0.1441 -0.9696 -0.1978
vn 0.5805 -0.7622 -0.2864
vn 0.5428 -0.4972 0.6769
vn 0.4104 -0.6131 -0.6751
vn -0.1447 -0.9894 -0.0107
vn -0.9658 0.2470 -0.0790
vn -0.8680 0.1846 0.4610
vn -0.9591 0.2806 -0.0379
vn -0.8630 0.2246 0.4526
vn -0.8605 0.2380 0.4504
vn -0.9631 0.2673 -0.0318
vn -0.5841 0.2119 0.7835
vn -0.5529 0.2855 0.7828
vn -0.2997 0.2856 0.9103
vn -0.1965 0.1342 0.9713
vn -0.8900 0.0920 0.4465
vn -0.9995 0.0114 0.0298
vn -0.6290 0.1292 0.7666
vn -0.5767 0.1769 0.7976
vn -0.2953 0.0743 0.9525
vn -0.2418 0.1005 0.9651
vn -0.0898 0.0950 0.9914
vn -0.0719 0.1649 0.9837
vn -0.0658 0.1153 0.9911
vn 0.0598 0.0697 0.9958
vn -0.0110 0.0235 0.9997
vn -0.0371 0.0057 0.9993
vn 0.2654 0.0467 0.9630
vn 0.2527 0.0737 0.9647
vn 0.2587 0.0437 0.9650
vn 0.5537 -0.0061 0.8327
vn 0.6809 -0.1684 0.7127
vn 0.5628 0.0446 0.8254
vn 0.2297 0.0734 0.9705
vn 0.2676 0.0898 0.9593
vn 0.9029 0.0227 0.4293
vn 0.5068 0.0877 0.8576
vn 0.4573 0.1279 0.8801
vn 0.4258 0.1120 0.8979
vn 0.5811 0.1538 0.7992
vn 0.7429 0.2708 0.6122
vn 0.8260 0.2682 0.4958
vn 0.7895 0.2445 0.5629
vn 0.9289 0.3642 -0.0671
vn 0.9586 0.2843 0.0167
vn 0.9646 0.2471 -0.0920
vn 0.8571 0.1892 0.4791
vn 0.9965 0.0182 -0.0817
vn 0.8898 -0.2254 0.3967
vn 0.9669 -0.2518 -0.0404
vn 0.7748 -0.3814 0.5041
vn 0.8648 -0.3789 0.3296
vn 0.9217 -0.3876 -0.0131
vn 0.9126 -0.2765 0.3011
vn 0.9096 -0.4153 -0.0096
vn 0.3115 -0.9115 0.2684
vn 0.8504 -0.1695 0.4980
vn 0.7059 -0.1366 0.6951
vn 0.8959 0.2827 0.3426
vn 0.5687 0.2772 0.7744
vn 0.4808 0.5283 0.6998
vn 0.8428 0.4440 0.3041
vn 0.5159 0.7077 0.4827
vn 0.4936 0.6733 0.5505
vn 0.7706 0.6372 0.0052
vn 0.4265 0.7855 0.4484
vn 0.4733 0.8806 -0.0228
vn 0.4255 0.9049 0.0085
vn 0.4036 0.7940 0.4545
vn 0.4336 0.9006 -0.0285
vn 0.4810 0.7768 0.4065
vn 0.4986 0.8147 0.2963
vn 0.4283 0.8214 0.3767
vn 0.4522 0.8335 0.3175
vn 0.4493 0.8219 0.3501
vn 0.4703 0.8218 0.3216
vn 0.5390 -0.8417 -0.0321
vn 0.5390 -0.8417 -0.0325
vn 0.5431 -0.8329 -0.1066
vn 0.5453 -0.8319 -0.1032
vn 0.6428 -0.7593 -0.1015
vn 0.6841 -0.7198 -0.1179
vn 0.7536 -0.6407 -0.1469
vn -0.5764 -0.6587 0.4836
vn -0.5767 -0.6584 0.4836
vn -0.6018 -0.6576 0.4533
vn -0.6129 -0.6569 0.4392
vn -0.6361 -0.6546 0.4085
vn -0.6362 -0.6548 0.4080
vn 0.5390 -0.8417 -0.0313
vn 0.5390 -0.8417 -0.0309
vn 0.5787 -0.8084 0.1075
vn 0.5885 -0.7997 0.1188
vn 0.7145 -0.6784 0.1711
vn 0.7053 -0.6883 0.1696
vn 0.7885 -0.5874 0.1822
vn -0.5922 -0.7595 -0.2693
vn -0.5922 -0.7595 -0.2694
vn -0.5948 -0.7620 -0.2563
vn -0.5952 -0.7624 -0.2537
vn -0.5976 -0.7647 -0.2413
vn -0.6510 -0.7591 -0.0021
vn -0.6502 -0.7551 0.0840
vn -0.6303 -0.7761 0.0180
vn -0.6393 -0.7645 0.0827
vn -0.7640 -0.6413 0.0707
vn -0.7684 -0.6363 0.0686
vn -0.8115 -0.5825 0.0463
vn -0.8115 -0.5825 0.0464
vn 0.3893 -0.7466 0.5394
vn 0.3894 -0.7469 0.5389
vn 0.3892 -0.7463 0.5399
vn -0.8044 -0.5236 -0.2808
vn -0.7676 -0.6157 -0.1780
vn -0.7633 -0.6236 -0.1686
vn -0.6510 -0.7591 -0.0023
vn -0.6303 -0.7761 0.0178
vn -0.9175 -0.3649 -0.1583
vn -0.9175 -0.3649 -0.1584
vn -0.9174 -0.3652 -0.1579
vn 0.5063 -0.8085 0.2999
vn 0.5228 -0.8089 0.2692
vn 0.5066 -0.8081 0.3005
vn 0.5259 -0.8089 0.2629
vn 0.5417 -0.8084 0.2305
vn 0.5416 -0.8084 0.2305
vn -0.9349 -0.3485 0.0676
vn -0.9348 -0.3486 0.0676
vn 0.0638 0.4251 0.9029
vn -0.0787 0.4964 0.8645
vn 0.1059 0.4963 0.8617
vn 0.0161 0.4803 0.8769
vn 0.0977 0.3414 0.9348
vn 0.1472 0.3463 0.9265
vn 0.1191 0.1157 0.9861
vn 0.1440 0.1412 0.9795
vn -0.3397 0.1109 0.9340
vn -0.0697 -0.1537 0.9857
vn -0.3885 0.1156 0.9142
vn -0.0783 -0.1265 0.9889
vn -0.5514 0.1495 0.8208
vn -0.1364 -0.1378 0.9810
vn -0.1799 -0.1502 0.9721
vn -0.2305 -0.1400 0.9630
vn -0.2072 0.0042 0.9783
vn -0.2487 0.0388 0.9678
vn -0.2104 0.2474 0.9458
vn -0.2723 0.2535 0.9282
vn -0.2454 0.4469 0.8603
vn -0.3361 0.4854 0.8071
vn -0.2732 0.5420 0.7947
vn -0.3680 0.6489 0.6660
vn -0.4348 0.7167 0.5453
vn -0.5048 0.7598 0.4097
vn -0.7684 -0.6398 -0.0167
vn -0.7671 -0.6412 -0.0207
vn -0.7904 -0.6099 0.0571
vn -0.7352 -0.6687 -0.1113
vn -0.7350 -0.6688 -0.1119
vn -0.7288 -0.6796 -0.0832
vn -0.7286 -0.6827 -0.0553
vn -0.7265 -0.6871 0.0006
vn -0.7264 -0.6872 0.0012
vn 0.6693 -0.4926 0.5563
vn 0.6900 -0.5401 0.4819
vn 0.6887 -0.5368 0.4873
vn 0.7240 -0.6102 0.3217
vn 0.7285 -0.6180 0.2956
vn 0.6979 -0.6949 0.1735
vn 0.6938 -0.7184 0.0508
vn 0.6525 -0.7442 0.1426
vn 0.2130 -0.6208 -0.7545
vn -0.2903 -0.1244 -0.9488
vn 0.2133 -0.6211 -0.7542
vn 0.6937 -0.7185 0.0501
vn -0.3315 -0.2622 -0.9063
vn 0.8808 0.4718 -0.0395
vn 0.2447 0.4230 -0.8724
vn 0.6624 0.6577 -0.3588
vn 0.3473 0.8923 -0.2885
vn 0.5886 0.7995 -0.1196
vn 0.8810 0.4715 -0.0384
vn 0.5112 0.3017 -0.8047
vn 0.0169 0.4725 -0.8812
vn 0.4504 0.0375 -0.8920
vn 0.6148 0.0147 -0.7885
vn 0.4158 0.9094 0.0009
vn 0.1667 0.7918 -0.5876
vn -0.0030 0.4283 -0.9036
vn -0.0889 0.1839 -0.9789
vn 0.5329 -0.0608 -0.8440
vn 0.3186 -0.3040 -0.8978
vn 0.1692 0.0690 -0.9832
vn 0.5103 0.3014 -0.8055
vn 0.3985 0.6618 -0.6350
vn 0.2192 0.0522 -0.9743
vn 0.4256 0.9049 0.0073
vn 0.4733 0.8806 -0.0240
vn 0.4336 0.9006 -0.0297
vn 0.2293 -0.2334 -0.9450
vn 0.0532 -0.3927 -0.9181
vn 0.0391 -0.7148 -0.6982
vn 0.3684 0.8890 -0.2721
vn 0.4627 0.8731 -0.1538
vn 0.2239 0.8993 -0.3756
vn -0.0112 0.6680 -0.7441
vn 0.3423 -0.3523 -0.8711
vn 0.3301 -0.4243 -0.8432
vn -0.1677 0.7890 -0.5911
vn -0.2307 0.8873 -0.3993
vn -0.3533 0.8884 -0.2932
vn 0.7157 -0.5996 -0.3583
vn 0.3116 -0.9115 0.2686
vn 0.9095 -0.4155 -0.0108
vn 0.8021 -0.4709 -0.3672
vn 0.9216 -0.3878 -0.0143
vn 0.3767 -0.5201 -0.7666
vn 0.8419 -0.3281 -0.4285
vn 0.9668 -0.2521 -0.0415
vn 0.9964 0.0181 -0.0829
vn 0.4580 -0.3941 -0.7968
vn 0.0657 -0.3638 -0.9292
vn -0.0115 -0.3083 -0.9512
vn 0.8402 -0.0207 -0.5419
vn 0.4828 -0.0553 -0.8740
vn 0.8000 0.2248 -0.5562
vn 0.9645 0.2472 -0.0932
vn 0.9288 0.3643 -0.0683
vn 0.0175 -0.4706 -0.8822
vn 0.4986 0.2159 -0.8395
vn 0.7149 0.3902 -0.5802
vn 0.4902 0.3339 -0.8051
vn 0.4095 0.2893 -0.8652
vn 0.7094 0.4218 -0.5646
vn 0.9586 0.2843 0.0155
vn 0.5304 0.3330 -0.7796
vn 0.3030 0.2067 -0.9303
vn 0.1415 0.1549 -0.9777
vn 0.1309 0.2266 -0.9651
vn 0.1060 0.2163 -0.9706
vn -0.0214 0.2665 -0.9636
vn 0.1186 0.3552 -0.9272
vn 0.1150 -0.0436 -0.9924
vn -0.0008 -0.0280 -0.9996
vn -0.0066 0.2241 -0.9745
vn -0.0127 0.3479 -0.9374
vn -0.0776 0.3401 -0.9372
vn -0.0516 0.2637 -0.9632
vn -0.0417 0.2333 -0.9715
vn -0.1368 0.2821 -0.9496
vn -0.0845 0.2472 -0.9653
vn -0.4543 0.2977 -0.8396
vn -0.4536 0.2867 -0.8438
vn -0.7682 0.2909 -0.5703
vn -0.7911 0.3169 -0.5232
vn -0.9656 0.2472 -0.0802
vn -0.9590 0.2807 -0.0391
vn -0.4486 0.3323 -0.8296
vn -0.8059 0.2892 -0.5166
vn -0.9630 0.2673 -0.0330
vn -0.4247 0.2647 -0.8658
vn -0.8854 -0.0003 -0.4649
vn -0.9995 0.0111 0.0287
vn -0.1091 -0.0403 -0.9932
vn -0.4998 -0.0506 -0.8647
vn -0.8642 -0.3341 -0.3762
vn -0.9576 -0.2753 0.0849
vn 0.0038 -0.3308 -0.9437
vn -0.0815 -0.3561 -0.9309
vn 0.0024 -0.4593 -0.8883
vn -0.4808 -0.3699 -0.7950
vn -0.8472 -0.4441 -0.2915
vn -0.9273 -0.3669 0.0744
vn -0.9573 -0.2889 0.0140
vn 0.0014 -0.2976 -0.9547
vn -0.4297 -0.5139 -0.7425
vn -0.8404 -0.4305 -0.3291
vn -0.5879 -0.7503 0.3025
vn -0.2673 -0.7204 -0.6400
vn -0.0388 -0.4697 -0.8820
vn -0.4184 -0.4351 -0.7972
vn 0.0024 -0.3263 -0.9453
vn 0.0010 -0.4520 -0.8920
vn -0.3354 -0.2802 -0.8994
vn -0.1723 -0.5711 -0.8026
vn -0.2539 -0.0885 -0.9632
vn -0.3670 -0.3579 -0.8586
vn 0.1388 -0.5345 -0.8337
vn -0.1632 -0.5680 -0.8067
vn 0.0610 -0.4681 -0.8816
vn -0.0098 -0.6018 -0.7986
vn -0.1832 0.0260 -0.9827
vn -0.0772 -0.4913 -0.8675
vn -0.0012 -0.0213 -0.9998
vn -0.0048 0.1095 -0.9940
vn 0.0925 0.1800 -0.9793
vn 0.1817 0.0284 -0.9829
vn -0.3633 -0.3110 -0.8782
vn -0.0104 0.4824 -0.8759
vn -0.5729 -0.0429 -0.8185
vn -0.4712 0.0503 -0.8806
vn -0.2023 0.0624 -0.9773
vn -0.6542 0.0312 -0.7557
vn -0.6243 0.2200 -0.7496
vn -0.3472 0.6053 -0.7163
vn -0.6105 0.7815 -0.1285
vn -0.2355 0.4297 -0.8717
vn -0.4166 0.9086 -0.0296
vn -0.3963 0.9181 -0.0000
vn -0.3494 0.9008 -0.2580
vn -0.4113 0.9115 0.0038
vn -0.3902 0.9202 -0.0308
vn -0.4337 0.8838 -0.1757
vn -0.6601 0.6689 -0.3418
vn -0.8828 0.4662 -0.0570
vn -0.8831 0.4658 -0.0558
vn -0.6249 0.2200 -0.7491
vn -0.7252 -0.6055 0.3277
vn -0.7244 -0.5647 -0.3954
vn -0.7469 -0.6128 0.2581
vn -0.7253 -0.5653 -0.3929
vn -0.3463 -0.3191 -0.8822
vn -0.3007 -0.2897 -0.9086
vn 0.2041 0.1082 -0.9730
vn 0.2214 0.1244 -0.9672
vn 0.6286 0.4616 -0.6259
vn 0.6311 0.4633 -0.6221
vn 0.8395 0.5432 -0.0109
vn 0.8409 0.5411 0.0066
vn 0.7371 0.4137 0.5343
vn 0.7402 0.4157 0.5285
vn 0.3654 0.1032 0.9251
vn 0.3373 0.0797 0.9380
vn -0.2762 -0.3633 0.8898
vn -0.3541 -0.4107 0.8402
vn -0.7248 -0.6054 0.3289
vn -0.7465 -0.6128 0.2593
vn 0.0660 -0.9867 0.1484
vn 0.0625 -0.9894 0.1309
vn 0.0705 -0.9525 -0.2964
vn 0.0800 -0.9404 -0.3306
vn 0.2768 -0.7327 -0.6217
vn 0.2804 -0.7293 -0.6241
vn 0.5429 -0.4989 -0.6755
vn 0.5762 -0.4755 -0.6647
vn 0.8210 -0.3479 -0.4527
vn 0.8253 -0.3464 -0.4460
vn 0.9521 -0.2997 -0.0609
vn 0.9535 -0.2989 -0.0391
vn 0.8964 -0.3094 0.3173
vn 0.8926 -0.3107 0.3266
vn 0.6441 -0.5122 0.5681
vn 0.6450 -0.5115 0.5677
vn 0.2789 -0.8077 0.5194
vn 0.2672 -0.8178 0.5098
vn 0.0662 -0.9865 0.1496
vn 0.0627 -0.9892 0.1321
vn -0.8899 -0.4436 0.1065
vn -0.7903 -0.1776 0.5865
vn -0.6584 -0.7271 0.1946
vn -0.5032 -0.3914 0.7705
vn -0.6362 -0.7437 0.2053
vn -0.5315 0.2264 0.8162
vn -0.0720 0.0269 0.9970
vn -0.3906 0.3693 0.8433
vn -0.2049 0.2459 0.9474
vn -0.0468 -0.0469 0.9978
vn -0.0289 0.1485 0.9885
vn -0.5104 -0.3877 0.7676
vn -0.7452 -0.6378 0.1946
vn -0.1029 0.0555 0.9931
vn -0.6220 -0.2696 0.7351
vn -0.8376 -0.5202 0.1669
vn -0.8077 -0.5612 0.1808
vn -0.1982 0.1790 0.9637
vn -0.1244 0.5257 0.8415
vn -0.5628 -0.3596 0.7443
vn -0.7595 -0.6249 0.1807
vn 0.4770 0.6311 0.6117
vn 0.6744 0.7347 -0.0735
vn -0.3747 -0.5121 0.7729
vn -0.6897 -0.7053 0.1638
vn -0.0304 0.0632 0.9975
vn -0.3280 -0.5424 0.7735
vn -0.6454 -0.7367 0.2019
vn 0.1610 -0.1046 0.9814
vn 0.5179 0.5587 0.6478
vn 0.6457 0.7625 -0.0404
vn -0.3259 -0.5041 0.7998
vn -0.6694 -0.6937 0.2658
vn -0.3234 -0.4334 0.8412
vn 0.1979 -0.1234 0.9724
vn 0.6502 0.4441 0.6165
vn 0.2438 -0.0457 0.9687
vn 0.2899 0.0692 0.9546
vn 0.7341 0.3708 0.5688
vn 0.7224 0.4370 0.5359
vn 0.7848 0.6182 -0.0429
vn 0.8638 0.5024 -0.0386
vn 0.8390 0.5439 -0.0117
vn 0.6436 0.4606 -0.6113
vn 0.6501 0.4571 -0.6070
vn 0.1582 0.1823 -0.9704
vn 0.1167 0.1937 -0.9741
vn -0.3778 -0.2277 -0.8975
vn 0.6383 0.4914 -0.5925
vn 0.6340 0.5275 -0.5656
vn 0.6257 0.4958 -0.6022
vn 0.5797 0.3609 -0.7306
vn 0.3092 0.0528 -0.9495
vn 0.3162 -0.2788 -0.9068
vn 0.2763 0.0745 -0.9582
vn 0.3007 0.0397 -0.9529
vn 0.1895 0.1293 -0.9733
vn -0.3871 -0.2391 -0.8905
vn -0.3459 -0.3559 -0.8682
vn -0.6498 -0.6208 -0.4386
vn -0.6928 -0.6081 -0.3876
vn -0.2845 -0.4370 -0.8533
vn -0.6509 -0.6478 -0.3959
vn -0.6456 -0.7368 0.2008
vn -0.6698 -0.6938 0.2646
vn -0.6898 -0.7055 0.1626
vn -0.6829 -0.6279 -0.3733
vn -0.7596 -0.6251 0.1795
vn -0.8078 -0.5614 0.1796
vn -0.2924 -0.3485 -0.8905
vn -0.7169 -0.5685 -0.4036
vn -0.8376 -0.5205 0.1657
vn -0.2504 -0.3658 -0.8964
vn -0.6832 -0.5691 -0.4577
vn -0.7452 -0.6382 0.1934
vn -0.0746 -0.4315 -0.8990
vn -0.5631 -0.6866 -0.4599
vn -0.6362 -0.7440 0.2041
vn -0.0369 -0.5009 -0.8647
vn -0.4584 -0.7695 -0.4447
vn -0.6583 -0.7275 0.1935
vn 0.3996 -0.0871 -0.9125
vn 0.3096 -0.2651 -0.9132
vn 0.1062 -0.0176 -0.9942
vn -0.1698 -0.0239 -0.9852
vn -0.0885 -0.5302 -0.8433
vn -0.4894 -0.2420 -0.8378
vn -0.4883 -0.7671 -0.4161
vn -0.7827 -0.4532 -0.4266
vn -0.7557 -0.6463 0.1056
vn -0.6584 -0.4385 0.6118
vn -0.8912 -0.4517 0.0417
vn -0.7876 -0.2309 0.5713
vn -0.8901 -0.4431 0.1068
vn -0.2525 -0.0907 0.9633
vn -0.7909 -0.1765 0.5859
vn -0.4759 0.1616 0.8645
vn 0.2122 0.2152 0.9532
vn -0.0688 0.4337 0.8984
vn -0.5319 0.2268 0.8159
vn -0.3906 0.3692 0.8433
vn -0.2061 0.2456 0.9472
vn 0.6531 0.4938 0.5741
vn 0.1684 0.4272 0.8883
vn -0.0472 -0.0472 0.9978
vn 0.7341 0.5320 0.4221
vn 0.8742 0.4847 -0.0284
vn 0.8807 0.4736 -0.0104
vn 0.7534 0.2926 -0.5889
vn 0.3401 0.2034 0.9181
vn 0.7662 0.4827 0.4242
vn 0.0614 0.1251 0.9902
vn -0.0295 0.1482 0.9885
vn -0.1251 0.5257 0.8414
vn 0.6494 0.5189 0.5560
vn 0.8798 0.4682 -0.0823
vn -0.0361 0.6450 0.7634
vn -0.5046 0.5972 0.6235
vn 0.8816 0.4622 -0.0960
vn 0.8676 0.4936 -0.0609
vn 0.7805 0.3567 -0.5134
vn 0.6145 0.6519 0.4444
vn 0.6609 0.7456 -0.0850
vn 0.0652 0.9370 0.3431
vn 0.0663 0.9372 0.3424
vn -0.5057 0.5963 0.6235
vn -0.0354 0.6449 0.7635
vn 0.5941 0.4217 -0.6850
vn 0.7333 0.3930 -0.5548
vn 0.7421 0.2825 -0.6078
vn 0.5415 -0.1676 -0.8238
vn 0.7914 0.3172 -0.5226
vn 0.1582 0.0512 -0.9861
vn 0.3277 -0.1821 -0.9271
vn 0.5117 -0.0519 -0.8576
vn 0.3164 0.0861 -0.9447
vn 0.3089 -0.2652 -0.9134
vn 0.3162 -0.2801 -0.9064
vn 0.1057 -0.0178 -0.9942
vn -0.1704 -0.0238 -0.9851
vn -0.3372 -0.2568 -0.9057
vn -0.1749 -0.5370 -0.8253
vn -0.4899 -0.2416 -0.8377
vn -0.7429 -0.4571 -0.4890
vn -0.5912 -0.6959 -0.4076
vn -0.7834 -0.4520 -0.4266
vn -0.8913 -0.4517 0.0403
vn -0.7557 -0.6466 0.1044
vn 0.4415 -0.8429 0.3077
vn 0.4239 -0.8688 0.2560
vn 0.4558 -0.8849 0.0959
vn 0.5088 -0.8598 0.0424
vn 0.6449 -0.7600 -0.0806
vn 0.6759 -0.7292 -0.1069
vn 0.8295 -0.5543 -0.0677
vn 0.8327 -0.5501 -0.0631
vn 0.7872 -0.5398 -0.2982
vn 0.7671 -0.5469 -0.3353
vn 0.8540 -0.5060 0.1210
vn 0.8535 -0.5091 0.1114
vn 0.7245 -0.2158 0.6546
vn 0.7275 -0.2182 0.6505
vn 0.7818 -0.4122 0.4678
vn 0.7575 -0.4843 0.4377
vn 0.6903 -0.6264 0.3620
vn 0.6733 -0.6553 0.3424
vn 0.5576 -0.7455 0.3650
vn 0.5693 -0.7394 0.3594
vn 0.4413 -0.8427 0.3086
vn 0.4237 -0.8686 0.2570
vn -0.3964 0.9181 0.0012
vn -0.4167 0.9086 -0.0289
vn -0.4758 0.6763 0.5624
vn -0.4055 0.7562 0.5136
vn -0.4600 0.5370 0.7072
vn -0.5908 0.2472 0.7680
vn -0.3620 0.7932 0.4897
vn -0.3902 0.9202 -0.0302
vn -0.3557 0.6665 0.6552
vn -0.3988 0.7772 0.4867
vn -0.7091 0.1903 0.6789
vn -0.7686 -0.2609 0.5842
vn -0.3901 0.5094 0.7670
vn -0.4350 0.6953 0.5722
vn -0.4579 0.3944 0.7967
vn -0.7159 -0.0468 0.6966
vn -0.4480 0.7813 0.4345
vn -0.4196 0.8259 0.3767
vn -0.4329 0.8330 0.3446
vn -0.4257 0.8292 0.3621
vn -0.8323 -0.1790 0.5246
vn -0.7665 -0.3903 0.5101
vn -0.9365 -0.2348 0.2605
vn -0.5878 -0.7504 0.3024
vn -0.9573 -0.2887 0.0145
vn -0.9272 -0.3668 0.0756
vn -0.8539 -0.3834 0.3520
vn -0.9576 -0.2751 0.0861
vn -0.8613 -0.2583 0.4376
vn -0.6911 -0.2095 0.6917
vn -0.8896 -0.0707 0.4513
vn -0.9995 0.0108 0.0298
vn -0.8900 0.0915 0.4467
vn -0.6535 -0.0292 0.7563
vn -0.5512 0.1489 0.8209
vn -0.6295 0.1288 0.7663
vn -0.8207 -0.4530 -0.3482
vn -0.7951 -0.5465 0.2629
vn -0.7697 -0.5590 0.3085
vn -0.7776 -0.4752 -0.4116
vn -0.7205 -0.6130 0.3242
vn -0.4529 -0.1927 -0.8705
vn -0.7201 -0.5397 -0.4361
vn 0.3121 -0.9113 0.2685
vn 0.0392 -0.7148 -0.6982
vn -0.3522 -0.2482 -0.9024
vn 0.1271 0.1327 -0.9830
vn -0.1783 -0.3017 -0.9366
vn 0.0520 -0.3923 -0.9184
vn 0.2409 0.0807 -0.9672
vn 0.6724 0.3841 -0.6327
vn 0.2362 0.0960 -0.9669
vn 0.2181 0.0528 -0.9745
vn 0.6984 0.3622 -0.6173
vn 0.8891 0.4550 -0.0503
vn 0.5531 0.5594 -0.6174
vn 0.4735 0.8805 -0.0234
vn 0.8823 0.4684 -0.0467
vn 0.7160 0.6976 -0.0262
vn 0.6956 0.5383 0.4759
vn 0.8019 0.3517 0.4829
vn 0.8003 0.3293 0.5011
vn 0.5792 0.1366 0.8036
vn 0.7049 -0.1371 0.6960
vn 0.4549 0.0430 0.8895
vn 0.3811 0.0266 0.9242
vn 0.0354 -0.4526 0.8910
vn 0.3113 -0.9117 0.2681
vn -0.7203 -0.6129 0.3248
vn -0.2528 -0.3869 0.8868
vn -0.3326 -0.4042 0.8520
vn -0.7692 -0.5590 0.3097
vn -0.7948 -0.5465 0.2640
vn -0.8397 -0.5417 0.0374
vn -0.5583 -0.7163 0.4186
vn -0.7549 -0.5646 0.3336
vn -0.8965 -0.4431 -0.0008
vn -0.8701 -0.4272 0.2457
vn -0.9091 -0.4028 0.1059
vn -0.9331 -0.3587 -0.0269
vn -0.9013 -0.4169 -0.1179
vn -0.8434 -0.4937 -0.2122
vn -0.7474 -0.6324 -0.2035
vn -0.5626 -0.8056 -0.1858
vn 0.1122 -0.9833 -0.1434
vn 0.2137 -0.9554 0.2038
vn 0.1113 -0.9833 -0.1438
vn 0.1999 -0.9786 -0.0490
vn 0.2853 -0.9516 0.1140
vn 0.2958 -0.8917 0.3427
vn 0.2180 -0.8084 0.5468
vn 0.1699 -0.7825 0.5990
vn -0.4556 -0.8892 0.0424
vn -0.8563 -0.3728 0.3574
vn -0.3625 -0.8559 -0.3688
vn -0.2493 -0.9413 0.2274
vn -0.1500 -0.8603 0.4873
vn -0.4298 -0.5914 0.6823
vn -0.3152 -0.5960 0.7386
vn 0.1787 -0.3346 0.9253
vn 0.2436 -0.1633 0.9560
vn -0.4432 -0.6490 0.6184
vn 0.5567 -0.1635 0.8145
vn -0.0809 0.0626 0.9948
vn 0.0292 0.3006 0.9533
vn 0.2771 0.1451 0.9498
vn 0.0148 -0.0287 0.9995
vn 0.3884 0.0305 0.9210
vn 0.2712 0.1522 0.9504
vn -0.4689 0.6253 0.6237
vn -0.6093 0.0772 0.7892
vn -0.9768 -0.0357 0.2112
vn -0.7900 0.6116 -0.0441
vn -0.4783 0.5755 0.6633
vn -0.0790 0.3845 0.9197
vn -0.8967 -0.2867 -0.3372
vn -0.4836 -0.8638 0.1413
vn -0.3683 -0.5762 -0.7297
vn -0.6963 0.3377 -0.6334
vn -0.3678 -0.5769 -0.7293
vn -0.8110 0.5800 -0.0768
vn -0.4882 0.5350 0.6895
vn -0.7925 0.6030 -0.0915
vn -0.6769 0.3095 -0.6679
vn -0.2195 -0.1746 -0.9599
vn 0.0768 0.2045 0.9759
vn -0.0633 -0.7095 -0.7018
vn -0.4830 -0.8641 0.1413
vn 0.0314 -0.3897 -0.9204
vn -0.0458 -0.1878 -0.9811
vn -0.6887 -0.3027 -0.6588
vn -0.3701 0.0378 -0.9282
vn -0.6177 0.3511 -0.7037
vn -0.4892 0.0180 -0.8720
vn -0.5847 -0.3703 -0.7218
vn -0.6152 -0.7871 -0.0449
vn -0.7771 0.6166 -0.1263
vn -0.2227 -0.0083 -0.9748
vn -0.3544 -0.0448 -0.9340
vn -0.0875 -0.8332 -0.5460
vn -0.4628 -0.8840 0.0662
vn 0.3409 -0.4965 -0.7983
vn 0.3005 -0.4272 -0.8528
vn 0.1762 -0.9518 -0.2510
vn -0.3563 -0.8553 0.3762
vn 0.2960 -0.9251 0.2378
vn 0.6445 -0.6237 -0.4424
vn 0.8101 -0.5800 0.0855
vn 0.8125 -0.5699 0.1230
vn 0.6370 -0.6089 -0.4727
vn 0.6594 -0.5486 -0.5140
vn 0.8293 -0.5348 0.1619
vn 0.8344 -0.5139 0.1993
vn 0.2775 -0.3409 -0.8982
vn 0.6770 -0.5425 -0.4974
vn 0.8304 -0.5208 0.1981
vn 0.2997 -0.3580 -0.8843
vn 0.7242 -0.5076 -0.4668
vn 0.8039 -0.5527 0.2199
vn -0.1825 -0.0217 -0.9830
vn 0.7267 -0.4623 -0.5082
vn 0.7411 -0.6546 0.1489
vn 0.3617 -0.3245 -0.8740
vn -0.5897 0.3874 -0.7086
vn -0.1137 -0.0015 -0.9935
vn -0.5840 0.4098 -0.7007
vn -0.7356 0.6573 -0.1637
vn 0.6998 -0.5234 -0.4862
vn 0.4365 -0.2629 -0.8604
vn -0.0236 0.0360 -0.9991
vn -0.5730 0.4604 -0.6780
vn 0.6602 -0.5661 -0.4936
vn 0.6729 -0.7188 0.1749
vn 0.4295 -0.2884 -0.8558
vn -0.7220 0.6722 -0.1637
vn 0.6659 -0.5588 -0.4942
vn 0.6830 -0.6928 0.2314
vn -0.6351 0.4354 -0.6380
vn -0.0954 0.0573 -0.9938
vn 0.3898 -0.3256 -0.8614
vn 0.7076 -0.5157 -0.4831
vn 0.7254 -0.6261 0.2862
vn -0.1431 0.0423 -0.9888
vn 0.3713 -0.2936 -0.8809
vn 0.7512 -0.5322 -0.3904
vn 0.7389 -0.5997 0.3072
vn 0.4110 -0.2566 -0.8748
vn -0.1472 0.0828 -0.9856
vn -0.7019 0.3688 -0.6094
vn 0.6672 -0.6252 -0.4049
vn 0.6703 -0.6877 0.2789
vn -0.5888 -0.7497 0.3022
vn -0.2680 -0.7202 -0.6399
vn 0.4096 -0.3050 -0.8598
vn 0.2361 -0.4158 -0.8783
vn -0.1711 -0.5709 -0.8030
vn -0.2527 -0.0881 -0.9635
vn -0.0931 0.1001 -0.9906
vn -0.0939 0.0734 -0.9929
vn -0.1049 0.0213 -0.9943
vn -0.6929 0.4080 -0.5945
vn -0.4420 0.5397 -0.7165
vn -0.3466 0.6055 -0.7164
vn -0.6576 0.4437 -0.6089
vn -0.6260 0.4373 -0.6456
vn -0.8342 0.5512 -0.0181
vn -0.6203 0.7822 -0.0579
vn -0.6048 0.5648 0.5615
vn -0.4758 0.6762 0.5624
vn -0.5899 0.2469 0.7688
vn -0.4573 0.1053 0.8831
vn -0.7682 -0.2611 0.5846
vn -0.7196 0.3883 0.5756
vn -0.0650 -0.4796 0.8751
vn -0.5887 -0.7499 0.3018
vn 0.6700 -0.6878 0.2794
vn -0.3496 -0.0101 0.9368
vn 0.2269 -0.4048 0.8858
vn -0.7384 0.3373 0.5839
vn 0.2262 -0.3592 0.9054
vn 0.7253 -0.6261 0.2862
vn -0.3030 -0.0205 0.9528
vn 0.2368 -0.4355 0.8685
vn 0.6829 -0.6927 0.2320
vn -0.2816 -0.0162 0.9594
vn 0.2888 -0.5280 0.7987
vn 0.6725 -0.7189 0.1761
vn -0.8576 0.5142 -0.0047
vn -0.8759 0.4821 -0.0212
vn -0.7249 0.3374 0.6006
vn -0.8834 0.4634 -0.0697
vn -0.2448 -0.0433 0.9686
vn -0.7336 0.3693 0.5705
vn 0.4778 -0.4575 0.7499
vn 0.7406 -0.6549 0.1501
vn 0.8036 -0.5525 0.2211
vn -0.8230 0.5577 -0.1079
vn -0.7003 0.4674 0.5396
vn -0.0914 0.0977 0.9910
vn -0.5752 0.6331 0.5180
vn 0.4467 -0.3897 0.8054
vn -0.5827 0.5772 0.5720
vn -0.1588 0.0388 0.9865
vn 0.4927 -0.3674 0.7888
vn 0.8302 -0.5207 0.1993
vn 0.8343 -0.5136 0.2004
vn -0.1140 -0.1121 0.9871
vn -0.5310 0.5152 0.6728
vn 0.0442 0.1441 0.9886
vn 0.5536 -0.2181 0.8037
vn 0.6040 -0.2156 0.7672
vn 0.8293 -0.5345 0.1631
vn 0.6634 -0.2453 0.7069
vn 0.8125 -0.5695 0.1242
vn 0.7386 -0.3168 0.5950
vn 0.8102 -0.5796 0.0867
vn 0.2914 -0.5906 0.7525
vn 0.2962 -0.9247 0.2393
vn -0.3511 -0.6831 0.6404
vn -0.0808 0.0627 0.9948
vn -0.3560 -0.8549 0.3774
vn -0.0075 -0.0190 0.9998
vn -0.3397 0.1110 0.9340
vn -0.2335 0.2332 0.9440
vn 0.0099 0.2129 0.9770
vn -0.1589 0.3743 0.9136
vn 0.0051 0.4283 0.9036
vn -0.1557 0.4945 0.8551
vn -0.0059 0.5384 0.8427
vn -0.1011 0.4338 0.8953
vn -0.3394 0.1104 0.9341
vn -0.0087 -0.0190 0.9998
vn 0.1427 0.1407 0.9797
vn 0.0085 0.2129 0.9770
vn 0.1460 0.3460 0.9268
vn 0.0045 0.4285 0.9035
vn 0.1047 0.4961 0.8619
vn 0.0637 0.4250 0.9029
vn -0.9497 0.1920 0.2474
vn -0.9612 0.1829 -0.2065
vn -0.9589 0.1865 0.2138
vn -0.9476 0.1884 -0.2579
vn -0.6998 0.3413 -0.6275
vn -0.7250 0.3237 -0.6079
vn -0.3325 0.6400 -0.6927
vn -0.2822 0.6821 -0.6746
vn 0.0081 0.9237 -0.3830
vn 0.0024 0.9171 -0.3987
vn 0.1093 0.9930 0.0445
vn 0.1074 0.9937 0.0305
vn 0.1391 0.8997 0.4139
vn 0.1388 0.8908 0.4326
vn -0.0800 0.6292 0.7731
vn -0.1411 0.5588 0.8172
vn -0.6179 0.2632 0.7409
vn -0.7007 0.2550 0.6663
vn -0.9494 0.1921 0.2483
vn -0.9587 0.1866 0.2148
vn -0.9057 -0.4190 -0.0650
vn -0.9096 -0.4139 -0.0374
vn -0.9097 -0.4136 -0.0361
vn -0.9128 -0.4084 -0.0093
vn 0.9461 0.3219 0.0365
vn 0.9453 0.3256 -0.0204
vn 0.9635 0.2675 0.0128
vn 0.9605 0.2669 -0.0791
vn 0.9914 0.1147 -0.0626
vn 0.9214 0.3151 -0.2274
vn 0.9806 0.1240 -0.1519
vn 0.9914 0.0730 -0.1087
vn 0.9339 0.2358 -0.2688
vn 0.7828 0.2297 -0.5783
vn 0.9823 0.0532 -0.1794
vn 0.9848 0.1520 -0.0839
vn 0.9583 0.0835 -0.2733
vn 0.9547 -0.0030 -0.2975
vn 0.7849 0.1421 -0.6031
vn 0.3699 0.1099 -0.9225
vn 0.8242 0.0004 -0.5662
vn 0.7900 -0.0913 -0.6063
vn 0.4010 0.0485 -0.9148
vn -0.0262 0.0516 -0.9983
vn -0.0187 -0.0148 -0.9997
vn 0.4397 -0.1283 -0.8889
vn 0.3850 -0.2582 -0.8861
vn -0.0023 -0.2313 -0.9729
vn 0.0047 -0.3585 -0.9335
vn 0.0262 -0.0890 0.9957
vn 0.0263 -0.0890 0.9957
vn -0.4065 -0.2541 0.8776
vn -0.4719 -0.3038 0.8277
vn -0.6948 -0.4160 0.5868
vn -0.7251 -0.4160 0.5488
vn -0.8189 -0.4079 0.4036
vn 0.0066 0.5515 -0.8342
vn 0.0187 0.9760 -0.2170
vn 0.1973 0.9600 -0.1987
vn 0.4857 0.6427 -0.5924
vn 0.3255 0.9453 0.0191
vn 0.6827 0.7194 -0.1283
vn 0.3020 0.9250 0.2305
vn 0.6855 0.7227 0.0889
vn 0.2403 0.9361 0.2569
vn 0.5911 0.7930 0.1477
vn 0.4888 0.8538 0.1792
vn 0.1818 0.9481 0.2609
vn -0.4733 0.8238 0.3119
vn -0.4601 0.8378 0.2939
vn -0.5172 0.7751 0.3630
vn -0.4528 0.7476 0.4859
vn -0.8862 0.4159 0.2041
vn -0.8580 0.4732 0.1999
vn -0.9893 0.0462 0.1384
vn -0.3597 0.6388 0.6801
vn 0.0183 0.9761 -0.2165
vn -0.0165 0.5696 0.8218
vn -0.8046 0.3046 0.5097
vn -0.8749 0.3860 0.2924
vn -0.9787 0.0562 0.1974
vn -0.9639 -0.1497 0.2201
vn -0.9504 0.1650 0.2636
vn -0.9606 0.0029 0.2778
vn -0.9298 0.0856 0.3581
vn -0.8929 0.1938 0.4064
vn -0.9626 0.0982 0.2525
vn -0.8813 0.1696 0.4411
vn -0.6395 0.1384 0.7562
vn -0.5290 0.2277 0.8175
vn -0.0315 0.2162 0.9758
vn -0.0158 0.5697 0.8217
vn -0.0381 0.2375 0.9706
vn 0.6842 -0.0714 0.7258
vn 0.6108 -0.0977 0.7857
vn 0.6236 -0.0933 0.7761
vn 0.5237 -0.1281 0.8422
vn 0.5203 -0.1296 0.8441
vn 0.5062 -0.1009 0.8565
vn 0.5093 -0.0830 0.8566
vn 0.3849 0.0890 0.9186
vn 0.3445 0.1260 0.9303
vn 0.1275 0.2267 0.9656
vn 0.1160 0.2230 0.9679
vn -0.0574 0.1628 0.9850
vn -0.0660 0.1597 0.9850
vn -0.2404 0.0653 0.9685
vn -0.2442 0.0625 0.9677
vn -0.2381 -0.1025 0.9658
vn -0.2243 -0.1191 0.9672
vn -0.0893 -0.1306 0.9874
vn -0.0798 -0.1124 0.9905
vn -0.0572 0.0992 0.9934
vn -0.0577 0.1021 0.9931
vn -0.1018 0.4330 0.8957
vn 0.1019 0.4871 0.8674
vn -0.2323 -0.9534 -0.1926
vn -0.2594 -0.9525 -0.1594
vn -0.0644 -0.9759 -0.2083
vn 0.1818 -0.9527 -0.2436
vn -0.2037 -0.9522 -0.2275
vn 0.1807 -0.9420 -0.2828
vn 0.4176 -0.8804 -0.2249
vn 0.8065 -0.5286 -0.2649
vn 0.8473 -0.4988 -0.1824
vn 0.8150 -0.5632 -0.1360
vn 0.9850 -0.0405 -0.1676
vn 0.9951 -0.0736 -0.0659
vn 0.9928 0.0038 -0.1197
vn 0.9863 0.0668 -0.1507
vn 0.9685 0.2122 -0.1304
vn 0.9832 0.0763 -0.1660
vn 0.9536 -0.0505 -0.2969
vn 0.9138 -0.2102 -0.3477
vn 0.9167 -0.1919 -0.3506
vn -0.9567 -0.2905 -0.0207
vn -0.9529 -0.3004 0.0425
vn -0.9266 -0.3744 -0.0358
vn -0.9791 -0.1635 0.1210
vn -0.9916 -0.1224 0.0409
vn -0.9410 -0.2961 0.1638
vn -0.9929 -0.0386 0.1126
vn -0.9680 -0.1588 0.1944
vn -0.9835 -0.0557 0.1724
vn -0.9904 -0.0682 0.1206
vn -0.9753 -0.0461 0.2161
vn -0.2900 -0.7527 -0.5911
vn -0.2899 -0.7527 -0.5911
vn -0.2910 -0.7527 -0.5905
vn -0.0029 -0.1062 -0.9943
vn 0.0038 -0.1061 -0.9943
vn 0.5043 -0.0994 -0.8578
vn 0.5294 -0.0982 -0.8427
vn 0.5894 -0.0631 -0.8054
vn 0.5431 -0.0490 -0.8382
vn 0.4071 -0.0092 -0.9133
vn -0.9460 0.3220 0.0373
vn -0.9634 0.2676 0.0132
vn -0.9460 0.3240 -0.0124
vn -0.9609 0.2682 -0.0694
vn -0.9209 0.3166 -0.2275
vn -0.9914 0.1144 -0.0628
vn -0.9313 0.2451 -0.2696
vn -0.7596 0.2178 -0.6128
vn -0.9808 0.1289 -0.1463
vn -0.9914 0.0730 -0.1087
vn -0.7756 0.1365 -0.6162
vn -0.3797 0.0553 -0.9234
vn -0.9822 0.0533 -0.1802
vn -0.9848 0.1520 -0.0839
vn -0.9577 0.0896 -0.2734
vn -0.9545 -0.0063 -0.2981
vn -0.8204 -0.0153 -0.5716
vn -0.7799 -0.1324 -0.6117
vn -0.4053 0.0188 -0.9140
vn -0.0274 0.0514 -0.9983
vn -0.0199 -0.0148 -0.9997
vn -0.4419 -0.1587 -0.8829
vn -0.3646 -0.3168 -0.8756
vn -0.0035 -0.2313 -0.9729
vn 0.0035 -0.3585 -0.9335
vn 0.0274 -0.0886 0.9957
vn 0.4145 -0.1885 0.8903
vn 0.0275 -0.0889 0.9957
vn 0.4800 -0.2536 0.8398
vn 0.6815 -0.3879 0.6206
vn 0.7175 -0.3946 0.5740
vn 0.8181 -0.4050 0.4082
vn -0.1642 0.9730 -0.1622
vn 0.0186 0.9760 -0.2171
vn 0.0054 0.5515 -0.8342
vn -0.4795 0.6508 -0.5887
vn -0.3001 0.9533 0.0333
vn -0.6828 0.7196 -0.1261
vn -0.2964 0.9274 0.2281
vn -0.6857 0.7224 0.0889
vn -0.2425 0.9353 0.2578
vn -0.5912 0.7929 0.1480
vn -0.4888 0.8538 0.1793
vn -0.1815 0.9481 0.2610
vn 0.4696 0.8240 0.3170
vn 0.4644 0.8351 0.2947
vn 0.5265 0.7770 0.3450
vn 0.4988 0.7192 0.4836
vn 0.8864 0.4132 0.2087
vn 0.8548 0.4772 0.2039
vn 0.9884 0.0535 0.1419
vn 0.3700 0.5746 0.7300
vn 0.0185 0.9760 -0.2171
vn -0.0152 0.5694 0.8219
vn 0.8149 0.3262 0.4791
vn 0.8756 0.3945 0.2786
vn 0.9786 0.0531 0.1989
vn 0.9640 -0.1496 0.2200
vn 0.9514 0.1640 0.2606
vn 0.9596 0.0113 0.2812
vn 0.9240 0.1200 0.3632
vn 0.8754 0.2513 0.4130
vn 0.9631 0.0919 0.2528
vn 0.8836 0.2069 0.4200
vn 0.6303 0.2086 0.7478
vn 0.4977 0.2528 0.8297
vn -0.0303 0.2168 0.9758
vn -0.0369 0.2374 0.9707
vn -0.0153 0.5693 0.8220
vn -0.6842 -0.0714 0.7258
vn -0.6108 -0.0977 0.7857
vn -0.6236 -0.0933 0.7761
vn -0.5237 -0.1281 0.8422
vn -0.5203 -0.1296 0.8441
vn -0.5062 -0.1009 0.8565
vn -0.5093 -0.0830 0.8566
vn -0.3844 0.0884 0.9189
vn -0.3441 0.1260 0.9305
vn -0.1275 0.2267 0.9656
vn -0.1160 0.2230 0.9679
vn 0.0544 0.1618 0.9853
vn 0.0635 0.1582 0.9854
vn 0.2366 0.0611 0.9697
vn 0.2386 0.0596 0.9693
vn 0.2350 -0.1043 0.9664
vn 0.2198 -0.1225 0.9678
vn 0.0884 -0.1305 0.9875
vn 0.0790 -0.1123 0.9905
vn 0.0488 0.1040 0.9934
vn 0.0485 0.1018 0.9936
vn 0.0644 0.4241 0.9033
vn -0.0779 0.4956 0.8651
vn 0.0649 -0.9759 -0.2082
vn 0.2594 -0.9525 -0.1594
vn 0.2323 -0.9534 -0.1926
vn -0.1800 -0.9530 -0.2438
vn 0.2037 -0.9522 -0.2275
vn -0.1774 -0.9425 -0.2832
vn 0.0637 -0.9760 -0.2084
vn -0.1806 -0.9528 -0.2439
vn -0.4170 -0.8806 -0.2250
vn -0.1811 -0.9528 -0.2438
vn -0.1780 -0.9424 -0.2832
vn -0.8046 -0.5306 -0.2668
vn -0.8467 -0.4994 -0.1833
vn -0.4181 -0.8801 -0.2250
vn -0.8150 -0.5632 -0.1360
vn -0.9847 -0.0494 -0.1669
vn -0.9951 -0.0736 -0.0659
vn -0.9920 -0.0045 -0.1260
vn -0.9881 0.0440 -0.1473
vn -0.9747 0.0094 -0.2231
vn -0.9721 0.1822 -0.1479
vn -0.9509 0.0182 -0.3089
vn -0.9142 -0.0363 -0.4037
vn -0.8854 -0.2539 -0.3894
vn 0.9532 -0.2992 0.0427
vn 0.9565 -0.2908 -0.0219
vn 0.9269 -0.3734 -0.0381
vn 0.9790 -0.1628 0.1224
vn 0.9916 -0.1226 0.0407
vn 0.9410 -0.2934 0.1689
vn 0.9929 -0.0386 0.1126
vn 0.9676 -0.1586 0.1964
vn 0.9835 -0.0557 0.1724
vn 0.9904 -0.0682 0.1206
vn 0.9753 -0.0461 0.2161
vn 0.2816 -0.7447 -0.6050
vn 0.2826 -0.7448 -0.6044
vn 0.2826 -0.7449 -0.6044
vn 0.2815 -0.7448 -0.6050
vn 0.0026 -0.1062 -0.9943
vn -0.0041 -0.1062 -0.9943
vn -0.5070 -0.0914 -0.8571
vn -0.5313 -0.0907 -0.8423
vn -0.5939 -0.0598 -0.8023
vn -0.5498 -0.0470 -0.8340
vn -0.4149 -0.0094 -0.9098
vn 0.2859 0.2194 -0.9328
vn 0.3140 0.1466 -0.9380
vn 0.2880 -0.0511 -0.9563
vn 0.2810 -0.2336 -0.9308
vn 0.2517 -0.4176 -0.8731
vn 0.2516 -0.4170 -0.8734
vn 0.2569 -0.4650 -0.8473
vn -0.5296 -0.1416 -0.8364
vn -0.4675 -0.2244 -0.8550
vn -0.1116 -0.1871 -0.9760
vn -0.1694 -0.2309 -0.9581
vn -0.1802 -0.2037 -0.9623
vn -0.5799 0.1321 -0.8039
vn -0.1761 -0.1641 -0.9706
vn -0.1869 -0.1772 -0.9663
vn -0.6068 0.2349 -0.7593
vn -0.2955 -0.1913 -0.9360
vn -0.6676 -0.1266 -0.7337
vn 0.2833 0.0266 0.9587
vn -0.0842 -0.0046 0.9964
vn -0.1503 0.0700 0.9862
vn 0.2094 -0.0252 0.9775
vn 0.1201 0.0409 0.9919
vn -0.1917 0.2361 0.9526
vn 0.1897 0.0504 0.9806
vn 0.1352 -0.0042 0.9908
vn 0.0288 -0.0420 0.9987
vn -0.2530 0.2631 0.9310
vn -0.2585 -0.0653 0.9638
vn -0.2578 -0.0663 0.9639
vn 0.0600 -0.2483 0.9668
vn 0.3774 -0.2962 0.8774
vn 0.1357 -0.0046 0.9907
vn 0.4281 -0.1387 0.8930
vn 0.1907 0.0498 0.9804
vn 0.4899 -0.0998 0.8660
vn 0.1207 0.0407 0.9919
vn 0.2099 -0.0252 0.9774
vn 0.4685 -0.0778 0.8801
vn 0.2844 0.0267 0.9583
vn 0.4755 0.0425 0.8787
vn -0.9785 -0.1910 0.0780
vn -0.9727 -0.2187 0.0773
vn -0.9057 0.4183 0.0683
vn -0.8939 0.4433 0.0666
vn -0.9098 0.4086 0.0727
vn -0.9083 0.4120 0.0725
vn -0.9845 -0.0974 0.1458
vn -0.9850 -0.0938 0.1449
vn -0.7829 -0.6059 0.1414
vn -0.8227 -0.5564 0.1167
vn -0.7671 -0.6285 0.1289
vn -0.7103 -0.6476 0.2760
vn -0.8608 -0.5080 -0.0320
vn -0.9143 -0.4036 -0.0349
vn -0.7141 -0.6340 0.2968
vn -0.7075 -0.6552 0.2649
vn -0.9660 -0.0995 0.2386
vn -0.9685 -0.0848 0.2341
vn -0.9409 0.3092 0.1381
vn -0.9435 0.3008 0.1391
vn -0.9732 0.1230 0.1942
vn -0.9723 0.1332 0.1923
vn -0.9432 -0.2233 0.2459
vn -0.9432 -0.2234 0.2460
vn -0.7356 -0.6272 0.2560
vn -0.8413 -0.3046 -0.4466
vn -0.8807 0.0761 -0.4676
vn -0.9872 0.1586 0.0150
vn -0.8700 0.4852 0.0879
vn -0.8030 0.3480 -0.4839
vn -0.9385 0.2498 -0.2384
vn -0.9335 0.2929 0.2066
vn -0.9643 0.0632 0.2573
vn -0.9072 -0.1186 -0.4035
vn -0.2688 -0.2612 -0.9271
vn -0.2172 -0.2246 -0.9499
vn -0.1673 -0.1537 -0.9739
vn -0.2576 -0.2130 -0.9425
vn -0.1863 -0.1409 -0.9723
vn -0.2245 -0.2699 -0.9364
vn 0.6465 -0.3520 -0.6769
vn 0.6304 -0.4859 -0.6054
vn 0.5450 -0.5899 -0.5958
vn 0.7124 -0.1867 -0.6765
vn -0.8643 -0.5030 0.0002
vn -0.1956 -0.5050 0.8407
vn -0.7356 -0.6268 0.2568
vn 0.9290 -0.3107 -0.2011
vn 0.8565 -0.4900 -0.1621
vn 0.9460 -0.2514 -0.2044
vn 0.7936 -0.6023 -0.0860
vn 0.6891 -0.7218 -0.0648
vn 0.9486 -0.2011 -0.2442
vn 0.7224 -0.6889 -0.0595
vn 0.5193 -0.7020 -0.4874
vn -0.2693 -0.2608 -0.9271
vn 0.2590 -0.7462 -0.6132
vn 0.6750 -0.7302 -0.1056
vn -0.9072 -0.1185 -0.4036
vn 0.9344 -0.2264 -0.2751
vn 0.9493 -0.2575 -0.1804
vn 0.9514 -0.2473 -0.1837
vn 0.9253 -0.3649 -0.1032
vn 0.9276 -0.3590 -0.1032
vn 0.8866 -0.4566 -0.0733
vn 0.8722 -0.4842 -0.0692
vn 0.6467 -0.7627 -0.0088
vn 0.6427 -0.7661 -0.0072
vn -0.1516 -0.9869 0.0551
vn -0.2192 -0.9740 0.0574
vn -0.9783 -0.1922 0.0780
vn 0.9792 -0.0713 -0.1902
vn 0.7434 -0.6479 -0.1658
vn 0.9897 -0.0989 -0.1031
vn 0.9903 -0.0916 -0.1043
vn 0.9589 -0.2753 -0.0686
vn 0.9590 -0.2751 -0.0684
vn 0.9120 -0.4093 -0.0269
vn 0.9087 -0.4167 -0.0246
vn 0.7947 -0.6070 0.0024
vn 0.7946 -0.6072 0.0010
vn 0.7926 -0.6091 -0.0295
vn 0.7925 -0.6091 -0.0295
vn -0.0193 -0.9121 0.4095
vn -0.1104 -0.1869 -0.9762
vn 0.1242 -0.1494 -0.9809
vn 0.1469 -0.2495 -0.9572
vn -0.1682 -0.2309 -0.9583
vn 0.2236 -0.2888 -0.9309
vn -0.1797 -0.2037 -0.9624
vn -0.1762 -0.1643 -0.9705
vn 0.2151 -0.3591 -0.9082
vn 0.1926 -0.5064 -0.8405
vn -0.1873 -0.1768 -0.9663
vn -0.2469 -0.4341 -0.8664
vn -0.6672 -0.1278 -0.7339
vn 0.3589 -0.0998 0.9280
vn -0.1466 -0.0918 0.9849
vn 0.2229 -0.1268 0.9666
vn -0.1910 0.0679 0.9792
vn 0.1801 -0.0312 0.9832
vn -0.2293 0.2748 0.9338
vn 0.1075 0.0351 0.9936
vn 0.1202 -0.0182 0.9926
vn -0.2419 0.1731 0.9547
vn 0.1739 -0.1049 0.9792
vn -0.1322 -0.1608 0.9781
vn -0.1316 -0.1618 0.9780
vn 0.2112 -0.3218 0.9230
vn 0.1738 -0.1049 0.9792
vn 0.4698 -0.3403 0.8145
vn 0.4428 -0.2473 0.8619
vn 0.1082 0.0348 0.9935
vn 0.1801 -0.0312 0.9831
vn 0.5131 -0.2397 0.8242
vn 0.2234 -0.1270 0.9664
vn 0.5538 -0.2025 0.8076
vn 0.3595 -0.0998 0.9278
vn 0.5994 -0.0933 0.7950
vn -0.1251 -0.2352 0.9639
vn 0.2577 -0.3585 0.8972
vn 0.5113 -0.2091 0.8336
vn 0.1118 0.0873 0.9899
vn 0.4955 -0.0598 0.8666
vn 0.1765 0.0831 0.9808
vn 0.5396 -0.0085 0.8419
vn 0.1630 0.0776 0.9836
vn 0.4948 0.0692 0.8663
vn 0.2163 0.1248 0.9683
vn 0.4452 0.1681 0.8795
vn 0.2804 -0.2113 -0.9363
vn 0.2973 -0.2833 -0.9118
vn -0.0263 -0.3268 -0.9447
vn -0.0819 -0.3261 -0.9418
vn 0.3156 -0.3106 -0.8966
vn -0.1182 -0.2532 -0.9602
vn 0.2947 -0.3527 -0.8881
vn -0.1637 -0.2165 -0.9625
vn 0.2797 -0.4478 -0.8492
vn -0.1470 -0.2239 -0.9635
vn 0.0101 -0.5675 -0.8233
vn -0.5431 -0.5030 -0.6723
vn -0.3131 -0.4639 -0.8287
vn 0.1557 -0.3031 -0.9402
vn -0.4064 -0.3682 -0.8362
vn 0.0593 -0.3304 -0.9420
vn -0.0344 -0.2681 -0.9628
vn -0.5069 -0.2328 -0.8300
vn -0.0062 -0.2364 -0.9716
vn -0.0307 -0.2554 -0.9664
vn -0.5029 -0.3217 -0.8022
vn 0.0120 -0.3619 -0.9321
vn -0.1586 -0.5874 -0.7936
vn -0.9127 -0.3730 0.1672
vn -0.7138 -0.6817 0.1607
vn -0.4527 -0.5509 0.7011
vn -0.9829 -0.0583 0.1747
vn -0.9330 -0.2877 0.2163
vn -0.7363 -0.6263 0.2562
vn -0.5915 -0.2962 0.7499
vn -0.5460 -0.2957 0.7838
vn 0.1563 -0.3028 -0.9401
vn 0.4610 -0.1442 -0.8756
vn 0.4448 -0.2058 -0.8717
vn 0.0599 -0.3303 -0.9420
vn 0.4206 -0.1980 -0.8854
vn -0.0061 -0.2369 -0.9715
vn 0.4251 -0.2108 -0.8803
vn 0.4950 -0.2850 -0.8208
vn 0.0120 -0.3620 -0.9321
vn 0.3230 -0.4978 -0.8049
vn -0.1574 -0.5878 -0.7936
vn -0.6535 -0.7474 0.1197
vn -0.0838 -0.9922 0.0927
vn -0.0844 -0.9921 0.0925
vn -0.0833 -0.9922 0.0930
vn 0.3219 -0.9111 0.2576
vn 0.3219 -0.9111 0.2575
vn 0.0193 -0.2771 -0.9607
vn 0.1597 -0.2680 -0.9501
vn 0.0896 -0.2405 -0.9665
vn 0.1387 -0.1753 -0.9747
vn 0.0574 -0.4152 -0.9079
vn 0.2485 -0.2659 -0.9314
vn -0.0497 -0.3921 -0.9186
vn 0.2599 -0.2121 -0.9420
vn 0.1654 -0.4050 -0.8992
vn 0.1220 -0.3820 -0.9161
vn -0.0653 -0.3105 -0.9483
vn 0.2715 -0.0931 -0.9579
vn -0.0263 -0.2430 -0.9697
vn -0.3799 -0.5171 -0.7670
vn -0.2756 -0.5482 -0.7896
vn -0.0985 -0.5817 -0.8074
vn 0.1278 -0.6402 -0.7575
vn 0.3921 -0.2777 -0.8770
vn 0.3412 -0.7157 -0.6094
vn 0.3332 -0.2501 -0.9091
vn 0.4666 -0.3835 -0.7970
vn 0.5817 -0.7319 -0.3548
vn 0.4293 0.0580 -0.9013
vn 0.3663 -0.0122 -0.9304
vn 0.2156 -0.1941 -0.9570
vn 0.1816 -0.5499 -0.8152
vn 0.0839 -0.6722 -0.7356
vn 0.5468 -0.5576 -0.6245
vn 0.1425 -0.5814 -0.8011
vn 0.5624 -0.5559 -0.6120
vn 0.1429 -0.5541 -0.8201
vn 0.6622 -0.5413 -0.5181
vn 0.6643 -0.5411 -0.5157
vn 0.1232 -0.3820 -0.9159
vn 0.1198 -0.3682 -0.9220
vn 0.0699 -0.1814 -0.9809
vn 0.0628 -0.1566 -0.9857
vn 0.0288 -0.0395 -0.9988
vn 0.5850 -0.5577 -0.5889
vn 0.6264 -0.5509 -0.5514
vn 0.4526 -0.5617 -0.6926
vn 0.4054 -0.5562 -0.7255
vn 0.3008 -0.5366 -0.7884
vn 0.2616 -0.5263 -0.8090
vn 0.1425 -0.4475 -0.8829
vn 0.1029 -0.4059 -0.9081
vn 0.0019 -0.2945 -0.9557
vn -0.6554 -0.0548 0.7533
vn -0.8006 -0.0722 0.5949
vn -0.2665 0.3746 0.8880
vn -0.3091 0.4279 0.8493
vn -0.3137 0.3854 0.8678
vn -0.6987 0.0075 0.7154
vn -0.7631 0.0543 0.6440
vn -0.2531 0.3987 0.8815
vn -0.7946 0.1462 0.5893
vn -0.0520 0.3555 0.9332
vn 0.6656 0.3756 0.6449
vn 0.4188 0.6053 0.6769
vn 0.2498 0.7013 0.6677
vn 0.1223 0.7468 0.6537
vn 0.1716 0.6471 0.7429
vn 0.3108 0.4246 0.8504
vn -0.2320 0.1115 0.9663
vn -0.8012 -0.0720 0.5940
vn 0.5306 0.2602 0.8067
vn -0.8008 -0.1377 0.5829
vn -0.1776 -0.1333 0.9750
vn 0.4675 0.3545 0.8098
vn -0.5878 -0.4167 0.6934
vn 0.1569 0.1582 0.9749
vn -0.0847 0.5630 0.8221
vn -0.8844 0.0984 0.4563
vn -0.4138 0.5304 0.7399
vn -0.8719 0.0471 0.4874
vn 0.7782 -0.2397 0.5804
vn 0.9688 -0.1962 0.1513
vn 0.6504 -0.2409 0.7204
vn 0.6503 -0.4364 0.6219
vn 0.6673 -0.3447 0.6602
vn 0.3044 -0.3228 0.8962
vn 0.9480 -0.2917 0.1276
vn 0.9584 -0.2630 0.1112
vn -0.0454 -0.2239 0.9736
vn -0.2891 -0.0530 0.9558
vn 0.6869 -0.3223 0.6513
vn 0.9654 -0.2453 0.0882
vn -0.7892 -0.0163 0.6140
vn -0.8602 0.1526 0.4865
vn -0.0511 -0.2436 0.9685
vn 0.7353 -0.2765 0.6187
vn 0.9783 -0.1864 0.0905
vn -0.0304 -0.1912 0.9811
vn 0.7660 -0.2254 0.6021
vn 0.9833 0.1204 0.1364
vn -0.7560 -0.1240 0.6427
vn -0.9037 0.4225 0.0695
vn -0.9800 0.1510 0.1294
vn -0.5209 0.3393 0.7833
vn -0.7534 -0.0585 0.6550
vn -0.0100 -0.1909 0.9816
vn -0.9986 0.0075 -0.0528
vn 0.8357 0.1444 0.5298
vn 0.8805 0.1070 0.4619
vn 0.9799 0.1917 0.0550
vn 0.5825 0.2789 0.7635
vn 0.5025 0.1519 0.8511
vn -0.1384 -0.0558 0.9888
vn -0.7576 -0.0000 0.6527
vn -0.5157 0.0840 0.8526
vn -0.8772 0.1729 0.4479
vn -0.9938 0.1005 -0.0480
vn -0.9751 0.2054 -0.0842
vn -0.7804 0.0823 -0.6199
vn -0.9993 0.0058 -0.0369
vn -0.6715 0.0578 -0.7387
vn -0.9963 -0.0806 -0.0284
vn -0.1503 0.3037 -0.9408
vn -0.0980 0.1800 -0.9788
vn 0.3798 0.1786 -0.9076
vn -0.6969 -0.0064 -0.7171
vn -0.7107 0.0256 -0.7030
vn 0.2784 0.1748 -0.9444
vn 0.7058 0.2669 -0.6562
vn -0.0180 -0.0459 -0.9988
vn -0.7073 -0.0857 -0.7017
vn -0.0798 -0.0018 -0.9968
vn -0.6142 0.3514 -0.7066
vn -0.4478 0.7616 -0.4685
vn 0.6588 0.2119 -0.7219
vn 0.9152 0.2904 -0.2793
vn 0.5154 -0.1082 -0.8501
vn -0.0790 -0.0664 -0.9947
vn -0.4160 0.4954 -0.7626
vn 0.0185 0.7710 -0.6366
vn 0.9252 0.2310 -0.3011
vn 0.9799 0.1918 0.0548
vn 0.9835 0.1198 0.1353
vn 0.9784 -0.1862 0.0893
vn 0.9088 -0.1640 -0.3836
vn 0.9656 -0.2451 0.0870
vn 0.4622 -0.1389 -0.8758
vn 0.8879 -0.2105 -0.4090
vn 0.9586 -0.2628 0.1099
vn 0.8686 -0.2212 -0.4433
vn 0.9482 -0.2914 0.1264
vn -0.0983 -0.1365 -0.9858
vn 0.4260 -0.1887 -0.8848
vn 0.8813 -0.1896 -0.4328
vn 0.9690 -0.1960 0.1503
vn 0.4467 -0.0720 -0.8918
vn 0.8798 -0.1678 -0.4446
vn 0.7153 0.3842 -0.5837
vn 0.4629 0.1516 -0.8733
vn 0.4656 0.3316 -0.8205
vn 0.2214 0.7058 -0.6729
vn -0.0101 0.2756 -0.9612
vn 0.0534 0.4670 -0.8826
vn 0.0994 0.7690 -0.6315
vn -0.1051 0.4634 -0.8799
vn 0.1069 0.4645 -0.8791
vn -0.4168 0.6913 -0.5902
vn -0.4224 0.7677 -0.4819
vn -0.5032 0.7154 -0.4848
vn -0.4538 0.3899 -0.8013
vn -0.5833 0.7451 -0.3234
vn -0.7285 0.4226 -0.5391
vn -0.8917 0.3619 -0.2719
vn -0.6600 0.7404 -0.1274
vn -0.9463 0.3184 0.0558
vn -0.7664 0.6266 0.1415
vn -0.8464 0.2260 0.4822
vn -0.7031 0.5821 0.4083
vn -0.5767 0.3126 0.7548
vn -0.5965 0.6083 0.5236
vn -0.5365 0.6250 0.5671
vn -0.3423 0.3624 0.8669
vn -0.5030 0.5891 0.6324
vn 0.1437 0.3030 0.9421
vn 0.0142 -0.6515 -0.7585
vn 0.0143 -0.6515 -0.7585
vn -0.0190 -0.5346 -0.8449
vn -0.0158 -0.5465 -0.8373
vn -0.0011 -0.2621 -0.9650
vn 0.0135 -0.2132 -0.9769
vn 0.1843 -0.0891 -0.9788
vn 0.2005 -0.0943 -0.9751
vn 0.3237 -0.1332 -0.9367
vn 0.3238 -0.1333 -0.9367
vn 0.7899 -0.0300 0.6125
vn 0.6479 -0.3224 0.6902
vn 0.4061 -0.6514 0.6409
vn 0.3730 -0.5542 0.7441
vn 0.3211 -0.2768 0.9057
vn 0.6333 -0.1623 0.7567
vn 0.4499 -0.1807 0.8746
vn 0.7261 -0.1181 0.6773
vn 0.5941 -0.2296 0.7709
vn 0.9943 -0.1068 0.0074
vn 0.9800 0.1911 0.0548
vn 0.9836 -0.1499 0.1000
vn 0.8804 0.1063 0.4621
vn 0.8356 -0.1993 0.5120
vn 0.5824 0.2783 0.7638
vn 0.8061 -0.5917 0.0090
vn 0.3946 -0.1466 0.9071
vn -0.1370 -0.0556 0.9890
vn 0.5641 -0.5950 0.5725
vn 0.0002 -0.9983 -0.0582
vn -0.1851 0.0180 0.9826
vn -0.5152 0.0844 0.8529
vn 0.0741 -0.2663 0.9610
vn -0.0087 -0.4931 0.8699
vn -0.0043 -0.8992 0.4375
vn -0.5610 -0.6082 0.5616
vn -0.7956 -0.6057 0.0097
vn -0.6241 0.1219 0.7718
vn -0.3114 0.0263 0.9499
vn -0.1251 -0.0484 0.9910
vn -0.8283 -0.2082 0.5201
vn -0.9846 -0.1336 0.1129
vn -0.8465 0.2253 0.4823
vn -0.3737 -0.1731 0.9113
vn -0.3420 0.3620 0.8672
vn -0.0640 -0.2617 0.9630
vn 0.1472 0.0298 0.9887
vn 0.1438 0.3029 0.9421
vn 0.6062 0.1538 0.7803
vn 0.4948 0.0694 0.8662
vn 0.5491 -0.0800 0.8319
vn 0.5625 -0.0551 0.8250
vn 0.2874 0.0726 0.9551
vn 0.5339 0.2031 0.8208
vn 0.5915 0.2350 0.7713
vn 0.1511 -0.0376 0.9878
vn 0.3417 0.0993 0.9345
vn 0.5339 0.1581 0.8307
vn 0.6480 0.2754 0.7101
vn 0.3719 0.5709 0.7319
vn 0.1633 0.0759 0.9837
vn -0.0028 -0.0532 0.9986
vn 0.0025 0.0607 0.9982
vn -0.1369 0.0787 0.9875
vn -0.3223 0.1144 0.9397
vn -0.6333 0.1333 0.7623
vn -0.6493 0.1667 0.7420
vn -0.8867 0.1999 0.4169
vn -0.8891 0.2154 0.4039
vn -0.8869 0.2273 0.4021
vn -0.9588 0.2831 -0.0220
vn -0.9671 0.2456 -0.0658
vn -0.9812 0.1885 -0.0411
vn -0.9723 0.2020 -0.1180
vn -0.9751 0.2056 -0.0835
vn 0.9036 0.4226 0.0700
vn 0.9800 0.1510 0.1294
vn 0.5209 0.3394 0.7833
vn 0.8596 0.1539 0.4873
vn 0.7898 -0.0173 0.6131
vn 0.9984 0.0100 -0.0551
vn 0.2807 -0.0528 0.9583
vn 0.7474 -0.1374 0.6500
vn 0.9942 -0.1072 0.0085
vn 0.7266 -0.1180 0.6769
vn 0.0442 -0.2293 0.9724
vn -0.3015 -0.3261 0.8960
vn 0.7274 -0.0679 0.6828
vn 0.6336 -0.1621 0.7565
vn -0.6277 -0.4113 0.6609
vn -0.5964 -0.2470 0.7638
vn 0.0625 -0.2447 0.9676
vn -0.9438 -0.2855 0.1664
vn -0.6599 -0.3268 0.6765
vn 0.7290 -0.0519 0.6825
vn 0.6483 -0.3220 0.6900
vn 0.7899 -0.0299 0.6125
vn 0.6683 -0.0538 0.7419
vn 0.8066 0.1956 0.5579
vn 0.3188 -0.2009 0.9263
vn 0.0177 -0.2022 0.9792
vn -0.3661 -0.1996 0.9089
vn 0.0437 -0.1881 0.9812
vn -0.7473 -0.2309 0.6231
vn -0.8186 -0.1825 0.5447
vn -0.9690 -0.2100 0.1298
vn -0.7243 -0.2721 0.6336
vn -0.9744 -0.1953 0.1113
vn -0.9314 -0.1733 -0.3201
vn -0.6756 -0.3230 0.6627
vn -0.9163 -0.1633 -0.3656
vn -0.5921 -0.1120 -0.7981
vn -0.9634 -0.2450 0.1085
vn -0.9552 -0.2673 0.1273
vn -0.5309 -0.1044 -0.8410
vn -0.1465 -0.0425 -0.9883
vn -0.8963 -0.2146 -0.3880
vn -0.9554 -0.2646 0.1308
vn -0.4608 -0.1456 -0.8755
vn -0.8669 -0.2279 -0.4433
vn 0.0566 -0.0365 -0.9977
vn 0.3900 0.0472 -0.9196
vn -0.8778 -0.1716 -0.4473
vn -0.8770 -0.1034 -0.4693
vn -0.7771 0.2977 -0.5545
vn -0.4312 -0.0589 -0.9003
vn -0.4913 0.2918 -0.8207
vn -0.2211 0.6946 -0.6846
vn 0.1135 -0.0644 -0.9914
vn 0.6859 0.0680 -0.7245
vn 0.6339 0.1561 -0.7575
vn 0.7758 0.1620 -0.6098
vn 0.8934 0.1024 -0.4374
vn 0.8985 0.0253 -0.4382
vn 0.6967 0.0050 -0.7173
vn 0.7031 -0.0788 -0.7067
vn 0.9942 -0.1071 0.0073
vn 0.9984 0.0101 -0.0563
vn 0.1179 -0.1248 -0.9851
vn 0.7043 0.0427 -0.7086
vn 0.9035 0.4230 0.0692
vn -0.4152 -0.1905 -0.8896
vn 0.0814 0.0225 -0.9964
vn 0.6142 0.3514 -0.7066
vn 0.4478 0.7615 -0.4686
vn 0.0137 0.2826 -0.9591
vn 0.4160 0.4954 -0.7626
vn -0.0185 0.7710 -0.6366
vn -0.0460 0.4659 -0.8836
vn -0.0982 0.7678 -0.6331
vn -0.4675 0.1746 -0.8666
vn -0.9721 0.2019 -0.1192
vn -0.9750 0.2054 -0.0847
vn -0.8065 0.0190 -0.5909
vn -0.8020 0.0813 -0.5917
vn -0.9812 0.1885 -0.0423
vn -0.3141 -0.2509 -0.9156
vn -0.0983 0.1794 -0.9789
vn -0.8022 0.1702 -0.5723
vn -0.9671 0.2456 -0.0670
vn 0.2562 -0.3734 -0.8916
vn 0.3795 0.1774 -0.9080
vn -0.3577 -0.1748 -0.9173
vn 0.7003 -0.0774 -0.7096
vn 0.7059 0.2657 -0.6567
vn 0.9416 -0.1265 -0.3121
vn 0.9151 0.2910 -0.2792
vn 0.9838 -0.1497 0.0988
vn 0.8063 -0.5914 0.0081
vn 0.7504 -0.5884 -0.3011
vn 0.0002 -0.9982 -0.0594
vn 0.5931 -0.4930 -0.6365
vn 0.1720 -0.4018 -0.8994
vn -0.0270 -0.5261 -0.8500
vn -0.0308 -0.8892 -0.4564
vn -0.0197 -0.9669 -0.2544
vn -0.7532 -0.5955 -0.2793
vn -0.7957 -0.6056 0.0089
vn 0.0637 -0.0088 -0.9979
vn -0.6112 -0.5076 -0.6073
vn -0.9523 -0.1275 -0.2774
vn -0.9848 -0.1333 0.1117
vn -0.9463 0.3183 0.0558
vn -0.7285 0.4227 -0.5391
vn -0.7152 -0.1345 -0.6859
vn -0.4537 0.3894 -0.8016
vn -0.1349 -0.3408 -0.9304
vn -0.1055 0.4639 -0.8796
vn -0.1390 -0.3890 -0.9107
vn 0.4191 -0.2223 -0.8803
vn 0.1056 0.4651 -0.8789
vn 0.4177 -0.1728 -0.8920
vn 0.7390 -0.1755 -0.6505
vn 0.3698 0.2733 -0.8880
vn 0.7641 -0.0678 -0.6415
vn -0.0541 -0.0174 -0.9984
vn 0.7569 0.0704 -0.6498
vn 0.5456 -0.0483 -0.8366
vn 0.3870 0.0542 -0.9205
vn 0.7400 0.2426 -0.6273
vn 0.5953 -0.0040 -0.8035
vn 0.5164 0.2077 -0.8308
vn 0.3920 0.2421 -0.8876
vn 0.3744 0.3385 -0.8633
vn -0.0029 0.1692 -0.9856
vn 0.0105 0.2323 -0.9726
vn -0.0058 0.1244 -0.9922
vn -0.0039 0.1746 -0.9846
vn -0.0078 0.2186 -0.9758
vn -0.0118 -0.0614 -0.9980
vn 0.0060 0.1636 -0.9865
vn -0.3858 0.3169 -0.8664
vn -0.4176 0.0794 -0.9052
vn -0.3878 0.2530 -0.8864
vn -0.8008 0.2672 -0.5360
vn -0.7965 0.3226 -0.5115
vn -0.9588 0.2832 -0.0232
vn 0.1814 0.8445 0.5040
vn 0.1814 0.8445 0.5039
vn 0.1803 0.8449 0.5036
vn 0.1804 0.8450 0.5035
vn 0.2531 0.1937 0.9479
vn 0.2530 0.1937 0.9479
vn 0.3405 0.1395 0.9298
vn 0.3307 0.1453 0.9325
vn 0.3760 0.1977 0.9053
vn 0.4368 0.3054 0.8461
vn 0.8039 0.5797 -0.1327
vn 0.5477 0.1974 -0.8130
vn 0.8040 0.5798 -0.1321
vn 0.5508 0.1742 -0.8162
vn 0.5273 -0.0170 -0.8495
vn 0.5269 -0.0175 -0.8497
vn 0.4149 -0.1561 -0.8964
vn 0.3531 -0.2240 -0.9084
vn 0.5510 0.1736 -0.8162
vn 0.4154 -0.1557 -0.8962
vn -0.8717 0.2162 0.4398
vn -0.8591 0.3222 0.3977
vn -0.8717 0.2167 0.4394
vn -0.8526 0.3553 0.3832
vn -0.8223 0.4637 0.3298
vn -0.8223 0.4638 0.3297
vn 0.6686 0.7424 -0.0422
vn 0.7146 0.6447 -0.2715
vn 0.7017 0.6887 -0.1823
vn 0.7238 0.4727 -0.5026
vn 0.7243 0.4880 -0.4870
vn 0.7122 0.3690 -0.5972
vn -0.1790 0.4470 -0.8764
vn -0.2679 0.4442 -0.8549
vn -0.5675 0.4029 -0.7180
vn 0.1866 0.4208 -0.8878
vn -0.9995 -0.0035 0.0324
vn -0.9935 -0.0866 0.0735
vn -0.9882 -0.1230 0.0913
vn -0.9992 0.0382 0.0117
vn 0.2195 -0.6889 -0.6908
vn 0.2132 -0.6854 -0.6962
vn 0.2196 -0.6891 -0.6906
vn 0.0262 -0.6674 -0.7442
vn 0.0591 -0.6599 -0.7490
vn -0.0685 -0.7041 -0.7068
vn -0.0674 -0.7028 -0.7082
vn -0.0913 -0.7509 -0.6541
vn -0.0819 -0.7947 -0.6014
vn -0.0806 -0.8282 -0.5547
vn -0.0890 -0.8726 -0.4802
vn -0.0920 -0.8877 -0.4511
vn -0.0807 -0.8285 -0.5542
vn 0.0091 -1.0000 -0.0034
vn 0.0080 -1.0000 -0.0047
vn 0.0078 -1.0000 -0.0049
vn 0.0084 -1.0000 -0.0035
vn 0.0109 -0.9999 0.0015
vn 0.0113 -0.9999 0.0020
vn 0.0184 -0.9997 0.0147
vn 0.0228 -0.9931 0.1152
vn 0.0230 -0.9929 0.1163
vn 0.0507 -0.9714 0.2318
vn 0.0012 -0.9998 0.0213
vn 0.0011 -0.9998 0.0206
vn -0.0503 -0.9885 -0.1425
vn -0.0541 -0.9867 -0.1534
vn -0.0943 -0.9646 -0.2464
vn -0.0948 -0.9650 -0.2445
vn -0.0766 -0.9843 -0.1590
vn 0.8706 0.0944 -0.4828
vn 0.8940 0.0701 -0.4425
vn 0.9174 0.0772 -0.3905
vn 0.9508 0.0318 -0.3082
vn 0.9525 0.0644 -0.2975
vn 0.9134 0.1083 -0.3923
vn 0.9465 0.2040 -0.2500
vn 0.8031 0.4649 -0.3727
vn 0.5246 0.4754 -0.7063
vn 0.4770 0.5503 -0.6853
vn 0.9326 0.0834 -0.3511
vn 0.2460 0.7776 -0.5786
vn 0.6616 0.7479 -0.0542
vn -0.1624 0.8814 -0.4437
vn 0.7317 0.5830 0.3530
vn 0.8921 0.3479 -0.2882
vn 0.8987 0.2221 -0.3782
vn 0.9288 0.3060 -0.2090
vn 0.9199 0.3911 -0.0284
vn 0.7683 0.6395 0.0268
vn 0.1080 0.8569 0.5041
vn 0.8734 0.4783 -0.0921
vn 0.8774 0.4487 0.1695
vn 0.6414 0.7639 0.0711
vn 0.7888 0.5858 0.1859
vn 0.1272 0.6417 0.7563
vn 0.6614 0.7481 -0.0540
vn 0.0391 0.9308 0.3634
vn -0.6393 0.6855 0.3484
vn -0.5622 0.6956 -0.4473
vn -0.5496 0.4279 0.7176
vn -0.9528 0.3017 0.0337
vn -0.7053 0.4293 -0.5641
vn -0.8324 0.5463 -0.0932
vn 0.0353 0.7394 0.6724
vn 0.2382 0.6935 0.6799
vn -0.7532 0.2781 0.5961
vn -0.9030 0.1595 0.3989
vn -0.9687 0.0359 0.2456
vn -0.7414 0.5006 0.4468
vn -0.9140 0.2566 0.3142
vn -0.7254 0.5619 0.3975
vn -0.9272 0.3322 -0.1728
vn -0.7273 0.6629 0.1780
vn -0.6533 0.7556 0.0467
vn -0.8294 0.4403 -0.3439
vn -0.7747 0.0109 -0.6323
vn -0.9309 -0.0191 -0.3648
vn -0.9778 -0.0548 0.2022
vn -0.9258 -0.1340 0.3534
vn -0.9038 -0.0563 0.4241
vn -0.9703 -0.0989 0.2208
vn -0.9784 -0.1736 0.1122
vn -0.9751 0.1252 0.1831
vn -0.9937 0.0117 0.1111
vn -0.9307 0.1599 0.3289
vn -0.8663 0.3087 0.3928
vn -0.6140 0.6499 0.4479
vn -0.6874 0.4469 0.5724
vn 0.0605 0.9419 0.3305
vn 0.0738 0.9031 0.4231
vn -0.4953 0.7490 0.4401
vn 0.5693 0.8063 0.1608
vn 0.1804 0.1372 -0.9740
vn 0.1798 0.1374 -0.9740
vn 0.1809 0.1370 -0.9739
vn 0.7595 0.6374 0.1296
vn 0.7333 0.6708 0.1107
vn 0.7596 0.6374 0.1296
vn 0.7215 0.6848 0.1025
vn 0.5332 0.8460 -0.0071
vn 0.5213 0.8533 -0.0133
vn 0.3415 0.9346 -0.0992
vn -0.1627 0.8808 -0.4446
vn 0.0392 0.9308 0.3634
vn 0.6618 0.7478 -0.0529
vn -0.5612 0.6960 -0.4479
vn -0.2531 0.1937 0.9479
vn -0.6756 -0.1094 0.7291
vn -0.3405 0.1395 0.9298
vn -0.6191 0.0006 0.7853
vn -0.3760 0.1977 0.9053
vn -0.6145 0.1749 0.7693
vn -0.2367 -0.2402 0.9414
vn -0.8039 0.5798 -0.1327
vn -0.7880 0.0360 0.6146
vn -0.2496 -0.4049 0.8796
vn -0.1761 -0.0387 0.9836
vn -0.1600 0.0521 0.9857
vn 0.4849 -0.1721 0.8575
vn -0.1613 0.0524 0.9855
vn 0.4880 -0.3120 0.8152
vn 0.4722 -0.4287 0.7702
vn 0.4441 -0.4925 0.7485
vn -0.2407 -0.4903 0.8377
vn -0.2138 -0.5207 0.8266
vn -0.5477 0.1974 -0.8130
vn -0.5508 0.1742 -0.8162
vn -0.8040 0.5798 -0.1321
vn -0.5345 -0.0087 -0.8451
vn -0.4351 -0.1387 -0.8896
vn -0.3834 -0.1991 -0.9019
vn 0.8704 0.1992 0.4503
vn 0.8704 0.1998 0.4500
vn 0.8560 0.3044 0.4179
vn 0.8482 0.3413 0.4051
vn 0.8165 0.4498 0.3620
vn 0.8166 0.4496 0.3618
vn -0.6686 0.7424 -0.0422
vn -0.7146 0.6447 -0.2715
vn -0.7017 0.6888 -0.1823
vn -0.7238 0.4728 -0.5026
vn -0.7243 0.4880 -0.4870
vn -0.7122 0.3690 -0.5972
vn 0.2686 0.4442 -0.8547
vn 0.1866 0.4469 -0.8749
vn 0.5675 0.4029 -0.7180
vn -0.1762 0.4224 -0.8891
vn 0.9995 -0.0035 0.0324
vn 0.9882 -0.1230 0.0913
vn 0.9935 -0.0866 0.0735
vn 0.9992 0.0382 0.0117
vn -0.2955 -0.6111 -0.7343
vn -0.3090 -0.6073 -0.7319
vn -0.3095 -0.6068 -0.7321
vn -0.0332 -0.6621 -0.7487
vn -0.0591 -0.6599 -0.7490
vn 0.0685 -0.7042 -0.7067
vn 0.0674 -0.7028 -0.7082
vn 0.0914 -0.7508 -0.6541
vn 0.0819 -0.7947 -0.6014
vn 0.0806 -0.8282 -0.5547
vn 0.0890 -0.8726 -0.4802
vn 0.0807 -0.8285 -0.5541
vn 0.0920 -0.8877 -0.4511
vn -0.0080 -1.0000 -0.0047
vn -0.0086 -1.0000 -0.0036
vn -0.0077 -1.0000 -0.0050
vn -0.0108 -0.9999 0.0020
vn -0.0110 -0.9999 0.0013
vn -0.0168 -0.9998 0.0134
vn -0.0229 -0.9929 0.1167
vn -0.0228 -0.9931 0.1152
vn -0.0507 -0.9714 0.2318
vn -0.0012 -0.9998 0.0213
vn -0.0011 -0.9998 0.0206
vn 0.0502 -0.9885 -0.1425
vn 0.0541 -0.9867 -0.1534
vn 0.0949 -0.9649 -0.2450
vn 0.0948 -0.9650 -0.2445
vn 0.0766 -0.9843 -0.1590
vn -0.8528 0.0828 -0.5156
vn -0.8528 0.0827 -0.5156
vn -0.8827 0.0621 -0.4659
vn -0.9103 0.0714 -0.4078
vn -0.9508 0.0318 -0.3082
vn -0.9525 0.0644 -0.2975
vn -0.9442 0.0439 -0.3263
vn -0.9465 0.2040 -0.2500
vn -0.9326 0.0834 -0.3511
vn -0.9606 0.2776 0.0158
vn -0.8921 0.3479 -0.2882
vn -0.8987 0.2221 -0.3782
vn -0.9288 0.3060 -0.2090
vn -0.8734 0.4783 -0.0921
vn -0.8774 0.4487 0.1695
vn -0.7683 0.6395 0.0268
vn -0.9199 0.3911 -0.0284
vn -0.7318 0.5830 0.3530
vn -0.1080 0.8569 0.5041
vn -0.7847 0.4001 0.4735
vn -0.1272 0.6417 0.7563
vn -0.2678 0.4271 0.8637
vn 0.3561 0.2979 0.8857
vn 0.5496 0.4279 0.7176
vn 0.8221 0.0511 0.5670
vn -0.6414 0.7639 0.0711
vn 0.9030 0.1595 0.3989
vn 0.9250 -0.0183 0.3796
vn -0.7888 0.5858 0.1859
vn 0.7415 0.5006 0.4468
vn -0.0353 0.7394 0.6724
vn -0.2382 0.6935 0.6799
vn 0.7532 0.2781 0.5961
vn -0.5693 0.8063 0.1608
vn -0.0605 0.9419 0.3305
vn -0.0738 0.9031 0.4231
vn 0.6873 0.4472 0.5724
vn 0.6140 0.6499 0.4479
vn 0.4953 0.7490 0.4401
vn 0.8663 0.3087 0.3928
vn 0.9307 0.1599 0.3289
vn 0.9751 0.1252 0.1831
vn 0.9937 0.0117 0.1111
vn 0.9784 -0.1736 0.1122
vn 0.9703 -0.0989 0.2208
vn 0.9258 -0.1340 0.3534
vn 0.9140 0.2567 0.3142
vn 0.6118 0.5756 0.5425
vn 0.7254 0.5619 0.3975
vn 0.9778 -0.0548 0.2022
vn 0.9038 -0.0563 0.4241
vn 0.9309 -0.0191 -0.3648
vn 0.9272 0.3322 -0.1729
vn 0.7273 0.6628 0.1780
vn 0.7747 0.0109 -0.6323
vn 0.6533 0.7556 0.0467
vn 0.8294 0.4403 -0.3439
vn -0.2332 0.1145 -0.9657
vn -0.2326 0.1146 -0.9658
vn -0.2332 0.1144 -0.9657
vn -0.7002 0.6750 0.2327
vn -0.6988 0.6942 0.1725
vn -0.6972 0.7025 0.1430
vn -0.5332 0.8460 -0.0071
vn -0.5213 0.8533 -0.0133
vn -0.3415 0.9346 -0.0992
vn -0.4698 0.4767 -0.7430
vn -0.4697 0.4767 -0.7430
vn -0.4474 0.5548 -0.7015
vn -0.4485 0.5514 -0.7034
vn -0.2460 0.7776 -0.5786
vn -0.2421 0.7798 -0.5773
vn 0.1624 0.8814 -0.4437
vn 0.2395 0.8692 -0.4326
vn 0.1627 0.8808 -0.4446
vn -0.2416 0.7800 -0.5773
vn 0.5612 0.6960 -0.4479
vn 0.5629 0.6949 -0.4475
vn 0.5622 0.6956 -0.4473
vn 0.2406 0.8692 -0.4319
vn 0.7021 0.4474 -0.5539
vn 0.7053 0.4293 -0.5641
vn 0.7177 0.3173 -0.6199
vn 0.7181 0.3170 -0.6195
vn -0.2706 0.6633 0.6977
vn -0.2452 0.5805 0.7765
vn -0.0850 0.6244 0.7765
vn -0.0592 0.7294 0.6815
vn -0.0284 0.6686 0.7431
vn -0.2818 0.7776 0.5621
vn -0.0297 0.7477 0.6633
vn -0.2729 0.6458 0.7131
vn -0.0250 0.8414 0.5398
vn -0.2656 0.8091 0.5242
vn -0.0100 0.8662 0.4996
vn -0.0594 0.8398 0.5396
vn -0.0678 0.8631 0.5005
vn -0.3184 0.6977 0.6417
vn -0.3914 0.6020 0.6960
vn -0.4209 0.6665 0.6153
vn -0.3768 0.7532 0.5391
vn -0.3896 0.7642 0.5140
vn -0.4116 0.7373 0.5358
vn -0.3877 0.7608 0.5205
vn -0.0641 -0.1611 0.9849
vn -0.0638 -0.1606 0.9850
vn -0.0259 -0.1735 0.9845
vn -0.0147 -0.1770 0.9841
vn 0.0724 -0.2277 0.9710
vn 0.0773 -0.2312 0.9698
vn -0.0159 -0.3757 0.9266
vn -0.0226 -0.3809 0.9243
vn -0.1644 -0.4714 0.8665
vn 0.5456 0.4737 0.6913
vn 0.6487 0.4769 0.5930
vn 0.6601 0.4766 0.5806
vn 0.7842 0.4657 0.4100
vn 0.8006 0.4629 0.3804
vn 0.8654 0.4682 0.1785
vn 0.8753 0.4713 0.1082
vn 0.8521 0.5233 -0.0088
vn 0.8589 0.5120 -0.0119
vn 0.7876 0.6155 -0.0300
vn 0.7884 0.6144 -0.0292
vn 0.7832 0.6108 -0.1157
vn 0.7808 0.6146 -0.1120
vn 0.8856 0.4056 -0.2263
vn 0.8965 0.3738 -0.2377
vn 0.9355 0.1926 -0.2962
vn 0.9353 0.1948 -0.2955
vn -0.2828 0.9141 -0.2905
vn -0.2493 0.9352 -0.2515
vn -0.1697 0.9026 -0.3956
vn -0.2099 0.8680 -0.4499
vn 0.0208 0.7503 -0.6607
vn -0.1461 0.9121 -0.3831
vn -0.0825 0.7117 -0.6977
vn -0.1405 0.7904 -0.5963
vn -0.2436 0.7972 -0.5524
vn -0.1713 0.9177 -0.3584
vn -0.7464 0.6629 0.0592
vn -0.1484 0.6418 -0.7524
vn -0.1867 0.3968 -0.8987
vn -0.1818 0.4637 -0.8671
vn -0.0461 0.5252 -0.8497
vn 0.1222 0.6499 -0.7501
vn -0.1900 0.2729 -0.9431
vn -0.2156 0.2713 -0.9380
vn -0.0921 0.2600 -0.9612
vn -0.4694 0.5537 -0.6878
vn -0.2318 0.3140 -0.9207
vn -0.7476 0.6571 -0.0963
vn -0.6221 0.3233 -0.7131
vn -0.8439 0.1203 -0.5228
vn -0.8862 0.4633 -0.0105
vn -0.9903 0.1379 0.0147
vn -0.9840 -0.1062 0.1428
vn -0.9324 -0.0347 0.3599
vn -0.8823 0.2164 0.4181
vn -0.8842 0.3529 0.3061
vn -0.8746 0.3380 0.3476
vn -0.8771 0.2600 0.4038
vn -0.8890 0.2355 0.3926
vn -0.9171 0.1807 0.3554
vn -0.9186 0.1787 0.3526
vn -0.9272 0.1670 0.3354
vn 0.2189 -0.7043 0.6754
vn 0.2581 -0.7994 0.5425
vn 0.1930 -0.7627 0.6173
vn 0.1997 -0.6584 0.7257
vn 0.1004 -0.6958 0.7112
vn 0.2052 -0.5902 0.7808
vn 0.2382 -0.4674 0.8513
vn 0.2955 -0.4110 0.8624
vn 0.3163 -0.3148 0.8949
vn 0.1697 -0.5035 0.8472
vn 0.2224 -0.3406 0.9135
vn 0.1296 -0.3528 0.9267
vn -0.6802 -0.0325 -0.7323
vn -0.5765 -0.1245 -0.8075
vn -0.5728 -0.1275 -0.8097
vn -0.5198 -0.1606 -0.8391
vn -0.5334 -0.1486 -0.8327
vn -0.6007 -0.0852 -0.7950
vn 0.2881 0.0285 -0.9572
vn 0.2976 -0.0579 -0.9529
vn 0.2974 -0.0558 -0.9531
vn 0.3053 -0.1492 -0.9405
vn 0.1116 -0.1871 -0.9760
vn 0.4675 -0.2244 -0.8550
vn 0.5296 -0.1416 -0.8364
vn 0.1694 -0.2309 -0.9581
vn 0.1802 -0.2037 -0.9623
vn 0.5800 0.1321 -0.8038
vn 0.1761 -0.1641 -0.9706
vn 0.1869 -0.1772 -0.9663
vn 0.6068 0.2349 -0.7593
vn 0.2955 -0.1913 -0.9360
vn 0.6676 -0.1266 -0.7337
vn 0.1503 0.0700 0.9862
vn 0.0842 -0.0046 0.9964
vn -0.2833 0.0265 0.9587
vn -0.2094 -0.0252 0.9775
vn -0.1201 0.0409 0.9919
vn 0.1917 0.2361 0.9526
vn -0.1897 0.0505 0.9805
vn -0.1352 -0.0042 0.9908
vn -0.0288 -0.0420 0.9987
vn 0.2530 0.2631 0.9310
vn 0.2586 -0.0653 0.9638
vn -0.0600 -0.2483 0.9668
vn 0.2578 -0.0663 0.9639
vn -0.3774 -0.2962 0.8774
vn -0.1357 -0.0046 0.9907
vn -0.4281 -0.1387 0.8930
vn -0.1908 0.0501 0.9803
vn -0.4899 -0.0998 0.8660
vn -0.1207 0.0407 0.9919
vn -0.2099 -0.0252 0.9774
vn -0.4685 -0.0778 0.8800
vn -0.2844 0.0266 0.9583
vn -0.4755 0.0425 0.8787
vn 0.9057 0.4183 0.0683
vn 0.9727 -0.2187 0.0773
vn 0.9785 -0.1910 0.0780
vn 0.8939 0.4433 0.0666
vn 0.9098 0.4086 0.0727
vn 0.9083 0.4120 0.0725
vn 0.9845 -0.0974 0.1458
vn 0.9850 -0.0937 0.1448
vn 0.8535 -0.4960 0.1596
vn 0.8767 -0.4621 0.1337
vn 0.8077 -0.5745 0.1327
vn 0.8022 -0.5345 0.2659
vn 0.8753 -0.4835 -0.0079
vn 0.9347 -0.3553 -0.0118
vn 0.7446 -0.6138 0.2624
vn 0.6187 -0.7728 -0.1415
vn 0.8421 -0.5388 0.0240
vn 0.7934 -0.5575 0.2443
vn 0.9660 -0.0995 0.2386
vn 0.9685 -0.0848 0.2341
vn 0.9409 0.3092 0.1381
vn 0.9435 0.3008 0.1391
vn 0.9732 0.1230 0.1942
vn 0.9723 0.1331 0.1923
vn 0.9432 -0.2233 0.2459
vn 0.9432 -0.2234 0.2460
vn 0.7930 -0.5676 0.2216
vn 0.2391 -0.6310 0.7380
vn 0.5443 -0.3024 0.7825
vn 0.6232 -0.2821 0.7294
vn 0.7292 -0.0948 0.6777
vn 0.9330 -0.2877 0.2163
vn 0.9829 -0.0583 0.1748
vn 0.7792 0.0477 0.6249
vn 0.9127 -0.3730 0.1672
vn 0.8010 -0.2541 0.5420
vn 0.4527 -0.5509 0.7011
vn 0.7138 -0.6817 0.1607
vn 0.1219 -0.9577 -0.2605
vn 0.7118 -0.5556 -0.4296
vn 0.9346 -0.2377 -0.2645
vn 0.8756 -0.4620 -0.1414
vn 0.8771 -0.4769 -0.0571
vn 0.7707 -0.4324 -0.4680
vn 0.5793 -0.5802 -0.5725
vn -0.2490 -0.8136 -0.5254
vn 0.2394 -0.6305 0.7383
vn -0.8616 -0.3224 0.3920
vn -0.9486 -0.1495 0.2788
vn -0.5645 -0.4309 -0.7040
vn -0.9727 -0.0801 0.2179
vn 0.4135 -0.3671 -0.8332
vn -0.5809 -0.5565 -0.5941
vn -0.9548 -0.1960 0.2235
vn -0.7589 -0.6498 -0.0431
vn -0.2940 0.3030 0.9065
vn 0.4936 -0.7167 -0.4926
vn 0.2807 -0.5731 -0.7699
vn 0.9877 -0.1440 -0.0605
vn 0.8545 0.1326 0.5022
vn 0.9999 0.0163 -0.0000
vn 0.9964 0.0702 0.0481
vn 0.9984 0.0225 0.0519
vn 0.9823 0.1860 0.0241
vn 0.9416 0.3334 0.0466
vn 0.9678 0.1794 0.1766
vn 0.9508 -0.3037 -0.0614
vn 0.9110 0.0067 0.4123
vn 0.8813 -0.4521 0.1374
vn 0.7982 -0.4076 -0.4436
vn 0.8575 -0.3338 -0.3915
vn 0.8860 -0.3386 -0.3169
vn 0.4812 -0.1464 -0.8643
vn 0.3922 -0.2279 -0.8912
vn 0.7529 -0.3753 -0.5407
vn 0.7011 -0.1865 -0.6882
vn -0.3453 0.0862 -0.9345
vn -0.5141 0.0581 -0.8558
vn 0.2365 -0.0387 -0.9709
vn 0.1949 -0.1327 -0.9718
vn 0.1512 -0.2662 -0.9520
vn -0.8577 0.2249 -0.4624
vn -0.8674 0.1635 -0.4699
vn -0.9535 0.2651 -0.1435
vn -0.9372 0.3196 -0.1401
vn -0.8755 0.3758 0.3037
vn -0.5036 0.1605 -0.8489
vn -0.5679 0.1460 -0.8101
vn -0.8329 0.2786 -0.4782
vn -0.9203 0.3595 -0.1540
vn -0.8707 0.4232 0.2504
vn -0.6908 -0.0213 -0.7227
vn -0.8910 0.2285 -0.3924
vn -0.4276 0.4867 0.7618
vn -0.4839 0.3685 0.7938
vn 0.3522 0.2098 0.9121
vn 0.4638 0.4503 0.7629
vn 0.9106 0.0073 0.4132
vn 0.9675 0.1801 0.1775
vn 0.4754 0.6910 0.5446
vn 0.9414 0.3341 0.0475
vn -0.1846 0.6094 0.7711
vn 0.4666 0.6480 0.6019
vn 0.9823 0.1860 0.0240
vn 0.9984 0.0225 0.0520
vn -0.5738 0.5296 0.6247
vn -0.8568 0.4770 0.1959
vn -0.9381 0.2956 -0.1805
vn -0.9481 0.0589 -0.3124
vn 0.5392 0.3925 0.7451
vn -0.3468 0.4842 0.8033
vn -0.3054 0.2342 0.9230
vn -0.5986 0.5212 0.6083
vn -0.8915 0.4356 0.1245
vn 0.5740 0.2507 0.7796
vn 0.9964 0.0697 0.0483
vn 0.2396 -0.6313 0.7377
vn -0.0833 0.2313 0.9693
vn 0.2392 -0.6315 0.7376
vn 0.2391 -0.6315 0.7376
vn -0.3326 0.3166 0.8883
vn 0.5766 0.2121 0.7890
vn 0.9999 0.0163 0.0001
vn -0.8614 -0.3230 0.3921
vn 0.2397 -0.6310 0.7378
vn -0.2950 0.2036 0.9335
vn -0.9489 -0.1500 0.2778
vn -0.1861 0.1870 0.9646
vn -0.9729 -0.0805 0.2167
vn -0.1776 0.2812 0.9431
vn -0.9549 -0.1963 0.2230
vn -0.2939 0.3031 0.9065
vn 0.6190 0.2569 0.7422
vn 0.9877 -0.1443 -0.0610
vn 0.0193 -0.9121 0.4095
vn -0.1242 -0.1494 -0.9809
vn 0.1104 -0.1869 -0.9762
vn -0.1469 -0.2495 -0.9572
vn 0.1682 -0.2310 -0.9583
vn -0.2236 -0.2888 -0.9309
vn 0.1797 -0.2037 -0.9624
vn -0.2151 -0.3591 -0.9082
vn -0.1926 -0.5065 -0.8405
vn 0.1873 -0.1768 -0.9663
vn 0.2469 -0.4341 -0.8664
vn 0.6672 -0.1278 -0.7339
vn -0.2112 -0.3218 0.9230
vn 0.1316 -0.1618 0.9780
vn -0.1738 -0.1049 0.9792
vn -0.4698 -0.3403 0.8145
vn -0.4428 -0.2473 0.8619
vn -0.1081 0.0349 0.9935
vn -0.5132 -0.2397 0.8241
vn -0.2234 -0.1270 0.9664
vn -0.5538 -0.2025 0.8076
vn -0.3595 -0.0998 0.9278
vn -0.5994 -0.0933 0.7950
vn -0.6750 -0.7303 -0.1056
vn -0.6891 -0.7218 -0.0648
vn -0.2590 -0.7463 -0.6132
vn -0.5193 -0.7020 -0.4873
vn 0.2693 -0.2608 -0.9271
vn 0.9072 -0.1185 -0.4037
vn -0.5450 -0.5899 -0.5958
vn -0.7936 -0.6023 -0.0860
vn -0.8565 -0.4900 -0.1621
vn 0.2172 -0.2246 -0.9499
vn 0.2693 -0.2607 -0.9271
vn -0.6304 -0.4859 -0.6054
vn -0.9290 -0.3107 -0.2011
vn 0.1863 -0.1409 -0.9723
vn -0.6465 -0.3520 -0.6769
vn 0.1672 -0.1537 -0.9739
vn 0.8030 0.3480 -0.4839
vn -0.7124 -0.1867 -0.6765
vn -0.9460 -0.2515 -0.2043
vn 0.9385 0.2497 -0.2385
vn 0.2688 -0.2612 -0.9271
vn 0.9072 -0.1186 -0.4035
vn 0.9643 0.0632 0.2573
vn 0.9336 0.2929 0.2065
vn 0.8700 0.4852 0.0879
vn 0.8807 0.0761 -0.4676
vn 0.9872 0.1586 0.0150
vn 0.2576 -0.2131 -0.9425
vn 0.8502 -0.2937 -0.4370
vn 0.2245 -0.2699 -0.9364
vn -0.9486 -0.2011 -0.2442
vn -0.7224 -0.6890 -0.0595
vn -0.9344 -0.2264 -0.2751
vn -0.9693 0.1350 -0.2053
vn -0.9493 -0.2575 -0.1804
vn -0.9514 -0.2473 -0.1837
vn -0.9253 -0.3649 -0.1032
vn -0.9276 -0.3591 -0.1033
vn -0.8866 -0.4566 -0.0733
vn -0.8722 -0.4842 -0.0692
vn -0.6467 -0.7627 -0.0088
vn -0.6427 -0.7661 -0.0072
vn 0.1516 -0.9869 0.0551
vn 0.2192 -0.9740 0.0574
vn 0.9783 -0.1922 0.0781
vn -0.9792 -0.0713 -0.1902
vn -0.7434 -0.6479 -0.1658
vn -0.9998 0.0178 0.0110
vn -0.9897 -0.0989 -0.1031
vn -0.9903 -0.0916 -0.1043
vn -0.9589 -0.2755 -0.0684
vn -0.9590 -0.2751 -0.0684
vn -0.9120 -0.4093 -0.0269
vn -0.9087 -0.4167 -0.0246
vn -0.7946 -0.6071 0.0024
vn -0.7946 -0.6072 0.0010
vn -0.7925 -0.6091 -0.0295
vn -0.7925 -0.6092 -0.0295
vn -0.9515 0.3002 0.0674
vn -0.9832 0.1274 0.1304
vn -0.8637 -0.4542 0.2184
vn -0.7060 0.4280 0.5643
vn -0.7446 0.3769 0.5509
vn -0.9882 0.1519 0.0199
vn -0.0617 0.2044 0.9769
vn -0.8162 0.2502 0.5208
vn -0.0440 0.2041 0.9780
vn -0.8487 0.1450 0.5086
vn -0.9988 0.0492 -0.0051
vn -0.0269 0.2018 0.9791
vn -0.8705 -0.0195 0.4917
vn -0.9946 -0.1032 0.0087
vn -0.0555 0.1260 0.9905
vn -0.8406 -0.1739 0.5130
vn -0.9604 -0.2744 0.0481
vn -0.0672 0.0421 0.9969
vn 0.0355 -0.0561 0.9978
vn 0.4531 -0.5506 0.7011
vn -0.7447 -0.1787 0.6430
vn -0.9875 -0.1530 0.0379
vn 0.4536 -0.5512 0.7003
vn -0.2577 -0.3585 0.8972
vn 0.1251 -0.2352 0.9639
vn -0.5113 -0.2091 0.8336
vn -0.1118 0.0873 0.9899
vn -0.4955 -0.0598 0.8666
vn -0.1765 0.0831 0.9808
vn -0.5396 -0.0085 0.8419
vn -0.1630 0.0775 0.9836
vn -0.4948 0.0692 0.8663
vn -0.2163 0.1248 0.9683
vn -0.4452 0.1681 0.8795
vn -0.2804 -0.2113 -0.9363
vn 0.0263 -0.3268 -0.9447
vn -0.2973 -0.2833 -0.9118
vn 0.0820 -0.3260 -0.9418
vn -0.3156 -0.3106 -0.8966
vn 0.1182 -0.2532 -0.9602
vn -0.2947 -0.3527 -0.8881
vn 0.1637 -0.2165 -0.9625
vn -0.2797 -0.4478 -0.8492
vn 0.3321 -0.3083 -0.8914
vn -0.0101 -0.5676 -0.8233
vn 0.5431 -0.5030 -0.6723
vn 0.3131 -0.4639 -0.8287
vn 0.4064 -0.3682 -0.8362
vn -0.1557 -0.3031 -0.9402
vn -0.0593 -0.3304 -0.9420
vn 0.0344 -0.2681 -0.9628
vn 0.5069 -0.2328 -0.8300
vn 0.0062 -0.2364 -0.9716
vn 0.0307 -0.2554 -0.9664
vn 0.5030 -0.3216 -0.8022
vn -0.0120 -0.3619 -0.9321
vn 0.1586 -0.5874 -0.7936
vn -0.4611 -0.1440 -0.8756
vn -0.1563 -0.3028 -0.9401
vn -0.4448 -0.2058 -0.8717
vn -0.0599 -0.3303 -0.9420
vn -0.4206 -0.1980 -0.8854
vn 0.0061 -0.2364 -0.9716
vn -0.4251 -0.2108 -0.8803
vn -0.4950 -0.2850 -0.8208
vn 0.0307 -0.2554 -0.9663
vn -0.0120 -0.3620 -0.9321
vn -0.3230 -0.4978 -0.8049
vn 0.1574 -0.5878 -0.7936
vn 0.6535 -0.7474 0.1197
vn 0.0838 -0.9922 0.0927
vn 0.0833 -0.9922 0.0930
vn 0.0843 -0.9921 0.0924
vn -0.3219 -0.9111 0.2576
vn -0.3219 -0.9111 0.2575
vn -0.5937 -0.0492 0.8032
vn -0.0006 -0.1086 0.9941
vn -0.0006 -0.1084 0.9941
vn -0.6677 -0.0288 0.7439
vn -0.8982 -0.0235 0.4390
vn -0.9747 -0.0537 0.2170
vn -0.9944 -0.0819 0.0666
vn -0.9992 0.0012 -0.0392
vn 0.0006 -0.1086 0.9941
vn 0.5937 -0.0491 0.8032
vn 0.0006 -0.1084 0.9941
vn 0.6677 -0.0288 0.7439
vn 0.8982 -0.0235 0.4390
vn 0.9747 -0.0537 0.2170
vn 0.9944 -0.0819 0.0666
vn 0.9992 0.0012 -0.0392
vn -0.0006 -0.3733 0.9277
vn -0.0006 -0.3731 0.9278
vn -0.4472 -0.3579 0.8197
vn -0.5819 -0.4179 0.6977
vn -0.7757 -0.3552 0.5216
vn -0.9737 -0.1166 0.1957
vn -0.9929 -0.0224 0.1166
vn -0.9948 -0.0471 0.0904
vn 0.0006 -0.3731 0.9278
vn 0.0006 -0.3733 0.9277
vn 0.4472 -0.3579 0.8197
vn 0.5819 -0.4179 0.6977
vn 0.7757 -0.3552 0.5216
vn 0.9737 -0.1166 0.1957
vn 0.9929 -0.0224 0.1166
vn 0.9948 -0.0471 0.0904
vn 0.3931 0.1965 0.8983
vn 0.3934 0.1973 0.8980
vn 0.3723 0.1421 0.9172
vn 0.4589 0.3138 0.8312
vn 0.4590 0.3139 0.8311
vn 0.5247 0.4505 0.7223
vn 0.5248 0.4507 0.7221
vn 0.5108 0.5063 0.6948
vn 0.5114 0.5066 0.6941
vn 0.4473 0.4464 0.7750
vn 0.4447 0.4413 0.7795
vn 0.3975 0.3190 0.8604
vn 0.3973 0.3184 0.8607
vn 0.4199 0.1997 0.8853
vn 0.4246 0.1957 0.8840
vn 0.5130 0.1339 0.8479
vn 0.5138 0.1336 0.8474
vn 0.5690 0.1279 0.8123
vn 0.5716 0.1308 0.8100
vn 0.5736 0.1496 0.8054
vn 0.5721 0.1508 0.8062
vn 0.5899 0.1145 0.7993
vn 0.5924 0.1104 0.7981
vn 0.6222 0.0425 0.7817
vn 0.6215 0.0467 0.7820
vn 0.6260 0.0183 0.7796
vn -0.5982 -0.0452 -0.8001
vn -0.5517 -0.0447 -0.8328
vn -0.5910 -0.0451 -0.8054
vn -0.5943 -0.1017 -0.7978
vn -0.5898 -0.1092 -0.8002
vn -0.5651 -0.1559 -0.8102
vn -0.5662 -0.1551 -0.8095
vn -0.5570 -0.1377 -0.8190
vn -0.5530 -0.1355 -0.8221
vn -0.5026 -0.1201 -0.8561
vn -0.5023 -0.1201 -0.8563
vn -0.4327 -0.1740 -0.8846
vn -0.4235 -0.1874 -0.8863
vn -0.3889 -0.3127 -0.8666
vn -0.3890 -0.3140 -0.8661
vn -0.4320 -0.4413 -0.7865
vn -0.4369 -0.4496 -0.7791
vn -0.5031 -0.5104 -0.6975
vn -0.5036 -0.5105 -0.6970
vn -0.5214 -0.4538 -0.7226
vn -0.5214 -0.4542 -0.7224
vn -0.4662 -0.3236 -0.8234
vn -0.4667 -0.3243 -0.8228
vn -0.4050 -0.1962 -0.8930
vn -0.4050 -0.1959 -0.8931
vn -0.3821 -0.1173 -0.9167
vn -0.9123 0.0436 0.4072
vn -0.9136 0.2110 0.3476
vn -0.9150 0.1904 0.3557
vn -0.8815 0.3938 0.2605
vn -0.8776 0.4081 0.2514
vn -0.8379 0.5017 0.2150
vn -0.8024 0.5612 0.2029
vn -0.7285 0.6688 0.1481
vn -0.7074 0.6956 0.1254
vn -0.7008 0.7094 0.0753
vn -0.7205 0.6897 0.0717
vn -0.7906 0.6064 0.0844
vn -0.8007 0.5922 0.0901
vn -0.8925 0.4259 0.1483
vn -0.8904 0.4309 0.1467
vn -0.9345 0.3048 0.1839
vn 0.8738 0.3932 -0.2861
vn -0.3808 -0.8911 0.2469
vn -0.5219 -0.8179 0.2422
vn -0.3083 -0.9188 0.2464
vn -0.1659 -0.9523 0.2560
vn -0.3796 -0.8917 0.2466
vn -0.3072 -0.9193 0.2461
vn -0.1697 -0.9501 0.2618
vn -0.3233 -0.9030 0.2828
vn -0.3768 -0.8819 0.2834
vn -0.6111 -0.7368 0.2892
vn -0.6431 -0.7083 0.2910
vn -0.7299 -0.6175 0.2932
vn -0.8649 0.4971 0.0694
vn -0.8650 0.4971 0.0688
vn -0.8032 0.5916 0.0693
vn -0.7847 0.6161 0.0691
vn -0.6720 0.7393 0.0427
vn -0.6535 0.7563 0.0310
vn -0.5843 0.8111 0.0288
vn -0.5653 0.8237 0.0451
vn -0.5393 0.8344 0.1139
vn -0.5409 0.8285 0.1447
vn -0.6336 0.7408 0.2232
vn -0.6875 0.6837 0.2450
vn -0.8669 0.3739 0.3297
vn -0.8842 0.3205 0.3397
vn -0.9212 -0.1471 0.3602
vn -0.9192 -0.1621 0.3589
vn -0.7545 -0.5913 0.2846
vn -0.9211 -0.1477 0.3601
vn -0.7395 -0.6129 0.2784
vn -0.7543 -0.5918 0.2844
vn -0.4490 -0.8745 0.1835
vn -0.3456 -0.9250 0.1579
vn -0.0138 -0.9978 0.0656
vn 0.1218 -0.9923 0.0243
vn 0.2997 -0.9535 -0.0318
vn -0.0126 -0.9978 0.0653
vn 0.1230 -0.9921 0.0240
vn 0.2194 0.2119 0.9524
vn 0.2870 0.2859 0.9143
vn 0.2930 0.2925 0.9103
vn 0.3980 0.3987 0.8262
vn 0.4059 0.4062 0.8187
vn 0.4921 0.4827 0.7244
vn 0.5021 0.4909 0.7120
vn 0.5152 0.4640 0.7206
vn 0.5057 0.4421 0.7408
vn 0.4596 0.3119 0.8316
vn 0.4539 0.2901 0.8425
vn 0.4441 0.1450 0.8842
vn 0.4457 0.1322 0.8853
vn 0.4749 0.0326 0.8795
vn 0.4780 0.0296 0.8779
vn 0.5226 0.0078 0.8525
vn 0.5348 0.0078 0.8450
vn 0.5819 0.0054 0.8133
vn 0.5981 0.0033 0.8014
vn 0.6261 -0.0107 0.7796
vn 0.6271 -0.0166 0.7788
vn 0.6295 -0.0322 0.7763
vn -0.2221 -0.1599 -0.9618
vn -0.3005 -0.2684 -0.9152
vn -0.2925 -0.2573 -0.9210
vn -0.4011 -0.3968 -0.8256
vn -0.4092 -0.4060 -0.8171
vn -0.4895 -0.4887 -0.7222
vn -0.4996 -0.4977 -0.7090
vn -0.5105 -0.4694 -0.7205
vn -0.4994 -0.4437 -0.7442
vn -0.4538 -0.3109 -0.8351
vn -0.4491 -0.2911 -0.8447
vn -0.4431 -0.1481 -0.8841
vn -0.4451 -0.1360 -0.8851
vn -0.4765 -0.0506 -0.8777
vn -0.4796 -0.0495 -0.8761
vn -0.5276 -0.0337 -0.8489
vn -0.5418 -0.0294 -0.8400
vn -0.5938 -0.0237 -0.8042
vn -0.6095 -0.0262 -0.7923
vn -0.5973 -0.0411 -0.8010
vn -0.5823 -0.0449 -0.8117
vn -0.5203 -0.0600 -0.8519
vn 0.0003 -1.0000 -0.0059
vn -0.0000 -0.9740 -0.2265
vn -0.0363 -0.9812 -0.1896
vn 0.0519 -0.9851 -0.1641
vn 0.2370 -0.5328 0.8124
vn 0.6729 -0.7345 0.0881
vn 0.0005 0.6501 0.7599
vn -0.0005 0.5226 0.8526
vn -0.0150 0.6853 0.7281
vn -0.2139 0.5543 0.8044
vn -0.1641 0.8181 0.5512
vn -0.2904 0.7770 0.5585
vn -0.2992 0.1441 0.9433
vn -0.6633 -0.0092 0.7483
vn -0.0009 0.1832 0.9831
vn -0.5999 0.4407 0.6677
vn -0.4264 0.7069 0.5643
vn -0.7987 0.4780 0.3655
vn -0.5116 -0.2223 0.8300
vn -0.0015 -0.2450 0.9695
vn 0.0026 -0.2643 0.9644
vn -0.5549 -0.1801 0.8122
vn -0.0019 -0.9390 0.3438
vn -0.6330 -0.7471 0.2028
vn -0.6971 -0.7097 0.1021
vn -0.9272 -0.3667 -0.0757
vn -0.8820 0.0550 0.4681
vn -0.9763 -0.2147 -0.0282
vn -0.9648 0.2621 0.0233
vn -0.5728 0.4507 -0.6846
vn -0.5395 0.7191 -0.4380
vn 0.0188 0.6224 -0.7825
vn 0.0112 0.4081 -0.9129
vn -0.9555 -0.0574 -0.2895
vn -0.7141 -0.3472 -0.6078
vn -0.3051 -0.0884 -0.9482
vn -0.8617 -0.1301 -0.4905
vn -0.5263 -0.0236 -0.8500
vn -0.0006 -0.0122 -0.9999
vn -0.4512 -0.1555 -0.8788
vn -0.0006 -0.1670 -0.9860
vn -0.9403 0.0642 0.3342
vn -0.7847 0.5335 -0.3157
vn -0.9121 -0.0483 0.4071
vn -0.8856 -0.0281 0.4636
vn -0.9474 -0.2367 0.2157
vn -0.9818 -0.1039 0.1589
vn -0.8680 -0.2999 -0.3957
vn -0.5848 0.0724 -0.8080
vn -0.7851 0.5331 -0.3154
vn 0.0316 0.7997 -0.5996
vn -0.9403 0.0648 0.3340
vn 0.3813 0.3483 -0.8563
vn -0.7150 -0.3470 -0.6070
vn -0.8219 -0.5427 -0.1732
vn -0.7102 -0.4810 -0.5141
vn -0.9760 -0.2157 -0.0291
vn -0.9274 -0.3665 -0.0751
vn -0.5664 -0.7702 0.2932
vn -0.8648 -0.4274 -0.2635
vn -0.9514 -0.2886 0.1074
vn -0.7101 -0.4815 -0.5138
vn -0.9720 -0.0902 0.2171
vn -0.9942 -0.0578 0.0905
vn -0.9860 -0.1545 0.0631
vn -0.5602 -0.7510 -0.3496
vn -0.6975 -0.7091 0.1030
vn -0.9354 -0.3354 0.1121
vn -0.8274 -0.5459 0.1318
vn -0.5528 -0.7975 -0.2418
vn -0.6230 -0.7416 -0.2486
vn -0.6332 -0.7469 0.2032
vn -0.8506 -0.4582 0.2581
vn -0.8517 -0.4238 0.3081
vn -0.8965 -0.3102 0.3162
vn -0.9504 -0.0800 0.3005
vn -0.9363 -0.1877 0.2969
vn -0.9428 -0.0868 0.3220
vn -0.4911 -0.8398 -0.2315
vn -0.8664 -0.4287 0.2562
vn -0.1540 -0.9651 -0.2120
vn -0.0016 -0.9390 0.3438
vn -0.6580 -0.7123 0.2442
vn -0.0572 -0.9901 -0.1283
vn -0.0000 -0.9916 -0.1294
vn -0.3732 -0.8683 0.3268
vn -0.1965 -0.9064 0.3739
vn -0.0007 -0.9231 0.3846
vn -0.4948 -0.4834 0.7222
vn -0.2649 -0.5424 0.7972
vn -0.0007 -0.5534 0.8329
vn -0.2563 -0.0699 0.9641
vn -0.0000 -0.0570 0.9984
vn -0.7217 -0.3690 0.5856
vn -0.2474 -0.1777 0.9525
vn -0.0005 -0.2030 0.9792
vn -0.5386 -0.0447 0.8414
vn -0.8052 -0.2260 0.5483
vn -0.5833 -0.1969 0.7880
vn -0.7790 -0.3378 0.5282
vn -0.2455 -0.6668 0.7036
vn -0.0001 -0.7448 0.6673
vn -0.5047 -0.4750 0.7209
vn -0.2489 -0.5431 0.8019
vn -0.0000 -0.5363 0.8440
vn -0.0000 0.2868 0.9580
vn -0.7902 -0.3625 0.4941
vn -0.5617 -0.2937 0.7734
vn -0.6180 -0.3035 0.7253
vn -0.7966 -0.2843 0.5335
vn -0.8112 -0.1816 0.5558
vn -0.8104 -0.1189 0.5736
vn -0.4920 0.0201 0.8704
vn -0.5571 -0.1062 0.8236
vn -0.7688 0.0237 0.6390
vn -0.6113 -0.1584 0.7754
vn -0.5293 -0.1461 0.8357
vn -0.2422 -0.4540 0.8574
vn -0.5572 -0.1582 0.8152
vn -0.6650 -0.2907 0.6879
vn -0.1785 0.3679 0.9126
vn -0.4438 0.4542 0.7725
vn 0.0218 0.9811 0.1920
vn -0.0000 0.9711 0.2388
vn -0.5661 -0.4917 0.6617
vn -0.3629 -0.7081 0.6057
vn 0.0519 -0.9851 -0.1640
vn -0.4851 -0.1790 0.8559
vn -0.5245 0.0225 0.8511
vn -0.1724 -0.8984 0.4039
vn -0.0006 -0.9118 0.4105
vn -0.2614 -0.5797 0.7718
vn -0.0007 -0.6281 0.7782
vn -0.0007 -0.1047 0.9945
vn -0.2827 -0.0464 0.9581
vn -0.2521 -0.0350 0.9671
vn -0.0000 -0.1164 0.9932
vn -0.3492 -0.4742 0.8082
vn -0.0005 -0.5696 0.8219
vn -0.0005 -0.9203 0.3912
vn -0.6074 -0.3574 0.7095
vn -0.3762 -0.8451 0.3798
vn -0.4112 -0.8412 0.3511
vn -0.3719 -0.9222 0.1062
vn -0.0006 -0.9878 0.1558
vn -0.0007 -0.8852 0.4652
vn -0.5286 -0.8145 0.2391
vn -0.4318 -0.8039 0.4090
vn -0.0007 -0.4359 0.9000
vn -0.5952 -0.3585 0.7191
vn -0.0006 0.1196 0.9928
vn -0.6034 -0.7421 0.2918
vn -0.8501 -0.3081 0.4270
vn -0.6510 0.1663 0.7407
vn -0.9581 -0.1652 0.2340
vn -0.6155 0.3247 0.7181
vn -0.0006 0.3317 0.9434
vn -0.0006 0.3832 0.9237
vn -0.9084 0.3031 0.2880
vn -0.7688 -0.0773 0.6348
vn -0.8401 0.1604 0.5181
vn -0.8469 0.2938 0.4432
vn -0.6839 0.3092 0.6608
vn -0.6280 0.0204 0.7779
vn -0.0005 0.1353 0.9908
vn -0.0000 -0.0945 0.9955
vn -0.7909 0.2832 0.5424
vn -0.4631 0.2065 0.8619
vn -0.5548 0.1615 0.8162
vn -0.8318 0.0467 0.5532
vn -0.5150 -0.0171 0.8570
vn -0.2615 -0.3140 0.9127
vn -0.0000 -0.0410 0.9992
vn -0.5181 -0.7811 0.3485
vn -0.1927 -0.0420 0.9804
vn -0.0006 0.1035 0.9946
vn -0.5046 -0.6645 0.5512
vn -0.2822 -0.6551 0.7008
vn -0.2526 -0.9258 0.2813
vn -0.4287 -0.3674 0.8253
vn -0.4054 0.1701 0.8982
vn -0.3739 0.1898 0.9078
vn -0.0007 0.2326 0.9726
vn -0.0006 0.3428 0.9394
vn -0.4479 0.3255 0.8327
vn -0.6600 0.2045 0.7229
vn -0.7381 0.3325 0.5870
vn -0.6211 0.1839 0.7619
vn -0.8521 0.1470 0.5023
vn -0.8550 0.2406 0.4594
vn -0.9451 0.0321 0.3253
vn -0.8223 0.1053 0.5592
vn -0.9533 -0.0362 0.2998
vn -0.9509 -0.0636 0.3030
vn -0.6076 -0.1735 0.7751
vn -0.8310 -0.0362 0.5551
vn -0.7986 -0.4053 0.4450
vn -0.6676 -0.4406 0.6001
vn -0.3312 -0.7593 0.5601
vn -0.7472 -0.3011 0.5924
vn -0.5402 -0.5807 0.6091
vn -0.3297 -0.6396 0.6944
vn -0.5903 0.0146 0.8070
vn -0.2453 -0.9303 0.2727
vn -0.2865 -0.5141 0.8085
vn -0.1884 -0.7661 0.6145
vn -0.2158 -0.6589 0.7206
vn -0.6126 -0.3952 0.6845
vn -0.2551 -0.4921 0.8323
vn -0.1649 -0.5345 0.8289
vn -0.0861 -0.4309 0.8983
vn -0.1334 -0.4218 0.8968
vn -0.5312 -0.3035 0.7910
vn -0.5016 -0.2427 0.8304
vn -0.3120 -0.6882 0.6550
vn -0.1957 -0.8318 0.5195
vn -0.1679 -0.0153 0.9857
vn -0.3371 0.5341 0.7753
vn -0.0909 -0.8956 0.4355
vn 0.0129 -0.8897 0.4563
vn -0.0516 -0.9187 0.3915
vn -0.1962 -0.3290 0.9237
vn 0.0020 0.6929 0.7210
vn -0.4004 0.1817 0.8981
vn -0.1151 0.7943 0.5965
vn -0.0915 0.8536 0.5129
vn -0.2446 0.2490 0.9371
vn -0.3295 0.0318 0.9436
vn -0.0554 0.6437 0.7633
vn -0.0971 0.4142 0.9050
vn -0.1428 0.2049 0.9683
vn -0.5221 0.0056 0.8529
vn -0.5393 0.0516 0.8405
vn 0.0001 -1.0000 -0.0060
vn 0.0363 -0.9812 -0.1896
vn -0.0519 -0.9851 -0.1641
vn -0.6736 -0.7339 0.0877
vn 0.0005 0.5226 0.8526
vn -0.0005 0.6500 0.7599
vn 0.0150 0.6853 0.7281
vn 0.2137 0.5533 0.8051
vn 0.1641 0.8181 0.5512
vn 0.2904 0.7770 0.5585
vn 0.2988 0.1415 0.9438
vn 0.6642 -0.0155 0.7474
vn 0.0003 0.1832 0.9831
vn 0.6052 0.4341 0.6673
vn 0.4265 0.7067 0.5645
vn 0.8077 0.4651 0.3623
vn 0.5074 -0.2317 0.8300
vn -0.0015 -0.2451 0.9695
vn 0.5542 -0.1857 0.8114
vn -0.0013 -0.9391 0.3437
vn 0.6338 -0.7469 0.2011
vn 0.6971 -0.7097 0.1021
vn 0.9273 -0.3667 -0.0757
vn 0.8848 0.0466 0.4636
vn 0.9763 -0.2147 -0.0282
vn 0.9674 0.2525 0.0200
vn 0.5866 0.6882 -0.4270
vn 0.9555 -0.0574 -0.2895
vn 0.7141 -0.3473 -0.6078
vn 0.3050 -0.0892 -0.9482
vn 0.8616 -0.1300 -0.4907
vn 0.5754 0.4275 -0.6973
vn 0.0201 0.6223 -0.7825
vn 0.0123 0.4081 -0.9129
vn 0.5263 -0.0236 -0.8500
vn 0.4512 -0.1555 -0.8788
vn 0.0006 -0.0122 -0.9999
vn 0.0006 -0.1670 -0.9860
vn 0.7466 0.6221 -0.2360
vn 0.9013 0.1080 0.4194
vn 0.9487 -0.0196 -0.3156
vn 0.8690 -0.0492 0.4924
vn 0.9474 -0.2367 0.2157
vn 0.9818 -0.1039 0.1589
vn 0.8215 -0.4175 -0.3884
vn 0.0799 0.0984 -0.9919
vn 0.7466 0.6220 -0.2359
vn -0.0316 0.7997 -0.5996
vn 0.9013 0.1086 0.4193
vn -0.3813 0.3483 -0.8563
vn 0.3051 -0.0884 -0.9482
vn 0.7150 -0.3470 -0.6070
vn 0.8219 -0.5427 -0.1732
vn 0.7102 -0.4810 -0.5141
vn 0.9761 -0.2154 -0.0292
vn 0.9274 -0.3664 -0.0751
vn 0.5664 -0.7702 0.2932
vn 0.9720 -0.0902 0.2171
vn 0.8648 -0.4274 -0.2635
vn 0.9514 -0.2886 0.1074
vn 0.7101 -0.4815 -0.5138
vn 0.9942 -0.0578 0.0905
vn 0.9861 -0.1540 0.0629
vn 0.5602 -0.7510 -0.3496
vn 0.6976 -0.7091 0.1030
vn 0.9353 -0.3360 0.1113
vn 0.8274 -0.5459 0.1318
vn 0.5528 -0.7978 -0.2408
vn 0.6318 -0.7333 -0.2511
vn 0.6340 -0.7466 0.2016
vn 0.8504 -0.4584 0.2582
vn 0.8517 -0.4238 0.3081
vn 0.8968 -0.3097 0.3159
vn 0.9504 -0.0800 0.3005
vn 0.9363 -0.1877 0.2969
vn 0.9428 -0.0868 0.3220
vn 0.5078 -0.8309 -0.2273
vn 0.8689 -0.4229 0.2574
vn 0.1648 -0.9659 -0.1998
vn -0.0016 -0.9390 0.3439
vn 0.6727 -0.6963 0.2504
vn 0.0543 -0.9908 -0.1237
vn 0.3682 -0.8719 0.3227
vn 0.1979 -0.9058 0.3746
vn 0.0007 -0.9231 0.3846
vn 0.4785 -0.4893 0.7292
vn 0.2662 -0.5431 0.7963
vn 0.0007 -0.5534 0.8329
vn 0.2563 -0.0699 0.9641
vn 0.0007 -0.0569 0.9984
vn 0.7031 -0.3891 0.5952
vn 0.2475 -0.1777 0.9525
vn 0.0005 -0.2031 0.9792
vn 0.5370 -0.0428 0.8425
vn 0.8061 -0.2239 0.5478
vn 0.5833 -0.1969 0.7880
vn 0.7790 -0.3378 0.5282
vn 0.2455 -0.6668 0.7036
vn -0.0000 -0.7448 0.6673
vn 0.5047 -0.4750 0.7209
vn 0.2489 -0.5431 0.8019
vn 0.7902 -0.3625 0.4941
vn 0.5617 -0.2937 0.7734
vn 0.6180 -0.3034 0.7253
vn 0.7966 -0.2843 0.5335
vn 0.8113 -0.1815 0.5557
vn 0.8103 -0.1191 0.5737
vn 0.4920 0.0201 0.8704
vn 0.5571 -0.1062 0.8236
vn 0.7688 0.0236 0.6390
vn 0.6113 -0.1584 0.7754
vn 0.5293 -0.1461 0.8358
vn 0.2422 -0.4540 0.8574
vn 0.5572 -0.1582 0.8152
vn 0.6650 -0.2907 0.6879
vn 0.1785 0.3679 0.9126
vn 0.4438 0.4543 0.7725
vn -0.0218 0.9812 0.1920
vn -0.0000 0.9711 0.2389
vn -0.2370 -0.5327 0.8125
vn 0.5661 -0.4917 0.6617
vn 0.3629 -0.7081 0.6057
vn -0.0519 -0.9851 -0.1640
vn 0.4851 -0.1790 0.8559
vn 0.5245 0.0225 0.8511
vn 0.1724 -0.8984 0.4039
vn 0.0007 -0.9118 0.4105
vn 0.2614 -0.5797 0.7718
vn 0.0007 -0.6281 0.7782
vn 0.0007 -0.1047 0.9945
vn 0.2827 -0.0464 0.9581
vn 0.2521 -0.0350 0.9671
vn 0.3492 -0.4742 0.8082
vn 0.0005 -0.5696 0.8219
vn 0.0006 -0.9203 0.3912
vn 0.6074 -0.3574 0.7095
vn 0.3762 -0.8451 0.3798
vn 0.4112 -0.8412 0.3511
vn 0.3719 -0.9222 0.1062
vn 0.0006 -0.9878 0.1558
vn 0.0007 -0.8852 0.4652
vn 0.5286 -0.8145 0.2391
vn 0.4318 -0.8039 0.4090
vn 0.0007 -0.4359 0.9000
vn 0.5952 -0.3585 0.7191
vn 0.0006 0.1196 0.9928
vn 0.6034 -0.7421 0.2918
vn 0.8502 -0.3081 0.4269
vn 0.6510 0.1663 0.7407
vn 0.9581 -0.1652 0.2340
vn 0.6155 0.3247 0.7181
vn 0.0006 0.3316 0.9434
vn 0.0006 0.3832 0.9237
vn 0.9084 0.3031 0.2880
vn 0.7688 -0.0773 0.6348
vn 0.8401 0.1605 0.5182
vn 0.8469 0.2938 0.4432
vn 0.6839 0.3092 0.6608
vn 0.6280 0.0204 0.7779
vn 0.0005 0.1353 0.9908
vn 0.7909 0.2832 0.5424
vn 0.4631 0.2065 0.8619
vn 0.5548 0.1615 0.8162
vn 0.8318 0.0467 0.5532
vn 0.5150 -0.0171 0.8570
vn 0.2615 -0.3140 0.9127
vn 0.5181 -0.7811 0.3485
vn 0.1927 -0.0420 0.9804
vn 0.0006 0.1035 0.9946
vn 0.5046 -0.6645 0.5512
vn 0.2822 -0.6551 0.7009
vn 0.2526 -0.9258 0.2813
vn 0.4286 -0.3674 0.8254
vn 0.4054 0.1701 0.8982
vn 0.3739 0.1898 0.9078
vn 0.0007 0.2326 0.9726
vn 0.0006 0.3428 0.9394
vn 0.4479 0.3255 0.8327
vn 0.6600 0.2045 0.7229
vn 0.7381 0.3325 0.5870
vn 0.6211 0.1839 0.7619
vn 0.8522 0.1470 0.5022
vn 0.8550 0.2406 0.4594
vn 0.9451 0.0321 0.3253
vn 0.8223 0.1053 0.5592
vn 0.9535 -0.0359 0.2992
vn 0.9509 -0.0636 0.3030
vn 0.6076 -0.1735 0.7751
vn 0.8310 -0.0362 0.5551
vn 0.7986 -0.4053 0.4450
vn 0.6676 -0.4406 0.6001
vn 0.3312 -0.7593 0.5601
vn 0.7472 -0.3011 0.5924
vn 0.5402 -0.5807 0.6091
vn 0.3297 -0.6396 0.6944
vn 0.5903 0.0146 0.8070
vn 0.2453 -0.9303 0.2727
vn 0.2865 -0.5141 0.8085
vn 0.2158 -0.6589 0.7206
vn 0.1884 -0.7661 0.6145
vn 0.6126 -0.3952 0.6845
vn 0.2551 -0.4921 0.8323
vn 0.0861 -0.4309 0.8983
vn 0.1649 -0.5345 0.8289
vn 0.1334 -0.4218 0.8968
vn 0.5313 -0.3034 0.7910
vn 0.5016 -0.2427 0.8304
vn 0.3120 -0.6882 0.6550
vn 0.1957 -0.8318 0.5195
vn 0.1679 -0.0152 0.9857
vn 0.3371 0.5341 0.7753
vn 0.0909 -0.8956 0.4355
vn -0.0129 -0.8897 0.4563
vn 0.0516 -0.9187 0.3915
vn 0.1962 -0.3290 0.9237
vn -0.0020 0.6929 0.7210
vn 0.4004 0.1819 0.8981
vn 0.1151 0.7943 0.5965
vn 0.0915 0.8535 0.5130
vn 0.2446 0.2490 0.9371
vn 0.0554 0.6437 0.7633
vn 0.3295 0.0318 0.9436
vn 0.0971 0.4142 0.9050
vn 0.1428 0.2049 0.9683
vn 0.5221 0.0056 0.8529
vn 0.5393 0.0515 0.8405
vn -0.5657 -0.7256 0.3917
vn -0.4437 -0.6490 0.6180
vn -0.9768 -0.0351 0.2110
vn -0.4840 -0.8635 0.1417
vn -0.0214 -0.4257 -0.9046
vn 0.4244 -0.5033 -0.7527
vn 0.8459 -0.5234 -0.1023
vn 0.3825 -0.6513 -0.6554
vn 0.7048 -0.5494 -0.4488
vn 0.0099 0.1496 0.9887
vn -0.2298 0.0485 0.9720
vn -0.4092 -0.0736 0.9095
vn -0.5355 -0.1497 0.8312
vn -0.0942 0.4689 0.8782
vn -0.2575 0.2326 0.9379
vn -0.3797 -0.2519 0.8902
vn -0.2937 0.6661 0.6856
vn -0.3952 0.2889 0.8720
vn -0.2409 -0.3092 0.9200
vn -0.4869 0.6922 0.5327
vn -0.5209 0.2597 0.8132
vn -0.6441 0.6421 0.4157
vn -0.0230 -0.2580 0.9659
vn -0.8004 0.5372 0.2662
vn -0.5439 0.2688 0.7950
vn 0.3324 -0.0169 0.9430
vn -0.9315 0.3225 0.1682
vn -0.5809 0.1640 0.7973
vn -0.7607 0.0807 0.6440
vn 0.9162 0.3783 -0.1319
vn 0.8154 0.4271 0.3908
vn 0.7849 0.2761 0.5547
vn 0.7556 0.4819 0.4436
vn 0.8431 0.4439 0.3036
vn 0.3762 0.3168 0.8707
vn 0.7144 0.6601 0.2322
vn 0.7708 0.6370 0.0046
vn 0.4513 0.8337 0.3182
vn 0.2601 0.6973 0.6680
vn 0.1027 0.4878 0.8669
vn 0.0524 0.4847 0.8731
vn -0.1017 0.4341 0.8951
vn -0.1569 0.4947 0.8548
vn -0.0695 0.3736 0.9250
vn -0.1601 0.3747 0.9132
vn 0.3318 0.0663 0.9410
vn 0.4012 -0.1741 0.8993
vn -0.1509 0.1958 0.9690
vn -0.2340 0.2334 0.9438
vn -0.3283 0.1216 0.9367
vn -0.3890 0.1159 0.9139
vn 0.3691 -0.1603 0.9155
vn 0.3654 -0.2200 0.9045
vn 0.1616 -0.1147 0.9802
vn 0.2137 -0.1302 0.9682
vn 0.2007 -0.1002 0.9745
vn -0.0392 -0.0482 0.9981
vn -0.0384 0.0056 0.9992
vn -0.0851 -0.0488 0.9952
vn -0.4674 0.1500 0.8712
vn -0.5335 0.1613 0.8303
vn -0.5517 0.1499 0.8205
vn -0.6286 0.1288 0.7670
vn -0.3591 0.0125 0.9332
vn -0.2954 0.0743 0.9525
vn 0.6404 0.4401 -0.6294
vn 0.6682 0.4091 -0.6214
vn 0.3984 0.3056 -0.8648
vn 0.4241 0.2842 -0.8599
vn 0.8651 0.4965 -0.0719
vn 0.7469 0.1839 -0.6390
vn 0.5825 0.0325 -0.8122
vn 0.7555 -0.3257 -0.5684
vn 0.9036 -0.0331 -0.4272
vn 0.9804 -0.1424 0.1364
vn 0.9137 -0.3611 0.1866
vn 0.6323 -0.0442 0.7735
vn 0.9100 0.4141 -0.0220
vn 0.8150 0.1625 0.5563
vn 0.6700 0.4194 0.6126
vn 0.4597 0.3665 0.8089
vn 0.2787 0.5558 0.7832
vn 0.6238 0.6354 0.4552
vn 0.4512 0.6332 0.6289
vn 0.2082 0.5184 0.8294
vn -0.1417 0.6105 0.7793
vn -0.1210 0.7385 0.6633
vn -0.5269 0.6277 0.5730
vn -0.4945 0.5142 0.7008
vn -0.8178 0.3263 0.4740
vn 0.2166 0.5154 0.8291
vn 0.2913 0.6291 0.7207
vn -0.7473 0.2523 0.6148
vn -0.9157 -0.0848 0.3929
vn 0.4844 0.2543 0.8371
vn 0.5994 0.3287 0.7298
vn -0.8323 -0.1051 0.5443
vn -0.7943 -0.4957 0.3513
vn 0.5899 -0.1027 0.8009
vn 0.7208 -0.0821 0.6882
vn -0.7268 -0.4621 0.5082
vn -0.4862 -0.7961 0.3604
vn 0.5048 -0.4600 0.7304
vn 0.6230 -0.4933 0.6071
vn -0.4590 -0.7231 0.5161
vn -0.0739 -0.9055 0.4178
vn 0.2520 -0.7219 0.6444
vn 0.3321 -0.7947 0.5081
vn -0.1008 -0.8182 0.5660
vn 0.2432 -0.1364 0.9603
vn 0.1950 -0.3390 0.9203
vn 0.0517 -0.4875 0.8716
vn -0.1484 -0.5421 0.8271
vn -0.1753 -0.1503 0.9730
vn 0.1834 0.0660 0.9808
vn -0.3515 -0.4882 0.7988
vn -0.5033 -0.3402 0.7943
vn 0.0316 0.2140 0.9763
vn -0.5631 -0.1377 0.8148
vn -0.1715 0.2680 0.9480
vn -0.5149 0.0649 0.8548
vn -0.3716 0.2134 0.9035
vn 0.5269 0.6277 0.5730
vn 0.1209 0.7386 0.6633
vn 0.1417 0.6105 0.7793
vn 0.4945 0.5142 0.7008
vn 0.8178 0.3263 0.4740
vn -0.2166 0.5154 0.8291
vn -0.2913 0.6291 0.7207
vn 0.7473 0.2523 0.6148
vn 0.9157 -0.0848 0.3929
vn -0.4844 0.2543 0.8371
vn -0.5994 0.3287 0.7298
vn 0.8323 -0.1051 0.5443
vn 0.7943 -0.4957 0.3513
vn -0.5899 -0.1027 0.8009
vn -0.7208 -0.0821 0.6882
vn 0.7268 -0.4621 0.5082
vn 0.4862 -0.7961 0.3604
vn -0.5048 -0.4600 0.7304
vn -0.6230 -0.4933 0.6071
vn 0.4590 -0.7231 0.5161
vn 0.0739 -0.9055 0.4178
vn -0.2520 -0.7219 0.6444
vn -0.3321 -0.7947 0.5081
vn 0.1008 -0.8182 0.5660
vn -0.2432 -0.1364 0.9603
vn -0.1950 -0.3390 0.9204
vn -0.0517 -0.4875 0.8716
vn 0.1484 -0.5421 0.8271
vn 0.1753 -0.1503 0.9730
vn -0.1834 0.0660 0.9808
vn 0.3515 -0.4882 0.7988
vn 0.5033 -0.3402 0.7943
vn -0.0316 0.2141 0.9763
vn 0.5631 -0.1378 0.8148
vn 0.1716 0.2680 0.9480
vn 0.5149 0.0649 0.8548
vn 0.3716 0.2134 0.9035
vt 0.607422 0.326416
vt 0.607910 0.341797
vt 0.584961 0.338379
vt 0.587402 0.312256
vt 0.595215 0.310547
vt 0.584473 0.289307
vt 0.595215 0.301270
vt 0.085571 0.431396
vt 0.054565 0.470215
vt 0.007099 0.430420
vt 0.404785 0.912109
vt 0.434814 0.932617
vt 0.418701 0.971191
vt 0.150635 0.528320
vt 0.156494 0.500977
vt 0.164917 0.516602
vt 0.180054 0.532227
vt 0.142700 0.581055
vt 0.319336 0.893555
vt 0.356689 0.888672
vt 0.377441 0.915527
vt 0.389160 0.901855
vt 0.452148 0.912598
vt 0.441162 0.888184
vt 0.428223 0.860352
vt 0.482666 0.857422
vt 0.464844 0.830566
vt 0.486572 0.879395
vt 0.468506 0.914062
vt 0.483398 0.830078
vt 0.492920 0.806641
vt 0.495361 0.833984
vt 0.502441 0.852051
vt 0.512207 0.865234
vt 0.545410 0.917969
vt 0.503418 0.926270
vt 0.484131 0.926270
vt 0.504395 0.979980
vt 0.547363 0.983398
vt 0.551758 0.956055
vt 0.574219 0.941895
vt 0.615234 0.977539
vt 0.619141 0.324463
vt 0.642090 0.338135
vt 0.622070 0.306885
vt 0.598145 0.291016
vt 0.582031 0.278809
vt 0.598145 0.280518
vt 0.618164 0.291016
vt 0.650879 0.320068
vt 0.643555 0.286865
vt 0.681641 0.268555
vt 0.696777 0.306152
vt 0.717773 0.274170
vt 0.680664 0.335205
vt 0.740723 0.299072
vt 0.754395 0.266113
vt 0.739746 0.325928
vt 0.763672 0.291016
vt 0.782715 0.260742
vt 0.674316 0.345215
vt 0.784180 0.270264
vt 0.801758 0.253662
vt 0.770996 0.293457
vt 0.755371 0.330566
vt 0.628906 0.366455
vt 0.613281 0.351807
vt 0.722168 0.363281
vt 0.666992 0.372803
vt 0.593262 0.387451
vt 0.586426 0.366699
vt 0.628418 0.380371
vt 0.567871 0.401855
vt 0.565430 0.387695
vt 0.533691 0.425293
vt 0.562012 0.422119
vt 0.596191 0.412842
vt 0.629395 0.408691
vt 0.663574 0.408691
vt 0.706543 0.410645
vt 0.753418 0.425049
vt 0.778809 0.378906
vt 0.805664 0.406006
vt 0.785645 0.454834
vt 0.794922 0.345459
vt 0.771484 0.323975
vt 0.781250 0.318115
vt 0.793945 0.313477
vt 0.805664 0.329590
vt 0.811035 0.304199
vt 0.815430 0.315674
vt 0.825684 0.295898
vt 0.818848 0.363770
vt 0.832520 0.447021
vt 0.814941 0.487793
vt 0.841797 0.400146
vt 0.839844 0.374023
vt 0.861816 0.387695
vt 0.877441 0.432617
vt 0.895996 0.411377
vt 0.910156 0.439453
vt 0.896973 0.470215
vt 0.925293 0.473389
vt 0.935059 0.492676
vt 0.856445 0.436768
vt 0.858887 0.490479
vt 0.853516 0.535645
vt 0.879395 0.480225
vt 0.924805 0.514160
vt 0.947754 0.512695
vt 0.889648 0.512695
vt 0.875977 0.520020
vt 0.935059 0.536133
vt 0.964844 0.534180
vt 0.885254 0.539551
vt 0.881348 0.569336
vt 0.899902 0.538086
vt 0.906738 0.534180
vt 0.943848 0.556152
vt 0.981445 0.561523
vt 0.920898 0.556641
vt 0.914062 0.564453
vt 0.903809 0.585938
vt 0.928711 0.599121
vt 0.938477 0.584473
vt 0.937500 0.573730
vt 0.960449 0.592285
vt 0.955566 0.579102
vt 0.974609 0.583496
vt 0.992188 0.579102
vt 0.439941 0.933594
vt 0.109070 0.536133
vt 0.130737 0.538086
vt 0.123718 0.511230
vt 0.097473 0.499756
vt 0.112671 0.482422
vt 0.080078 0.507812
vt 0.103455 0.446045
vt 0.049164 0.485840
vt 0.004627 0.467041
vt 0.043854 0.512695
vt 0.091614 0.544922
vt 0.640625 0.170898
vt 0.589355 0.189453
vt 0.577148 0.184082
vt 0.929199 0.087219
vt 0.912598 0.048798
vt 0.965820 0.124268
vt 0.656250 0.202271
vt 0.628906 0.178833
vt 0.650391 0.173706
vt 0.676758 0.247314
vt 0.866699 0.103638
vt 0.926758 0.110840
vt 0.911133 0.126465
vt 0.944824 0.158203
vt 0.901367 0.157104
vt 0.850098 0.172485
vt 0.934082 0.189087
vt 0.957520 0.172485
vt 0.975586 0.184814
vt 0.894531 0.202759
vt 0.970215 0.198364
vt 1.005859 0.185547
vt 0.921875 0.242432
vt 0.964355 0.229736
vt 0.991699 0.225586
vt 0.980469 0.276123
vt 0.917480 0.280518
vt 0.983398 0.335693
vt 0.875000 0.279053
vt 0.890137 0.239868
vt 0.850098 0.267090
vt 0.847168 0.224243
vt 0.826660 0.258789
vt 0.815430 0.218750
vt 0.799316 0.248169
vt 0.781738 0.196167
vt 0.760742 0.229126
vt 0.717773 0.206177
vt 0.811523 0.153931
vt 0.743652 0.175659
vt 0.680664 0.179077
vt 0.710938 0.149292
vt 0.651855 0.141602
vt 0.677246 0.113770
vt 0.617676 0.085327
vt 0.782715 0.116882
vt 0.828613 0.111816
vt 0.276367 0.600586
vt 0.266846 0.618164
vt 0.247437 0.632812
vt 0.701660 0.912109
vt 0.699707 0.883301
vt 0.719727 0.925781
vt 0.046265 0.351562
vt 0.031708 0.369385
vt 0.056183 0.324707
vt 0.070557 0.294434
vt 0.084534 0.320801
vt 0.054565 0.351074
vt 0.093689 0.291748
vt 0.106262 0.337158
vt 0.151611 0.306885
vt 0.164062 0.282471
vt 0.132202 0.271484
vt 0.123047 0.263184
vt 0.144287 0.206299
vt 0.088928 0.365479
vt 0.058289 0.395508
vt 0.035980 0.376221
vt 0.140381 0.379150
vt 0.158569 0.319336
vt 0.109802 0.411377
vt 0.654297 0.770996
vt 0.668457 0.758789
vt 0.673340 0.762207
vt 0.678711 0.766113
vt 0.674805 0.778320
vt 0.689453 0.782715
vt 0.688477 0.800293
vt 0.666992 0.797363
vt 0.681152 0.832520
vt 0.691406 0.827148
vt 0.687500 0.851074
vt 0.699707 0.850098
vt 0.637695 0.839355
vt 0.647949 0.856445
vt 0.658203 0.867676
vt 0.709961 0.879395
vt 0.606934 0.874512
vt 0.603516 0.857422
vt 0.634766 0.803711
vt 0.559082 0.843262
vt 0.552246 0.860352
vt 0.507324 0.816895
vt 0.603027 0.829102
vt 0.514160 0.803711
vt 0.480225 0.776855
vt 0.567871 0.807617
vt 0.605469 0.803223
vt 0.609863 0.789062
vt 0.491211 0.770996
vt 0.453613 0.737305
vt 0.574219 0.781250
vt 0.526855 0.754883
vt 0.458740 0.718750
vt 0.427490 0.689941
vt 0.627930 0.760254
vt 0.601562 0.735352
vt 0.663574 0.755859
vt 0.657715 0.751465
vt 0.647461 0.744141
vt 0.639160 0.732910
vt 0.583496 0.771973
vt 0.537109 0.741699
vt 0.479248 0.707520
vt 0.547852 0.735352
vt 0.566406 0.708008
vt 0.438721 0.678223
vt 0.500488 0.694336
vt 0.511230 0.687500
vt 0.591797 0.662109
vt 0.622070 0.709473
vt 0.537109 0.674805
vt 0.578125 0.629883
vt 0.519531 0.635742
vt 0.459717 0.657227
vt 0.489746 0.640625
vt 0.467529 0.649902
vt 0.500488 0.621582
vt 0.507324 0.616699
vt 0.470459 0.608398
vt 0.480713 0.602539
vt 0.446533 0.581055
vt 0.447998 0.666504
vt 0.435303 0.626953
vt 0.438965 0.620605
vt 0.410889 0.597168
vt 0.430908 0.635254
vt 0.423828 0.640137
vt 0.418457 0.638184
vt 0.426758 0.673340
vt 0.416504 0.669922
vt 0.412109 0.638184
vt 0.138306 0.387207
vt 0.141968 0.386230
vt 0.154663 0.415527
vt 0.158203 0.406250
vt 0.170776 0.422852
vt 0.166870 0.431641
vt 0.184448 0.440674
vt 0.198975 0.411377
vt 0.178955 0.450195
vt 0.178467 0.399658
vt 0.188354 0.468506
vt 0.184814 0.501465
vt 0.199585 0.463867
vt 0.191895 0.503418
vt 0.189209 0.562988
vt 0.198120 0.513672
vt 0.208984 0.469727
vt 0.204346 0.530762
vt 0.161743 0.390137
vt 0.143555 0.382812
vt 0.162964 0.385742
vt 0.180054 0.395020
vt 0.197388 0.403076
vt 0.212646 0.381836
vt 0.228394 0.415527
vt 0.244263 0.369141
vt 0.222656 0.361328
vt 0.228882 0.351562
vt 0.222168 0.468750
vt 0.240845 0.407959
vt 0.242920 0.347412
vt 0.236084 0.337158
vt 0.241577 0.337891
vt 0.240967 0.327393
vt 0.256348 0.364014
vt 0.253174 0.338135
vt 0.246704 0.334473
vt 0.258545 0.395020
vt 0.272217 0.364014
vt 0.274414 0.326904
vt 0.261963 0.318359
vt 0.260742 0.443848
vt 0.271973 0.439697
vt 0.232788 0.466309
vt 0.226318 0.554199
vt 0.214355 0.558105
vt 0.203125 0.562500
vt 0.195557 0.584473
vt 0.218384 0.576172
vt 0.210327 0.579590
vt 0.221558 0.593750
vt 0.200317 0.593750
vt 0.235229 0.591309
vt 0.233765 0.576660
vt 0.250244 0.587402
vt 0.263184 0.557129
vt 0.271973 0.576172
vt 0.249390 0.595703
vt 0.291504 0.564453
vt 0.260742 0.533203
vt 0.283447 0.547363
vt 0.293945 0.537598
vt 0.312256 0.552246
vt 0.276367 0.521973
vt 0.290283 0.496338
vt 0.316162 0.541504
vt 0.334473 0.540039
vt 0.296143 0.415283
vt 0.288574 0.351807
vt 0.292480 0.323730
vt 0.279541 0.304932
vt 0.293457 0.297119
vt 0.293701 0.266357
vt 0.273682 0.296143
vt 0.268066 0.292969
vt 0.258545 0.316895
vt 0.252197 0.333984
vt 0.300049 0.479980
vt 0.302734 0.508301
vt 0.303955 0.528809
vt 0.323242 0.503418
vt 0.319580 0.527832
vt 0.327393 0.460938
vt 0.331787 0.526855
vt 0.334717 0.405518
vt 0.327393 0.352051
vt 0.339355 0.494873
vt 0.345703 0.352051
vt 0.337158 0.299561
vt 0.360107 0.308594
vt 0.360107 0.262207
vt 0.391113 0.268066
vt 0.401123 0.219116
vt 0.423340 0.236084
vt 0.440674 0.207275
vt 0.411865 0.287842
vt 0.385986 0.351562
vt 0.451416 0.240723
vt 0.446777 0.223145
vt 0.480225 0.201416
vt 0.466064 0.221924
vt 0.372559 0.385986
vt 0.358398 0.419922
vt 0.350342 0.454590
vt 0.347656 0.493652
vt 0.358643 0.451660
vt 0.367676 0.420166
vt 0.339355 0.524414
vt 0.357910 0.533691
vt 0.361572 0.547852
vt 0.369873 0.507812
vt 0.376465 0.525391
vt 0.378906 0.531250
vt 0.415771 0.488037
vt 0.422607 0.492188
vt 0.374756 0.469238
vt 0.389404 0.433838
vt 0.400879 0.477051
vt 0.413086 0.452637
vt 0.436768 0.463623
vt 0.447266 0.466553
vt 0.431396 0.427246
vt 0.454834 0.437012
vt 0.470459 0.440186
vt 0.398926 0.411377
vt 0.479492 0.404541
vt 0.493164 0.419434
vt 0.513184 0.388916
vt 0.462402 0.396484
vt 0.383301 0.391602
vt 0.511719 0.375732
vt 0.544434 0.363037
vt 0.502441 0.366699
vt 0.419922 0.386963
vt 0.399414 0.364258
vt 0.459229 0.356934
vt 0.445801 0.329590
vt 0.437500 0.313477
vt 0.478516 0.304443
vt 0.493408 0.328125
vt 0.538574 0.321533
vt 0.514160 0.347168
vt 0.539551 0.338379
vt 0.584961 0.354004
vt 0.540527 0.348633
vt 0.249878 0.331787
vt 0.587402 0.032959
vt 0.628418 0.036713
vt 0.587402 0.033630
vt 0.627930 0.039520
vt 0.662598 0.045441
vt 0.664551 0.041626
vt 0.698730 0.053619
vt 0.700684 0.046173
vt 0.713379 0.057281
vt 0.752441 0.055054
vt 0.744141 0.064758
vt 0.763672 0.071655
vt 0.777832 0.058563
vt 0.778809 0.075745
vt 0.790039 0.059448
vt 0.805176 0.077148
vt 0.794922 0.080933
vt 0.041016 0.760254
vt 0.054321 0.769531
vt 0.054016 0.782715
vt 0.067383 0.760254
vt 0.841309 0.543945
vt 0.800293 0.495361
vt 0.772461 0.456543
vt 0.745605 0.427979
vt 0.706055 0.416992
vt 0.663086 0.412109
vt 0.584473 0.221558
vt 0.593262 0.252686
vt 0.556152 0.270264
vt 0.634277 0.240112
vt 0.846680 0.094543
vt 0.837891 0.073547
vt 0.850586 0.069214
vt 0.815918 0.042725
vt 0.825684 0.028458
vt 0.813477 0.001170
vt 0.844727 0.020126
vt 0.820312 0.101990
vt 0.660156 0.897461
vt 0.692871 0.947266
vt 0.623047 0.924805
vt 0.551270 0.911133
vt 0.951172 0.334229
vt 0.911621 0.315674
vt 0.928711 0.342285
vt 0.894531 0.345703
vt 0.913086 0.611816
vt 0.882324 0.601562
vt 0.874023 0.568848
vt 0.851074 0.595703
vt 0.837891 0.552734
vt 0.795898 0.568848
vt 0.826172 0.611816
vt 0.583496 0.191895
vt 0.535156 0.200073
vt 0.537598 0.148193
vt 0.511230 0.154419
vt 0.504395 0.210938
vt 0.582520 0.140259
vt 0.609375 0.119629
vt 0.570801 0.098083
vt 0.592773 0.075989
vt 0.564453 0.066284
vt 0.545898 0.112366
vt 0.516113 0.080322
vt 0.468262 0.091309
vt 0.465820 0.153198
vt 0.421875 0.148926
vt 0.427734 0.072388
vt 0.468750 0.193237
vt 0.413574 0.182617
vt 0.365479 0.145874
vt 0.335938 0.183105
vt 0.302734 0.165405
vt 0.322266 0.128540
vt 0.258545 0.106140
vt 0.365234 0.122314
vt 0.286621 0.071655
vt 0.204712 0.055908
vt 0.250488 0.031708
vt 0.282227 0.027649
vt 0.333008 0.096497
vt 0.322754 0.050110
vt 0.311768 0.023834
vt 0.352783 0.035431
vt 0.365234 0.082642
vt 0.356934 0.051147
vt 0.376465 0.057892
vt 0.381592 0.046570
vt 0.401367 0.076721
vt 0.144165 0.507812
vt 0.129517 0.482178
vt 0.134766 0.473145
vt 0.681152 0.721191
vt 0.724609 0.697266
vt 0.741211 0.736328
vt 0.767578 0.688965
vt 0.788086 0.732910
vt 0.750488 0.642090
vt 0.760742 0.774902
vt 0.803223 0.776855
vt 0.702148 0.763672
vt 0.662109 0.691406
vt 0.696289 0.660156
vt 0.783203 0.810059
vt 0.822754 0.830566
vt 0.738281 0.624023
vt 0.746582 0.623535
vt 0.809570 0.848633
vt 0.849121 0.872070
vt 0.832031 0.899902
vt 0.875000 0.906250
vt 0.857422 0.933594
vt 0.883301 0.953613
vt 0.847656 0.946777
vt 0.866699 0.970703
vt 0.843750 0.959961
vt 0.815918 0.934570
vt 0.819336 0.923828
vt 0.792969 0.915039
vt 0.792480 0.902832
vt 0.775391 0.895020
vt 0.767578 0.870117
vt 0.759766 0.873047
vt 0.738281 0.832520
vt 0.741211 0.819824
vt 0.712891 0.799805
vt 0.717773 0.792480
vt 0.692383 0.772949
vt 0.662109 0.720215
vt 0.648438 0.693848
vt 0.632812 0.651855
vt 0.619629 0.657715
vt 0.594238 0.610352
vt 0.660156 0.620605
vt 0.623047 0.597656
vt 0.711426 0.610840
vt 0.733398 0.609863
vt 0.711426 0.594727
vt 0.679199 0.591309
vt 0.638184 0.564941
vt 0.563477 0.554688
vt 0.552246 0.572266
vt 0.513672 0.530762
vt 0.507812 0.550293
vt 0.467285 0.541992
vt 0.690430 0.568359
vt 0.731445 0.568359
vt 0.767090 0.619141
vt 0.791016 0.567871
vt 0.702148 0.541992
vt 0.659180 0.518066
vt 0.641602 0.544434
vt 0.583984 0.514160
vt 0.593262 0.485352
vt 0.553223 0.498779
vt 0.552246 0.475098
vt 0.503418 0.474609
vt 0.551758 0.510254
vt 0.547852 0.521973
vt 0.573242 0.526855
vt 0.570801 0.537109
vt 0.513672 0.510742
vt 0.475830 0.503418
vt 0.462646 0.523438
vt 0.445312 0.511230
vt 0.437500 0.531738
vt 0.425781 0.521484
vt 0.441162 0.544922
vt 0.410889 0.550781
vt 0.402832 0.544434
vt 0.416016 0.559570
vt 0.373047 0.586914
vt 0.767090 0.627930
vt 0.824219 0.664062
vt 0.791016 0.682617
vt 0.849609 0.741699
vt 0.801270 0.737793
vt 0.902832 0.714355
vt 0.822754 0.797363
vt 0.888672 0.784668
vt 0.940430 0.737793
vt 0.857422 0.842285
vt 0.922852 0.812500
vt 0.964844 0.771973
vt 0.897461 0.861816
vt 0.961914 0.835938
vt 0.996094 0.819824
vt 0.939453 0.880859
vt 0.835449 0.656738
vt 0.839355 0.615234
vt 0.918945 0.660156
vt 0.885742 0.618652
vt 0.935059 0.624023
vt 0.984863 0.643555
vt 0.069702 0.240112
vt 0.018051 0.253662
vt 0.020462 0.216553
vt 0.059082 0.204468
vt 0.082703 0.226074
vt 0.015732 0.175781
vt 0.116455 0.207153
vt 0.050079 0.144531
vt 0.015450 0.106079
vt 0.118164 0.178345
vt 0.151855 0.200928
vt 0.054443 0.081543
vt 0.018890 0.061401
vt 0.121826 0.136719
vt 0.143433 0.121887
vt 0.146606 0.168945
vt 0.195190 0.172363
vt 0.118469 0.102783
vt 0.179565 0.144897
vt 0.235962 0.100769
vt 0.187744 0.094604
vt 0.140015 0.071594
vt 0.114807 0.034149
vt 0.074707 0.034912
vt 0.047272 0.027740
vt 0.034180 0.048126
vt 0.009087 0.018921
vt 0.221191 0.340820
vt 0.187744 0.390137
vt 0.198730 0.321289
vt 0.245850 0.268311
vt 0.215820 0.263916
vt 0.166382 0.294678
vt 0.198608 0.224365
vt 0.230225 0.221924
vt 0.238647 0.216675
vt 0.207764 0.198120
vt 0.220703 0.168945
vt 0.791992 0.989746
vt 0.706055 0.985840
vt 0.709961 0.962402
vt 0.634766 0.952148
vt 0.781250 0.960449
vt 0.742676 0.921387
vt 0.272217 0.969238
vt 0.324707 0.955078
vt 0.306396 0.999512
vt 0.335693 0.984375
vt 0.360107 0.945801
vt 0.364746 0.965332
vt 0.388672 0.937988
vt 0.228638 0.331543
vt 0.760742 0.106506
vt 0.744629 0.108765
vt 0.718750 0.102539
vt 0.675293 0.091675
vt 0.639160 0.079163
vt 0.611816 0.064209
vt 0.579590 0.046387
vt 0.560547 0.030212
vt 0.797363 0.054260
vt 0.793945 0.029999
vt 0.800781 0.042938
vt 0.793457 0.048706
vt 0.748047 0.034760
vt 0.752441 0.011658
vt 0.703125 0.026718
vt 0.702637 0.002514
vt 0.662109 0.023117
vt 0.659180 0.001731
vt 0.625488 0.023254
vt 0.623047 0.007744
vt 0.583984 0.017853
vt 0.583984 0.026611
vt 0.815918 0.070984
vt 0.822754 0.063049
vt 0.798340 0.097229
vt 0.012405 0.608887
vt 0.064209 0.623047
vt 0.062317 0.655762
vt 0.005482 0.645508
vt 0.058563 0.689453
vt 0.001900 0.685059
vt 0.057251 0.712891
vt 0.000641 0.720215
vt 0.001260 0.739746
vt 0.044678 0.742676
vt 0.059387 0.738770
vt 0.005291 0.763672
vt 0.054596 0.758301
vt 0.055237 0.742676
vt 0.036163 0.785645
vt 0.017975 0.787598
vt 0.033295 0.819824
vt 0.053406 0.820312
vt 0.045807 0.835938
vt 0.053711 0.801270
vt 0.054291 0.835938
vt 0.055420 0.850098
vt 0.022217 0.573730
vt 0.068909 0.581543
vt 0.070740 0.563477
vt 0.028519 0.554199
vt 0.088928 0.565430
vt 0.116394 0.562988
vt 0.117920 0.583984
vt 0.089844 0.584473
vt 0.092957 0.626465
vt 0.122009 0.621094
vt 0.093323 0.660645
vt 0.122925 0.659668
vt 0.091492 0.698242
vt 0.091187 0.721191
vt 0.122864 0.698242
vt 0.117920 0.730469
vt 0.110962 0.747070
vt 0.068359 0.739746
vt 0.087280 0.743164
vt 0.101868 0.767578
vt 0.081909 0.763184
vt 0.090393 0.789062
vt 0.073364 0.785156
vt 0.075317 0.820312
vt 0.062134 0.819824
vt 0.063660 0.835449
vt 0.058411 0.835449
vt 0.231934 0.143555
vt 0.222168 0.134033
vt 0.234619 0.124207
vt 0.244751 0.133911
vt 0.249634 0.170776
vt 0.260010 0.119324
vt 0.248535 0.108582
vt 0.279785 0.139282
vt 0.266113 0.155762
vt 0.282715 0.176147
vt 0.260254 0.195679
vt 0.302979 0.169678
vt 0.300781 0.201172
vt 0.272705 0.218872
vt 0.324463 0.192749
vt 0.310303 0.224243
vt 0.333008 0.214233
vt 0.281250 0.238770
vt 0.335693 0.243530
vt 0.315674 0.250977
vt 0.292480 0.260010
vt 0.336182 0.276611
vt 0.301758 0.281494
vt 0.318604 0.277344
vt 0.331055 0.305664
vt 0.318359 0.306641
vt 0.310303 0.308350
vt 0.316650 0.334229
vt 0.290771 0.613770
vt 0.289307 0.628418
vt 0.358154 0.625977
vt 0.291748 0.642090
vt 0.251709 0.649902
vt 0.305420 0.650391
vt 0.317871 0.661621
vt 0.271973 0.690430
vt 0.281982 0.701172
vt 0.251221 0.681641
vt 0.247681 0.746094
vt 0.254883 0.765625
vt 0.222412 0.725098
vt 0.224609 0.673340
vt 0.207275 0.643066
vt 0.240479 0.615723
vt 0.236450 0.600586
vt 0.202881 0.616211
vt 0.171021 0.635254
vt 0.175171 0.686523
vt 0.145020 0.657227
vt 0.127441 0.713867
vt 0.191772 0.708008
vt 0.149780 0.723145
vt 0.110229 0.754395
vt 0.198975 0.764648
vt 0.122253 0.767090
vt 0.100281 0.800781
vt 0.163452 0.743164
vt 0.234863 0.792480
vt 0.140259 0.789062
vt 0.178101 0.810059
vt 0.121033 0.818359
vt 0.164795 0.840332
vt 0.210205 0.828613
vt 0.104919 0.845703
vt 0.081116 0.837891
vt 0.041748 0.882812
vt 0.149536 0.860840
vt 0.081299 0.882812
vt 0.065125 0.908691
vt 0.086975 0.932617
vt 0.114319 0.891602
vt 0.135376 0.906738
vt 0.188354 0.859863
vt 0.248901 0.810059
vt 0.140381 0.934082
vt 0.130005 0.964844
vt 0.178345 0.942871
vt 0.201172 0.978516
vt 0.183960 0.905762
vt 0.225830 0.942871
vt 0.170410 0.875000
vt 0.182373 0.889160
vt 0.221924 0.899902
vt 0.283936 0.932617
vt 0.279785 0.898926
vt 0.321045 0.909180
vt 0.213257 0.871582
vt 0.264404 0.883301
vt 0.325928 0.931152
vt 0.355713 0.921387
vt 0.360840 0.934570
vt 0.220093 0.839355
vt 0.240234 0.853516
vt 0.273438 0.831055
vt 0.302979 0.874023
vt 0.284180 0.783691
vt 0.315186 0.807129
vt 0.340576 0.854004
vt 0.324951 0.762695
vt 0.357910 0.744141
vt 0.357910 0.791992
vt 0.376953 0.837402
vt 0.393555 0.788086
vt 0.436035 0.770020
vt 0.406982 0.822266
vt 0.442139 0.783691
vt 0.473633 0.772461
vt 0.443359 0.804688
vt 0.259521 0.471680
vt 0.275391 0.474121
vt 0.277100 0.478271
vt 0.275879 0.470459
vt 0.278320 0.465088
vt 0.276123 0.459473
vt 0.267578 0.444336
vt 0.208496 0.457275
vt 0.190552 0.459961
vt 0.207153 0.452148
vt 0.208618 0.460693
vt 0.210571 0.467041
vt 0.206909 0.472900
vt 0.195312 0.489502
vt 0.243042 0.253906
vt 0.228271 0.260986
vt 0.239380 0.246704
vt 0.256836 0.230469
vt 0.255371 0.225830
vt 0.233887 0.243042
vt 0.261475 0.237549
vt 0.275879 0.207275
vt 0.279541 0.216309
vt 0.251709 0.222778
vt 0.270996 0.202148
vt 0.281738 0.214966
vt 0.277832 0.205200
vt 0.272705 0.200439
vt 0.282959 0.221313
vt 0.265869 0.197388
vt 0.280762 0.222534
vt 0.284180 0.226440
vt 0.264404 0.199219
vt 0.256836 0.195557
vt 0.281494 0.228394
vt 0.286377 0.231079
vt 0.256104 0.197388
vt 0.263916 0.244263
vt 0.284180 0.232666
vt 0.244873 0.218018
vt 0.250732 0.194336
vt 0.251709 0.192993
vt 0.245361 0.259277
vt 0.244995 0.191650
vt 0.245972 0.189819
vt 0.235474 0.214111
vt 0.240356 0.188843
vt 0.241089 0.187256
vt 0.227783 0.237793
vt 0.236450 0.186890
vt 0.237061 0.185303
vt 0.227417 0.210571
vt 0.231445 0.185181
vt 0.232056 0.183350
vt 0.221191 0.234131
vt 0.220337 0.253418
vt 0.219238 0.206909
vt 0.225098 0.184326
vt 0.225342 0.182251
vt 0.219971 0.184448
vt 0.219604 0.182617
vt 0.213013 0.231812
vt 0.213013 0.248901
vt 0.206787 0.257568
vt 0.215088 0.264893
vt 0.233276 0.273438
vt 0.220825 0.279053
vt 0.213013 0.185303
vt 0.213013 0.183594
vt 0.213013 0.205933
vt 0.233643 0.285156
vt 0.220215 0.292725
vt 0.233521 0.299316
vt 0.218018 0.302734
vt 0.217651 0.322266
vt 0.254883 0.274414
vt 0.248413 0.266113
vt 0.246338 0.262939
vt 0.270752 0.261719
vt 0.272705 0.264160
vt 0.265869 0.248169
vt 0.268311 0.254639
vt 0.290039 0.248535
vt 0.291992 0.248291
vt 0.292725 0.239502
vt 0.295410 0.238647
vt 0.121399 0.406250
vt 0.124939 0.408203
vt 0.151978 0.426025
vt 0.155151 0.423096
vt 0.173096 0.440674
vt 0.177734 0.439941
vt 0.164185 0.445557
vt 0.146118 0.432373
vt 0.173462 0.443115
vt 0.166260 0.447510
vt 0.179810 0.444824
vt 0.162476 0.450439
vt 0.189697 0.429199
vt 0.187256 0.426270
vt 0.159912 0.448486
vt 0.156494 0.412354
vt 0.190186 0.423096
vt 0.194824 0.425537
vt 0.185059 0.406982
vt 0.182617 0.407715
vt 0.183350 0.398682
vt 0.154541 0.406250
vt 0.160156 0.456543
vt 0.161621 0.458496
vt 0.143066 0.439209
vt 0.133301 0.445801
vt 0.117554 0.421387
vt 0.111389 0.432617
vt 0.091187 0.428955
vt 0.179688 0.398682
vt 0.150391 0.396729
vt 0.118958 0.398926
vt 0.119751 0.385742
vt 0.180176 0.390869
vt 0.184204 0.390381
vt 0.149170 0.383545
vt 0.118408 0.379395
vt 0.180664 0.378174
vt 0.183960 0.378662
vt 0.146851 0.372559
vt 0.116333 0.373535
vt 0.182251 0.364990
vt 0.184570 0.364258
vt 0.145752 0.364502
vt 0.182617 0.355713
vt 0.184204 0.355713
vt 0.147217 0.353516
vt 0.181030 0.348145
vt 0.182983 0.348389
vt 0.179199 0.337646
vt 0.181641 0.337646
vt 0.181519 0.326172
vt 0.113770 0.368408
vt 0.142578 0.341064
vt 0.177734 0.326904
vt 0.175171 0.310059
vt 0.172485 0.312744
vt 0.107971 0.367920
vt 0.110657 0.375732
vt 0.824219 0.812500
vt 0.812988 0.814453
vt 0.819824 0.805176
vt 0.826172 0.814941
vt 0.826660 0.817871
vt 0.826172 0.821777
vt 0.823730 0.827148
vt 0.821289 0.829590
vt 0.817871 0.830078
vt 0.814453 0.831055
vt 0.815918 0.804199
vt 0.791992 0.814453
vt 0.794434 0.814453
vt 0.789062 0.830566
vt 0.793945 0.833496
vt 0.803223 0.813965
vt 0.801270 0.835449
vt 0.809082 0.833984
vt 0.810059 0.814941
vt 0.780273 0.810059
vt 0.788086 0.804199
vt 0.778320 0.812500
vt 0.777832 0.815430
vt 0.777832 0.819824
vt 0.779785 0.825195
vt 0.781738 0.827637
vt 0.784668 0.828613
vt 0.792480 0.803223
vt 0.217773 0.280518
vt 0.211670 0.268066
vt 0.205200 0.260498
vt 0.219482 0.293213
vt 0.214966 0.306152
vt 0.215332 0.321289
vt 0.477295 0.893066
vt 0.475342 0.893066
vt 0.470947 0.885254
vt 0.473633 0.893066
vt 0.468750 0.887695
vt 0.454346 0.900879
vt 0.458008 0.905762
vt 0.479736 0.896484
vt 0.461914 0.909668
vt 0.467773 0.912598
vt 0.486084 0.902344
vt 0.451416 0.898438
vt 0.470215 0.890625
vt 0.448486 0.895508
vt 0.446289 0.893066
vt 0.468262 0.888672
vt 0.445068 0.890625
vt 0.444580 0.888184
vt 0.446533 0.884277
vt 0.470459 0.881348
vt 0.446777 0.880859
vt 0.468506 0.877441
vt 0.446289 0.877441
vt 0.446777 0.873535
vt 0.470215 0.873047
vt 0.446533 0.870117
vt 0.470947 0.869141
vt 0.468506 0.867188
vt 0.444580 0.866699
vt 0.444824 0.863770
vt 0.475098 0.861328
vt 0.468262 0.865723
vt 0.446045 0.861816
vt 0.473389 0.861328
vt 0.470215 0.863770
vt 0.448486 0.858887
vt 0.451416 0.855957
vt 0.454102 0.853516
vt 0.477539 0.861816
vt 0.458496 0.849121
vt 0.479736 0.858398
vt 0.462891 0.844727
vt 0.468750 0.841797
vt 0.487061 0.851562
vt 0.476562 0.838379
vt 0.481689 0.837891
vt 0.485352 0.838867
vt 0.487793 0.840332
vt 0.495117 0.843750
vt 0.497070 0.850098
vt 0.491211 0.860352
vt 0.270752 0.261963
vt 0.268311 0.254395
vt 0.263916 0.244141
vt 0.284180 0.232544
vt 0.272705 0.200317
vt 0.277832 0.205078
vt 0.241089 0.187134
vt 0.098389 0.476074
vt 0.133301 0.452881
vt 0.133423 0.458252
vt 0.101318 0.481689
vt 0.073242 0.499023
vt 0.078247 0.503418
vt 0.057434 0.534180
vt 0.064636 0.536133
vt 0.054657 0.569824
vt 0.061462 0.568359
vt 0.057648 0.589355
vt 0.065369 0.588379
vt 0.077332 0.627441
vt 0.082764 0.625488
vt 0.089355 0.651367
vt 0.085938 0.654297
vt 0.086487 0.529785
vt 0.090088 0.517578
vt 0.093079 0.541504
vt 0.087219 0.540039
vt 0.083069 0.563965
vt 0.086121 0.563965
vt 0.075989 0.571289
vt 0.073608 0.577637
vt 0.401855 0.724609
vt 0.404053 0.726074
vt 0.412598 0.749512
vt 0.416016 0.747070
vt 0.420166 0.735840
vt 0.423096 0.761719
vt 0.428955 0.739258
vt 0.428467 0.760742
vt 0.435059 0.784180
vt 0.439697 0.737305
vt 0.441650 0.780762
vt 0.443115 0.754883
vt 0.450439 0.804199
vt 0.444580 0.808105
vt 0.455078 0.823730
vt 0.450928 0.829102
vt 0.465576 0.834473
vt 0.468018 0.829102
vt 0.463379 0.803223
vt 0.481201 0.801758
vt 0.482178 0.827148
vt 0.480957 0.777832
vt 0.459229 0.774902
vt 0.480713 0.751465
vt 0.458008 0.737793
vt 0.481201 0.718262
vt 0.450439 0.730469
vt 0.467041 0.717285
vt 0.480957 0.699707
vt 0.459717 0.716797
vt 0.469238 0.697754
vt 0.464355 0.697266
vt 0.480713 0.680176
vt 0.464844 0.682129
vt 0.481201 0.665039
vt 0.481201 0.661133
vt 0.502441 0.679199
vt 0.499512 0.680664
vt 0.505859 0.696289
vt 0.508301 0.695801
vt 0.513672 0.708984
vt 0.511230 0.710449
vt 0.519043 0.722168
vt 0.520996 0.720215
vt 0.530762 0.729004
vt 0.529785 0.731445
vt 0.916504 0.167236
vt 0.897949 0.186035
vt 0.899414 0.181396
vt 0.916992 0.162476
vt 0.894531 0.165649
vt 0.858398 0.187134
vt 0.860840 0.177246
vt 0.896484 0.161987
vt 0.942871 0.990723
vt 0.955078 0.955566
vt 0.946777 0.997559
vt 0.962402 0.958984
vt 0.972168 0.926270
vt 0.965332 0.922852
vt 0.988770 0.887695
vt 0.983887 0.884766
vt 0.996094 0.864258
vt 0.787109 0.452637
vt 0.789551 0.458496
vt 0.753418 0.434326
vt 0.750488 0.431396
vt 0.965332 0.437256
vt 0.925293 0.460693
vt 0.928223 0.454102
vt 0.969238 0.433594
vt 0.708984 0.592773
vt 0.745605 0.617188
vt 0.704590 0.592773
vt 0.741699 0.620605
vt 0.786133 0.632812
vt 0.785156 0.635742
vt 0.769531 0.019608
vt 0.769531 0.005302
vt 0.774902 0.005302
vt 0.777832 0.005302
vt 0.778809 0.021240
vt 0.776367 0.021454
vt 0.767578 0.032349
vt 0.775391 0.039246
vt 0.772949 0.039825
vt 0.763672 0.041656
vt 0.762695 0.048462
vt 0.779297 0.052643
vt 0.782227 0.052185
vt 0.769043 0.067139
vt 0.787598 0.065735
vt 0.789551 0.065308
vt 0.769531 0.083923
vt 0.791992 0.084717
vt 0.793945 0.084290
vt 0.790527 0.100769
vt 0.788574 0.100037
vt 0.782227 0.112000
vt 0.766602 0.100403
vt 0.779785 0.110413
vt 0.770996 0.123169
vt 0.766602 0.121460
vt 0.757324 0.119507
vt 0.757324 0.127319
vt 0.770020 0.132812
vt 0.772461 0.132568
vt 0.763672 0.143677
vt 0.772949 0.144043
vt 0.766113 0.160278
vt 0.774902 0.144409
vt 0.770996 0.160278
vt 0.773926 0.160278
vt 0.009331 0.067200
vt 0.010216 0.094299
vt 0.003130 0.092102
vt 0.004745 0.064819
vt 0.008667 0.036499
vt 0.004963 0.037018
vt 0.008858 0.010124
vt 0.004765 0.011223
vt 0.089233 0.360596
vt 0.082275 0.353027
vt 0.086853 0.354248
vt 0.064697 0.353760
vt 0.068359 0.371582
vt 0.047729 0.364258
vt 0.055511 0.376221
vt 0.041321 0.358154
vt 0.148804 0.208252
vt 0.143677 0.201172
vt 0.148804 0.187256
vt 0.144287 0.187988
vt 0.144287 0.187012
vt 0.144287 0.172607
vt 0.148804 0.171875
vt 0.144287 0.170898
vt 0.148804 0.156494
vt 0.144287 0.156494
vt 0.148804 0.152710
vt 0.155762 0.208008
vt 0.155762 0.187256
vt 0.162476 0.191406
vt 0.160645 0.187988
vt 0.160645 0.187012
vt 0.160645 0.172241
vt 0.155762 0.171875
vt 0.160645 0.171021
vt 0.160645 0.156494
vt 0.155762 0.156494
vt 0.155762 0.151611
vt 0.132080 0.209229
vt 0.119446 0.211182
vt 0.126953 0.203979
vt 0.138916 0.206787
vt 0.169312 0.207275
vt 0.177734 0.223999
vt 0.187622 0.230347
vt 0.172852 0.237061
vt 0.180786 0.220703
vt 0.187622 0.225098
vt 0.180786 0.214966
vt 0.187622 0.213379
vt 0.180786 0.212402
vt 0.187622 0.197266
vt 0.180786 0.197266
vt 0.187622 0.187744
vt 0.187622 0.179810
vt 0.196167 0.187744
vt 0.196167 0.197266
vt 0.196167 0.213379
vt 0.201904 0.197266
vt 0.196167 0.179810
vt 0.201904 0.212402
vt 0.201904 0.214966
vt 0.196167 0.231689
vt 0.201904 0.234741
vt 0.196167 0.239502
vt 0.201904 0.242554
vt 0.180786 0.263184
vt 0.201904 0.255127
vt 0.201904 0.271240
vt 0.171753 0.275879
vt 0.201904 0.281006
vt 0.172241 0.281006
vt 0.141968 0.281006
vt 0.162354 0.260010
vt 0.140259 0.275146
vt 0.108337 0.269287
vt 0.108521 0.281006
vt 0.094727 0.271484
vt 0.095093 0.281006
vt 0.082825 0.274902
vt 0.081787 0.281006
vt 0.066895 0.281006
vt 0.069824 0.275391
vt 0.051788 0.281006
vt 0.120117 0.257080
vt 0.139648 0.259521
vt 0.108337 0.254883
vt 0.087341 0.254395
vt 0.072693 0.255371
vt 0.053467 0.274658
vt 0.097778 0.254150
vt 0.100281 0.236450
vt 0.108337 0.235718
vt 0.118652 0.236328
vt 0.088257 0.237427
vt 0.103394 0.219849
vt 0.037109 0.276123
vt 0.037445 0.281006
vt 0.018631 0.281006
vt 0.137085 0.237183
vt 0.108337 0.218872
vt 0.020050 0.276611
vt 0.003803 0.281006
vt 0.003803 0.273926
vt 0.016953 0.264404
vt 0.003803 0.266113
vt 0.029236 0.261475
vt 0.013382 0.250977
vt 0.003803 0.252197
vt 0.003803 0.244751
vt 0.114075 0.219238
vt 0.042206 0.258301
vt 0.056122 0.255371
vt 0.074097 0.239746
vt 0.090942 0.222534
vt 0.023651 0.248291
vt 0.033081 0.241577
vt 0.039032 0.240967
vt 0.057312 0.239990
vt 0.072693 0.223877
vt 0.012642 0.243652
vt 0.009300 0.227417
vt 0.003803 0.227417
vt 0.020523 0.241821
vt 0.009300 0.223389
vt 0.003803 0.223389
vt 0.017090 0.227417
vt 0.023071 0.236450
vt 0.026291 0.237061
vt 0.022369 0.227417
vt 0.017090 0.223389
vt 0.022369 0.223389
vt 0.033081 0.223999
vt 0.026291 0.221436
vt 0.017090 0.212280
vt 0.022369 0.212280
vt 0.017090 0.200439
vt 0.009300 0.200928
vt 0.009300 0.212280
vt 0.003803 0.212280
vt 0.033081 0.218628
vt 0.026291 0.217041
vt 0.039032 0.225464
vt 0.033081 0.197754
vt 0.026291 0.196411
vt 0.039032 0.219727
vt 0.057556 0.224609
vt 0.046661 0.218872
vt 0.039032 0.197754
vt 0.033081 0.193726
vt 0.026291 0.180664
vt 0.058777 0.218750
vt 0.051819 0.209473
vt 0.046661 0.197754
vt 0.039032 0.193726
vt 0.046661 0.193726
vt 0.033081 0.182129
vt 0.039032 0.182129
vt 0.046661 0.182129
vt 0.039032 0.179199
vt 0.046661 0.179199
vt 0.033081 0.179199
vt 0.026291 0.165649
vt 0.033081 0.165649
vt 0.033081 0.161499
vt 0.039032 0.165649
vt 0.046661 0.165649
vt 0.233521 0.733887
vt 0.249390 0.738281
vt 0.246582 0.760742
vt 0.247192 0.726074
vt 0.226440 0.712891
vt 0.247803 0.714355
vt 0.212646 0.720703
vt 0.249390 0.706055
vt 0.206177 0.705566
vt 0.222778 0.690918
vt 0.201782 0.686523
vt 0.253418 0.690430
vt 0.213379 0.674805
vt 0.234985 0.673828
vt 0.255859 0.678223
vt 0.220337 0.663574
vt 0.236572 0.668945
vt 0.257324 0.660156
vt 0.223755 0.653809
vt 0.241211 0.655762
vt 0.256104 0.642090
vt 0.228394 0.638672
vt 0.241577 0.638672
vt 0.247681 0.624023
vt 0.236572 0.625977
vt 0.223389 0.624512
vt 0.230469 0.615234
vt 0.242920 0.607422
vt 0.242676 0.602539
vt 0.224365 0.609863
vt 0.213257 0.614746
vt 0.214722 0.597656
vt 0.223633 0.595703
vt 0.234985 0.591797
vt 0.217285 0.558594
vt 0.632324 0.985840
vt 0.612793 0.980469
vt 0.630859 0.982910
vt 0.598145 0.974609
vt 0.599121 0.968750
vt 0.613770 0.976074
vt 0.584473 0.968262
vt 0.584961 0.974121
vt 0.575195 0.975586
vt 0.577148 0.976562
vt 0.639648 0.962891
vt 0.644043 0.964844
vt 0.621582 0.959961
vt 0.642578 0.941895
vt 0.599609 0.942871
vt 0.623535 0.941895
vt 0.619141 0.923828
vt 0.637207 0.917969
vt 0.612793 0.910645
vt 0.630371 0.900391
vt 0.596680 0.918457
vt 0.611328 0.905762
vt 0.631348 0.896973
vt 0.595703 0.912598
vt 0.580078 0.942871
vt 0.583984 0.918457
vt 0.585449 0.912598
vt 0.568848 0.911621
vt 0.571777 0.906250
vt 0.571777 0.972168
vt 0.554199 0.985840
vt 0.554199 0.991211
vt 0.541504 0.968750
vt 0.560547 0.943359
vt 0.526367 0.943848
vt 0.523926 0.960449
vt 0.541504 0.916016
vt 0.554688 0.901367
vt 0.553711 0.896484
vt 0.556152 0.893555
vt 0.521973 0.927246
vt 0.473877 0.945801
vt 0.474365 0.954590
vt 0.472412 0.936035
vt 0.421387 0.946289
vt 0.322021 0.898438
vt 0.321045 0.899902
vt 0.312500 0.883301
vt 0.312012 0.877441
vt 0.361816 0.933594
vt 0.346924 0.914062
vt 0.361572 0.931152
vt 0.343506 0.907227
vt 0.362061 0.913574
vt 0.376709 0.918945
vt 0.347900 0.900391
vt 0.334717 0.896973
vt 0.376709 0.905762
vt 0.361816 0.905762
vt 0.331543 0.882812
vt 0.348145 0.896484
vt 0.332275 0.906738
vt 0.339600 0.905273
vt 0.340576 0.918457
vt 0.343750 0.915039
vt 0.347168 0.926758
vt 0.332764 0.877930
vt 0.354004 0.871582
vt 0.326172 0.868164
vt 0.340332 0.857422
vt 0.312256 0.851074
vt 0.297363 0.870605
vt 0.366943 0.872070
vt 0.375000 0.900391
vt 0.391113 0.891113
vt 0.389404 0.885742
vt 0.393311 0.904785
vt 0.414551 0.887207
vt 0.401611 0.863770
vt 0.397705 0.910156
vt 0.378662 0.923828
vt 0.416504 0.899414
vt 0.436035 0.893555
vt 0.432129 0.901367
vt 0.438965 0.878906
vt 0.421143 0.858887
vt 0.440674 0.871582
vt 0.411377 0.861816
vt 0.423584 0.855957
vt 0.439697 0.839844
vt 0.418213 0.840820
vt 0.428467 0.833496
vt 0.434814 0.831055
vt 0.421143 0.837402
vt 0.403809 0.836426
vt 0.395508 0.848633
vt 0.410889 0.812988
vt 0.397949 0.863770
vt 0.401123 0.831055
vt 0.391113 0.847656
vt 0.386475 0.793945
vt 0.382568 0.822754
vt 0.412109 0.811035
vt 0.437012 0.817871
vt 0.426758 0.798828
vt 0.405029 0.781250
vt 0.383789 0.790039
vt 0.391357 0.759277
vt 0.380859 0.850098
vt 0.373291 0.764160
vt 0.385986 0.734863
vt 0.376953 0.862305
vt 0.365967 0.868652
vt 0.379150 0.822266
vt 0.374756 0.859863
vt 0.353760 0.867676
vt 0.378662 0.849609
vt 0.366211 0.848145
vt 0.349365 0.851074
vt 0.361816 0.830566
vt 0.339355 0.837891
vt 0.335449 0.811523
vt 0.362061 0.799316
vt 0.355225 0.771484
vt 0.332520 0.781738
vt 0.312744 0.819336
vt 0.289062 0.813477
vt 0.312012 0.787109
vt 0.351318 0.744141
vt 0.330811 0.759277
vt 0.316650 0.760742
vt 0.368652 0.739746
vt 0.329590 0.742188
vt 0.348633 0.730469
vt 0.367676 0.727051
vt 0.347168 0.726562
vt 0.379883 0.723145
vt 0.397949 0.721191
vt 0.379150 0.719727
vt 0.399414 0.718262
vt 0.377197 0.698730
vt 0.389404 0.690918
vt 0.366699 0.703613
vt 0.367188 0.722656
vt 0.349121 0.697754
vt 0.325195 0.688965
vt 0.322266 0.712891
vt 0.317139 0.730469
vt 0.315186 0.712891
vt 0.323242 0.686035
vt 0.311768 0.729492
vt 0.306396 0.740234
vt 0.306885 0.733398
vt 0.301514 0.732422
vt 0.306641 0.743652
vt 0.296143 0.734863
vt 0.291016 0.715820
vt 0.302490 0.761719
vt 0.291992 0.785156
vt 0.284424 0.719238
vt 0.286133 0.747559
vt 0.275879 0.698242
vt 0.276367 0.695312
vt 0.270508 0.738770
vt 0.255859 0.709473
vt 0.271973 0.741211
vt 0.272705 0.755371
vt 0.287842 0.761719
vt 0.276123 0.781738
vt 0.271240 0.805664
vt 0.260742 0.827148
vt 0.272217 0.836426
vt 0.287598 0.844727
vt 0.261719 0.849121
vt 0.244873 0.841797
vt 0.278320 0.862305
vt 0.248657 0.862793
vt 0.234253 0.853027
vt 0.230347 0.856445
vt 0.274902 0.857910
vt 0.263916 0.863770
vt 0.247925 0.866699
vt 0.221802 0.884766
vt 0.264160 0.869629
vt 0.285400 0.880371
vt 0.241211 0.895508
vt 0.218994 0.889160
vt 0.289307 0.884766
vt 0.271729 0.891602
vt 0.257568 0.897949
vt 0.237671 0.901367
vt 0.218140 0.902344
vt 0.273682 0.898438
vt 0.301025 0.897461
vt 0.278809 0.902832
vt 0.288330 0.895996
vt 0.290527 0.906250
vt 0.283936 0.903809
vt 0.275146 0.914551
vt 0.281006 0.916992
vt 0.257812 0.906738
vt 0.302734 0.899902
vt 0.236938 0.912598
vt 0.217651 0.910156
vt 0.235352 0.918457
vt 0.257080 0.924805
vt 0.256836 0.927734
vt 0.283447 0.919434
vt 0.277588 0.924805
vt 0.282715 0.921875
vt 0.277344 0.927246
vt 0.292236 0.910156
vt 0.312012 0.926270
vt 0.292236 0.938965
vt 0.312012 0.914551
vt 0.311035 0.940430
vt 0.311523 0.956543
vt 0.332275 0.937012
vt 0.340088 0.921875
vt 0.330078 0.908691
vt 0.312256 0.901855
vt 0.666016 0.990723
vt 0.664062 0.971680
vt 0.669922 0.971191
vt 0.671875 0.990723
vt 0.124451 0.198608
vt 0.119446 0.197388
vt 0.124451 0.196045
vt 0.119446 0.188110
vt 0.124451 0.188599
vt 0.124451 0.186401
vt 0.119446 0.176514
vt 0.124451 0.176514
vt 0.119446 0.173096
vt 0.893066 0.721680
vt 0.889648 0.719238
vt 0.865723 0.694336
vt 0.867188 0.690918
vt 0.841309 0.679688
vt 0.841797 0.676758
vt 0.812988 0.672363
vt 0.812988 0.675293
vt 0.781250 0.677246
vt 0.782227 0.680664
vt 0.754883 0.684082
vt 0.755371 0.687500
vt 0.737305 0.687988
vt 0.736816 0.691895
vt 0.725098 0.686523
vt 0.723633 0.690430
vt 0.716309 0.686035
vt 0.719238 0.683105
vt 0.709961 0.673340
vt 0.713379 0.671875
vt 0.707520 0.658203
vt 0.711426 0.658203
vt 0.708496 0.641602
vt 0.711914 0.641602
vt 0.710938 0.627441
vt 0.713867 0.626953
vt 0.876465 0.665039
vt 0.874512 0.664062
vt 0.856934 0.645996
vt 0.855957 0.648438
vt 0.836914 0.638184
vt 0.835938 0.641113
vt 0.813477 0.637695
vt 0.813965 0.640625
vt 0.783203 0.644531
vt 0.783203 0.646973
vt 0.761230 0.649902
vt 0.761719 0.653320
vt 0.748047 0.650391
vt 0.747559 0.653320
vt 0.741699 0.647461
vt 0.739746 0.649902
vt 0.734863 0.643555
vt 0.737305 0.642090
vt 0.731934 0.636719
vt 0.734863 0.635742
vt 0.730957 0.629883
vt 0.733887 0.629395
vt 0.732422 0.619629
vt 0.733398 0.616699
vt 0.667480 0.495361
vt 0.639160 0.503418
vt 0.661133 0.516602
vt 0.650879 0.485107
vt 0.658691 0.468262
vt 0.633301 0.481201
vt 0.655762 0.465088
vt 0.652344 0.461426
vt 0.647949 0.458252
vt 0.060791 0.867676
vt 0.071106 0.863281
vt 0.074707 0.861816
vt 0.487305 0.914062
vt 0.494873 0.910645
vt 0.497314 0.903809
vt 0.491699 0.893555
vt 0.484863 0.915527
vt 0.480957 0.916016
vt 0.475830 0.915527
vt 0.284180 0.226562
vt 0.272705 0.265137
vt 0.205200 0.260742
vt 0.212036 0.267578
vt 0.218018 0.281982
vt 0.133057 0.499268
vt 0.163208 0.481934
vt 0.157104 0.507812
vt 0.131348 0.542969
vt 0.186890 0.504395
vt 0.167114 0.475830
vt 0.192383 0.502441
vt 0.202148 0.533691
vt 0.194946 0.535645
vt 0.210449 0.563477
vt 0.176270 0.517090
vt 0.203613 0.564453
vt 0.205444 0.590332
vt 0.188843 0.538086
vt 0.195435 0.563965
vt 0.190430 0.577637
vt 0.156372 0.541504
vt 0.169922 0.540527
vt 0.199707 0.588867
vt 0.190186 0.621582
vt 0.158081 0.561523
vt 0.177979 0.563477
vt 0.169922 0.593750
vt 0.182373 0.620605
vt 0.173950 0.654785
vt 0.171753 0.649902
vt 0.160034 0.624023
vt 0.132324 0.668457
vt 0.138550 0.586914
vt 0.131348 0.630371
vt 0.130859 0.559570
vt 0.131226 0.580078
vt 0.101990 0.625977
vt 0.123779 0.586426
vt 0.094666 0.594727
vt 0.105408 0.563477
vt 0.068787 0.566895
vt 0.073792 0.540527
vt 0.109131 0.541016
vt 0.108521 0.508789
vt 0.131836 0.673340
vt 0.080505 0.541992
vt 0.074951 0.564453
vt 0.188232 0.568848
vt 0.184082 0.563965
vt 0.177490 0.541016
vt 0.178101 0.529297
vt 0.183594 0.540039
vt 0.189575 0.562500
vt 0.990234 0.068359
vt 0.974609 0.076843
vt 0.983398 0.060089
vt 0.997559 0.077881
vt 0.989258 0.087036
vt 0.982422 0.094055
vt 0.494385 0.697754
vt 0.499512 0.697754
vt 0.502930 0.716309
vt 0.495117 0.716797
vt 0.512207 0.730469
vt 0.504395 0.738770
vt 0.523438 0.739258
vt 0.519043 0.756836
vt 0.504395 0.776367
vt 0.498535 0.804199
vt 0.499268 0.829102
vt 0.511719 0.822266
vt 0.518555 0.782715
vt 0.536133 0.757812
vt 0.534180 0.741211
vt 0.511719 0.805664
vt 0.518555 0.806641
vt 0.516113 0.826660
vt 0.524902 0.784668
vt 0.538574 0.761230
vt 0.546387 0.747559
vt 0.548828 0.749023
vt 0.542969 0.733887
vt 0.542969 0.730957
vt 0.543945 0.737793
vt 0.556152 0.731445
vt 0.558105 0.729980
vt 0.420654 0.725586
vt 0.421875 0.729004
vt 0.431885 0.723633
vt 0.433350 0.727051
vt 0.440430 0.716797
vt 0.443115 0.720215
vt 0.448730 0.706543
vt 0.452148 0.708496
vt 0.456543 0.693848
vt 0.458496 0.694824
vt 0.463379 0.680176
vt 0.482178 0.834473
vt 0.500488 0.833008
vt 0.143799 0.096619
vt 0.143188 0.090698
vt 0.153687 0.096497
vt 0.150391 0.099243
vt 0.149170 0.106079
vt 0.170654 0.071838
vt 0.177002 0.071899
vt 0.176025 0.079956
vt 0.179321 0.076599
vt 0.185059 0.075134
vt 0.175537 0.084717
vt 0.157959 0.097534
vt 0.163086 0.099426
vt 0.176636 0.089539
vt 0.179321 0.094666
vt 0.167725 0.103455
vt 0.182739 0.100830
vt 0.172607 0.107788
vt 0.182617 0.111206
vt 0.325439 0.191772
vt 0.359375 0.182983
vt 0.335205 0.218872
vt 0.365234 0.214478
vt 0.371094 0.237305
vt 0.342041 0.241821
vt 0.393311 0.182983
vt 0.390381 0.165405
vt 0.406982 0.149048
vt 0.431152 0.160889
vt 0.375977 0.254395
vt 0.349854 0.270264
vt 0.405029 0.235962
vt 0.398438 0.208984
vt 0.431152 0.208252
vt 0.434082 0.180542
vt 0.435059 0.153320
vt 0.468262 0.176392
vt 0.468506 0.181885
vt 0.478516 0.182007
vt 0.467773 0.209595
vt 0.468262 0.238647
vt 0.496094 0.240234
vt 0.493408 0.264893
vt 0.496826 0.210693
vt 0.522949 0.268799
vt 0.515625 0.300537
vt 0.526367 0.241943
vt 0.496826 0.182617
vt 0.497559 0.166382
vt 0.559570 0.269531
vt 0.528320 0.212158
vt 0.529785 0.183716
vt 0.531250 0.135376
vt 0.562988 0.171265
vt 0.566406 0.203247
vt 0.581543 0.185547
vt 0.564453 0.215942
vt 0.600098 0.224609
vt 0.610352 0.198730
vt 0.589355 0.247681
vt 0.558594 0.243774
vt 0.590820 0.269775
vt 0.562012 0.295410
vt 0.596191 0.288574
vt 0.532227 0.328613
vt 0.565918 0.324219
vt 0.608887 0.314941
vt 0.575195 0.350098
vt 0.616211 0.334473
vt 0.618652 0.338135
vt 0.546875 0.357666
vt 0.586914 0.373047
vt 0.552734 0.386230
vt 0.595703 0.406250
vt 0.577148 0.419678
vt 0.544922 0.416748
vt 0.609863 0.428223
vt 0.555664 0.437744
vt 0.540039 0.449951
vt 0.593262 0.442139
vt 0.632812 0.450684
vt 0.613770 0.465820
vt 0.566895 0.456543
vt 0.579590 0.489746
vt 0.562988 0.457031
vt 0.551758 0.466309
vt 0.573730 0.492920
vt 0.535645 0.474121
vt 0.563965 0.495361
vt 0.550781 0.500488
vt 0.611816 0.190430
vt 0.584473 0.180908
vt 0.565918 0.165283
vt 0.531738 0.132812
vt 0.496582 0.161743
vt 0.476807 0.177124
vt 0.733398 0.208374
vt 0.731445 0.199707
vt 0.755371 0.195312
vt 0.751953 0.188477
vt 0.778809 0.173462
vt 0.773438 0.168945
vt 0.802246 0.137695
vt 0.803223 0.140991
vt 0.833008 0.161621
vt 0.831055 0.166748
vt 0.321777 0.184937
vt 0.355957 0.175171
vt 0.386719 0.160645
vt 0.406738 0.145874
vt 0.430176 0.156616
vt 0.951172 0.186035
vt 0.948242 0.192261
vt 0.981934 0.196289
vt 0.985352 0.203369
vt 0.469727 0.171631
vt 0.434570 0.150391
vt 0.950195 0.889160
vt 0.951172 0.893066
vt 0.913574 0.901855
vt 0.916504 0.907715
vt 0.887695 0.916016
vt 0.883301 0.908691
vt 0.861328 0.922852
vt 0.853516 0.914551
vt 0.810547 0.927246
vt 0.835938 0.949707
vt 0.801270 0.958008
vt 0.815430 0.971191
vt 0.793457 0.997559
vt 0.835449 0.988770
vt 0.858398 0.970215
vt 0.878418 0.985840
vt 0.888184 0.949707
vt 0.920898 0.988770
vt 0.909668 0.939941
vt 0.934570 0.931152
vt 0.980469 0.874512
vt 0.835449 0.997559
vt 0.878418 0.997559
vt 0.925781 0.997559
vt 0.996582 0.563965
vt 0.996094 0.605469
vt 0.990234 0.605957
vt 0.989746 0.654297
vt 0.995605 0.655762
vt 0.987793 0.692871
vt 0.996094 0.693359
vt 0.990234 0.738281
vt 0.996094 0.742676
vt 0.397461 0.931152
vt 0.404297 0.937988
vt 0.376221 0.937988
vt 0.412598 0.917969
vt 0.765137 0.459229
vt 0.792480 0.484131
vt 0.763184 0.463623
vt 0.828613 0.467285
vt 0.801270 0.432373
vt 0.790527 0.489746
vt 0.826660 0.496338
vt 0.859375 0.468994
vt 0.829590 0.433594
vt 0.795898 0.428711
vt 0.812988 0.406006
vt 0.760254 0.421143
vt 0.735352 0.443848
vt 0.741699 0.413574
vt 0.743164 0.491211
vt 0.723145 0.476318
vt 0.777832 0.514160
vt 0.774414 0.394531
vt 0.745605 0.385010
vt 0.749512 0.368408
vt 0.812988 0.520020
vt 0.784180 0.519043
vt 0.833008 0.507324
vt 0.858398 0.503906
vt 0.807617 0.401367
vt 0.788086 0.364258
vt 0.888184 0.498047
vt 0.882812 0.507812
vt 0.902344 0.520996
vt 0.752930 0.354980
vt 0.725098 0.336182
vt 0.726562 0.332031
vt 0.763184 0.326416
vt 0.736328 0.313477
vt 0.797852 0.331055
vt 0.770996 0.299805
vt 0.749512 0.289307
vt 0.755371 0.274414
vt 0.800781 0.302002
vt 0.828613 0.301758
vt 0.829102 0.363281
vt 0.776367 0.274170
vt 0.799805 0.272949
vt 0.770508 0.252441
vt 0.752441 0.257324
vt 0.744629 0.234619
vt 0.829102 0.331055
vt 0.797852 0.249146
vt 0.763184 0.223267
vt 0.798340 0.220093
vt 0.800293 0.187134
vt 0.828125 0.248779
vt 0.832031 0.187134
vt 0.830078 0.219116
vt 0.827637 0.273682
vt 0.860352 0.274170
vt 0.860352 0.249756
vt 0.859375 0.218506
vt 0.888672 0.219238
vt 0.888672 0.188354
vt 0.890625 0.250000
vt 0.917480 0.192505
vt 0.948730 0.217773
vt 0.978516 0.231812
vt 0.917969 0.217896
vt 0.946777 0.247681
vt 0.973633 0.254150
vt 0.915527 0.250977
vt 0.942871 0.270996
vt 0.968750 0.277588
vt 0.891113 0.274414
vt 0.916992 0.273682
vt 0.949219 0.302002
vt 0.977051 0.290039
vt 0.859863 0.301270
vt 0.890137 0.302734
vt 0.859863 0.329834
vt 0.916992 0.302734
vt 0.958496 0.322021
vt 0.987793 0.308594
vt 0.996582 0.333740
vt 0.859863 0.362549
vt 0.921387 0.329590
vt 0.967285 0.354248
vt 0.997070 0.336914
vt 0.970703 0.371094
vt 0.888672 0.331543
vt 0.931641 0.364990
vt 0.888184 0.364502
vt 0.859863 0.372803
vt 0.943848 0.395264
vt 0.972656 0.385254
vt 0.974609 0.411865
vt 0.911133 0.402832
vt 0.829102 0.388672
vt 0.888184 0.389404
vt 0.829590 0.395508
vt 0.859863 0.378662
vt 0.829590 0.406006
vt 0.887695 0.394775
vt 0.859375 0.406494
vt 0.859375 0.434570
vt 0.886719 0.434570
vt 0.887207 0.406982
vt 0.906250 0.407471
vt 0.886719 0.469482
vt 0.920898 0.429932
vt 0.915527 0.433838
vt 0.958496 0.421387
vt 0.983398 0.449463
vt 0.955078 0.465332
vt 0.997559 0.483154
vt 0.971680 0.497559
vt 0.924805 0.485352
vt 0.927246 0.490967
vt 0.937500 0.517578
vt 0.930176 0.521484
vt 0.952637 0.462646
vt 0.869629 0.157227
vt 0.869629 0.140747
vt 0.881348 0.157227
vt 0.881348 0.142090
vt 0.881348 0.124817
vt 0.869629 0.124207
vt 0.881348 0.108521
vt 0.869629 0.107788
vt 0.869629 0.091980
vt 0.881348 0.091797
vt 0.881348 0.075806
vt 0.869629 0.075134
vt 0.881348 0.059204
vt 0.869629 0.059448
vt 0.869629 0.045197
vt 0.881348 0.044098
vt 0.869629 0.027466
vt 0.881348 0.026871
vt 0.869629 0.005516
vt 0.881348 0.005516
vt 0.883301 0.157227
vt 0.883301 0.142578
vt 0.883301 0.125122
vt 0.883301 0.108215
vt 0.883301 0.091736
vt 0.883301 0.075684
vt 0.883301 0.059113
vt 0.883301 0.044189
vt 0.883301 0.027054
vt 0.883301 0.005516
vt 0.996582 0.005516
vt 0.994141 0.019089
vt 0.977051 0.005516
vt 0.974121 0.021255
vt 0.958008 0.005516
vt 0.991211 0.032440
vt 0.973633 0.036316
vt 0.990234 0.039551
vt 0.982910 0.046478
vt 0.973633 0.051514
vt 0.954590 0.047302
vt 0.955566 0.022141
vt 0.941895 0.005516
vt 0.954102 0.039917
vt 0.935547 0.021927
vt 0.931641 0.005516
vt 0.918457 0.005516
vt 0.935547 0.041199
vt 0.934082 0.058685
vt 0.920410 0.023392
vt 0.915039 0.005516
vt 0.920898 0.058624
vt 0.921387 0.078674
vt 0.916504 0.023697
vt 0.913086 0.005516
vt 0.919434 0.041656
vt 0.914062 0.023911
vt 0.903809 0.005516
vt 0.915527 0.040680
vt 0.915527 0.058685
vt 0.914062 0.078430
vt 0.900879 0.025650
vt 0.913086 0.040039
vt 0.912109 0.058716
vt 0.900391 0.041962
vt 0.899902 0.058289
vt 0.909180 0.078247
vt 0.897949 0.077332
vt 0.897461 0.093262
vt 0.896484 0.109802
vt 0.908203 0.094971
vt 0.914062 0.094543
vt 0.922852 0.093994
vt 0.936523 0.092651
vt 0.938965 0.109497
vt 0.958008 0.108521
vt 0.922363 0.109619
vt 0.915527 0.109436
vt 0.910645 0.109314
vt 0.898438 0.124268
vt 0.911133 0.125000
vt 0.898926 0.140137
vt 0.915527 0.124878
vt 0.911621 0.140991
vt 0.898926 0.157227
vt 0.910645 0.157227
vt 0.915039 0.140869
vt 0.913574 0.157227
vt 0.917969 0.157227
vt 0.921875 0.124695
vt 0.919922 0.140747
vt 0.932617 0.157227
vt 0.934082 0.125854
vt 0.934082 0.139648
vt 0.944336 0.157227
vt 0.945312 0.124268
vt 0.944824 0.140015
vt 0.961914 0.157227
vt 0.959961 0.125000
vt 0.960449 0.140137
vt 0.981445 0.157227
vt 0.977539 0.115479
vt 0.976562 0.104126
vt 0.986816 0.109863
vt 0.993652 0.117981
vt 0.978027 0.127808
vt 0.996094 0.129883
vt 0.979492 0.141968
vt 0.996582 0.142334
vt 0.997559 0.157227
vt 0.906250 0.529297
vt 0.897461 0.541016
vt 0.890137 0.524414
vt 0.880859 0.538086
vt 0.885742 0.524414
vt 0.889160 0.555176
vt 0.877441 0.537598
vt 0.869629 0.553223
vt 0.881836 0.567871
vt 0.860840 0.563477
vt 0.864746 0.552246
vt 0.856934 0.559570
vt 0.841309 0.565430
vt 0.875488 0.575684
vt 0.841309 0.570312
vt 0.821289 0.565430
vt 0.845215 0.581543
vt 0.875977 0.594727
vt 0.896973 0.594238
vt 0.875488 0.611816
vt 0.820312 0.569824
vt 0.818359 0.581543
vt 0.790527 0.554199
vt 0.789551 0.548828
vt 0.746582 0.562012
vt 0.790527 0.572266
vt 0.791504 0.593750
vt 0.750488 0.566406
vt 0.818359 0.594727
vt 0.846680 0.594727
vt 0.845215 0.605469
vt 0.764160 0.581055
vt 0.741211 0.592773
vt 0.763672 0.603516
vt 0.788574 0.615234
vt 0.817871 0.606445
vt 0.860352 0.625000
vt 0.881836 0.624023
vt 0.817383 0.618164
vt 0.840332 0.618652
vt 0.817871 0.624023
vt 0.840332 0.623047
vt 0.857910 0.628418
vt 0.871582 0.639648
vt 0.891113 0.637207
vt 0.869629 0.641113
vt 0.881348 0.652832
vt 0.898926 0.648926
vt 0.877930 0.654297
vt 0.890137 0.666016
vt 0.906250 0.660645
vt 0.886230 0.667480
vt 0.910645 0.659180
vt 0.903809 0.648926
vt 0.895996 0.636719
vt 0.887207 0.622559
vt 0.883789 0.613281
vt 0.902832 0.594238
vt 0.882812 0.575195
vt 0.887207 0.568359
vt 0.894043 0.555176
vt 0.901367 0.542969
vt 0.908203 0.532227
vt 0.638184 0.438232
vt 0.610352 0.420654
vt 0.627441 0.385498
vt 0.656738 0.401123
vt 0.667480 0.369141
vt 0.639648 0.355957
vt 0.684570 0.414795
vt 0.679199 0.455566
vt 0.694824 0.389160
vt 0.688965 0.414307
vt 0.678223 0.335449
vt 0.644043 0.319580
vt 0.702148 0.363037
vt 0.715820 0.399658
vt 0.701660 0.332764
vt 0.701172 0.302734
vt 0.705566 0.419434
vt 0.724609 0.420410
vt 0.686523 0.458740
vt 0.711914 0.461182
vt 0.696289 0.458496
vt 0.685059 0.300781
vt 0.700195 0.264648
vt 0.654785 0.297852
vt 0.609375 0.284424
vt 0.612305 0.281494
vt 0.625000 0.251465
vt 0.660645 0.261475
vt 0.631836 0.226074
vt 0.666016 0.232178
vt 0.713379 0.226685
vt 0.663574 0.196045
vt 0.632812 0.201538
vt 0.661621 0.184937
vt 0.698730 0.198608
vt 0.729004 0.191406
vt 0.689941 0.162476
vt 0.868164 0.141235
vt 0.868164 0.157227
vt 0.853516 0.157227
vt 0.854980 0.138306
vt 0.844238 0.157227
vt 0.868164 0.124023
vt 0.844727 0.130371
vt 0.840820 0.157227
vt 0.841309 0.130127
vt 0.852539 0.122009
vt 0.868164 0.107666
vt 0.837891 0.121521
vt 0.833984 0.124756
vt 0.845215 0.106689
vt 0.868164 0.092224
vt 0.827148 0.107422
vt 0.822266 0.111877
vt 0.840332 0.092529
vt 0.868164 0.074951
vt 0.814453 0.094849
vt 0.808105 0.099792
vt 0.797363 0.077637
vt 0.836914 0.075378
vt 0.807617 0.076111
vt 0.799316 0.053955
vt 0.810059 0.056976
vt 0.808105 0.037994
vt 0.838379 0.058746
vt 0.868164 0.058929
vt 0.817383 0.041534
vt 0.825195 0.021179
vt 0.840820 0.044678
vt 0.868164 0.044250
vt 0.833008 0.024750
vt 0.851562 0.005516
vt 0.854980 0.005516
vt 0.847168 0.026093
vt 0.868164 0.027115
vt 0.862793 0.005516
vt 0.868164 0.005516
vt 0.992188 0.781738
vt 0.995605 0.801270
vt 0.989258 0.800781
vt 0.961914 0.783203
vt 0.970703 0.804688
vt 0.950684 0.797363
vt 0.935059 0.784180
vt 0.946777 0.771973
vt 0.964844 0.761230
vt 0.986328 0.765137
vt 0.993652 0.765137
vt 0.699707 0.548828
vt 0.709961 0.567383
vt 0.695801 0.559570
vt 0.708496 0.542969
vt 0.721191 0.545898
vt 0.729004 0.558105
vt 0.728516 0.569336
vt 0.722656 0.577148
vt 0.714355 0.584961
vt 0.703613 0.585938
vt 0.693848 0.577637
vt 0.691895 0.567383
vt 0.754883 0.118164
vt 0.733398 0.122681
vt 0.733887 0.128662
vt 0.708008 0.125610
vt 0.754883 0.130493
vt 0.732422 0.120667
vt 0.732910 0.131714
vt 0.733887 0.101196
vt 0.760254 0.099792
vt 0.763184 0.082825
vt 0.732910 0.084412
vt 0.707031 0.103210
vt 0.707520 0.120178
vt 0.763184 0.067871
vt 0.760254 0.051117
vt 0.731445 0.066101
vt 0.707520 0.084290
vt 0.688477 0.104370
vt 0.688965 0.085327
vt 0.706543 0.066162
vt 0.730469 0.049927
vt 0.687988 0.121399
vt 0.731445 0.046509
vt 0.705078 0.046021
vt 0.705566 0.052887
vt 0.685547 0.066528
vt 0.730957 0.042816
vt 0.759766 0.038208
vt 0.677734 0.085205
vt 0.685059 0.052582
vt 0.729980 0.040771
vt 0.760742 0.029587
vt 0.729980 0.033203
vt 0.704590 0.034576
vt 0.761719 0.017838
vt 0.764160 0.005302
vt 0.730957 0.019547
vt 0.730469 0.005302
vt 0.703125 0.005302
vt 0.703613 0.020859
vt 0.682617 0.022003
vt 0.681641 0.005302
vt 0.670410 0.005302
vt 0.684082 0.036804
vt 0.670410 0.022522
vt 0.663574 0.005302
vt 0.670410 0.037476
vt 0.662598 0.022858
vt 0.655273 0.005302
vt 0.671387 0.052612
vt 0.655273 0.024002
vt 0.649414 0.005302
vt 0.661133 0.037933
vt 0.674805 0.066467
vt 0.662598 0.052612
vt 0.667480 0.066406
vt 0.670410 0.085144
vt 0.649902 0.024124
vt 0.654785 0.038239
vt 0.656250 0.052826
vt 0.658691 0.066711
vt 0.644043 0.024918
vt 0.643555 0.005203
vt 0.648926 0.039093
vt 0.660645 0.085144
vt 0.626465 0.027298
vt 0.625488 0.004910
vt 0.650391 0.067932
vt 0.648438 0.054535
vt 0.643555 0.039948
vt 0.607422 0.028732
vt 0.604492 0.005302
vt 0.642578 0.055359
vt 0.626465 0.042542
vt 0.591309 0.026443
vt 0.588379 0.005302
vt 0.604492 0.043732
vt 0.623535 0.057831
vt 0.643555 0.069519
vt 0.583984 0.025803
vt 0.582520 0.005302
vt 0.579590 0.005302
vt 0.578125 0.021713
vt 0.583008 0.043304
vt 0.573730 0.039581
vt 0.570801 0.032593
vt 0.557617 0.047180
vt 0.601074 0.058014
vt 0.575195 0.057556
vt 0.563477 0.051636
vt 0.622559 0.074280
vt 0.546387 0.071472
vt 0.538574 0.067017
vt 0.598145 0.074036
vt 0.569336 0.074463
vt 0.568848 0.092834
vt 0.538574 0.092712
vt 0.529785 0.093384
vt 0.547363 0.114319
vt 0.538574 0.118896
vt 0.550781 0.135742
vt 0.559570 0.130981
vt 0.567383 0.152344
vt 0.572754 0.113403
vt 0.573730 0.146606
vt 0.597168 0.160278
vt 0.600098 0.160278
vt 0.578125 0.128418
vt 0.589844 0.144531
vt 0.605469 0.160278
vt 0.600098 0.110107
vt 0.611328 0.142700
vt 0.620605 0.160278
vt 0.605957 0.127197
vt 0.633789 0.142334
vt 0.639648 0.159912
vt 0.631836 0.124756
vt 0.653320 0.142456
vt 0.656738 0.160156
vt 0.596191 0.092529
vt 0.623535 0.090454
vt 0.627441 0.106995
vt 0.644531 0.087646
vt 0.650879 0.122925
vt 0.646973 0.104614
vt 0.659668 0.142578
vt 0.662598 0.160278
vt 0.666992 0.160278
vt 0.651855 0.086670
vt 0.653320 0.103821
vt 0.657227 0.122253
vt 0.660645 0.102600
vt 0.666992 0.142212
vt 0.670410 0.103271
vt 0.666016 0.121155
vt 0.674316 0.142090
vt 0.672363 0.160278
vt 0.678711 0.160278
vt 0.673828 0.121826
vt 0.677734 0.103699
vt 0.679199 0.121643
vt 0.679688 0.142334
vt 0.687012 0.142700
vt 0.687988 0.160278
vt 0.706055 0.142822
vt 0.707031 0.160278
vt 0.732910 0.145386
vt 0.731934 0.160278
vt 0.758789 0.143433
vt 0.762695 0.160278
vt 0.025360 0.580078
vt 0.025360 0.546387
vt 0.045868 0.580078
vt 0.025360 0.602051
vt 0.059021 0.604980
vt 0.025360 0.625488
vt 0.070251 0.630859
vt 0.025360 0.662109
vt 0.077759 0.663574
vt 0.294434 0.265137
vt 0.311768 0.243164
vt 0.332520 0.246460
vt 0.299805 0.213501
vt 0.006241 0.158691
vt 0.008057 0.127808
vt 0.029236 0.152344
vt 0.029510 0.119995
vt 0.049286 0.145630
vt 0.046692 0.113831
vt 0.066772 0.139038
vt 0.029953 0.090332
vt 0.066772 0.107239
vt 0.074585 0.135864
vt 0.044464 0.087219
vt 0.061920 0.080933
vt 0.029083 0.061554
vt 0.044739 0.057068
vt 0.060028 0.053284
vt 0.032074 0.032196
vt 0.032410 0.008385
vt 0.045929 0.029602
vt 0.058990 0.027222
vt 0.050446 0.005756
vt 0.062805 0.005527
vt 0.586426 0.700195
vt 0.586426 0.716797
vt 0.568359 0.698730
vt 0.561035 0.715820
vt 0.550293 0.693359
vt 0.537109 0.707031
vt 0.520996 0.688965
vt 0.068542 0.006966
vt 0.064148 0.026962
vt 0.064575 0.051575
vt 0.068054 0.077148
vt 0.073669 0.106079
vt 0.080627 0.134521
vt 0.084656 0.103027
vt 0.092957 0.132324
vt 0.077515 0.073914
vt 0.072205 0.051025
vt 0.095642 0.103210
vt 0.101868 0.131226
vt 0.107849 0.131470
vt 0.071106 0.028763
vt 0.076233 0.009911
vt 0.084351 0.050903
vt 0.087646 0.073242
vt 0.117432 0.099792
vt 0.123413 0.132812
vt 0.108459 0.072327
vt 0.139404 0.099731
vt 0.146606 0.134399
vt 0.169434 0.132324
vt 0.123657 0.072327
vt 0.104797 0.052643
vt 0.104919 0.040741
vt 0.084839 0.032654
vt 0.108765 0.022354
vt 0.089844 0.016464
vt 0.004086 0.161621
vt 0.029419 0.155762
vt 0.050446 0.148926
vt 0.067871 0.142334
vt 0.075439 0.139038
vt 0.081543 0.137451
vt 0.093506 0.135254
vt 0.102051 0.133911
vt 0.107422 0.133789
vt 0.122559 0.135498
vt 0.146484 0.137451
vt 0.170044 0.135498
vt 0.078308 0.318359
vt 0.077576 0.287109
vt 0.083374 0.287598
vt 0.086792 0.319580
vt 0.094910 0.288330
vt 0.096069 0.321777
vt 0.102783 0.289062
vt 0.109497 0.357422
vt 0.107605 0.289551
vt 0.116699 0.325684
vt 0.122803 0.356689
vt 0.122009 0.288818
vt 0.134521 0.322998
vt 0.145630 0.288818
vt 0.145386 0.306885
vt 0.167847 0.290283
vt 0.030426 0.287109
vt 0.023331 0.321777
vt 0.006626 0.288330
vt 0.055847 0.319580
vt 0.051636 0.287109
vt 0.069519 0.286865
vt 0.004261 0.128540
vt 0.585938 0.683594
vt 0.566406 0.682617
vt 0.545898 0.682617
vt 0.082336 0.319580
vt 0.091309 0.319580
vt 0.981934 0.984863
vt 0.973633 0.970215
vt 0.981934 0.970215
vt 0.970215 0.964844
vt 0.980469 0.956055
vt 0.985840 0.959473
vt 0.989746 0.948730
vt 0.132080 0.191895
vt 0.126709 0.192017
vt 0.126709 0.191528
vt 0.132080 0.180054
vt 0.126709 0.180664
vt 0.126709 0.179688
vt 0.132080 0.167358
vt 0.126709 0.167358
vt 0.132080 0.163208
vt 0.138916 0.191895
vt 0.142822 0.192017
vt 0.142822 0.191528
vt 0.138916 0.180054
vt 0.142822 0.180664
vt 0.142822 0.179688
vt 0.142822 0.167358
vt 0.138916 0.167358
vt 0.138916 0.163208
vt 0.079407 0.159546
vt 0.079407 0.163208
vt 0.074280 0.163208
vt 0.079407 0.178223
vt 0.074280 0.178223
vt 0.079407 0.180664
vt 0.074280 0.180664
vt 0.079407 0.193115
vt 0.074280 0.193115
vt 0.074280 0.195557
vt 0.079407 0.195557
vt 0.073547 0.207886
vt 0.079407 0.217163
vt 0.148560 0.218262
vt 0.130981 0.219238
vt 0.164307 0.216553
vt 0.114075 0.213257
vt 0.114075 0.197388
vt 0.114075 0.188110
vt 0.114075 0.176514
vt 0.114075 0.173096
vt 0.108337 0.176514
vt 0.108337 0.187256
vt 0.108337 0.196045
vt 0.108337 0.198608
vt 0.108337 0.188599
vt 0.108337 0.213257
vt 0.103394 0.198608
vt 0.103394 0.196045
vt 0.103394 0.188599
vt 0.103394 0.214478
vt 0.154663 0.237549
vt 0.176514 0.213867
vt 0.097656 0.198608
vt 0.097656 0.196045
vt 0.092896 0.215454
vt 0.097656 0.188599
vt 0.097656 0.186401
vt 0.087402 0.216064
vt 0.092163 0.206787
vt 0.103394 0.186401
vt 0.103394 0.176514
vt 0.097656 0.176514
vt 0.103394 0.173096
vt 0.087402 0.195557
vt 0.087402 0.193115
vt 0.087402 0.180664
vt 0.087402 0.178223
vt 0.087402 0.163208
vt 0.087402 0.159546
vt 0.067627 0.217529
vt 0.058777 0.194458
vt 0.067627 0.194458
vt 0.067627 0.190430
vt 0.058777 0.190430
vt 0.058777 0.178101
vt 0.067627 0.178101
vt 0.058777 0.174927
vt 0.067627 0.174927
vt 0.058777 0.158936
vt 0.067627 0.158936
vt 0.092102 0.195557
vt 0.092102 0.193115
vt 0.092102 0.180664
vt 0.092102 0.178223
vt 0.092102 0.163208
vt 0.097656 0.173096
vt 0.093750 0.176514
vt 0.093750 0.186401
vt 0.093750 0.188599
vt 0.093750 0.196045
vt 0.093750 0.198608
vt 0.058777 0.154297
vt 0.052979 0.158936
vt 0.052979 0.174927
vt 0.052979 0.178101
vt 0.052979 0.190430
vt 0.052979 0.194458
vt 0.072327 0.194458
vt 0.072327 0.190430
vt 0.072327 0.178101
vt 0.072327 0.174927
vt 0.072327 0.158936
vt 0.067627 0.154297
vt 0.169312 0.185059
vt 0.163818 0.185913
vt 0.163818 0.184082
vt 0.169312 0.173950
vt 0.163818 0.175171
vt 0.163818 0.173584
vt 0.169312 0.161621
vt 0.163818 0.161621
vt 0.169312 0.156860
vt 0.176514 0.156860
vt 0.176514 0.161621
vt 0.176514 0.174316
vt 0.176514 0.185913
vt 0.176514 0.207886
vt 0.050110 0.197754
vt 0.050110 0.193726
vt 0.050110 0.182129
vt 0.050110 0.179199
vt 0.050110 0.165649
vt 0.046661 0.161499
vt 0.249268 0.598633
vt 0.250488 0.605957
vt 0.254150 0.614746
vt 0.261475 0.628906
vt 0.269043 0.643555
vt 0.209595 0.625488
vt 0.203491 0.637207
vt 0.209839 0.649414
vt 0.197998 0.644531
vt 0.197754 0.656250
vt 0.191040 0.649902
vt 0.216553 0.661133
vt 0.205566 0.667480
vt 0.193970 0.669434
vt 0.270264 0.661621
vt 0.271484 0.672363
vt 0.259033 0.678223
vt 0.273438 0.678223
vt 0.265137 0.684082
vt 0.270752 0.687988
vt 0.276123 0.684082
vt 0.281494 0.692871
vt 0.221313 0.736816
vt 0.259766 0.643555
vt 0.260498 0.661133
vt 0.263184 0.674805
vt 0.270020 0.683105
vt 0.250732 0.623535
vt 0.245728 0.607422
vt 0.522949 0.674805
vt 0.502930 0.669434
vt 0.521484 0.666504
vt 0.516113 0.657227
vt 0.511230 0.650391
vt 0.526367 0.653320
vt 0.497803 0.657715
vt 0.481201 0.638184
vt 0.528809 0.643066
vt 0.537598 0.649414
vt 0.496338 0.629395
vt 0.463135 0.614258
vt 0.551270 0.637695
vt 0.552734 0.646973
vt 0.517578 0.621582
vt 0.479736 0.607422
vt 0.449463 0.593262
vt 0.503906 0.593750
vt 0.467041 0.583984
vt 0.438477 0.567383
vt 0.545410 0.616211
vt 0.575684 0.644043
vt 0.563965 0.658691
vt 0.569824 0.665527
vt 0.537109 0.584961
vt 0.491943 0.568359
vt 0.576172 0.634766
vt 0.455811 0.558105
vt 0.454346 0.556152
vt 0.436279 0.564941
vt 0.473877 0.547363
vt 0.475830 0.549805
vt 0.489746 0.537109
vt 0.528320 0.547363
vt 0.506836 0.517090
vt 0.535156 0.504883
vt 0.564453 0.541504
vt 0.562500 0.507324
vt 0.589355 0.513672
vt 0.570312 0.582031
vt 0.591797 0.548340
vt 0.573242 0.614258
vt 0.608887 0.522461
vt 0.609863 0.519531
vt 0.628906 0.528809
vt 0.591797 0.583008
vt 0.594727 0.632324
vt 0.627930 0.531250
vt 0.648926 0.534668
vt 0.618652 0.557129
vt 0.593262 0.614746
vt 0.611816 0.632812
vt 0.596680 0.643555
vt 0.586914 0.652344
vt 0.648438 0.537598
vt 0.670898 0.538574
vt 0.641602 0.562988
vt 0.615234 0.585449
vt 0.597656 0.652344
vt 0.598633 0.663574
vt 0.669922 0.541992
vt 0.693848 0.542480
vt 0.695312 0.545410
vt 0.688477 0.571777
vt 0.664551 0.566895
vt 0.681152 0.594727
vt 0.637207 0.588379
vt 0.658203 0.593750
vt 0.669434 0.619629
vt 0.650879 0.617188
vt 0.660156 0.640625
vt 0.612305 0.615723
vt 0.632812 0.616211
vt 0.645996 0.638672
vt 0.656250 0.650391
vt 0.630859 0.633789
vt 0.642578 0.647461
vt 0.637207 0.656250
vt 0.627441 0.644531
vt 0.626465 0.655762
vt 0.624023 0.665039
vt 0.612305 0.644043
vt 0.612305 0.652344
vt 0.612793 0.668945
vt 0.299072 0.677734
vt 0.286377 0.682617
vt 0.285400 0.680664
vt 0.298584 0.674805
vt 0.314453 0.670410
vt 0.314941 0.672363
vt 0.331787 0.668457
vt 0.332031 0.669922
vt 0.350830 0.670898
vt 0.351318 0.668457
vt 0.367920 0.671387
vt 0.369141 0.668457
vt 0.385010 0.671387
vt 0.384766 0.668945
vt 0.402100 0.670410
vt 0.402100 0.667969
vt 0.418213 0.670898
vt 0.417236 0.673828
vt 0.436279 0.678223
vt 0.436035 0.679688
vt 0.539062 0.913574
vt 0.520020 0.923828
vt 0.471680 0.934082
vt 0.417480 0.946289
vt 0.537598 0.972168
vt 0.522461 0.963867
vt 0.473633 0.957520
vt 0.641113 0.662598
vt 0.645508 0.669434
vt 0.631348 0.674316
vt 0.636719 0.681641
vt 0.619141 0.682617
vt 0.649414 0.675781
vt 0.625977 0.696289
vt 0.609863 0.691895
vt 0.643555 0.689941
vt 0.649414 0.676270
vt 0.615723 0.714355
vt 0.600586 0.709961
vt 0.633301 0.709961
vt 0.650391 0.709961
vt 0.650391 0.691406
vt 0.656738 0.689453
vt 0.650879 0.675781
vt 0.602539 0.729492
vt 0.582031 0.724121
vt 0.620117 0.730957
vt 0.635254 0.727539
vt 0.663574 0.681641
vt 0.654297 0.669434
vt 0.668945 0.674316
vt 0.659180 0.662109
vt 0.681152 0.682129
vt 0.673828 0.696289
vt 0.690918 0.691895
vt 0.667969 0.709961
vt 0.686523 0.713379
vt 0.700195 0.708496
vt 0.699219 0.726562
vt 0.720215 0.723145
vt 0.719238 0.728516
vt 0.715332 0.736328
vt 0.707520 0.741699
vt 0.681641 0.729980
vt 0.695312 0.736816
vt 0.698730 0.749512
vt 0.666504 0.727539
vt 0.678223 0.752441
vt 0.689941 0.754395
vt 0.696777 0.756836
vt 0.707031 0.762207
vt 0.664551 0.750977
vt 0.650879 0.727051
vt 0.650879 0.750977
vt 0.637207 0.751465
vt 0.624023 0.753418
vt 0.607910 0.740723
vt 0.611816 0.754395
vt 0.585938 0.738281
vt 0.590820 0.750977
vt 0.594238 0.758789
vt 0.575684 0.767578
vt 0.573242 0.765137
vt 0.565430 0.744629
vt 0.563477 0.735840
vt 0.560547 0.728516
vt 0.417725 0.539062
vt 0.405029 0.535156
vt 0.405273 0.526367
vt 0.401367 0.549316
vt 0.405518 0.557617
vt 0.421875 0.547852
vt 0.390625 0.554688
vt 0.414062 0.579102
vt 0.432373 0.566895
vt 0.444580 0.601074
vt 0.388428 0.563965
vt 0.381592 0.556641
vt 0.427246 0.610352
vt 0.457764 0.642090
vt 0.372559 0.558594
vt 0.371338 0.548340
vt 0.394287 0.588379
vt 0.359131 0.558594
vt 0.367188 0.541504
vt 0.373535 0.566406
vt 0.439941 0.647461
vt 0.456299 0.653809
vt 0.446777 0.668457
vt 0.458008 0.677246
vt 0.406494 0.646973
vt 0.401367 0.619141
vt 0.383057 0.645020
vt 0.379639 0.618652
vt 0.366699 0.645020
vt 0.376953 0.591797
vt 0.348389 0.645996
vt 0.364746 0.620605
vt 0.362793 0.590332
vt 0.329834 0.645996
vt 0.348877 0.618164
vt 0.360596 0.567383
vt 0.331055 0.619141
vt 0.347900 0.588379
vt 0.311035 0.647461
vt 0.348877 0.567871
vt 0.347412 0.558105
vt 0.344238 0.548340
vt 0.335693 0.570312
vt 0.336182 0.547363
vt 0.335449 0.538086
vt 0.313477 0.617676
vt 0.288086 0.650879
vt 0.276855 0.669922
vt 0.273926 0.655273
vt 0.281738 0.613281
vt 0.294189 0.615723
vt 0.303711 0.583008
vt 0.289062 0.579590
vt 0.295410 0.560059
vt 0.318115 0.585938
vt 0.308105 0.565918
vt 0.294678 0.552246
vt 0.333740 0.588867
vt 0.321045 0.567871
vt 0.311279 0.554688
vt 0.304688 0.544922
vt 0.323486 0.556641
vt 0.313232 0.546387
vt 0.315674 0.536133
vt 0.324707 0.548828
vt 0.327393 0.532715
vt 0.335205 0.559082
vt 0.677246 0.860352
vt 0.654785 0.839355
vt 0.678223 0.850586
vt 0.651855 0.848145
vt 0.649902 0.857422
vt 0.674316 0.871094
vt 0.633301 0.836914
vt 0.637695 0.827637
vt 0.647461 0.872559
vt 0.667480 0.888672
vt 0.614258 0.829590
vt 0.625977 0.813477
vt 0.628906 0.847656
vt 0.604492 0.811035
vt 0.615723 0.800781
vt 0.595215 0.792480
vt 0.605957 0.784668
vt 0.594238 0.767090
vt 0.585449 0.771973
vt 0.578125 0.775879
vt 0.584961 0.798828
vt 0.576660 0.777832
vt 0.595215 0.819336
vt 0.604004 0.842773
vt 0.578125 0.840332
vt 0.578125 0.822754
vt 0.577637 0.801270
vt 0.570312 0.799316
vt 0.575684 0.776367
vt 0.602539 0.857910
vt 0.561523 0.819824
vt 0.561523 0.791992
vt 0.567871 0.772949
vt 0.558594 0.768555
vt 0.549316 0.785156
vt 0.539062 0.801758
vt 0.551758 0.812012
vt 0.529785 0.816406
vt 0.540527 0.829590
vt 0.518555 0.830566
vt 0.554688 0.844727
vt 0.523438 0.842285
vt 0.506836 0.841309
vt 0.529785 0.853516
vt 0.508301 0.852539
vt 0.499512 0.855469
vt 0.510254 0.863281
vt 0.496582 0.867188
vt 0.557129 0.859863
vt 0.511719 0.873535
vt 0.498779 0.875488
vt 0.532715 0.867188
vt 0.515625 0.881836
vt 0.507812 0.884766
vt 0.521484 0.894531
vt 0.535645 0.879883
vt 0.538574 0.891113
vt 0.557617 0.873535
vt 0.560059 0.885742
vt 0.579102 0.872070
vt 0.579102 0.882324
vt 0.600098 0.883789
vt 0.579102 0.856934
vt 0.602051 0.871582
vt 0.622070 0.889648
vt 0.626953 0.861816
vt 0.624023 0.877441
vt 0.645996 0.883301
vt 0.644531 0.894043
vt 0.666504 0.901367
vt 0.458008 0.678711
vt 0.346436 0.914551
vt 0.289551 0.941895
vt 0.311523 0.958496
vt 0.335693 0.940918
vt 0.342285 0.931152
vt 0.344482 0.930176
vt 0.343750 0.926758
vt 0.633789 0.772949
vt 0.632324 0.789062
vt 0.620605 0.770508
vt 0.644531 0.772461
vt 0.442871 0.926758
vt 0.451416 0.915039
vt 0.461426 0.925781
vt 0.431396 0.924316
vt 0.337646 0.687500
vt 0.350342 0.692871
vt 0.365967 0.695801
vt 0.379395 0.688965
vt 0.389160 0.683105
vt 0.261475 0.701660
vt 0.657715 0.973145
vt 0.659180 0.990234
vt 0.653320 0.987793
vt 0.651855 0.977051
vt 0.649902 0.982422
vt 0.713379 0.992676
vt 0.715332 0.972168
vt 0.726562 0.983398
vt 0.702148 0.995605
vt 0.702148 0.967285
vt 0.693359 0.994629
vt 0.692871 0.968750
vt 0.680664 0.990234
vt 0.680664 0.970703
vt 0.669922 0.930176
vt 0.685059 0.924805
vt 0.700684 0.955078
vt 0.710938 0.943359
vt 0.708496 0.927246
vt 0.719727 0.933594
vt 0.698730 0.919922
vt 0.722656 0.907715
vt 0.693848 0.889648
vt 0.690430 0.916016
vt 0.684082 0.890625
vt 0.728516 0.917480
vt 0.681152 0.872559
vt 0.689941 0.871582
vt 0.682617 0.863770
vt 0.718750 0.873535
vt 0.748535 0.902344
vt 0.754395 0.911133
vt 0.773438 0.904785
vt 0.720703 0.888672
vt 0.746094 0.885742
vt 0.744629 0.863770
vt 0.770996 0.894531
vt 0.797852 0.889160
vt 0.768555 0.881836
vt 0.791992 0.883301
vt 0.717773 0.862793
vt 0.694824 0.863770
vt 0.690430 0.856445
vt 0.683105 0.856445
vt 0.718262 0.853027
vt 0.695801 0.839844
vt 0.686035 0.837402
vt 0.693848 0.814453
vt 0.808105 0.862305
vt 0.817383 0.862793
vt 0.793457 0.839355
vt 0.719238 0.840332
vt 0.701172 0.812012
vt 0.745117 0.842773
vt 0.686523 0.802246
vt 0.680176 0.805664
vt 0.671875 0.793457
vt 0.667969 0.798340
vt 0.653809 0.791016
vt 0.657715 0.783203
vt 0.701172 0.767090
vt 0.707031 0.778320
vt 0.713867 0.789062
vt 0.709961 0.806641
vt 0.721191 0.800293
vt 0.719727 0.821777
vt 0.726074 0.813965
vt 0.747559 0.829102
vt 0.753418 0.820801
vt 0.770508 0.827637
vt 0.768066 0.834961
vt 0.766113 0.846680
vt 0.789062 0.845703
vt 0.766602 0.864258
vt 0.793945 0.863281
vt 0.783691 0.853516
vt 0.784180 0.875977
vt 0.693359 0.962891
vt 0.653320 0.940430
vt 0.679688 0.920898
vt 0.665527 0.925293
vt 0.650391 0.932617
vt 0.945312 0.824219
vt 0.959961 0.815430
vt 0.963379 0.820801
vt 0.947266 0.831055
vt 0.966797 0.827637
vt 0.930664 0.827637
vt 0.949219 0.837402
vt 0.970215 0.837402
vt 0.931641 0.836426
vt 0.913086 0.829102
vt 0.912109 0.839355
vt 0.931641 0.844727
vt 0.911621 0.850098
vt 0.953125 0.847656
vt 0.973633 0.846191
vt 0.957520 0.858887
vt 0.938477 0.855957
vt 0.923828 0.862305
vt 0.944336 0.866211
vt 0.930664 0.872559
vt 0.961426 0.811523
vt 0.966309 0.816895
vt 0.969238 0.825684
vt 0.975098 0.834961
vt 0.978027 0.848145
vt 0.961426 0.862793
vt 0.948730 0.871582
vt 0.935547 0.878906
vt 0.918945 0.884277
vt 0.916992 0.877930
vt 0.899902 0.885254
vt 0.901855 0.889648
vt 0.872070 0.896484
vt 0.874512 0.899902
vt 0.850098 0.912598
vt 0.848633 0.907715
vt 0.794922 0.915039
vt 0.794922 0.909668
vt 0.909180 0.869141
vt 0.892090 0.877441
vt 0.889648 0.854492
vt 0.893066 0.838867
vt 0.878906 0.866699
vt 0.862793 0.881348
vt 0.873047 0.838867
vt 0.868164 0.889160
vt 0.839844 0.897461
vt 0.877930 0.827637
vt 0.858398 0.821777
vt 0.895020 0.826172
vt 0.858887 0.812988
vt 0.835938 0.797363
vt 0.881836 0.819336
vt 0.859863 0.807617
vt 0.839355 0.793457
vt 0.861328 0.804688
vt 0.883301 0.815918
vt 0.895508 0.822266
vt 0.913574 0.825684
vt 0.930176 0.824707
vt 0.944336 0.819824
vt 0.866699 0.854004
vt 0.849609 0.853027
vt 0.826660 0.850586
vt 0.883301 0.854492
vt 0.875488 0.863281
vt 0.860352 0.878418
vt 0.871094 0.840820
vt 0.518066 0.413086
vt 0.540527 0.416504
vt 0.542969 0.381836
vt 0.510254 0.378662
vt 0.498291 0.409424
vt 0.471436 0.377686
vt 0.446777 0.405762
vt 0.446533 0.378662
vt 0.202026 0.415039
vt 0.196533 0.442871
vt 0.209106 0.446533
vt 0.217773 0.417725
vt 0.223755 0.447510
vt 0.240845 0.416992
vt 0.256104 0.449951
vt 0.256104 0.416016
vt 0.859375 0.709473
vt 0.837402 0.708496
vt 0.816895 0.711426
vt 0.788574 0.715820
vt 0.760254 0.716797
vt 0.735840 0.712891
vt 0.716309 0.706543
vt 0.701660 0.698242
vt 0.694336 0.680664
vt 0.691895 0.659668
vt 0.694336 0.640137
vt 0.696289 0.626953
vt 0.694336 0.604492
vt 0.698730 0.701172
vt 0.713867 0.709473
vt 0.735840 0.716797
vt 0.761719 0.720215
vt 0.788574 0.719238
vt 0.817383 0.714355
vt 0.836914 0.711426
vt 0.858398 0.712402
vt 0.693359 0.600586
vt 0.691895 0.625977
vt 0.690430 0.639648
vt 0.687988 0.659668
vt 0.690430 0.681152
vt 0.853516 0.662109
vt 0.853516 0.659668
vt 0.833984 0.663086
vt 0.833496 0.660156
vt 0.813965 0.665527
vt 0.813477 0.663086
vt 0.783691 0.671387
vt 0.782715 0.668457
vt 0.760254 0.673828
vt 0.759277 0.670898
vt 0.740723 0.670898
vt 0.741699 0.667969
vt 0.729492 0.663086
vt 0.731445 0.661133
vt 0.725586 0.651367
vt 0.723145 0.652344
vt 0.724121 0.640625
vt 0.721680 0.639648
vt 0.726074 0.629883
vt 0.724609 0.628418
vt 0.701660 0.526855
vt 0.701660 0.520020
vt 0.701660 0.513184
vt 0.701172 0.504395
vt 0.205078 0.400879
vt 0.233276 0.407227
vt 0.219971 0.375244
vt 0.242920 0.377441
vt 0.235840 0.303711
vt 0.267578 0.298096
vt 0.266113 0.401123
vt 0.290527 0.372314
vt 0.259766 0.413086
vt 0.282715 0.325684
vt 0.312500 0.270264
vt 0.312988 0.308594
vt 0.277100 0.403809
vt 0.275391 0.416992
vt 0.283691 0.418945
vt 0.287598 0.406006
vt 0.292236 0.420898
vt 0.298340 0.408447
vt 0.311523 0.390381
vt 0.325928 0.380859
vt 0.305664 0.343750
vt 0.339111 0.378418
vt 0.331787 0.322266
vt 0.359863 0.304443
vt 0.344482 0.285645
vt 0.346436 0.284180
vt 0.361816 0.303223
vt 0.353760 0.333252
vt 0.353516 0.382080
vt 0.359619 0.383057
vt 0.368408 0.350098
vt 0.374268 0.319092
vt 0.375488 0.318115
vt 0.387451 0.336914
vt 0.388916 0.335938
vt 0.241821 0.837402
vt 0.258301 0.824707
vt 0.252441 0.791992
vt 0.208496 0.790527
vt 0.210938 0.834473
vt 0.176270 0.869629
vt 0.228149 0.775391
vt 0.254395 0.787109
vt 0.269775 0.790039
vt 0.272705 0.779785
vt 0.273682 0.786133
vt 0.269043 0.774902
vt 0.246338 0.762695
vt 0.223511 0.741699
vt 0.200195 0.756348
vt 0.189697 0.733398
vt 0.182983 0.701172
vt 0.148560 0.690918
vt 0.186035 0.750977
vt 0.137207 0.719238
vt 0.174561 0.755371
vt 0.188843 0.789062
vt 0.163574 0.820801
vt 0.148560 0.780762
vt 0.117004 0.705078
vt 0.091919 0.675781
vt 0.125854 0.740723
vt 0.104919 0.722168
vt 0.087891 0.703613
vt 0.049103 0.710938
vt 0.046906 0.674316
vt 0.067810 0.729004
vt 0.091980 0.744629
vt 0.106689 0.765137
vt 0.130127 0.825684
vt 0.118713 0.791504
vt 0.135254 0.861816
vt 0.032379 0.714355
vt 0.048492 0.729004
vt 0.030106 0.715332
vt 0.004398 0.680664
vt 0.028473 0.724609
vt 0.017899 0.715332
vt 0.003401 0.713867
vt 0.024994 0.724121
vt 0.015701 0.723145
vt 0.003401 0.720703
vt 0.023407 0.732910
vt 0.015297 0.731445
vt 0.003401 0.729004
vt 0.015404 0.741211
vt 0.003401 0.740234
vt 0.025681 0.734863
vt 0.016205 0.757324
vt 0.003401 0.757324
vt 0.025894 0.743652
vt 0.037994 0.744141
vt 0.036896 0.756836
vt 0.053406 0.756836
vt 0.015503 0.760742
vt 0.003401 0.760742
vt 0.026703 0.765137
vt 0.014000 0.768066
vt 0.003099 0.767090
vt 0.003401 0.773438
vt 0.069214 0.770996
vt 0.043610 0.767578
vt 0.053711 0.783203
vt 0.077393 0.783691
vt 0.089111 0.800293
vt 0.100525 0.823730
vt 0.075073 0.833008
vt 0.065979 0.809570
vt 0.105530 0.844238
vt 0.058807 0.794922
vt 0.035309 0.776367
vt 0.038208 0.780762
vt 0.039001 0.793457
vt 0.024796 0.772949
vt 0.013496 0.776367
vt 0.023102 0.776855
vt 0.011803 0.781738
vt 0.003401 0.780273
vt 0.020401 0.782715
vt 0.033813 0.780762
vt 0.034302 0.787109
vt 0.023102 0.791504
vt 0.022293 0.784180
vt 0.022797 0.798340
vt 0.025406 0.807617
vt 0.013802 0.789062
vt 0.014000 0.785156
vt 0.003901 0.782715
vt 0.003401 0.788574
vt 0.012802 0.796875
vt 0.003401 0.795898
vt 0.003401 0.800781
vt 0.013496 0.801758
vt 0.010803 0.807617
vt 0.003401 0.807617
vt 0.010002 0.815430
vt 0.003401 0.815430
vt 0.003401 0.818359
vt 0.022995 0.815918
vt 0.009499 0.819824
vt 0.013702 0.820801
vt 0.008499 0.825684
vt 0.003401 0.824707
vt 0.003401 0.828613
vt 0.013199 0.826660
vt 0.008003 0.829590
vt 0.003401 0.834961
vt 0.008301 0.833496
vt 0.003401 0.840820
vt 0.019501 0.823730
vt 0.016006 0.829590
vt 0.009003 0.837891
vt 0.022293 0.826172
vt 0.008904 0.845703
vt 0.003401 0.847656
vt 0.003401 0.865234
vt 0.021194 0.833496
vt 0.030106 0.820801
vt 0.029907 0.830078
vt 0.027100 0.835938
vt 0.012901 0.863281
vt 0.014900 0.878418
vt 0.003401 0.879883
vt 0.003401 0.886719
vt 0.032898 0.857422
vt 0.047913 0.847656
vt 0.043793 0.871582
vt 0.037109 0.871094
vt 0.043915 0.821777
vt 0.016602 0.887695
vt 0.003401 0.903809
vt 0.033905 0.882812
vt 0.023697 0.899414
vt 0.003401 0.926270
vt 0.043091 0.878906
vt 0.030304 0.892578
vt 0.038086 0.886719
vt 0.050690 0.897461
vt 0.047394 0.914062
vt 0.044800 0.954590
vt 0.003401 0.953613
vt 0.003401 0.999023
vt 0.052795 0.998047
vt 0.081604 0.955566
vt 0.104126 0.995605
vt 0.080505 0.914551
vt 0.126709 0.947754
vt 0.156006 0.984375
vt 0.171265 0.941895
vt 0.106323 0.917480
vt 0.148315 0.905273
vt 0.133423 0.886230
vt 0.075989 0.896973
vt 0.100830 0.895996
vt 0.111511 0.877930
vt 0.097900 0.885254
vt 0.076721 0.887695
vt 0.109985 0.866699
vt 0.094727 0.877441
vt 0.086182 0.875000
vt 0.091370 0.858398
vt 0.051910 0.888672
vt 0.076477 0.880371
vt 0.050903 0.880859
vt 0.061310 0.881348
vt 0.092102 0.870117
vt 0.075073 0.877441
vt 0.047211 0.877930
vt 0.053009 0.879395
vt 0.060791 0.878418
vt 0.045593 0.875488
vt 0.051086 0.874023
vt 0.052002 0.875488
vt 0.055908 0.875977
vt 0.066589 0.870605
vt 0.052490 0.872070
vt 0.062500 0.875000
vt 0.074707 0.873047
vt 0.081116 0.871582
vt 0.080872 0.869629
vt 0.078186 0.868652
vt 0.084900 0.866699
vt 0.076782 0.855957
vt 0.050293 0.869141
vt 0.059204 0.866699
vt 0.052490 0.864258
vt 0.041595 0.813477
vt 0.040192 0.802734
vt 0.033051 0.714355
vt 0.028976 0.724609
vt 0.025604 0.734863
vt 0.180664 0.670898
vt 0.188843 0.658203
vt 0.180054 0.659668
vt 0.180664 0.663086
vt 0.168823 0.666992
vt 0.218018 0.626465
vt 0.218262 0.638672
vt 0.958008 0.758789
vt 0.956543 0.752441
vt 0.920898 0.766113
vt 0.921875 0.770020
vt 0.934082 0.726074
vt 0.885254 0.786621
vt 0.886719 0.789062
vt 0.859863 0.800781
vt 0.873047 0.779785
vt 0.890625 0.755371
vt 0.901855 0.729004
vt 0.886719 0.753906
vt 0.898438 0.723145
vt 0.913086 0.698730
vt 0.904785 0.694336
vt 0.949707 0.700684
vt 0.922852 0.668457
vt 0.912598 0.665039
vt 0.933594 0.626465
vt 0.924316 0.626465
vt 0.932129 0.599121
vt 0.969238 0.676270
vt 0.944336 0.649414
vt 0.964355 0.629395
vt 0.970703 0.586426
vt 0.944336 0.609863
vt 0.939453 0.604980
vt 0.948730 0.564453
vt 0.941406 0.564453
vt 0.948242 0.517090
vt 0.971680 0.538086
vt 0.990234 0.511719
vt 0.224854 0.478760
vt 0.222534 0.493652
vt 0.211914 0.485596
vt 0.214600 0.494141
vt 0.249756 0.504883
vt 0.217773 0.522461
vt 0.210449 0.523926
vt 0.226685 0.553223
vt 0.231567 0.548828
vt 0.253174 0.567383
vt 0.253174 0.575195
vt 0.275879 0.556152
vt 0.250488 0.531250
vt 0.270508 0.551758
vt 0.283447 0.526367
vt 0.292969 0.526855
vt 0.285645 0.494385
vt 0.275635 0.493896
vt 0.277100 0.480469
vt 0.287354 0.483887
vt 0.457275 0.349121
vt 0.457275 0.356934
vt 0.433105 0.350586
vt 0.437256 0.343506
vt 0.415527 0.332764
vt 0.477539 0.343506
vt 0.481445 0.350586
vt 0.422363 0.328857
vt 0.408936 0.308594
vt 0.492432 0.328857
vt 0.499268 0.332764
vt 0.416992 0.308594
vt 0.415527 0.284424
vt 0.497803 0.308594
vt 0.505859 0.308594
vt 0.422363 0.288330
vt 0.433105 0.266602
vt 0.492432 0.288330
vt 0.499268 0.284424
vt 0.437256 0.273682
vt 0.457275 0.260254
vt 0.477539 0.273682
vt 0.481445 0.266602
vt 0.457275 0.268066
vt 0.486084 0.308594
vt 0.482178 0.294189
vt 0.471680 0.283936
vt 0.457275 0.280029
vt 0.457275 0.308594
vt 0.482178 0.322998
vt 0.443115 0.283936
vt 0.432617 0.294189
vt 0.471680 0.333496
vt 0.428711 0.308594
vt 0.457275 0.337158
vt 0.432617 0.322998
vt 0.443115 0.333496
s 1
usemtl 5211_Florentino_hair_VeryHigh
f 3/1/1 2/2/2 1/3/3
f 1/3/4 5/4/5 4/1/6
f 5/4/5 6/5/7 4/1/6
f 6/5/7 5/4/5 7/6/8
f 8/7/9 6/5/7 7/6/8
s 0
f 11/8/10 10/9/10 9/10/10
f 14/11/11 13/12/11 12/13/11
s 1
f 17/14/12 16/15/13 15/16/14
f 15/16/15 19/17/16 18/14/17
f 19/17/18 21/18/19 20/14/20
f 25/19/21 23/20/22 22/21/23
f 28/22/24 26/11/25 24/20/26
f 30/23/27 29/11/28 27/22/29
f 31/24/30 30/23/27 27/22/29
f 32/25/31 31/24/30 27/22/29
f 33/26/32 31/24/30 32/25/31
f 33/26/32 32/25/31 34/27/33
f 31/24/30 35/28/34 30/23/27
f 35/28/34 31/24/30 33/26/32
f 36/29/35 30/23/27 35/28/34
f 37/30/36 33/26/32 34/27/33
f 37/30/36 34/27/33 38/31/37
f 39/32/38 37/30/36 38/31/37
f 37/30/36 39/32/38 33/26/32
f 39/32/38 40/33/39 33/26/32
f 40/33/39 41/34/40 33/26/32
f 41/34/40 35/28/34 33/26/32
f 35/28/34 41/34/40 42/35/41
f 43/36/42 36/29/35 35/28/34
f 35/28/34 42/35/41 43/36/42
f 43/36/42 44/37/43 36/29/35
f 45/38/44 44/37/43 43/36/42
f 43/36/42 46/39/45 45/38/44
f 42/35/41 47/40/46 43/36/42
f 46/39/45 43/36/42 47/40/46
f 42/35/41 48/41/47 47/40/46
f 49/42/48 46/39/45 47/40/46
f 48/41/47 49/42/48 47/40/46
f 53/1/49 52/43/50 50/2/51
f 51/43/52 55/44/53 54/2/54
f 56/45/55 55/44/53 51/43/52
f 56/45/55 51/43/52 57/7/56
f 51/43/52 58/1/57 57/7/56
f 58/1/57 59/5/58 57/7/56
f 60/46/59 56/45/55 57/7/56
f 57/7/56 61/47/60 60/46/59
f 60/46/59 61/47/60 62/48/61
f 60/46/59 62/48/61 63/49/62
f 56/45/55 60/46/59 63/49/62
f 63/49/62 64/50/63 56/45/55
f 64/50/63 55/44/53 56/45/55
f 65/51/64 64/50/63 63/49/62
f 65/51/64 66/52/65 64/50/63
f 66/52/65 67/53/66 64/50/63
f 66/52/65 68/54/67 67/53/66
f 64/50/63 69/55/68 55/44/53
f 67/53/66 69/55/68 64/50/63
f 68/54/67 70/56/69 67/53/66
f 70/56/69 68/54/67 71/57/70
f 67/53/66 72/58/71 69/55/68
f 67/53/66 70/56/69 72/58/71
f 73/59/72 70/56/69 71/57/70
f 73/59/72 72/58/71 70/56/69
f 74/60/73 73/59/72 71/57/70
f 69/55/68 75/61/74 55/44/53
f 72/58/71 75/61/74 69/55/68
f 76/62/75 73/59/72 74/60/73
f 76/62/75 74/60/73 77/63/76
f 78/64/77 73/59/72 76/62/75
f 73/59/72 78/64/77 79/65/78
f 72/58/71 73/59/72 79/65/78
f 75/61/74 80/66/79 55/44/53
f 81/67/80 55/44/53 80/66/79
f 75/61/74 72/58/71 82/68/81
f 82/68/81 72/58/71 79/65/78
f 80/66/79 75/61/74 83/69/82
f 83/69/82 75/61/74 82/68/81
f 81/67/80 80/66/79 84/70/83
f 85/71/84 81/67/80 84/70/83
f 86/72/85 80/66/79 83/69/82
f 84/70/83 80/66/79 86/72/85
f 84/70/83 87/73/86 85/71/84
f 87/73/86 88/74/87 85/71/84
f 88/74/87 87/73/86 89/75/88
f 87/73/86 90/76/89 89/75/88
f 91/77/90 90/76/89 87/73/86
f 84/70/83 91/77/90 87/73/86
f 92/78/91 91/77/90 84/70/83
f 86/72/85 92/78/91 84/70/83
f 92/78/91 86/72/85 93/79/92
f 86/72/85 83/69/82 93/79/92
f 94/80/93 93/79/92 83/69/82
f 82/68/81 94/80/93 83/69/82
f 94/80/93 82/68/81 95/81/94
f 82/68/81 96/82/95 95/81/94
f 96/82/95 82/68/81 79/65/78
f 97/83/96 95/81/94 96/82/95
f 98/84/97 95/81/94 97/83/96
f 99/85/98 96/82/95 79/65/78
f 79/65/78 100/86/99 99/85/98
f 100/86/99 101/87/100 99/85/98
f 101/87/100 102/88/101 99/85/98
f 102/88/101 103/89/102 99/85/98
f 102/88/101 104/90/103 103/89/102
f 104/90/103 105/91/104 103/89/102
f 105/91/104 104/90/103 106/92/105
f 97/83/96 96/82/95 107/93/106
f 97/83/96 108/94/107 98/84/97
f 109/95/108 98/84/97 108/94/107
f 110/96/109 97/83/96 107/93/106
f 108/94/107 97/83/96 110/96/109
f 111/97/110 110/96/109 107/93/106
f 112/98/104 110/96/109 111/97/110
f 112/98/104 113/99/111 110/96/109
f 113/99/111 112/98/104 114/100/112
f 115/101/113 113/99/111 114/100/112
f 116/102/114 113/99/111 115/101/113
f 116/102/114 115/101/113 117/103/115
f 116/102/114 117/103/115 118/104/116
f 113/99/111 119/105/117 110/96/109
f 119/105/117 108/94/107 110/96/109
f 119/105/117 113/99/111 116/102/114
f 120/106/118 109/95/108 108/94/107
f 120/106/118 121/107/119 109/95/108
f 119/105/117 122/108/120 108/94/107
f 122/108/120 119/105/117 116/102/114
f 122/108/120 120/106/118 108/94/107
f 123/109/121 116/102/114 118/104/116
f 118/104/116 124/110/122 123/109/121
f 116/102/114 125/111/123 122/108/120
f 122/108/120 125/111/123 120/106/118
f 125/111/123 116/102/114 123/109/121
f 120/106/118 126/112/124 121/107/119
f 126/112/124 120/106/118 125/111/123
f 124/110/122 127/113/125 123/109/121
f 127/113/125 124/110/122 128/114/126
f 126/112/124 129/115/127 121/107/119
f 130/116/128 121/107/119 129/115/127
f 131/117/129 129/115/127 126/112/124
f 125/111/123 131/117/129 126/112/124
f 130/116/128 129/115/127 131/117/129
f 125/111/123 123/109/121 132/118/130
f 123/109/121 127/113/125 132/118/130
f 125/111/123 132/118/130 131/117/129
f 133/119/131 127/113/125 128/114/126
f 133/119/131 128/114/126 134/120/132
f 127/113/125 135/121/133 132/118/130
f 131/117/129 132/118/130 135/121/133
f 127/113/125 133/119/131 135/121/133
f 131/117/129 136/122/134 130/116/128
f 136/122/134 131/117/129 135/121/133
f 137/123/135 130/116/128 136/122/134
f 136/122/134 138/124/136 137/123/135
f 139/125/137 138/124/136 136/122/134
f 135/121/133 139/125/137 136/122/134
f 139/125/137 135/121/133 140/126/138
f 133/119/131 140/126/138 135/121/133
f 140/126/138 141/127/139 139/125/137
f 133/119/131 142/128/140 140/126/138
f 142/128/140 141/127/139 140/126/138
f 142/128/140 133/119/131 134/120/132
f 143/129/141 141/127/139 142/128/140
f 142/128/140 134/120/132 143/129/141
f 144/130/142 143/129/141 134/120/132
s 0
f 147/131/143 146/12/143 145/11/143
s 1
f 151/18/144 150/132/145 148/133/146
f 149/132/147 153/134/148 152/133/149
f 153/134/148 149/132/147 154/135/150
f 155/136/151 153/134/148 154/135/150
f 154/135/150 149/132/147 156/137/152
f 154/135/150 157/138/153 155/136/151
f 158/9/154 154/135/150 156/137/152
f 158/9/154 157/138/153 154/135/150
f 159/8/155 157/138/153 158/9/154
f 160/139/156 158/9/154 156/137/152
f 158/9/154 160/139/156 161/140/157
f 160/139/156 162/141/158 161/140/157
f 163/142/159 162/141/158 160/139/156
s 0
f 166/143/160 165/144/160 164/145/160
f 169/146/161 168/147/161 167/148/161
s 1
f 172/149/162 171/150/163 170/151/164
s 0
f 175/149/165 174/152/165 173/150/165
s 1
f 178/153/166 177/146/167 176/154/168
f 180/155/169 179/153/170 176/154/171
f 181/156/172 180/155/169 176/154/171
f 179/153/170 180/155/169 182/157/173
f 180/155/169 181/156/172 182/157/173
f 182/157/173 183/158/174 179/153/170
f 181/156/172 184/159/175 182/157/173
f 185/160/176 184/159/175 181/156/172
f 186/161/177 184/159/175 185/160/176
f 187/162/178 183/158/174 182/157/173
f 182/157/173 184/159/175 187/162/178
f 186/161/177 188/163/179 184/159/175
f 189/164/180 188/163/179 186/161/177
f 188/163/179 190/165/181 184/159/175
f 187/162/178 184/159/175 190/165/181
f 189/164/180 191/166/182 188/163/179
f 191/166/182 190/165/181 188/163/179
f 192/167/183 191/166/182 189/164/180
f 191/166/182 192/167/183 193/168/184
f 190/165/181 191/166/182 194/169/185
f 195/169/186 191/166/182 193/168/184
f 193/168/184 196/170/187 195/169/186
f 197/171/188 190/165/181 195/169/186
f 198/172/189 190/165/181 197/171/188
f 187/162/178 190/165/181 198/172/189
f 197/171/188 199/173/190 198/172/189
f 200/174/191 187/162/178 198/172/189
f 199/173/190 200/174/191 198/172/189
f 200/174/191 199/173/190 201/175/192
f 183/158/174 187/162/178 200/174/191
f 200/174/191 201/175/192 202/176/193
f 183/158/174 200/174/191 202/176/193
f 201/175/192 203/177/194 202/176/193
f 203/177/194 204/178/195 202/176/193
f 204/178/195 183/158/174 202/176/193
f 203/177/194 205/179/196 204/178/195
f 205/179/196 206/180/197 204/178/195
f 207/181/198 183/158/174 204/178/195
f 207/181/198 209/153/199 183/158/174
f 206/180/197 210/182/200 204/178/195
f 210/182/200 207/181/198 204/178/195
f 206/180/197 211/183/201 210/182/200
f 210/182/200 211/183/201 212/184/202
f 211/183/201 213/185/203 212/184/202
f 213/185/203 214/186/204 212/184/202
f 213/185/203 215/187/205 214/186/204
f 217/188/206 216/189/207 208/181/208
f 208/181/208 216/189/207 218/153/209
s 0
f 221/23/210 220/131/210 219/11/210
f 224/190/211 223/191/211 222/192/211
f 227/193/212 226/194/212 225/195/212
s 1
f 230/196/213 229/197/154 228/198/214
f 232/199/215 231/200/216 228/198/217
f 231/200/216 233/201/218 228/198/217
f 231/200/216 232/199/215 234/202/219
f 231/200/216 235/203/220 233/201/218
f 235/203/220 231/200/216 234/202/219
f 235/203/220 234/202/219 236/204/221
f 237/205/222 236/204/221 234/202/219
f 238/206/223 237/205/222 234/202/219
f 239/207/224 238/206/223 234/202/219
f 240/208/225 238/206/223 239/207/224
f 235/203/220 241/209/226 233/201/218
f 241/209/226 242/210/227 233/201/218
f 233/201/218 242/210/227 243/211/228
f 244/10/229 243/211/228 242/210/227
f 241/209/226 235/203/220 245/212/230
f 242/210/227 241/209/226 245/212/230
f 245/212/230 235/203/220 246/213/231
f 247/214/232 242/210/227 245/212/230
f 242/210/227 247/214/232 244/10/229
f 247/214/232 248/8/233 244/10/229
f 251/215/234 250/216/235 249/217/236
f 253/218/237 251/215/238 252/217/239
f 251/215/238 253/218/237 254/219/240
f 254/219/240 253/218/237 255/220/241
f 255/220/241 256/221/242 254/219/240
f 254/219/240 256/221/242 257/222/243
f 254/219/240 257/222/243 251/215/238
f 257/222/243 256/221/242 258/223/244
f 256/221/242 259/224/245 258/223/244
f 260/225/246 258/223/244 259/224/245
f 261/226/247 260/225/246 259/224/245
f 257/222/243 258/223/244 262/227/248
f 260/225/246 263/228/249 258/223/244
f 263/228/249 262/227/248 258/223/244
f 260/225/246 264/229/250 263/228/249
f 260/225/246 265/230/251 264/229/250
f 264/229/250 266/231/252 263/228/249
f 266/231/252 267/232/253 263/228/249
f 263/228/249 267/232/253 262/227/248
f 268/233/254 257/222/243 262/227/248
f 251/215/238 257/222/243 268/233/254
f 269/234/255 267/232/253 266/231/252
f 270/235/256 269/234/255 266/231/252
f 270/235/256 271/236/257 269/234/255
f 267/232/253 272/237/258 262/227/248
f 268/233/254 262/227/248 272/237/258
f 271/236/257 273/238/259 269/234/255
f 273/238/259 271/236/257 274/239/260
f 269/234/255 275/240/261 267/232/253
f 272/237/258 267/232/253 275/240/261
f 275/240/261 269/234/255 273/238/259
f 276/241/262 268/233/254 272/237/258
f 272/237/258 275/240/261 276/241/262
f 277/242/263 251/215/238 268/233/254
f 277/242/263 268/233/254 276/241/262
f 278/243/264 273/238/259 274/239/260
f 274/239/260 279/244/265 278/243/264
f 275/240/261 280/245/266 276/241/262
f 277/242/263 276/241/262 280/245/266
f 281/246/267 275/240/261 273/238/259
f 273/238/259 278/243/264 281/246/267
f 275/240/261 281/246/267 280/245/266
f 279/244/265 282/247/268 278/243/264
f 281/246/267 278/243/264 282/247/268
f 279/244/265 283/248/269 282/247/268
f 251/215/238 277/242/263 284/249/270
f 284/249/270 277/242/263 285/250/271
f 284/249/270 286/216/272 251/215/238
f 287/251/273 286/216/272 284/249/270
f 288/252/274 287/251/273 284/249/270
f 289/253/275 288/252/274 284/249/270
f 284/249/270 285/250/271 289/253/275
f 289/253/275 285/250/271 290/254/276
f 292/255/277 277/242/263 280/245/266
f 285/250/271 277/242/263 292/255/277
f 281/246/267 293/256/278 280/245/266
f 292/255/277 280/245/266 293/256/278
f 294/257/279 281/246/267 282/247/268
f 293/256/278 281/246/267 294/257/279
f 295/258/280 292/255/277 293/256/278
f 285/250/271 292/255/277 295/258/280
f 296/259/281 285/250/271 295/258/280
f 294/257/279 282/247/268 297/260/282
f 283/248/269 297/260/282 282/247/268
f 298/261/283 293/256/278 294/257/279
f 299/258/284 293/256/278 298/261/283
f 300/262/285 295/258/286 298/261/283
f 296/259/281 301/258/287 300/262/285
f 296/259/281 302/263/288 285/250/271
f 285/250/271 302/263/288 303/264/289
f 302/263/288 296/259/281 304/265/290
f 304/265/290 296/259/281 300/262/285
f 305/266/291 302/263/288 304/265/290
f 306/267/292 305/266/291 304/265/290
f 304/265/290 300/262/285 306/267/292
f 307/268/293 298/261/283 294/257/279
f 298/261/283 307/268/293 300/262/285
f 308/269/294 306/267/292 300/262/285
f 307/268/293 309/270/294 300/262/285
f 308/269/294 310/271/295 306/267/292
f 310/271/295 311/272/296 306/267/292
f 310/271/295 308/269/294 312/273/297
f 313/274/298 311/272/296 310/271/295
f 313/274/298 310/271/295 312/273/297
f 312/273/297 314/275/299 313/274/298
f 315/276/300 307/268/293 294/257/279
f 315/276/300 294/257/279 297/260/282
f 309/270/294 307/268/293 316/277/301
f 307/268/293 315/276/300 316/277/301
f 317/278/302 309/270/294 316/277/301
f 316/277/301 318/279/299 317/278/302
f 315/276/300 319/280/303 316/277/301
f 319/280/303 320/279/299 316/277/301
f 319/280/303 315/276/300 321/281/304
f 315/276/300 297/260/282 321/281/304
f 321/281/304 322/279/305 319/280/303
f 321/281/304 323/282/306 322/279/305
f 297/260/282 324/283/307 321/281/304
f 324/283/307 323/282/306 321/281/304
f 297/260/282 283/248/269 324/283/307
f 324/283/307 283/248/269 325/284/308
f 323/282/306 324/283/307 325/284/308
f 326/285/309 323/282/306 325/284/308
f 326/285/309 327/279/299 323/282/306
f 331/286/310 330/287/311 329/288/312
f 333/287/311 332/289/313 328/288/314
f 328/288/314 332/289/313 334/290/315
f 335/291/316 328/288/314 334/290/315
f 335/291/316 334/290/315 336/292/317
f 336/292/317 334/290/315 337/293/318
f 338/294/319 335/291/316 336/292/317
f 334/290/315 332/289/313 339/295/320
f 334/290/315 339/295/320 337/293/318
f 336/292/317 340/296/321 338/294/319
f 338/294/319 340/296/321 341/297/322
f 342/298/323 340/296/321 336/292/317
f 337/293/318 342/298/323 336/292/317
f 340/296/321 343/299/324 341/297/322
f 340/296/321 342/298/323 343/299/324
f 341/297/322 343/299/324 344/300/325
f 342/298/323 345/301/326 343/299/324
f 343/299/324 345/301/326 344/300/325
f 346/302/327 345/301/326 342/298/323
f 346/302/327 342/298/323 337/293/318
f 345/301/326 347/303/328 344/300/325
f 345/301/326 346/302/327 347/303/328
f 332/289/313 348/304/329 339/295/320
f 349/287/330 348/304/329 332/289/313
f 348/304/329 349/287/330 350/305/331
f 351/306/332 348/304/329 350/305/331
f 348/304/329 351/306/332 352/307/333
f 339/295/320 348/304/329 352/307/333
f 353/308/334 339/295/320 352/307/333
f 339/295/320 353/308/334 337/293/318
f 353/308/334 354/309/335 337/293/318
f 355/310/336 346/302/327 337/293/318
f 337/293/318 354/309/335 355/310/336
f 355/310/336 354/309/335 356/311/337
f 354/309/335 357/312/338 356/311/337
f 357/312/338 358/313/339 356/311/337
f 359/314/340 346/302/327 355/310/336
f 347/303/328 346/302/327 359/314/340
f 355/310/336 356/311/337 360/315/341
f 359/314/340 355/310/336 360/315/341
f 358/313/339 361/316/342 356/311/337
f 358/313/339 362/317/343 361/316/342
f 362/317/343 363/318/344 361/316/342
f 364/319/345 363/318/344 362/317/343
f 365/320/346 356/311/337 361/316/342
f 361/316/342 363/318/344 366/321/347
f 366/321/347 365/320/346 361/316/342
f 363/318/344 367/322/348 366/321/347
f 368/319/349 367/322/348 363/318/344
f 365/320/346 369/323/350 356/311/337
f 369/323/350 360/315/341 356/311/337
f 370/324/351 365/320/346 366/321/347
f 369/323/350 365/320/346 370/324/351
f 371/325/352 370/324/351 366/321/347
f 372/326/353 371/325/352 366/321/347
f 360/315/341 369/323/350 373/327/354
f 369/323/350 370/324/351 374/328/355
f 373/327/354 369/323/350 374/328/355
f 375/329/356 360/315/341 373/327/354
f 373/327/354 376/330/357 375/329/356
f 375/329/356 359/314/340 360/315/341
f 375/329/356 376/330/357 359/314/340
f 376/330/357 377/331/358 359/314/340
f 377/331/358 347/303/328 359/314/340
f 347/303/328 377/331/358 378/332/359
f 344/300/325 347/303/328 378/332/359
f 379/333/360 344/300/325 378/332/359
f 377/331/358 380/334/361 378/332/359
f 380/334/361 377/331/358 376/330/357
f 381/335/362 379/333/360 378/332/359
f 380/334/361 381/335/362 378/332/359
f 379/333/360 381/335/362 382/336/363
f 381/335/362 380/334/361 382/336/363
f 383/337/364 379/333/360 382/336/363
f 384/338/245 382/336/363 380/334/361
f 380/334/361 385/339/365 384/338/245
f 385/339/365 380/334/361 376/330/357
f 385/339/365 386/340/366 384/338/245
f 387/341/367 385/339/365 376/330/357
f 386/340/366 385/339/365 387/341/367
f 388/342/368 386/340/366 387/341/367
f 388/342/368 389/343/369 386/340/366
f 388/342/368 387/341/367 390/344/142
f 391/345/370 387/341/367 376/330/357
f 391/345/370 376/330/357 373/327/354
f 387/341/367 392/346/371 390/344/142
f 391/345/370 392/346/371 387/341/367
f 390/344/142 392/346/371 393/347/372
f 394/348/373 390/344/142 393/347/372
f 395/349/374 391/345/370 373/327/354
f 391/345/370 395/349/374 392/346/371
f 393/347/372 392/346/371 395/349/374
f 374/328/355 395/349/374 373/327/354
f 396/350/375 395/349/374 374/328/355
f 396/350/375 393/347/372 395/349/374
f 397/351/376 394/348/373 393/347/372
f 397/351/376 398/352/377 394/348/373
f 399/353/378 396/350/375 374/328/355
f 399/353/378 374/328/355 370/324/351
f 400/354/379 399/353/378 370/324/351
f 400/354/379 370/324/351 371/325/352
f 401/355/380 400/354/379 371/325/352
f 401/355/380 371/325/352 402/356/381
f 403/357/382 401/355/380 402/356/381
f 402/356/381 404/358/383 403/357/382
f 402/356/381 371/325/352 372/326/353
f 404/358/383 402/356/381 405/359/384
f 405/359/384 402/356/381 372/326/353
f 406/360/385 404/358/383 405/359/384
f 405/359/384 372/326/353 406/360/385
f 372/326/353 407/361/386 406/360/385
f 372/326/353 408/321/347 407/361/386
f 408/321/347 409/362/387 407/361/386
f 410/363/388 396/350/375 399/353/378
f 396/350/375 410/363/388 411/364/389
f 396/350/375 411/364/389 393/347/372
f 411/364/389 412/365/390 393/347/372
f 393/347/372 412/365/390 397/351/376
f 413/366/391 411/364/389 410/363/388
f 413/366/391 412/365/390 411/364/389
f 397/351/376 412/365/390 414/367/392
f 414/367/392 412/365/390 413/366/391
f 397/351/376 414/367/392 398/352/377
f 399/353/378 415/368/393 410/363/388
f 415/368/393 413/366/391 410/363/388
f 414/367/392 413/366/391 416/369/394
f 414/367/392 416/369/394 398/352/377
f 417/370/395 415/368/393 399/353/378
f 399/353/378 418/371/396 417/370/395
f 413/366/391 415/368/393 419/372/397
f 413/366/391 419/372/397 416/369/394
f 418/371/396 420/373/398 417/370/395
f 418/371/396 421/374/399 420/373/398
f 420/373/398 421/374/399 422/375/400
f 421/374/399 423/376/401 422/375/400
f 423/376/401 424/377/402 422/375/400
f 423/376/401 425/378/403 424/377/402
f 425/378/403 426/379/404 424/377/402
f 425/378/403 427/380/405 426/379/404
f 428/381/406 422/375/400 424/377/402
f 424/377/402 426/379/404 428/381/406
f 428/381/406 429/382/407 422/375/400
f 429/382/407 420/373/398 422/375/400
f 426/379/404 430/383/408 428/381/406
f 427/380/405 431/384/409 426/379/404
f 430/383/408 426/379/404 431/384/409
f 431/384/409 427/380/405 432/385/410
f 433/386/411 430/383/408 431/384/409
f 433/386/411 431/384/409 432/385/410
f 417/370/395 420/373/398 434/387/412
f 420/373/398 429/382/407 434/387/412
f 435/388/413 417/370/395 434/387/412
f 415/368/393 417/370/395 435/388/413
f 436/389/414 415/368/393 435/388/413
f 419/372/397 415/368/393 436/389/414
f 419/372/397 436/389/414 437/390/415
f 416/369/394 419/372/397 437/390/415
f 438/391/416 436/389/414 435/388/413
f 436/389/414 438/391/416 437/390/415
f 435/388/413 434/387/412 439/392/417
f 438/391/416 435/388/413 439/392/417
f 440/393/418 416/369/394 437/390/415
f 416/369/394 440/393/418 398/352/377
f 441/394/419 398/352/377 440/393/418
f 441/394/419 442/395/420 398/352/377
f 437/390/415 443/396/421 440/393/418
f 441/394/419 440/393/418 443/396/421
f 444/397/422 442/395/420 441/394/419
f 441/394/419 443/396/421 444/397/422
f 444/397/422 445/398/423 442/395/420
f 444/397/422 446/399/424 445/398/423
f 444/397/422 443/396/421 446/399/424
f 446/399/424 447/400/425 445/398/423
f 438/391/416 448/401/426 437/390/415
f 443/396/421 437/390/415 448/401/426
f 449/402/427 438/391/416 439/392/417
f 438/391/416 449/402/427 448/401/426
f 443/396/421 448/401/426 450/403/428
f 443/396/421 450/403/428 446/399/424
f 451/404/429 450/403/428 448/401/426
f 450/403/428 451/404/429 446/399/424
f 451/404/429 448/401/426 449/402/427
f 447/400/425 446/399/424 452/405/430
f 451/404/429 452/405/430 446/399/424
f 453/406/431 447/400/425 452/405/430
f 454/407/432 451/404/429 449/402/427
f 451/404/429 454/407/432 452/405/430
f 452/405/430 455/408/433 453/406/431
f 452/405/430 454/407/432 455/408/433
f 455/408/433 456/409/434 453/406/431
f 457/410/435 449/402/427 439/392/417
f 457/410/435 454/407/432 449/402/427
f 456/409/434 455/408/433 458/411/436
f 459/412/437 456/409/434 458/411/436
f 460/413/438 459/412/437 458/411/436
f 455/408/433 454/407/432 461/414/439
f 461/414/439 454/407/432 457/410/435
f 455/408/433 461/414/439 458/411/436
f 462/415/440 457/410/435 439/392/417
f 462/415/440 439/392/417 434/387/412
f 458/411/436 463/416/441 460/413/438
f 460/413/438 463/416/441 464/417/442
f 465/418/443 463/416/441 458/411/436
f 461/414/439 465/418/443 458/411/436
f 463/416/441 465/418/443 464/417/442
f 461/414/439 457/410/435 466/419/444
f 466/419/444 457/410/435 462/415/440
f 462/415/440 434/387/412 467/420/445
f 466/419/444 462/415/440 467/420/445
f 434/387/412 429/382/407 467/420/445
f 461/414/439 466/419/444 468/421/446
f 465/418/443 461/414/439 468/421/446
f 468/421/446 466/419/444 467/420/445
f 469/422/447 467/420/445 429/382/407
f 469/422/447 468/421/446 467/420/445
f 470/423/448 469/422/447 429/382/407
f 469/422/447 470/423/448 471/424/449
f 472/425/450 469/422/447 471/424/449
f 469/422/447 472/425/450 468/421/446
f 472/425/450 471/424/449 473/426/451
f 465/418/443 468/421/446 474/427/452
f 472/425/450 474/427/452 468/421/446
f 474/427/452 464/417/442 465/418/443
f 475/428/453 472/425/450 473/426/451
f 474/427/452 472/425/450 475/428/453
f 476/429/454 475/428/453 473/426/451
f 464/417/442 477/430/455 476/429/454
f 464/417/442 474/427/452 477/430/455
f 477/430/455 475/428/453 476/429/454
f 477/430/455 474/427/452 475/428/453
f 481/362/456 480/321/457 478/431/458
f 483/321/459 482/322/460 479/431/461
f 479/431/461 482/322/460 484/319/462
f 487/432/463 486/433/464 485/434/463
f 486/433/465 489/435/466 488/434/467
f 490/436/468 489/435/466 486/433/465
f 491/437/469 490/436/468 486/433/465
f 492/438/470 490/436/468 491/437/469
f 493/439/471 492/438/470 491/437/469
f 492/438/470 493/439/471 494/440/472
f 495/441/473 494/440/472 493/439/471
f 496/442/474 494/440/472 495/441/473
f 497/443/475 496/442/474 495/441/473
f 498/444/476 497/443/475 495/441/473
f 500/445/477 497/443/475 498/444/476
f 503/446/478 501/445/479 499/444/480
f 502/446/481 505/447/482 504/445/479
f 505/447/482 506/448/483 504/445/479
f 509/449/484 508/450/485 507/451/486
f 512/451/487 511/450/488 510/452/489
f 291/254/490 513/250/491 303/264/492
f 516/201/493 515/196/494 514/198/495
f 516/201/493 517/211/496 515/196/494
f 517/211/496 518/197/497 515/196/494
f 519/10/498 518/197/497 517/211/496
f 522/116/499 521/453/500 520/107/501
f 521/453/500 523/454/502 520/107/501
f 520/107/501 523/454/502 524/95/503
f 524/95/503 523/454/502 525/84/504
f 523/454/502 526/455/505 525/84/504
f 525/84/504 526/455/505 527/81/506
f 526/455/505 528/456/507 527/81/506
f 529/80/508 527/81/506 528/456/507
f 530/457/509 529/80/508 528/456/507
f 531/458/510 529/80/508 530/457/509
f 532/79/511 529/80/508 531/458/510
f 532/79/511 531/458/510 533/78/512
f 536/459/513 535/460/514 534/461/515
f 537/462/516 535/460/514 536/459/513
f 538/150/517 537/462/516 536/459/513
f 538/150/517 539/152/518 537/462/516
f 542/463/519 541/464/520 540/465/521
f 543/466/522 540/465/521 541/464/520
f 540/465/521 543/466/522 544/467/523
f 545/468/524 544/467/523 543/466/522
f 544/467/523 545/468/524 546/469/525
f 544/467/523 546/469/525 540/465/521
f 546/469/525 547/147/526 540/465/521
f 548/146/527 540/465/521 547/147/526
f 549/153/528 540/465/521 548/146/527
f 551/153/529 550/463/519 540/465/530
f 550/463/519 551/153/529 552/189/531
f 554/470/532 553/463/533 552/189/534
f 552/189/534 555/188/535 554/470/532
f 558/471/536 557/193/537 556/472/537
f 559/473/538 558/471/536 556/472/537
f 558/471/536 559/473/538 560/474/539
f 563/170/540 562/475/541 561/169/542
f 561/169/542 562/475/541 564/476/543
f 562/475/541 565/477/544 564/476/543
f 564/476/543 565/477/544 566/478/545
f 569/479/546 568/480/547 567/481/548
f 567/481/548 568/480/547 570/482/549
f 567/481/548 570/482/549 571/483/550
f 571/483/550 570/482/549 572/484/551
f 570/482/549 573/485/552 572/484/551
f 576/2/553 575/44/554 574/67/555
f 576/2/553 574/67/555 577/71/556
f 580/145/557 579/144/558 578/486/559
f 581/487/560 580/145/557 578/486/559
f 580/145/557 581/487/560 582/488/561
f 583/489/562 582/488/561 581/487/560
f 584/490/563 583/489/562 581/487/560
f 580/145/557 582/488/561 585/491/564
f 580/145/557 585/491/564 586/143/565
f 586/143/565 585/491/564 587/492/23
f 587/492/23 585/491/564 588/493/566
f 589/494/567 587/492/23 588/493/566
f 588/493/566 590/495/568 589/494/567
f 588/493/566 585/491/564 591/496/569
f 591/496/569 590/495/568 588/493/566
f 582/488/561 591/496/569 585/491/564
f 592/497/570 590/495/568 591/496/569
f 582/488/561 592/497/570 591/496/569
f 582/488/561 583/489/562 592/497/570
f 592/497/570 583/489/562 593/498/571
f 594/499/572 583/489/562 584/490/563
f 583/489/562 594/499/572 593/498/571
f 593/498/571 594/499/572 595/500/573
f 596/501/574 593/498/571 595/500/573
f 594/499/572 584/490/563 597/502/575
f 597/502/575 595/500/573 594/499/572
f 598/503/576 595/500/573 597/502/575
f 598/503/576 599/504/577 595/500/573
f 600/505/578 599/504/577 598/503/576
f 601/506/579 599/504/577 600/505/578
f 602/507/580 599/504/577 601/506/579
f 601/506/579 603/508/399 602/507/580
f 599/504/577 604/509/581 595/500/573
f 604/509/581 599/504/577 602/507/580
f 602/507/580 603/508/399 605/510/582
f 606/511/583 605/510/582 603/508/399
f 606/511/583 607/512/584 605/510/582
f 605/510/582 607/512/584 608/513/585
f 609/514/586 604/509/581 602/507/580
f 609/514/586 602/507/580 605/510/582
f 608/513/585 610/515/587 605/510/582
f 605/510/582 610/515/587 609/514/586
f 610/515/587 608/513/585 611/516/588
f 610/515/587 611/516/588 612/517/589
f 609/514/586 613/518/590 604/509/581
f 604/509/581 613/518/590 595/500/573
f 610/515/587 613/518/590 609/514/586
f 614/519/591 610/515/587 612/517/589
f 614/519/591 613/518/590 610/515/587
f 614/519/591 612/517/589 615/520/592
f 615/520/592 613/518/590 614/519/591
f 612/517/589 616/521/593 615/520/592
f 615/520/592 616/521/593 596/501/574
f 613/518/590 617/522/594 595/500/573
f 617/522/594 596/501/574 595/500/573
f 617/522/594 615/520/592 596/501/574
f 617/522/594 613/518/590 615/520/592
f 620/21/595 619/20/596 618/11/597
f 620/21/595 618/11/597 621/13/598
f 624/15/599 623/14/600 622/523/601
f 624/15/599 622/523/601 625/524/602
f 626/525/603 624/15/599 625/524/602
f 627/138/604 626/525/603 625/524/602
f 625/524/602 628/136/605 627/138/604
f 625/524/602 629/134/606 628/136/605
f 622/523/601 629/134/606 625/524/602
f 630/14/607 629/134/606 622/523/601
f 630/14/607 631/133/608 629/134/606
f 630/14/607 632/18/609 631/133/608
f 635/526/610 634/527/611 633/528/612
f 634/527/611 636/529/265 633/528/612
f 633/528/612 636/529/265 637/530/260
f 638/531/613 636/529/265 634/527/611
f 639/532/614 633/528/612 637/530/260
f 639/532/614 637/530/260 640/533/615
f 641/534/616 633/528/612 639/532/614
f 641/534/616 642/526/617 633/528/612
f 642/526/618 643/535/619 634/527/611
f 638/531/613 634/527/611 644/536/620
f 643/535/619 644/536/620 634/527/611
f 645/537/621 639/532/614 640/533/615
f 645/537/621 640/533/615 646/538/622
f 647/539/623 638/531/613 644/536/620
f 648/540/296 638/531/613 647/539/623
f 650/541/624 645/537/621 646/538/622
f 646/538/622 651/542/625 650/541/624
f 651/542/625 652/543/626 650/541/624
f 651/542/625 653/544/627 652/543/626
f 653/544/627 654/545/628 652/543/626
f 654/545/628 653/544/627 655/546/629
f 656/547/630 654/545/628 655/546/629
f 657/548/631 656/547/630 655/546/629
f 657/548/631 658/549/632 656/547/630
f 658/549/632 659/550/633 656/547/630
f 654/545/628 656/547/630 660/551/634
f 659/550/633 660/551/634 656/547/630
f 652/543/626 654/545/628 660/551/634
f 659/550/633 661/552/635 660/551/634
f 652/543/626 660/551/634 662/553/636
f 661/552/635 662/553/636 660/551/634
f 650/541/624 652/543/626 662/553/636
f 662/553/636 661/552/635 663/554/116
f 650/541/624 662/553/636 664/555/637
f 664/555/637 662/553/636 663/554/116
f 664/555/637 663/554/116 665/556/638
f 645/537/621 650/541/624 664/555/637
f 664/555/637 665/556/638 666/557/639
f 664/555/637 667/558/640 645/537/621
f 667/558/640 664/555/637 666/557/639
f 667/558/640 639/532/614 645/537/621
f 666/557/639 668/559/641 667/558/640
f 639/532/614 667/558/640 669/560/642
f 669/560/642 667/558/640 668/559/641
f 669/560/642 668/559/641 670/561/643
f 669/560/642 641/534/616 639/532/614
f 641/534/616 669/560/642 670/561/643
f 670/561/643 671/562/644 641/534/616
f 671/562/644 672/526/645 641/534/616
f 643/535/619 672/526/645 671/562/644
f 673/563/646 643/535/619 671/562/644
f 643/535/619 673/563/646 674/564/647
f 673/563/646 675/565/648 674/564/647
f 643/535/619 674/564/647 644/536/620
f 675/565/648 676/566/649 674/564/647
f 674/564/647 677/567/650 644/536/620
f 676/566/649 678/568/651 674/564/647
f 674/564/647 678/568/651 677/567/650
f 644/536/620 677/567/650 679/569/652
f 647/539/623 644/536/620 679/569/652
f 680/570/653 647/539/623 679/569/652
f 680/570/653 648/540/296 647/539/623
f 681/571/654 680/570/653 679/569/652
f 677/567/650 682/572/655 679/569/652
f 679/569/652 682/572/655 681/571/654
f 682/572/655 677/567/650 678/568/651
f 683/573/656 682/572/655 678/568/651
f 684/574/657 678/568/651 676/566/649
f 678/568/651 684/574/657 683/573/656
f 685/575/658 684/574/657 676/566/649
f 686/576/659 684/574/657 685/575/658
f 687/577/660 686/576/659 685/575/658
f 686/576/659 687/577/660 688/578/661
f 682/572/655 689/579/662 681/571/654
f 682/572/655 683/573/656 689/579/662
f 690/580/663 681/571/654 689/579/662
f 691/581/664 649/540/665 690/580/663
f 691/581/664 690/580/663 692/582/666
f 649/540/665 693/570/667 690/580/663
f 693/570/667 694/571/668 690/580/663
f 695/583/669 692/582/666 690/580/663
f 689/579/662 695/583/669 690/580/663
f 696/584/670 695/583/669 689/579/662
f 697/585/671 696/584/670 689/579/662
f 683/573/656 697/585/671 689/579/662
f 697/585/671 698/586/672 696/584/670
f 698/586/672 697/585/671 683/573/656
f 698/586/672 699/587/673 696/584/670
f 698/586/672 700/588/674 699/587/673
f 700/588/674 701/589/675 699/587/673
f 702/590/676 701/589/675 700/588/674
f 703/591/677 702/590/676 700/588/674
f 700/588/674 698/586/672 703/591/677
f 703/591/677 704/592/678 702/590/676
f 698/586/672 705/593/679 703/591/677
f 705/593/679 698/586/672 683/573/656
f 704/592/678 703/591/677 705/593/679
f 683/573/656 706/594/680 705/593/679
f 706/594/680 704/592/678 705/593/679
f 684/574/657 706/594/680 683/573/656
f 704/592/678 706/594/680 684/574/657
f 704/592/678 684/574/657 686/576/659
f 707/595/681 704/592/678 686/576/659
f 707/595/681 686/576/659 708/596/682
f 686/576/659 709/597/683 708/596/682
f 708/596/682 709/597/683 710/598/684
f 709/597/683 686/576/659 688/578/661
f 710/598/684 709/597/683 711/599/685
f 709/597/683 688/578/661 711/599/685
f 712/600/686 710/598/684 711/599/685
f 688/578/661 713/601/687 711/599/685
f 712/600/686 711/599/685 714/602/688
f 714/602/688 711/599/685 713/601/687
f 715/603/689 712/600/686 714/602/688
f 716/604/690 714/602/688 713/601/687
f 714/602/688 717/605/691 715/603/689
f 716/604/690 717/605/691 714/602/688
f 720/606/692 719/607/693 718/608/694
f 721/609/695 718/608/694 719/607/693
f 721/609/695 722/610/696 718/608/694
f 721/609/695 719/607/693 723/611/697
f 721/609/695 724/612/698 722/610/696
f 721/609/695 723/611/697 725/613/699
f 724/612/698 721/609/695 725/613/699
f 723/611/697 726/614/700 725/613/699
f 727/615/701 724/612/698 725/613/699
f 728/616/702 725/613/699 726/614/700
f 727/615/701 725/613/699 728/616/702
f 729/617/202 728/616/702 726/614/700
f 730/618/703 727/615/701 728/616/702
f 731/619/704 728/616/702 729/617/202
f 728/616/702 731/619/704 730/618/703
f 732/620/705 731/619/704 729/617/202
f 731/619/704 733/621/706 730/618/703
f 736/607/707 735/606/708 734/622/709
f 737/611/710 736/607/707 734/622/709
f 740/622/711 739/606/712 738/623/713
f 740/622/711 738/623/713 741/624/714
f 740/622/711 741/624/714 742/611/715
f 741/624/714 743/614/716 742/611/715
f 741/624/714 738/623/713 744/625/717
f 741/624/714 744/625/717 745/626/718
f 745/626/718 746/627/719 741/624/714
f 749/628/720 748/629/192 747/630/721
f 750/631/722 749/628/720 747/630/721
f 749/628/720 750/631/722 751/632/723
f 750/631/722 747/630/721 752/633/724
f 753/634/725 751/632/723 750/631/722
f 750/631/722 752/633/724 754/635/726
f 752/633/724 755/636/727 754/635/726
f 756/637/728 753/634/725 750/631/722
f 753/634/725 756/637/728 757/638/729
f 754/635/726 755/636/727 758/639/730
f 758/639/730 755/636/727 759/640/731
f 754/635/726 760/641/732 750/631/722
f 760/641/732 756/637/728 750/631/722
f 756/637/728 760/641/732 761/642/733
f 756/637/728 762/643/734 757/638/729
f 756/637/728 761/642/733 762/643/734
f 757/638/729 762/643/734 763/644/735
f 754/635/726 764/645/736 760/641/732
f 754/635/726 758/639/730 764/645/736
f 760/641/732 764/645/736 761/642/733
f 762/643/734 765/646/737 763/644/735
f 762/643/734 761/642/733 765/646/737
f 763/644/735 765/646/737 766/647/738
f 765/646/737 767/648/567 766/647/738
f 765/646/737 761/642/733 767/648/567
f 768/649/739 767/648/567 761/642/733
f 769/650/740 768/649/739 761/642/733
f 764/645/736 769/650/740 761/642/733
f 764/645/736 770/651/741 769/650/740
f 758/639/730 770/651/741 764/645/736
f 770/651/741 758/639/730 771/652/742
f 771/652/742 758/639/730 772/653/743
f 772/653/743 758/639/730 759/640/731
f 771/652/742 772/653/743 773/654/744
f 772/653/743 759/640/731 773/654/744
f 776/655/745 775/656/746 774/657/747
f 777/658/748 776/655/745 774/657/747
f 778/659/749 777/658/748 774/657/747
f 774/657/747 779/660/750 778/659/749
f 779/660/750 780/661/751 778/659/749
f 777/658/748 778/659/749 781/662/752
f 781/662/752 778/659/749 780/661/751
f 782/663/753 777/658/748 781/662/752
f 781/662/752 780/661/751 783/664/754
f 784/665/755 782/663/753 781/662/752
f 781/662/752 783/664/754 784/665/755
f 787/666/756 786/667/757 785/668/758
f 788/472/759 785/668/758 786/667/757
f 789/669/760 788/472/759 786/667/757
f 789/669/760 790/473/761 788/472/759
f 789/669/760 791/474/762 790/473/761
f 794/18/763 793/142/764 792/132/765
f 792/132/765 793/142/764 795/137/766
f 793/142/764 796/139/767 795/137/766
f 799/193/768 798/195/769 797/472/770
f 800/670/771 797/472/770 798/195/769
f 798/195/769 801/671/772 800/670/771
f 798/195/769 802/194/773 801/671/772
f 805/672/774 804/673/775 803/674/776
f 804/673/775 806/675/777 803/674/776
f 804/673/775 807/676/778 806/675/777
f 807/676/778 808/677/779 806/675/777
f 808/677/779 807/676/778 809/678/780
f 812/679/781 811/317/782 810/313/783
f 812/679/781 813/319/784 811/317/782
f 816/445/785 815/680/786 814/443/787
f 815/680/786 817/681/788 814/443/787
f 814/443/787 817/681/788 818/682/789
f 819/442/790 814/443/787 818/682/789
f 820/440/791 819/442/790 818/682/789
f 821/683/792 820/440/791 818/682/789
f 822/438/793 820/440/791 821/683/792
f 822/438/793 821/683/792 823/436/794
f 823/436/794 821/683/792 824/684/795
f 823/436/794 824/684/795 825/435/796
f 824/684/795 826/685/797 825/435/796
f 827/434/798 825/435/796 826/685/797
f 828/686/799 827/434/798 826/685/797
f 827/434/798 828/686/799 829/687/800
f 832/688/801 831/689/802 830/690/803
f 833/691/804 831/689/802 832/688/801
f 833/691/804 834/692/805 831/689/802
f 834/692/805 835/693/806 831/689/802
f 835/693/806 834/692/805 836/694/807
f 837/695/808 835/693/806 836/694/807
f 837/695/808 836/694/807 838/696/809
f 839/697/810 837/695/808 838/696/809
f 838/696/809 840/698/811 839/697/810
f 840/698/811 841/699/812 839/697/810
f 841/699/812 840/698/811 842/700/813
f 840/698/811 843/701/814 842/700/813
f 842/700/813 843/701/814 844/687/815
f 843/701/814 845/432/816 844/687/815
f 843/701/814 840/698/811 845/432/816
f 845/432/816 846/434/817 844/687/815
f 840/698/811 847/433/818 845/432/816
f 840/698/811 838/696/809 847/433/818
f 838/696/809 848/437/819 847/433/818
f 848/437/819 838/696/809 836/694/807
f 849/439/820 848/437/819 836/694/807
f 849/439/820 836/694/807 834/692/805
f 850/441/821 849/439/820 834/692/805
f 851/444/822 850/441/821 834/692/805
f 833/691/804 851/444/822 834/692/805
f 852/446/823 851/444/822 833/691/804
f 832/688/801 852/446/823 833/691/804
f 852/446/823 832/688/801 853/447/824
f 832/688/801 854/702/825 853/447/824
f 832/688/801 855/690/826 854/702/825
f 855/690/826 856/703/827 854/702/825
f 859/445/828 858/448/829 857/704/830
f 860/680/831 859/445/828 857/704/830
f 863/705/832 862/706/833 861/707/834
f 864/708/835 863/705/832 861/707/834
f 861/707/834 865/709/836 864/708/835
f 865/709/836 866/710/837 864/708/835
f 866/710/837 865/709/836 867/711/838
f 868/712/839 866/710/837 867/711/838
f 869/713/840 868/712/839 867/711/838
f 870/714/841 869/713/840 867/711/838
f 870/714/841 867/711/838 871/715/842
f 870/714/841 872/449/843 869/713/840
f 872/449/843 873/716/844 869/713/840
f 872/449/843 870/714/841 874/717/845
f 870/714/841 875/718/846 874/717/845
f 874/717/845 876/450/847 872/449/843
f 873/716/844 872/449/843 877/719/848
f 877/719/848 872/449/843 878/451/849
f 879/720/850 873/716/844 877/719/848
f 880/721/851 879/720/850 877/719/848
f 881/722/852 880/721/851 877/719/848
f 880/721/851 881/722/852 882/723/853
f 877/719/848 883/724/854 881/722/852
f 884/451/855 883/724/854 877/719/848
f 881/722/852 885/725/856 882/723/853
f 882/723/853 885/725/856 886/726/857
f 889/706/858 888/705/859 887/727/860
f 890/728/861 889/706/858 887/727/860
f 890/728/861 887/727/860 891/729/862
f 887/727/860 892/730/863 891/729/862
f 895/731/864 894/732/865 893/733/866
f 896/734/867 895/731/864 893/733/866
f 896/734/867 897/728/868 895/731/864
f 897/728/868 898/729/869 895/731/864
f 899/706/870 897/728/868 896/734/867
f 896/734/867 893/733/866 900/735/871
f 900/735/871 899/706/870 896/734/867
f 893/733/866 901/736/872 900/735/871
f 902/707/873 899/706/870 900/735/871
f 903/737/874 900/735/871 901/736/872
f 903/737/874 902/707/873 900/735/871
f 904/738/875 903/737/874 901/736/872
f 905/709/876 902/707/873 903/737/874
f 903/737/874 904/738/875 906/739/877
f 906/739/877 905/709/876 903/737/874
f 906/739/877 907/740/878 905/709/876
f 904/738/875 908/741/879 906/739/877
f 906/739/877 908/741/879 907/740/878
f 908/741/879 909/742/880 907/740/878
f 905/709/876 907/740/878 910/711/881
f 907/740/878 909/742/880 911/743/882
f 907/740/878 912/744/883 910/711/881
f 913/715/884 910/711/881 912/744/883
f 914/745/885 907/740/878 911/743/882
f 914/745/885 912/744/883 907/740/878
f 911/743/882 915/746/886 914/745/885
f 915/746/886 916/747/887 914/745/885
f 914/745/885 916/747/887 912/744/883
f 915/746/886 917/748/888 916/747/887
f 917/748/888 918/749/889 916/747/887
f 918/749/889 917/748/888 919/750/890
f 912/744/883 916/747/887 920/452/891
f 920/452/891 916/747/887 918/749/889
f 912/744/883 920/452/891 921/717/892
f 922/718/884 912/744/883 921/717/892
f 921/717/892 920/452/891 923/450/893
f 924/451/894 920/452/891 918/749/889
f 924/451/894 918/749/889 925/724/895
f 926/751/896 918/749/889 919/750/890
f 925/724/895 918/749/889 926/751/896
f 919/750/890 927/752/897 926/751/896
f 928/722/898 925/724/895 926/751/896
f 927/752/897 929/753/899 926/751/896
f 926/751/896 929/753/899 928/722/898
f 929/753/899 927/752/897 930/726/900
f 929/753/899 931/725/901 928/722/898
f 931/725/901 929/753/899 930/726/900
f 934/754/902 933/755/903 932/756/904
f 935/757/905 934/754/902 932/756/904
f 936/758/906 934/754/902 935/757/905
f 935/757/905 932/756/904 937/759/907
f 932/756/904 938/760/908 937/759/907
f 935/757/905 937/759/907 939/761/909
f 940/762/910 936/758/906 935/757/905
f 940/762/910 935/757/905 939/761/909
f 936/758/906 940/762/910 941/763/911
f 941/763/911 940/762/910 939/761/909
f 942/764/912 936/758/906 941/763/911
f 943/765/913 941/763/911 939/761/909
f 941/763/911 944/766/914 942/764/912
f 941/763/911 943/765/913 944/766/914
f 944/766/914 945/767/915 942/764/912
f 943/765/913 946/768/916 944/766/914
f 945/767/915 944/766/914 947/769/917
f 944/766/914 946/768/916 947/769/917
f 946/768/916 948/770/918 947/769/917
f 949/771/919 945/767/915 947/769/917
f 947/769/917 948/770/918 950/772/920
f 947/769/917 951/773/921 949/771/919
f 951/773/921 947/769/917 950/772/920
f 951/773/921 952/774/922 949/771/919
f 950/772/920 953/775/923 951/773/921
f 952/774/922 951/773/921 954/776/924
f 953/775/923 955/777/925 951/773/921
f 951/773/921 955/777/925 954/776/924
f 955/777/925 953/775/923 956/778/926
f 954/776/924 955/777/925 957/779/927
f 957/779/927 955/777/925 956/778/926
f 958/780/928 954/776/924 957/779/927
f 957/779/927 956/778/926 959/781/929
f 958/780/928 957/779/927 959/781/929
f 962/191/930 961/782/931 960/783/932
f 963/784/933 960/783/932 961/782/931
f 964/192/934 962/191/930 960/783/932
f 965/785/935 960/783/932 963/784/933
f 964/192/934 960/783/932 966/786/936
f 966/786/936 960/783/932 965/785/935
f 963/784/933 967/787/937 965/785/935
f 967/787/937 963/784/933 968/788/938
f 967/787/937 968/788/938 969/789/939
f 965/785/935 967/787/937 969/789/939
f 968/788/938 970/790/940 969/789/939
f 971/791/941 966/786/936 965/785/935
f 971/791/941 965/785/935 969/789/939
f 972/792/942 969/789/939 970/790/940
f 973/793/943 972/792/942 970/790/940
f 974/794/944 971/791/941 969/789/939
f 972/792/942 974/794/944 969/789/939
f 971/791/941 975/795/945 966/786/936
f 971/791/941 974/794/944 975/795/945
f 976/796/946 964/192/934 966/786/936
f 975/795/945 976/796/946 966/786/936
f 964/192/934 976/796/946 977/797/947
f 964/192/934 977/797/947 978/190/948
f 979/798/949 978/190/948 977/797/947
f 980/799/950 979/798/949 977/797/947
f 976/796/946 980/799/950 977/797/947
f 976/796/946 981/800/951 980/799/950
f 982/801/952 981/800/951 976/796/946
f 982/801/952 976/796/946 975/795/945
f 983/802/953 981/800/951 982/801/952
f 983/802/953 982/801/952 984/803/954
f 974/794/944 985/804/955 975/795/945
f 985/804/955 982/801/952 975/795/945
f 982/801/952 986/805/956 984/803/954
f 982/801/952 985/804/955 986/805/956
f 987/806/957 984/803/954 986/805/956
f 974/794/944 988/807/958 985/804/955
f 974/794/944 972/792/942 988/807/958
f 989/808/959 987/806/957 986/805/956
f 989/808/959 990/809/431 987/806/957
f 985/804/955 991/810/960 986/805/956
f 989/808/959 986/805/956 991/810/960
f 988/807/958 991/810/960 985/804/955
f 972/792/942 992/811/961 988/807/958
f 992/811/961 972/792/942 973/793/943
f 993/812/962 989/808/959 991/810/960
f 989/808/959 993/812/962 990/809/431
f 988/807/958 994/813/963 991/810/960
f 988/807/958 992/811/961 994/813/963
f 994/813/963 993/812/962 991/810/960
f 993/812/962 995/814/964 990/809/431
f 993/812/962 994/813/963 996/815/965
f 995/814/964 993/812/962 996/815/965
f 992/811/961 997/816/966 994/813/963
f 994/813/963 997/816/966 996/815/965
f 990/809/431 995/814/964 998/817/967
f 999/818/968 990/809/431 998/817/967
f 998/817/967 1000/819/969 999/818/968
f 996/815/965 1001/820/970 995/814/964
f 1001/820/970 998/817/967 995/814/964
f 1002/821/971 1000/819/969 998/817/967
f 1003/822/972 1000/819/969 1002/821/971
f 1004/823/973 1003/822/972 1002/821/971
f 1005/824/974 1002/821/971 998/817/967
f 1005/824/974 998/817/967 1001/820/970
f 1005/824/974 1004/823/973 1002/821/971
f 1005/824/974 1006/825/975 1004/823/973
f 1001/820/970 1006/825/975 1005/824/974
f 1007/826/976 1001/820/970 996/815/965
f 997/816/966 1007/826/976 996/815/965
f 997/816/966 992/811/961 1008/827/977
f 1008/827/977 992/811/961 973/793/943
f 1009/828/978 1004/823/973 1006/825/975
f 1004/823/973 1009/828/978 1010/829/205
f 1010/829/205 1009/828/978 1011/830/979
f 1012/831/980 1010/829/205 1011/830/979
f 1013/832/981 1011/830/979 1009/828/978
f 1006/825/975 1013/832/981 1009/828/978
f 1011/830/979 1014/833/982 1012/831/980
f 1011/830/979 1013/832/981 1014/833/982
f 1012/831/980 1014/833/982 1015/672/983
f 1016/834/984 1006/825/975 1001/820/970
f 1001/820/970 1007/826/976 1016/834/984
f 1017/835/985 1006/825/975 1016/834/984
f 1006/825/975 1017/835/985 1013/832/981
f 1007/826/976 1017/835/985 1016/834/984
f 1017/835/985 1018/836/986 1013/832/981
f 1013/832/981 1018/836/986 1014/833/982
f 1014/833/982 1019/837/987 1015/672/983
f 1020/673/988 1015/672/983 1019/837/987
f 1014/833/982 1018/836/986 1021/838/989
f 1019/837/987 1014/833/982 1021/838/989
f 1021/838/989 1022/839/990 1019/837/987
f 1017/835/985 1023/840/991 1018/836/986
f 1007/826/976 1023/840/991 1017/835/985
f 1018/836/986 1023/840/991 1024/841/992
f 1022/839/990 1025/842/993 1019/837/987
f 1019/837/987 1025/842/993 1020/673/988
f 1025/842/993 1022/839/990 1026/843/994
f 1020/673/988 1025/842/993 1027/844/995
f 1027/844/995 1025/842/993 1026/843/994
f 1028/676/996 1020/673/988 1027/844/995
f 1026/843/994 1029/678/997 1027/844/995
f 1027/844/995 1029/678/997 1028/676/996
f 1007/826/976 1030/845/998 1023/840/991
f 1030/845/998 1007/826/976 997/816/966
f 1030/845/998 997/816/966 1008/827/977
f 1030/845/998 1031/846/999 1023/840/991
f 1023/840/991 1031/846/999 1024/841/992
f 1030/845/998 1008/827/977 1031/846/999
f 1024/841/992 1031/846/999 1032/847/1000
f 1008/827/977 1032/847/1000 1031/846/999
f 1033/848/1001 1024/841/992 1032/847/1000
f 1032/847/1000 1008/827/977 1034/849/1002
f 1034/849/1002 1008/827/977 973/793/943
f 1032/847/1000 1035/850/1003 1033/848/1001
f 1035/850/1003 1032/847/1000 1034/849/1002
f 1035/850/1003 1036/851/1004 1033/848/1001
f 1037/852/1005 1034/849/1002 973/793/943
f 1035/850/1003 1034/849/1002 1037/852/1005
f 1037/852/1005 973/793/943 1038/853/1006
f 1035/850/1003 1039/854/1007 1036/851/1004
f 1039/854/1007 1035/850/1003 1037/852/1005
f 1038/853/1006 1039/854/1007 1037/852/1005
f 1039/854/1007 1040/855/1008 1036/851/1004
f 1038/853/1006 1041/856/1009 1039/854/1007
f 1039/854/1007 1041/856/1009 1040/855/1008
f 1041/856/1009 1038/853/1006 1042/857/1010
f 1041/856/1009 1043/858/1011 1040/855/1008
f 1041/856/1009 1042/857/1010 1044/859/1012
f 1043/858/1011 1041/856/1009 1044/859/1012
f 1042/857/1010 1045/860/1013 1044/859/1012
f 1046/861/1014 1043/858/1011 1044/859/1012
f 1045/860/1013 1046/861/1014 1044/859/1012
usemtl 5211_Florentino_VeryHigh02
f 1049/862/1015 1048/863/1016 1047/864/1017
f 1051/862/1018 1050/865/1019 1048/863/1020
f 1051/862/1018 1052/866/1021 1050/865/1019
f 1051/862/1018 1053/867/1022 1052/866/1021
f 1051/862/1018 1054/868/1023 1053/867/1022
f 1057/869/1024 1056/870/1025 1055/871/1026
f 1059/872/1027 1058/870/1028 1057/869/1029
f 1060/873/1030 1058/870/1028 1059/872/1027
f 1061/874/1031 1058/870/1028 1060/873/1030
f 1062/875/1032 1058/870/1028 1061/874/1031
f 1066/876/1033 1064/877/1034 1063/878/1035
f 1065/876/1036 1068/878/1037 1067/879/1038
f 1068/878/1037 1069/880/1039 1067/879/1038
f 1069/880/1039 1068/878/1037 1070/881/1040
f 1071/877/1041 1070/881/1040 1068/878/1037
f 1065/876/1036 1067/879/1038 1072/882/1042
f 1067/879/1038 1069/880/1039 1073/883/1043
f 1074/884/1044 1072/882/1042 1067/879/1038
f 1073/883/1043 1074/884/1044 1067/879/1038
f 1075/885/1045 1069/880/1039 1070/881/1040
f 1069/880/1039 1076/886/1046 1073/883/1043
f 1069/880/1039 1075/885/1045 1076/886/1046
f 1077/887/1047 1074/884/1044 1073/883/1043
f 1078/888/1048 1077/887/1047 1073/883/1043
f 1073/883/1043 1076/886/1046 1078/888/1048
f 1076/886/1046 1079/889/1049 1078/888/1048
f 1074/884/1044 1077/887/1047 1080/890/1050
f 1081/891/1051 1079/889/1049 1076/886/1046
f 1082/892/1052 1074/884/1044 1080/890/1050
f 1082/892/1052 1072/882/1042 1074/884/1044
f 1080/890/1050 1083/893/1053 1082/892/1052
f 1084/894/1054 1081/891/1051 1076/886/1046
f 1075/885/1045 1084/894/1054 1076/886/1046
f 1081/891/1051 1084/894/1054 1085/895/1055
f 1083/893/1053 1086/896/1056 1082/892/1052
f 1072/882/1042 1082/892/1052 1086/896/1056
f 1086/896/1056 1083/893/1053 1087/897/1057
f 1088/898/1058 1084/894/1054 1075/885/1045
f 1084/894/1054 1088/898/1058 1085/895/1055
f 1089/899/1059 1072/882/1042 1086/896/1056
f 1072/882/1042 1089/899/1059 1065/876/1036
f 1090/900/1060 1086/896/1056 1087/897/1057
f 1086/896/1056 1090/900/1060 1089/899/1059
f 1091/901/1061 1088/898/1058 1075/885/1045
f 1075/885/1045 1070/881/1040 1091/901/1061
f 1085/895/1055 1088/898/1058 1092/902/1062
f 1091/901/1061 1092/902/1062 1088/898/1058
f 1093/903/1063 1085/895/1055 1092/902/1062
f 1089/899/1059 1094/904/1064 1065/876/1036
f 1065/876/1036 1094/904/1064 1071/877/1041
f 1093/903/1063 1092/902/1062 1095/905/1065
f 1096/906/1066 1093/903/1063 1095/905/1065
f 1091/901/1061 1097/907/1067 1092/902/1062
f 1097/907/1067 1095/905/1065 1092/902/1062
f 1096/906/1066 1095/905/1065 1098/908/1068
f 1095/905/1065 1097/907/1067 1098/908/1068
f 1099/909/1069 1096/906/1066 1098/908/1068
f 1070/881/1040 1100/910/1070 1091/901/1061
f 1100/910/1070 1097/907/1067 1091/901/1061
f 1099/909/1069 1098/908/1068 1101/911/1071
f 1102/912/1072 1099/909/1069 1101/911/1071
f 1097/907/1067 1103/913/1073 1098/908/1068
f 1103/913/1073 1101/911/1071 1098/908/1068
f 1102/912/1072 1101/911/1071 1104/914/1074
f 1104/914/1074 1101/911/1071 1103/913/1073
f 1105/915/1075 1102/912/1072 1104/914/1074
f 1106/916/1076 1103/913/1073 1097/907/1067
f 1100/910/1070 1106/916/1076 1097/907/1067
f 1100/910/1070 1070/881/1040 1107/917/1077
f 1070/881/1040 1071/877/1041 1107/917/1077
f 1104/914/1074 1103/913/1073 1108/918/1078
f 1106/916/1076 1108/918/1078 1103/913/1073
f 1105/915/1075 1104/914/1074 1109/919/1079
f 1109/919/1079 1104/914/1074 1108/918/1078
f 1110/920/1080 1105/915/1075 1109/919/1079
f 1109/919/1079 1111/921/1081 1110/920/1080
f 1109/919/1079 1108/918/1078 1111/921/1081
f 1111/921/1081 1112/922/1082 1110/920/1080
f 1113/923/1083 1108/918/1078 1106/916/1076
f 1106/916/1076 1114/924/1084 1113/923/1083
f 1114/924/1084 1106/916/1076 1100/910/1070
f 1107/917/1077 1114/924/1084 1100/910/1070
f 1115/925/1085 1114/924/1084 1107/917/1077
f 1116/926/1086 1115/925/1085 1107/917/1077
f 1071/877/1041 1116/926/1086 1107/917/1077
f 1071/877/1041 1117/927/1087 1116/926/1086
f 1117/927/1087 1118/928/1088 1116/926/1086
f 1094/904/1064 1117/927/1087 1071/877/1041
f 1112/922/1082 1111/921/1081 1119/929/1089
f 1120/930/1090 1112/922/1082 1119/929/1089
f 1121/931/1091 1119/929/1089 1111/921/1081
f 1108/918/1078 1121/931/1091 1111/921/1081
f 1121/931/1091 1108/918/1078 1122/923/1092
f 1117/927/1087 1123/932/1093 1118/928/1088
f 1123/932/1093 1124/933/1094 1118/928/1088
f 1123/932/1093 1125/934/1095 1124/933/1094
f 1125/934/1095 1126/935/1096 1124/933/1094
f 1125/934/1095 1127/936/1097 1126/935/1096
f 1128/937/1098 1125/934/1095 1123/932/1093
f 1123/932/1093 1117/927/1087 1129/938/1099
f 1129/938/1099 1128/937/1098 1123/932/1093
f 1129/938/1099 1117/927/1087 1130/939/1100
f 1130/939/1100 1117/927/1087 1094/904/1064
f 1131/940/1101 1128/937/1098 1129/938/1099
f 1128/937/1098 1131/940/1101 1132/941/1102
f 1133/942/1103 1130/939/1100 1094/904/1064
f 1089/899/1059 1133/942/1103 1094/904/1064
f 1090/900/1060 1133/942/1103 1089/899/1059
f 1129/938/1099 1130/939/1100 1134/943/1104
f 1130/939/1100 1133/942/1103 1134/943/1104
f 1134/943/1104 1131/940/1101 1129/938/1099
f 1133/942/1103 1090/900/1060 1134/943/1104
f 1131/940/1101 1135/944/1105 1132/941/1102
f 1135/944/1105 1131/940/1101 1134/943/1104
f 1135/944/1105 1136/945/1106 1132/941/1102
f 1090/900/1060 1137/946/1107 1134/943/1104
f 1135/944/1105 1134/943/1104 1137/946/1107
f 1135/944/1105 1137/946/1107 1136/945/1106
f 1137/946/1107 1090/900/1060 1087/897/1057
f 1137/946/1107 1138/947/1108 1136/945/1106
f 1138/947/1108 1137/946/1107 1087/897/1057
f 1141/948/1109 1140/949/1110 1139/950/1111
f 1143/949/1112 1142/951/1113 1139/950/1114
f 1144/952/1115 1139/950/1114 1142/951/1113
f 1145/953/1116 1144/952/1115 1142/951/1113
f 1139/950/1114 1144/952/1115 1146/954/1117
f 1147/955/1118 1139/950/1114 1146/954/1117
f 1139/950/1114 1147/955/1118 1148/948/1119
f 1146/954/1117 1144/952/1115 1149/956/1120
f 1149/956/1120 1144/952/1115 1150/953/1121
f 1151/957/1122 1146/954/1117 1149/956/1120
f 1152/958/1123 1149/956/1120 1150/953/1121
f 1151/957/1122 1153/959/1124 1146/954/1117
f 1152/958/1123 1150/953/1121 1154/960/1125
f 1150/953/1121 1142/951/1126 1155/961/1127
f 1150/953/1121 1155/961/1127 1154/960/1125
f 1153/959/1124 1156/962/1128 1146/954/1117
f 1146/954/1117 1156/962/1128 1147/955/1118
f 1155/961/1127 1142/951/1126 1157/963/1129
f 1157/963/1129 1142/951/1126 1158/949/1130
f 1155/961/1127 1159/964/1131 1154/960/1125
f 1159/964/1131 1155/961/1127 1157/963/1129
f 1159/964/1131 1160/965/1132 1154/960/1125
f 1160/965/1132 1159/964/1131 1161/966/1133
f 1159/964/1131 1162/967/1134 1161/966/1133
f 1157/963/1129 1162/967/1134 1159/964/1131
f 1163/968/1135 1161/966/1133 1162/967/1134
f 1157/963/1129 1158/949/1130 1164/969/1136
f 1162/967/1134 1157/963/1129 1164/969/1136
f 1158/949/1130 1148/948/1137 1164/969/1136
f 1156/962/1128 1153/959/1124 1165/970/1138
f 1153/959/1124 1166/971/1139 1165/970/1138
f 1167/972/1140 1156/962/1128 1165/970/1138
f 1167/972/1140 1165/970/1138 1168/973/1141
f 1156/962/1128 1167/972/1140 1147/955/1118
f 1167/972/1140 1168/973/1141 1169/974/1142
f 1167/972/1140 1169/974/1142 1147/955/1118
f 1147/955/1118 1169/974/1142 1148/948/1119
f 1168/973/1141 1170/975/1143 1169/974/1142
f 1171/976/1144 1169/974/1142 1170/975/1143
f 1172/977/1145 1163/968/1135 1162/967/1134
f 1164/969/1136 1172/977/1145 1162/967/1134
f 1164/969/1136 1148/948/1137 1173/978/1146
f 1173/978/1146 1172/977/1145 1164/969/1136
f 1148/948/1137 1174/979/1147 1173/978/1146
f 1174/979/1147 1175/980/1148 1173/978/1146
f 1172/977/1145 1176/981/1149 1163/968/1135
f 1176/981/1149 1172/977/1145 1173/978/1146
f 1176/981/1149 1177/982/1150 1163/968/1135
f 1175/980/1148 1178/983/1151 1173/978/1146
f 1173/978/1146 1178/983/1151 1176/981/1149
f 1175/980/1148 1179/984/1152 1178/983/1151
f 1176/981/1149 1180/985/1153 1177/982/1150
f 1178/983/1151 1180/985/1153 1176/981/1149
f 1180/985/1153 1181/986/1154 1177/982/1150
f 1179/984/1152 1182/987/1155 1178/983/1151
f 1178/983/1151 1182/987/1155 1180/985/1153
f 1179/984/1152 1183/988/1156 1182/987/1155
f 1180/985/1153 1185/989/1157 1181/986/1154
f 1182/987/1155 1185/989/1157 1180/985/1153
f 1185/989/1157 1186/990/1158 1181/986/1154
f 1182/987/1155 1187/991/1159 1185/989/1157
f 1183/988/1156 1187/991/1159 1182/987/1155
f 1185/989/1157 1188/992/1160 1186/990/1158
f 1187/991/1159 1188/992/1160 1185/989/1157
f 1188/992/1160 1189/993/1161 1186/990/1158
f 1188/992/1160 1187/991/1159 1190/994/1162
f 1187/991/1159 1183/988/1156 1190/994/1162
f 1189/993/1161 1188/992/1160 1191/995/1163
f 1191/995/1163 1188/992/1160 1190/994/1162
f 1192/996/1164 1189/993/1161 1191/995/1163
f 1192/996/1164 1191/995/1163 1193/997/1165
f 1193/997/1165 1191/995/1163 1190/994/1162
f 1194/998/1166 1192/996/1164 1193/997/1165
f 1194/998/1166 1193/997/1165 1195/999/1167
f 1190/994/1162 1183/988/1156 1196/1000/1168
f 1198/1001/1169 1190/994/1162 1196/1000/1168
f 1190/994/1162 1198/1001/1169 1193/997/1165
f 1193/997/1165 1200/1002/1170 1195/999/1167
f 1198/1001/1169 1200/1002/1170 1193/997/1165
f 1201/1003/1171 1195/999/1167 1200/1002/1170
f 1202/1004/1172 1201/1003/1171 1200/1002/1170
f 1204/1004/1173 1199/1002/1174 1203/1001/1175
f 1206/1005/1176 1205/1000/1177 1184/988/1178
f 1208/1006/1179 1206/1005/1176 1184/988/1178
f 1210/984/1180 1207/1006/1181 1209/988/1182
f 1212/1002/1183 1211/1004/1184 1197/1001/1185
f 1212/1002/1183 1197/1001/1185 1213/997/1186
f 1197/1001/1185 1214/994/1187 1213/997/1186
f 1197/1001/1185 1215/1000/1188 1214/994/1187
f 1215/1000/1188 1216/988/1189 1214/994/1187
f 1212/1002/1183 1213/997/1186 1217/999/1190
f 1217/999/1190 1218/1003/1191 1212/1002/1183
f 1218/1003/1191 1219/1004/1172 1212/1002/1183
f 1213/997/1186 1220/998/1192 1217/999/1190
f 1221/996/1193 1220/998/1192 1213/997/1186
f 1222/995/1194 1221/996/1193 1213/997/1186
f 1222/995/1194 1213/997/1186 1214/994/1187
f 1221/996/1193 1222/995/1194 1223/993/1195
f 1222/995/1194 1224/992/1196 1223/993/1195
f 1222/995/1194 1214/994/1187 1224/992/1196
f 1223/993/1195 1224/992/1196 1225/990/1197
f 1216/988/1189 1226/991/1198 1214/994/1187
f 1214/994/1187 1226/991/1198 1224/992/1196
f 1224/992/1196 1227/989/1199 1225/990/1197
f 1227/989/1199 1224/992/1196 1226/991/1198
f 1225/990/1197 1227/989/1199 1228/986/1200
f 1229/987/1201 1226/991/1198 1216/988/1189
f 1229/987/1201 1227/989/1199 1226/991/1198
f 1230/984/1202 1229/987/1201 1216/988/1189
f 1227/989/1199 1231/985/1203 1228/986/1200
f 1227/989/1199 1229/987/1201 1231/985/1203
f 1228/986/1200 1231/985/1203 1232/982/1204
f 1233/983/1205 1229/987/1201 1230/984/1202
f 1229/987/1201 1233/983/1205 1231/985/1203
f 1234/980/1206 1233/983/1205 1230/984/1202
f 1231/985/1203 1235/981/1207 1232/982/1204
f 1231/985/1203 1233/983/1205 1235/981/1207
f 1232/982/1204 1235/981/1207 1236/968/1208
f 1237/978/1209 1233/983/1205 1234/980/1206
f 1233/983/1205 1237/978/1209 1235/981/1207
f 1238/979/1210 1237/978/1209 1234/980/1206
f 1237/978/1209 1238/979/1210 1239/948/1211
f 1235/981/1207 1241/977/1212 1236/968/1208
f 1241/977/1212 1235/981/1207 1237/978/1209
f 1236/968/1208 1241/977/1212 1242/966/1213
f 1243/969/1214 1237/978/1209 1239/948/1211
f 1241/977/1212 1237/978/1209 1243/969/1214
f 1241/977/1212 1244/967/1215 1242/966/1213
f 1241/977/1212 1243/969/1214 1244/967/1215
f 1242/966/1213 1244/967/1215 1245/964/1216
f 1246/965/1217 1242/966/1213 1245/964/1216
f 1246/965/1217 1245/964/1216 1247/960/1218
f 1248/963/1219 1244/967/1215 1243/969/1214
f 1244/967/1215 1248/963/1219 1245/964/1216
f 1245/964/1216 1249/961/1220 1247/960/1218
f 1249/961/1220 1245/964/1216 1248/963/1219
f 1250/949/1221 1248/963/1219 1243/969/1214
f 1251/948/1222 1250/949/1221 1243/969/1214
f 1252/951/1223 1248/963/1219 1250/949/1221
f 1252/951/1223 1249/961/1220 1248/963/1219
f 1247/960/1218 1249/961/1220 1253/953/1224
f 1252/951/1223 1253/953/1224 1249/961/1220
f 1254/958/1225 1247/960/1218 1253/953/1224
f 1254/958/1225 1253/953/1224 1255/956/1226
f 1253/953/1224 1256/952/1227 1255/956/1226
f 1257/953/1228 1252/951/1229 1256/952/1227
f 1255/956/1226 1256/952/1227 1258/954/1230
f 1258/954/1230 1256/952/1227 1252/951/1229
f 1259/957/1231 1255/956/1226 1258/954/1230
f 1259/957/1231 1258/954/1230 1260/959/1232
f 1261/955/1233 1258/954/1230 1252/951/1229
f 1261/955/1233 1252/951/1229 1240/948/1234
f 1262/974/1235 1261/955/1233 1240/948/1234
f 1258/954/1230 1263/962/1236 1260/959/1232
f 1263/962/1236 1258/954/1230 1261/955/1233
f 1262/974/1235 1264/972/1237 1261/955/1233
f 1264/972/1237 1263/962/1236 1261/955/1233
f 1263/962/1236 1265/970/1238 1260/959/1232
f 1263/962/1236 1264/972/1237 1265/970/1238
f 1265/970/1238 1266/971/1239 1260/959/1232
f 1265/970/1238 1264/972/1237 1267/973/1240
f 1267/973/1240 1264/972/1237 1262/974/1235
f 1268/976/1241 1267/973/1240 1262/974/1235
f 1271/1007/1242 1270/1008/1243 1269/1009/1244
f 1274/1010/1245 1273/1008/1246 1272/1007/1247
f 1277/1011/1248 1276/1008/1246 1275/1010/1249
f 1278/1012/1250 1276/1008/1246 1277/1011/1248
f 1279/1013/1251 1276/1008/1246 1278/1012/1250
f 1280/1014/1252 1276/1008/1246 1279/1013/1251
f 1283/1015/1253 1282/1008/1246 1281/1014/1254
f 1283/1015/1253 1284/1016/1255 1282/1008/1246
f 1287/1009/1256 1286/1008/1246 1285/1017/1257
f 1289/948/1258 1288/951/1259 1250/949/1260
f 1292/1018/1261 1291/1019/1262 1290/1020/1263
f 1294/1020/1264 1291/1019/1265 1293/1021/1266
f 1291/1019/1265 1295/1022/1267 1293/1021/1266
f 1295/1022/1267 1296/1023/1191 1293/1021/1266
f 1296/1023/1191 1295/1022/1267 1297/1024/1268
f 1295/1022/1267 1298/1025/1269 1297/1024/1268
f 1298/1025/1269 1299/1016/1270 1297/1024/1268
f 1299/1016/1270 1298/1025/1269 1300/1008/1246
f 1304/1018/1261 1302/1026/1271 1301/1027/1272
f 1307/1018/1261 1305/1028/1273 1303/1026/1274
f 1309/1018/1275 1308/1029/1276 1306/1028/1277
f 1309/1018/1275 1310/1030/1278 1308/1029/1276
f 1309/1018/1275 1311/1031/1279 1310/1030/1278
f 1309/1018/1275 1312/1032/1280 1311/1031/1279
f 1315/1018/1281 1314/1033/1282 1313/1032/1283
f 1314/1033/1282 1315/1018/1281 1316/1020/1284
f 1319/1018/1285 1318/1027/1286 1317/1034/1287
f 1322/928/1288 1321/1035/1289 1320/933/1290
f 1321/1035/1291 1324/928/1292 1323/1036/1293
f 1324/928/1292 1325/926/1294 1323/1036/1293
f 1326/1037/1295 1323/1036/1293 1325/926/1294
f 1327/925/1296 1326/1037/1295 1325/926/1294
f 1321/1035/1297 1329/1038/1298 1328/933/1299
f 1330/935/1300 1328/933/1299 1329/1038/1298
f 1332/1039/1301 1331/935/1302 1329/1038/1303
f 1331/935/1302 1332/1039/1301 1333/936/1304
f 1332/1039/1301 1334/1040/1304 1333/936/1304
f 1337/1041/1305 1336/1042/1306 1335/1043/1307
f 1336/1042/1308 1339/1044/1309 1338/1045/1310
f 1336/1042/1308 1340/1046/1311 1339/1044/1309
f 1340/1046/1311 1336/1042/1308 1341/1041/1312
f 1342/1047/1313 1340/1046/1311 1341/1041/1312
f 1342/1047/1313 1341/1041/1312 1343/1048/1314
f 1344/1049/1315 1342/1047/1313 1343/1048/1314
f 1344/1049/1315 1343/1048/1314 1345/1050/1316
f 1343/1048/1314 1348/1051/1317 1345/1050/1316
f 1340/1046/1311 1349/1052/1318 1339/1044/1309
f 1350/1053/1319 1339/1044/1309 1349/1052/1318
f 1351/1054/1320 1350/1053/1319 1349/1052/1318
f 1352/1055/1321 1350/1053/1319 1351/1054/1320
f 1339/1044/1309 1350/1053/1319 1353/1056/1322
f 1353/1056/1322 1350/1053/1319 1352/1055/1321
f 1354/1057/1072 1353/1056/1322 1352/1055/1321
f 1339/1044/1309 1353/1056/1322 1355/1045/1323
f 1355/1045/1323 1353/1056/1322 1354/1057/1072
f 1356/1058/1324 1355/1045/1323 1354/1057/1072
f 1356/1058/1324 1357/1059/1325 1355/1045/1323
f 1357/1059/1325 1358/1043/1326 1355/1045/1323
f 1336/1042/1327 1355/1045/1323 1358/1043/1326
f 1358/1043/1326 1357/1059/1325 1359/1060/1328
f 1357/1059/1325 1360/1061/1329 1359/1060/1328
f 1361/1062/1330 1359/1060/1328 1360/1061/1329
f 1362/1063/1331 1361/1062/1330 1360/1061/1329
f 1361/1062/1330 1362/1063/1331 1363/1064/1332
f 1364/1065/1333 1361/1062/1330 1363/1064/1332
f 1364/1065/1333 1363/1064/1332 1365/1066/1334
f 1366/1067/1335 1364/1065/1333 1365/1066/1334
f 1366/1067/1335 1365/1066/1334 1367/1068/1336
f 1365/1066/1334 1368/1069/1337 1367/1068/1336
f 1368/1069/1337 1369/1070/1338 1367/1068/1336
f 1367/1068/1336 1370/1071/1339 1366/1067/1335
f 1369/1070/1338 1371/1072/1340 1367/1068/1336
f 1371/1072/1340 1369/1070/1338 1372/1073/1341
f 1371/1072/1340 1373/1074/1342 1367/1068/1336
f 1373/1074/1342 1370/1071/1343 1374/1068/1344
f 1375/1075/1345 1371/1072/1340 1372/1073/1341
f 1375/1075/1345 1373/1074/1342 1371/1072/1340
f 1375/1075/1345 1372/1073/1341 1376/1076/1346
f 1376/1076/1346 1377/1077/1347 1375/1075/1345
f 1377/1077/1347 1373/1074/1342 1375/1075/1345
f 1373/1074/1342 1377/1077/1347 1378/1078/1348
f 1370/1071/1343 1373/1074/1342 1378/1078/1348
f 1370/1071/1343 1378/1078/1348 1379/1079/1349
f 1370/1071/1343 1379/1079/1349 1380/1067/1350
f 1378/1078/1348 1381/1080/1351 1379/1079/1349
f 1379/1079/1349 1381/1080/1351 1382/1081/1352
f 1381/1080/1351 1383/1082/1353 1382/1081/1352
f 1382/1081/1352 1383/1082/1353 1385/1083/1354
f 1386/1084/1355 1382/1081/1352 1385/1083/1354
f 1389/1084/1356 1384/1083/1357 1388/1085/1358
f 1389/1084/1356 1388/1085/1358 1390/1086/1359
f 1387/1084/1360 1390/1086/1361 1391/1087/1362
f 1396/1084/1363 1392/1087/1362 1393/1088/1364
f 1399/1084/1365 1394/1088/1366 1397/1089/1367
f 1395/1084/1368 1398/1089/1369 1400/1090/1370
f 1401/1091/1371 1395/1084/1368 1400/1090/1370
f 1404/1006/1372 1403/984/1373 1402/988/1374
f 1408/936/1375 1407/934/1376 1405/935/1377
f 1410/933/1378 1409/935/1379 1406/934/1380
f 1411/932/1381 1410/933/1378 1406/934/1380
f 1411/932/1381 1406/934/1380 1412/937/1382
f 1410/933/1378 1411/932/1381 1413/928/1383
f 1414/938/1384 1411/932/1381 1412/937/1382
f 1414/938/1384 1412/937/1382 1415/1092/1385
f 1411/932/1381 1416/927/1386 1413/928/1383
f 1416/927/1386 1411/932/1381 1414/938/1384
f 1416/927/1386 1417/877/1387 1413/928/1383
f 1417/877/1387 1418/926/1388 1413/928/1383
f 1418/926/1388 1417/877/1387 1419/917/1389
f 1418/926/1388 1419/917/1389 1420/925/1390
f 1419/917/1389 1421/924/1391 1420/925/1390
f 1422/939/1392 1416/927/1386 1414/938/1384
f 1423/1093/1393 1414/938/1384 1415/1092/1385
f 1414/938/1384 1423/1093/1393 1422/939/1392
f 1416/927/1386 1422/939/1392 1424/904/1394
f 1417/877/1387 1416/927/1386 1424/904/1394
f 1423/1093/1393 1425/942/1395 1422/939/1392
f 1424/904/1394 1422/939/1392 1425/942/1395
f 1421/924/1391 1419/917/1389 1426/910/1396
f 1417/877/1387 1427/881/1397 1419/917/1389
f 1427/881/1397 1426/910/1396 1419/917/1389
f 1427/881/1397 1417/877/1387 1428/878/1398
f 1429/876/1399 1417/877/1387 1424/904/1394
f 1428/878/1398 1430/880/1400 1427/881/1397
f 1431/1094/1401 1424/904/1394 1425/942/1395
f 1429/876/1399 1424/904/1394 1431/1094/1401
f 1425/942/1395 1423/1093/1393 1432/1095/1402
f 1431/1094/1401 1425/942/1395 1432/1095/1402
f 1433/916/1403 1421/924/1391 1426/910/1396
f 1421/924/1391 1433/916/1403 1434/923/1404
f 1435/918/1405 1434/923/1404 1433/916/1403
f 1427/881/1397 1436/901/1406 1426/910/1396
f 1433/916/1403 1426/910/1396 1437/907/1407
f 1436/901/1406 1437/907/1407 1426/910/1396
f 1430/880/1400 1438/885/1408 1427/881/1397
f 1427/881/1397 1438/885/1408 1436/901/1406
f 1435/918/1405 1433/916/1403 1439/913/1409
f 1439/913/1409 1433/916/1403 1437/907/1407
f 1440/898/1410 1436/901/1406 1438/885/1408
f 1438/885/1408 1430/880/1400 1441/894/1411
f 1441/894/1411 1440/898/1410 1438/885/1408
f 1442/902/1412 1436/901/1406 1440/898/1410
f 1437/907/1407 1436/901/1406 1442/902/1412
f 1443/895/1413 1440/898/1410 1441/894/1411
f 1442/902/1412 1440/898/1410 1443/895/1413
f 1444/891/1414 1443/895/1413 1441/894/1411
f 1445/903/1415 1442/902/1412 1443/895/1413
f 1444/891/1414 1441/894/1411 1446/886/1416
f 1430/880/1400 1446/886/1416 1441/894/1411
f 1447/1096/1417 1444/891/1414 1446/886/1416
f 1448/1097/1418 1447/1096/1417 1446/886/1416
f 1449/905/1419 1442/902/1412 1445/903/1415
f 1449/905/1419 1437/907/1407 1442/902/1412
f 1450/906/1420 1449/905/1419 1445/903/1415
f 1451/883/1421 1448/1097/1418 1446/886/1416
f 1446/886/1416 1430/880/1400 1451/883/1421
f 1448/1097/1418 1451/883/1421 1452/887/1422
f 1449/905/1419 1453/908/1423 1437/907/1407
f 1449/905/1419 1450/906/1420 1453/908/1423
f 1450/906/1420 1454/1098/1424 1453/908/1423
f 1439/913/1409 1437/907/1407 1453/908/1423
f 1455/911/1425 1453/908/1423 1454/1098/1424
f 1455/911/1425 1439/913/1409 1453/908/1423
f 1456/912/1338 1455/911/1425 1454/1098/1424
f 1455/911/1425 1457/914/1426 1439/913/1409
f 1457/914/1426 1455/911/1425 1456/912/1338
f 1458/915/1427 1457/914/1426 1456/912/1338
f 1439/913/1409 1457/914/1426 1435/918/1405
f 1457/914/1426 1458/915/1427 1459/919/1428
f 1457/914/1426 1459/919/1428 1435/918/1405
f 1458/915/1427 1460/920/1429 1459/919/1428
f 1459/919/1428 1460/920/1429 1461/921/1430
f 1435/918/1405 1459/919/1428 1461/921/1430
f 1460/920/1429 1462/922/1332 1461/921/1430
f 1463/931/1431 1435/918/1405 1461/921/1430
f 1435/918/1405 1463/931/1431 1464/923/1092
f 1465/929/1432 1463/931/1431 1461/921/1430
f 1465/929/1432 1461/921/1430 1462/922/1332
f 1466/930/1090 1465/929/1432 1462/922/1332
f 1469/1099/1433 1468/1100/1434 1467/1101/1434
f 1471/1102/1435 1469/1099/1436 1470/1101/1437
f 1472/1103/1438 1469/1099/1436 1471/1102/1435
f 1473/1104/1439 1472/1103/1438 1471/1102/1435
f 1472/1103/1438 1473/1104/1439 1474/1105/1440
f 1473/1104/1439 1475/1106/1441 1474/1105/1440
f 1476/1107/1442 1474/1105/1440 1475/1106/1441
f 1477/1108/1443 1476/1107/1442 1475/1106/1441
f 1476/1107/1442 1477/1108/1443 1478/1109/1444
f 1477/1108/1443 1479/1110/1445 1478/1109/1444
f 1480/1111/1446 1478/1109/1444 1479/1110/1445
f 1481/1112/1447 1480/1111/1446 1479/1110/1445
f 1480/1111/1446 1481/1112/1447 1482/1113/1448
f 1483/1114/1449 1480/1111/1446 1482/1113/1448
f 1486/1115/1450 1485/1116/1451 1484/1117/1452
f 1488/1118/1453 1487/1115/1454 1484/1117/1455
f 1488/1118/1453 1484/1117/1455 1489/1119/1456
f 1484/1117/1455 1490/1120/1457 1489/1119/1456
f 1491/1121/1458 1489/1119/1456 1490/1120/1457
f 1492/1122/1458 1491/1121/1458 1490/1120/1457
f 1496/1123/1459 1495/1124/1460 1494/1125/1461
f 1498/1124/1462 1497/1126/1463 1493/1125/1464
f 1498/1124/1462 1499/1127/1465 1497/1126/1463
f 1493/1125/1464 1497/1126/1463 1500/1128/1466
f 1499/1127/1465 1501/1129/1467 1497/1126/1463
f 1497/1126/1463 1502/1130/1468 1500/1128/1466
f 1501/1129/1467 1502/1130/1468 1497/1126/1463
f 1500/1128/1466 1502/1130/1468 1503/1131/1469
f 1502/1130/1468 1501/1129/1467 1504/1132/1470
f 1502/1130/1468 1505/1133/1471 1503/1131/1469
f 1506/1134/1472 1502/1130/1468 1504/1132/1470
f 1506/1134/1472 1505/1133/1471 1502/1130/1468
f 1503/1131/1469 1505/1133/1471 1507/1135/1473
f 1508/1136/1474 1503/1131/1469 1507/1135/1473
f 1508/1136/1474 1507/1135/1473 1509/1137/1475
f 1510/1138/1476 1508/1136/1474 1509/1137/1475
f 1510/1138/1476 1509/1137/1475 1511/1139/1477
f 1509/1137/1475 1512/1140/1478 1511/1139/1477
f 1507/1135/1473 1513/1141/1479 1509/1137/1475
f 1507/1135/1473 1505/1133/1471 1513/1141/1479
f 1513/1141/1479 1512/1140/1478 1509/1137/1475
f 1513/1141/1479 1514/1142/1480 1512/1140/1478
f 1514/1142/1480 1515/1143/1481 1512/1140/1478
f 1516/1144/1482 1514/1142/1480 1513/1141/1479
f 1505/1133/1471 1517/1145/1483 1513/1141/1479
f 1517/1145/1483 1516/1144/1482 1513/1141/1479
f 1517/1145/1483 1505/1133/1471 1506/1134/1472
f 1516/1144/1482 1517/1145/1483 1518/1146/1484
f 1518/1146/1484 1517/1145/1483 1506/1134/1472
f 1519/1147/1485 1518/1146/1484 1506/1134/1472
f 1506/1134/1472 1504/1132/1470 1519/1147/1485
f 1518/1146/1484 1519/1147/1485 1520/1148/1486
f 1504/1132/1470 1521/1149/1487 1519/1147/1485
f 1519/1147/1485 1522/1150/1488 1520/1148/1486
f 1522/1150/1488 1519/1147/1485 1521/1149/1487
f 1520/1148/1486 1522/1150/1488 1523/1151/1489
f 1524/1152/1490 1522/1150/1488 1521/1149/1487
f 1522/1150/1488 1525/1153/1491 1523/1151/1489
f 1525/1153/1491 1522/1150/1488 1524/1152/1490
f 1526/1154/1492 1525/1153/1491 1524/1152/1490
f 1527/1155/1493 1523/1151/1489 1525/1153/1491
f 1526/1154/1492 1528/1156/1494 1525/1153/1491
f 1528/1156/1494 1527/1155/1493 1525/1153/1491
f 1528/1156/1494 1529/1157/1495 1527/1155/1493
f 1532/1157/1496 1531/1158/1497 1530/1159/1498
f 1534/1160/1499 1533/1157/1500 1530/1159/1501
f 1534/1160/1499 1530/1159/1501 1535/1161/1502
f 1530/1159/1501 1536/1162/1503 1535/1161/1502
f 1535/1161/1502 1536/1162/1503 1537/1163/1504
f 1538/1164/1505 1535/1161/1502 1537/1163/1504
f 1538/1164/1505 1537/1163/1504 1539/1165/1506
f 1537/1163/1504 1540/1166/1507 1539/1165/1506
f 1540/1166/1507 1541/1167/1508 1539/1165/1506
f 1541/1167/1508 1542/1168/1509 1539/1165/1506
f 1545/1169/1510 1544/1170/1510 1543/1171/1510
f 1547/1172/1510 1546/1169/1510 1543/1171/1510
f 1550/1173/1511 1549/1174/1511 1548/1175/1511
f 1552/1176/1511 1550/1173/1511 1551/1175/1511
f 1555/1177/1512 1554/1178/1513 1553/1179/1512
f 1554/1178/1514 1557/1180/1515 1556/1179/1512
f 1558/1181/1516 1557/1180/1515 1554/1178/1514
f 1559/1182/1517 1558/1181/1516 1554/1178/1514
f 1558/1181/1516 1559/1182/1517 1560/1183/1518
f 1559/1182/1517 1561/1184/1519 1560/1183/1518
f 1562/1185/1520 1560/1183/1518 1561/1184/1519
f 1565/1186/1521 1564/1187/1521 1563/1188/1521
f 1567/1189/1522 1566/1186/1522 1563/1188/1522
f 1570/1190/1523 1569/1191/1523 1568/1192/1523
f 1572/1193/1524 1570/1190/1524 1571/1192/1524
f 1575/1194/1525 1574/1195/1526 1573/1196/1525
f 1577/1195/1527 1576/1197/1528 1573/1196/1529
f 1577/1195/1527 1578/1198/1530 1576/1197/1528
f 1578/1198/1530 1579/1199/1531 1576/1197/1528
f 1582/1200/1532 1581/1201/1533 1580/1202/1534
f 1584/1203/1535 1583/1204/1536 1580/1202/1537
f 1583/1204/1536 1585/1205/1538 1580/1202/1537
f 1585/1205/1538 1586/1200/1539 1580/1202/1537
f 1587/1206/1540 1586/1200/1539 1585/1205/1538
f 1583/1204/1536 1588/1207/1541 1585/1205/1538
f 1587/1206/1540 1585/1205/1538 1589/1208/1542
f 1588/1207/1541 1589/1208/1542 1585/1205/1538
f 1587/1206/1540 1589/1208/1542 1590/1209/1543
f 1590/1209/1543 1589/1208/1542 1591/1210/1544
f 1589/1208/1542 1588/1207/1541 1592/1211/1545
f 1589/1208/1542 1592/1211/1545 1591/1210/1544
f 1588/1207/1541 1593/1212/1546 1592/1211/1545
f 1594/1213/1547 1591/1210/1544 1592/1211/1545
f 1592/1211/1545 1593/1212/1546 1595/1214/1548
f 1595/1214/1548 1594/1213/1547 1592/1211/1545
f 1593/1212/1546 1596/1215/1549 1595/1214/1548
f 1594/1213/1547 1595/1214/1548 1597/1216/1550
f 1598/1217/1551 1595/1214/1548 1596/1215/1549
f 1595/1214/1548 1598/1217/1551 1597/1216/1550
f 1599/1218/1552 1598/1217/1551 1596/1215/1549
f 1598/1217/1551 1599/1218/1552 1600/1219/1553
f 1598/1217/1551 1601/1220/1554 1597/1216/1550
f 1601/1220/1554 1598/1217/1551 1600/1219/1553
f 1601/1220/1554 1600/1219/1553 1602/1221/1555
f 1601/1220/1554 1603/1222/1556 1597/1216/1550
f 1604/1223/1557 1601/1220/1554 1602/1221/1555
f 1601/1220/1554 1604/1223/1557 1603/1222/1556
f 1604/1223/1557 1602/1221/1555 1605/1224/1558
f 1603/1222/1556 1604/1223/1557 1606/1225/1559
f 1606/1225/1559 1604/1223/1557 1605/1224/1558
f 1607/1226/1560 1603/1222/1556 1606/1225/1559
f 1607/1226/1560 1606/1225/1559 1608/1227/1561
f 1609/1228/1562 1606/1225/1559 1605/1224/1558
f 1606/1225/1559 1609/1228/1562 1608/1227/1561
f 1610/1229/1563 1609/1228/1562 1605/1224/1558
f 1608/1227/1561 1609/1228/1562 1611/1230/1564
f 1609/1228/1562 1610/1229/1563 1612/1231/1565
f 1609/1228/1562 1612/1231/1565 1611/1230/1564
f 1613/1232/1566 1611/1230/1564 1612/1231/1565
f 1610/1229/1563 1614/1233/1567 1612/1231/1565
f 1615/1234/1568 1613/1232/1566 1612/1231/1565
f 1615/1234/1568 1612/1231/1565 1614/1233/1567
f 1616/1235/1569 1615/1234/1568 1614/1233/1567
f 1620/1236/1570 1619/1237/1571 1617/1238/1572
f 1622/1239/1573 1621/1236/1574 1618/1238/1575
f 1623/1240/1576 1621/1236/1574 1622/1239/1573
f 1624/1241/1577 1623/1240/1576 1622/1239/1573
f 1625/1242/1578 1623/1240/1576 1624/1241/1577
f 1626/1243/1579 1625/1242/1578 1624/1241/1577
f 1629/1237/1580 1628/1236/1581 1627/1238/1582
f 1631/1236/1583 1630/1239/1584 1627/1238/1585
f 1630/1239/1584 1631/1236/1583 1632/1240/1586
f 1633/1241/1587 1630/1239/1584 1632/1240/1586
f 1633/1241/1587 1632/1240/1586 1634/1242/1578
f 1635/1243/1579 1633/1241/1587 1634/1242/1578
f 1638/1244/1588 1637/1245/1589 1636/1246/1590
f 1640/1247/1591 1637/1245/1592 1639/1244/1593
f 1641/1248/1594 1640/1247/1591 1639/1244/1593
f 1642/1249/1595 1640/1247/1591 1641/1248/1594
f 1643/1250/1596 1642/1249/1595 1641/1248/1594
f 1644/1251/1597 1640/1247/1591 1642/1249/1595
f 1647/1244/1598 1646/1246/1599 1645/1245/1600
f 1649/1244/1601 1645/1245/1602 1648/1247/1603
f 1650/1248/1604 1649/1244/1601 1648/1247/1603
f 1648/1247/1603 1651/1249/1605 1650/1248/1604
f 1650/1248/1604 1651/1249/1605 1652/1250/1606
f 1653/1251/1607 1651/1249/1605 1648/1247/1603
f 1657/1252/1608 1656/1253/1609 1654/1254/1610
f 1659/1253/1611 1658/1255/1612 1655/1254/1613
f 1660/1256/1614 1655/1254/1613 1658/1255/1612
f 1655/1254/1613 1660/1256/1614 1661/1257/1615
f 1662/1258/1616 1655/1254/1613 1661/1257/1615
f 1661/1257/1615 1663/1259/1617 1662/1258/1616
f 1662/1258/1616 1663/1259/1617 1664/1260/1618
f 1663/1259/1617 1665/1261/1619 1664/1260/1618
f 1666/1262/1620 1664/1260/1618 1665/1261/1619
f 1669/1263/1621 1668/1264/1622 1667/1265/1623
f 1668/1264/1624 1671/1266/1625 1670/1265/1626
f 1668/1264/1624 1672/1267/1627 1671/1266/1625
f 1672/1267/1627 1668/1264/1624 1673/1268/1628
f 1668/1264/1624 1674/1269/1629 1673/1268/1628
f 1674/1269/1629 1675/1270/1630 1673/1268/1628
f 1675/1270/1630 1674/1269/1629 1676/1271/1631
f 1674/1269/1629 1677/1272/1632 1676/1271/1631
f 1677/1272/1632 1678/1273/1633 1676/1271/1631
s 0
f 1681/1274/1634 1680/1275/1634 1679/1276/1634
f 1684/1277/1635 1683/1253/1635 1682/1252/1635
f 1687/1263/1636 1686/1265/1636 1685/1278/1636
s 1
f 1690/1279/1637 1689/1280/1638 1688/1281/1639
f 1692/1279/1640 1691/1282/1641 1689/1280/1642
f 1691/1282/1641 1693/1283/1643 1689/1280/1642
f 1691/1282/1641 1694/1284/1644 1693/1283/1643
f 1694/1284/1644 1695/1285/1645 1693/1283/1643
f 1694/1284/1644 1696/1286/1646 1695/1285/1645
f 1697/1287/1647 1695/1285/1645 1696/1286/1646
f 1698/1288/1648 1697/1287/1647 1696/1286/1646
f 1699/1289/1649 1697/1287/1647 1698/1288/1648
f 1700/1290/1650 1699/1289/1649 1698/1288/1648
f 1699/1289/1649 1701/1291/1651 1697/1287/1647
f 1695/1285/1645 1697/1287/1647 1702/1292/1652
f 1701/1291/1651 1702/1292/1652 1697/1287/1647
f 1693/1283/1643 1695/1285/1645 1703/1293/1653
f 1703/1293/1653 1695/1285/1645 1702/1292/1652
f 1702/1292/1652 1701/1291/1651 1704/1294/1654
f 1701/1291/1651 1705/1295/1655 1704/1294/1654
f 1702/1292/1652 1704/1294/1654 1706/1296/1656
f 1703/1293/1653 1702/1292/1652 1706/1296/1656
f 1707/1297/1657 1703/1293/1653 1706/1296/1656
f 1708/1298/1658 1693/1283/1643 1703/1293/1653
f 1703/1293/1653 1707/1297/1657 1708/1298/1658
f 1689/1280/1642 1693/1283/1643 1708/1298/1658
f 1707/1297/1657 1709/1299/1659 1708/1298/1658
f 1710/1300/1660 1689/1280/1642 1708/1298/1658
f 1710/1300/1660 1708/1298/1658 1709/1299/1659
f 1711/1301/1661 1710/1300/1660 1709/1299/1659
f 1689/1280/1642 1710/1300/1660 1712/1281/1639
f 1713/1302/1662 1710/1300/1660 1711/1301/1661
f 1713/1302/1662 1712/1281/1639 1710/1300/1660
f 1714/1303/1663 1713/1302/1662 1711/1301/1661
f 1713/1302/1662 1714/1303/1663 1715/1304/1664
f 1716/1305/1665 1713/1302/1662 1715/1304/1664
f 1716/1305/1665 1715/1304/1664 1717/1306/1666
f 1716/1305/1665 1717/1306/1666 1718/1307/1667
f 1716/1305/1665 1718/1307/1667 1719/1308/1668
f 1713/1302/1662 1716/1305/1665 1720/1309/1669
f 1713/1302/1662 1720/1309/1669 1712/1281/1639
f 1719/1308/1668 1721/1310/1670 1716/1305/1665
f 1716/1305/1665 1721/1310/1670 1720/1309/1669
f 1722/1311/1671 1721/1310/1670 1719/1308/1668
f 1723/1312/1672 1722/1311/1671 1719/1308/1668
f 1724/1313/1673 1722/1311/1671 1723/1312/1672
f 1725/1314/1674 1724/1313/1673 1723/1312/1672
f 1724/1313/1673 1725/1314/1674 1726/1315/1675
f 1725/1314/1674 1727/1316/1676 1726/1315/1675
f 1727/1316/1676 1728/1317/1677 1726/1315/1675
f 1728/1317/1677 1729/1318/1678 1726/1315/1675
f 1728/1317/1677 1730/1319/1679 1729/1318/1678
f 1721/1310/1670 1722/1311/1671 1731/1320/1680
f 1721/1310/1670 1732/1321/1681 1720/1309/1669
f 1721/1310/1670 1731/1320/1680 1732/1321/1681
f 1733/1322/1682 1722/1311/1671 1724/1313/1673
f 1722/1311/1671 1733/1322/1682 1731/1320/1680
f 1726/1315/1675 1734/1323/1683 1724/1313/1673
f 1726/1315/1675 1729/1318/1678 1735/1324/1684
f 1734/1323/1683 1726/1315/1675 1735/1324/1684
f 1730/1319/1679 1736/1325/1685 1729/1318/1678
f 1729/1318/1678 1736/1325/1685 1735/1324/1684
f 1733/1322/1682 1724/1313/1673 1737/1326/1686
f 1734/1323/1683 1737/1326/1686 1724/1313/1673
f 1737/1326/1686 1738/1327/1687 1733/1322/1682
f 1738/1327/1687 1737/1326/1686 1734/1323/1683
f 1733/1322/1682 1739/1328/1688 1731/1320/1680
f 1738/1327/1687 1739/1328/1688 1733/1322/1682
f 1732/1321/1681 1731/1320/1680 1740/1329/1689
f 1739/1328/1688 1740/1329/1689 1731/1320/1680
f 1741/1330/1690 1738/1327/1687 1734/1323/1683
f 1734/1323/1683 1735/1324/1684 1741/1330/1690
f 1738/1327/1687 1742/1331/1691 1739/1328/1688
f 1742/1331/1691 1738/1327/1687 1741/1330/1690
f 1743/1332/1692 1736/1325/1685 1730/1319/1679
f 1744/1333/1693 1743/1332/1692 1730/1319/1679
f 1743/1332/1692 1744/1333/1693 1745/1334/1694
f 1746/1335/1695 1732/1321/1681 1740/1329/1689
f 1732/1321/1681 1746/1335/1695 1720/1309/1669
f 1739/1328/1688 1747/1336/1696 1740/1329/1689
f 1742/1331/1691 1747/1336/1696 1739/1328/1688
f 1748/1337/1697 1743/1332/1692 1745/1334/1694
f 1748/1337/1697 1745/1334/1694 1749/1338/1698
f 1750/1339/1699 1748/1337/1697 1749/1338/1698
f 1751/1340/1700 1748/1337/1697 1750/1339/1699
f 1752/1341/1701 1751/1340/1700 1750/1339/1699
f 1753/1342/1702 1743/1332/1692 1748/1337/1697
f 1751/1340/1700 1753/1342/1702 1748/1337/1697
f 1751/1340/1700 1752/1341/1701 1754/1343/1703
f 1753/1342/1702 1751/1340/1700 1754/1343/1703
f 1752/1341/1701 1755/1344/1661 1754/1343/1703
f 1754/1343/1703 1755/1344/1661 1756/1345/1704
f 1747/1336/1696 1757/1346/1705 1740/1329/1689
f 1740/1329/1689 1757/1346/1705 1746/1335/1695
f 1743/1332/1692 1753/1342/1702 1758/1347/1706
f 1736/1325/1685 1743/1332/1692 1758/1347/1706
f 1759/1348/1707 1736/1325/1685 1758/1347/1706
f 1736/1325/1685 1759/1348/1707 1735/1324/1684
f 1735/1324/1684 1759/1348/1707 1760/1349/1708
f 1735/1324/1684 1760/1349/1708 1741/1330/1690
f 1761/1350/1709 1741/1330/1690 1760/1349/1708
f 1761/1350/1709 1742/1331/1691 1741/1330/1690
f 1762/1351/1710 1753/1342/1702 1754/1343/1703
f 1753/1342/1702 1763/1352/1711 1758/1347/1706
f 1763/1352/1711 1753/1342/1702 1762/1351/1710
f 1759/1348/1707 1758/1347/1706 1764/1353/1712
f 1758/1347/1706 1763/1352/1711 1764/1353/1712
f 1759/1348/1707 1765/1354/1713 1760/1349/1708
f 1765/1354/1713 1759/1348/1707 1764/1353/1712
f 1766/1355/1714 1761/1350/1709 1760/1349/1708
f 1760/1349/1708 1765/1354/1713 1766/1355/1714
f 1762/1351/1710 1754/1343/1703 1767/1356/1715
f 1767/1356/1715 1754/1343/1703 1756/1345/1704
f 1767/1356/1715 1756/1345/1704 1768/1357/1716
f 1756/1345/1704 1769/1358/1657 1768/1357/1716
f 1770/1359/1717 1762/1351/1710 1767/1356/1715
f 1770/1359/1717 1767/1356/1715 1768/1357/1716
f 1771/1360/1718 1768/1357/1716 1769/1358/1657
f 1772/1361/1656 1771/1360/1718 1769/1358/1657
f 1773/1362/1719 1770/1359/1717 1768/1357/1716
f 1773/1362/1719 1768/1357/1716 1771/1360/1718
f 1770/1359/1717 1774/1363/1720 1762/1351/1710
f 1774/1363/1720 1770/1359/1717 1773/1362/1719
f 1774/1363/1720 1775/1364/1721 1762/1351/1710
f 1776/1365/1722 1774/1363/1720 1773/1362/1719
f 1762/1351/1710 1775/1364/1721 1763/1352/1711
f 1773/1362/1719 1777/1366/1723 1776/1365/1722
f 1777/1366/1723 1773/1362/1719 1771/1360/1718
f 1777/1366/1723 1778/1367/1724 1776/1365/1722
f 1779/1368/1725 1763/1352/1711 1775/1364/1721
f 1780/1369/1726 1779/1368/1725 1775/1364/1721
f 1763/1352/1711 1779/1368/1725 1764/1353/1712
f 1778/1367/1724 1777/1366/1723 1781/1370/1727
f 1777/1366/1723 1771/1360/1718 1781/1370/1727
f 1782/1371/1728 1778/1367/1724 1781/1370/1727
f 1781/1370/1727 1783/1372/1729 1782/1371/1728
f 1784/1373/1655 1783/1372/1729 1781/1370/1727
f 1771/1360/1718 1785/1374/1730 1781/1370/1727
f 1785/1374/1730 1784/1373/1655 1781/1370/1727
f 1771/1360/1718 1772/1361/1656 1785/1374/1730
f 1784/1373/1655 1785/1374/1730 1786/1375/1731
f 1772/1361/1656 1786/1375/1731 1785/1374/1730
f 1787/1376/1732 1779/1368/1725 1780/1369/1726
f 1788/1377/1733 1787/1376/1732 1780/1369/1726
f 1779/1368/1725 1789/1378/1734 1764/1353/1712
f 1764/1353/1712 1789/1378/1734 1765/1354/1713
f 1787/1376/1732 1788/1377/1733 1790/1379/1735
f 1788/1377/1733 1791/1380/1736 1790/1379/1735
f 1779/1368/1725 1787/1376/1732 1792/1381/1737
f 1789/1378/1734 1779/1368/1725 1792/1381/1737
f 1789/1378/1734 1793/1382/1738 1765/1354/1713
f 1765/1354/1713 1793/1382/1738 1766/1355/1714
f 1794/1383/1739 1793/1382/1738 1789/1378/1734
f 1792/1381/1737 1794/1383/1739 1789/1378/1734
f 1792/1381/1737 1787/1376/1732 1795/1384/1740
f 1787/1376/1732 1790/1379/1735 1795/1384/1740
f 1791/1380/1736 1796/1385/1741 1790/1379/1735
f 1796/1385/1741 1791/1380/1736 1797/1386/1742
f 1793/1382/1738 1794/1383/1739 1798/1387/1743
f 1766/1355/1714 1793/1382/1738 1798/1387/1743
f 1798/1387/1743 1794/1383/1739 1799/1388/1744
f 1800/1389/1745 1794/1383/1739 1792/1381/1737
f 1795/1384/1740 1800/1389/1745 1792/1381/1737
f 1801/1390/1746 1795/1384/1740 1790/1379/1735
f 1795/1384/1740 1801/1390/1746 1800/1389/1745
f 1796/1385/1741 1801/1390/1746 1790/1379/1735
f 1801/1390/1746 1802/1391/1747 1800/1389/1745
f 1803/1392/1748 1796/1385/1741 1797/1386/1742
f 1801/1390/1746 1796/1385/1741 1803/1392/1748
f 1802/1391/1747 1801/1390/1746 1804/1393/1749
f 1804/1393/1749 1801/1390/1746 1803/1392/1748
f 1805/1394/1750 1802/1391/1747 1804/1393/1749
f 1804/1393/1749 1806/1395/1751 1805/1394/1750
f 1806/1395/1751 1804/1393/1749 1803/1392/1748
f 1806/1395/1751 1807/1396/1752 1805/1394/1750
f 1797/1386/1742 1808/1397/1753 1803/1392/1748
f 1808/1397/1753 1806/1395/1751 1803/1392/1748
f 1797/1386/1742 1809/1398/1754 1808/1397/1753
f 1809/1398/1754 1810/1399/1755 1808/1397/1753
f 1806/1395/1751 1808/1397/1753 1810/1399/1755
f 1809/1398/1754 1811/1400/1756 1810/1399/1755
f 1807/1396/1752 1806/1395/1751 1812/1401/1757
f 1812/1401/1757 1806/1395/1751 1810/1399/1755
f 1813/1402/1758 1807/1396/1752 1812/1401/1757
f 1814/1400/1759 1812/1401/1757 1810/1399/1755
f 1817/1403/1760 1816/1404/1761 1815/1405/1762
f 1819/1406/1763 1816/1404/1764 1818/1403/1760
f 1820/1407/1765 1819/1406/1763 1818/1403/1760
f 1821/1408/1766 1819/1406/1763 1820/1407/1765
f 1823/1409/1767 1820/1407/1765 1818/1403/1760
f 1821/1408/1766 1820/1407/1765 1824/1410/1768
f 1825/1411/1769 1820/1407/1765 1823/1409/1767
f 1820/1407/1765 1826/1412/1770 1824/1410/1768
f 1820/1407/1765 1825/1411/1769 1826/1412/1770
f 1825/1411/1769 1827/1413/1771 1826/1412/1770
f 1824/1410/1768 1826/1412/1770 1828/1414/1772
f 1827/1413/1771 1829/1415/1773 1826/1412/1770
f 1826/1412/1770 1830/1416/1774 1828/1414/1772
f 1829/1415/1773 1830/1416/1774 1826/1412/1770
f 1831/1417/1775 1828/1414/1772 1830/1416/1774
f 1830/1416/1774 1829/1415/1773 1832/1418/1776
f 1833/1419/1777 1831/1417/1775 1830/1416/1774
f 1833/1419/1777 1830/1416/1774 1832/1418/1776
f 1834/1420/1778 1831/1417/1775 1833/1419/1777
f 1833/1419/1777 1832/1418/1776 1835/1421/1779
f 1836/1422/1780 1834/1420/1778 1833/1419/1777
f 1836/1422/1780 1833/1419/1777 1835/1421/1779
f 1837/1423/1781 1834/1420/1778 1836/1422/1780
f 1835/1421/1779 1838/1424/1782 1836/1422/1780
f 1839/1425/1783 1837/1423/1781 1836/1422/1780
f 1838/1424/1782 1839/1425/1783 1836/1422/1780
f 1837/1423/1781 1839/1425/1783 1840/1426/1784
f 1839/1425/1783 1838/1424/1782 1841/1427/1785
f 1839/1425/1783 1841/1427/1785 1840/1426/1784
f 1838/1424/1782 1842/1428/1786 1841/1427/1785
f 1840/1426/1784 1841/1427/1785 1843/1429/1787
f 1843/1429/1787 1841/1427/1785 1842/1428/1786
f 1844/1430/1788 1840/1426/1784 1843/1429/1787
f 1844/1430/1788 1843/1429/1787 1845/1431/1789
f 1846/1432/1790 1843/1429/1787 1842/1428/1786
f 1843/1429/1787 1846/1432/1790 1845/1431/1789
f 1847/1433/1791 1846/1432/1790 1842/1428/1786
f 1846/1432/1790 1847/1433/1791 1848/1434/1792
f 1845/1431/1789 1846/1432/1790 1849/1435/1793
f 1849/1435/1793 1846/1432/1790 1848/1434/1792
f 1850/1436/1794 1845/1431/1789 1849/1435/1793
f 1849/1435/1793 1848/1434/1792 1851/1437/1795
f 1850/1436/1794 1849/1435/1793 1851/1437/1795
f 1855/1438/1796 1854/1439/1797 1852/1440/1798
f 1857/1441/1799 1856/1442/1800 1853/1439/1801
f 1856/1442/1800 1858/1443/1802 1853/1439/1801
f 1853/1439/1801 1858/1443/1802 1859/1440/1803
f 1860/1444/1804 1856/1442/1800 1857/1441/1799
f 1861/1445/1805 1860/1444/1804 1857/1441/1799
f 1862/1446/1806 1860/1444/1804 1861/1445/1805
f 1863/1447/1807 1862/1446/1806 1861/1445/1805
f 1859/1440/1803 1858/1443/1802 1864/1448/1808
f 1864/1448/1808 1865/1449/1809 1859/1440/1803
f 1865/1449/1809 1866/1438/1810 1859/1440/1803
f 1864/1448/1808 1858/1443/1802 1867/1450/1811
f 1867/1450/1811 1858/1443/1802 1856/1442/1800
f 1864/1448/1808 1867/1450/1811 1868/1451/1812
f 1869/1452/1813 1867/1450/1811 1856/1442/1800
f 1869/1452/1813 1856/1442/1800 1860/1444/1804
f 1868/1451/1812 1867/1450/1811 1870/1453/1814
f 1870/1453/1814 1867/1450/1811 1869/1452/1813
f 1868/1451/1812 1870/1453/1814 1871/1454/1815
f 1871/1454/1815 1870/1453/1814 1869/1452/1813
f 1872/1455/1816 1868/1451/1812 1871/1454/1815
f 1871/1454/1815 1873/1456/1817 1872/1455/1816
f 1873/1456/1817 1874/1457/1818 1872/1455/1816
f 1869/1452/1813 1875/1458/1819 1871/1454/1815
f 1875/1458/1819 1873/1456/1817 1871/1454/1815
f 1873/1456/1817 1876/1459/1820 1874/1457/1818
f 1876/1459/1820 1873/1456/1817 1875/1458/1819
f 1876/1459/1820 1877/1460/1821 1874/1457/1818
f 1878/1461/1822 1876/1459/1820 1875/1458/1819
f 1879/1462/1823 1869/1452/1813 1860/1444/1804
f 1875/1458/1819 1869/1452/1813 1879/1462/1823
f 1878/1461/1822 1875/1458/1819 1880/1463/1824
f 1880/1463/1824 1875/1458/1819 1879/1462/1823
f 1881/1464/1825 1878/1461/1822 1880/1463/1824
f 1880/1463/1824 1882/1465/1826 1881/1464/1825
f 1880/1463/1824 1879/1462/1823 1882/1465/1826
f 1882/1465/1826 1883/1466/1827 1881/1464/1825
f 1879/1462/1823 1860/1444/1804 1884/1467/1828
f 1860/1444/1804 1862/1446/1806 1884/1467/1828
f 1884/1467/1828 1862/1446/1806 1885/1468/1829
f 1862/1446/1806 1886/1469/1830 1885/1468/1829
f 1885/1468/1829 1887/1470/1831 1884/1467/1828
f 1888/1471/1832 1879/1462/1823 1884/1467/1828
f 1884/1467/1828 1887/1470/1831 1888/1471/1832
f 1879/1462/1823 1888/1471/1832 1882/1465/1826
f 1889/1472/1833 1888/1471/1832 1887/1470/1831
f 1890/1473/1834 1889/1472/1833 1887/1470/1831
f 1888/1471/1832 1891/1474/1835 1882/1465/1826
f 1888/1471/1832 1889/1472/1833 1891/1474/1835
f 1891/1474/1835 1892/1475/1836 1882/1465/1826
f 1882/1465/1826 1892/1475/1836 1883/1466/1827
f 1892/1475/1836 1893/1476/1837 1883/1466/1827
f 1893/1476/1837 1894/1477/1838 1883/1466/1827
f 1889/1472/1833 1895/1478/1839 1891/1474/1835
f 1896/1479/1840 1889/1472/1833 1890/1473/1834
f 1889/1472/1833 1896/1479/1840 1895/1478/1839
f 1897/1480/1841 1896/1479/1840 1890/1473/1834
f 1896/1479/1840 1898/1481/1842 1895/1478/1839
f 1897/1480/1841 1899/1482/1843 1896/1479/1840
f 1896/1479/1840 1899/1482/1843 1898/1481/1842
f 1902/1483/1844 1901/1484/1845 1900/1485/1845
f 1904/1486/1846 1903/1483/1847 1900/1485/1847
f 1907/1487/1848 1906/1488/1849 1905/1489/1850
f 1906/1488/1849 1910/1490/1851 1909/1489/1852
f 1908/1489/1853 1912/1490/1851 1911/1491/1854
f 1908/1489/1853 1911/1491/1854 1913/1492/1855
f 1912/1490/1851 1914/1493/1856 1911/1491/1854
f 1914/1493/1856 1912/1490/1851 1915/1494/1857
f 1911/1491/1854 1916/1495/1858 1913/1492/1855
f 1911/1491/1854 1914/1493/1856 1917/1496/1859
f 1911/1491/1854 1917/1496/1859 1916/1495/1858
f 1914/1493/1856 1915/1494/1857 1918/1497/1860
f 1914/1493/1856 1919/1498/1861 1917/1496/1859
f 1919/1498/1861 1914/1493/1856 1918/1497/1860
f 1915/1494/1857 1920/1483/1862 1918/1497/1860
f 1915/1494/1857 1921/1499/1863 1920/1483/1862
f 1922/1500/1864 1921/1499/1863 1915/1494/1857
f 1923/1501/1865 1921/1499/1863 1922/1500/1864
f 1924/1502/1866 1923/1501/1865 1922/1500/1864
f 1923/1501/1865 1924/1502/1866 1925/1503/1867
f 1920/1483/1862 1926/1486/1868 1918/1497/1860
f 1927/1504/1869 1919/1498/1861 1918/1497/1860
f 1928/1505/1870 1917/1496/1859 1919/1498/1861
f 1919/1498/1861 1927/1504/1869 1928/1505/1870
f 1927/1504/1869 1918/1497/1860 1929/1506/1871
f 1926/1486/1868 1929/1506/1871 1918/1497/1860
f 1930/1507/1872 1927/1504/1869 1929/1506/1871
f 1927/1504/1869 1930/1507/1872 1928/1505/1870
f 1929/1506/1871 1926/1486/1868 1931/1508/1873
f 1929/1506/1871 1931/1508/1873 1930/1507/1872
f 1931/1508/1873 1926/1486/1868 1932/1509/1874
f 1917/1496/1859 1928/1505/1870 1933/1510/1875
f 1934/1511/1876 1917/1496/1859 1933/1510/1875
f 1917/1496/1859 1934/1511/1876 1916/1495/1858
f 1935/1512/1877 1916/1495/1858 1934/1511/1876
f 1936/1513/1878 1934/1511/1876 1933/1510/1875
f 1936/1513/1878 1935/1512/1877 1934/1511/1876
f 1935/1512/1877 1937/1514/1879 1916/1495/1858
f 1938/1515/1880 1937/1514/1879 1935/1512/1877
f 1937/1514/1879 1913/1492/1855 1916/1495/1858
f 1939/1516/1881 1935/1512/1877 1936/1513/1878
f 1939/1516/1881 1938/1515/1880 1935/1512/1877
f 1913/1492/1855 1937/1514/1879 1940/1517/1882
f 1941/1518/1883 1913/1492/1855 1940/1517/1882
f 1942/1489/1884 1913/1492/1855 1941/1518/1883
f 1943/1487/1885 1942/1489/1884 1941/1518/1883
f 1940/1517/1882 1937/1514/1879 1944/1519/1886
f 1937/1514/1879 1938/1515/1880 1944/1519/1886
f 1938/1515/1880 1945/1520/1887 1944/1519/1886
f 1945/1520/1887 1946/1521/1888 1944/1519/1886
f 1945/1520/1887 1938/1515/1880 1947/1522/1889
f 1938/1515/1880 1948/1523/1890 1947/1522/1889
f 1947/1522/1889 1948/1523/1890 1949/1524/1891
f 1950/1525/1892 1938/1515/1880 1939/1516/1881
f 1950/1525/1892 1948/1523/1890 1938/1515/1880
f 1948/1523/1890 1951/1526/1893 1949/1524/1891
f 1952/1527/1894 1949/1524/1891 1951/1526/1893
f 1948/1523/1890 1950/1525/1892 1953/1528/1895
f 1948/1523/1890 1953/1528/1895 1951/1526/1893
f 1954/1529/1896 1952/1527/1894 1951/1526/1893
f 1952/1527/1894 1954/1529/1896 1955/1530/1897
f 1953/1528/1895 1956/1531/1898 1951/1526/1893
f 1954/1529/1896 1951/1526/1893 1956/1531/1898
f 1950/1525/1892 1957/1532/1899 1953/1528/1895
f 1956/1531/1898 1953/1528/1895 1957/1532/1899
f 1939/1516/1881 1958/1533/1900 1950/1525/1892
f 1958/1533/1900 1957/1532/1899 1950/1525/1892
f 1954/1529/1896 1959/1534/1901 1955/1530/1897
f 1954/1529/1896 1956/1531/1898 1959/1534/1901
f 1958/1533/1900 1939/1516/1881 1960/1535/1902
f 1960/1535/1902 1939/1516/1881 1936/1513/1878
f 1961/1536/1903 1956/1531/1898 1957/1532/1899
f 1956/1531/1898 1961/1536/1903 1959/1534/1901
f 1957/1532/1899 1958/1533/1900 1962/1537/1904
f 1962/1537/1904 1958/1533/1900 1960/1535/1902
f 1961/1536/1903 1957/1532/1899 1962/1537/1904
f 1961/1536/1903 1963/1538/1905 1959/1534/1901
f 1964/1539/1906 1963/1538/1905 1961/1536/1903
f 1964/1539/1906 1961/1536/1903 1962/1537/1904
f 1959/1534/1901 1965/1540/1907 1955/1530/1897
f 1966/1541/1908 1955/1530/1897 1965/1540/1907
f 1965/1540/1907 1959/1534/1901 1967/1538/1909
f 1966/1541/1908 1965/1540/1907 1968/1542/1910
f 1965/1540/1907 1969/1543/1911 1968/1542/1910
f 1970/1544/1912 1965/1540/1907 1967/1538/1909
f 1965/1540/1907 1970/1544/1912 1969/1543/1911
f 1971/1545/1913 1969/1543/1911 1970/1544/1912
f 1972/1546/1914 1962/1537/1904 1960/1535/1902
f 1972/1546/1914 1964/1539/1906 1962/1537/1904
f 1973/1547/1915 1971/1545/1913 1970/1544/1912
f 1974/1548/1916 1971/1545/1913 1973/1547/1915
f 1975/1549/1917 1972/1546/1914 1960/1535/1902
f 1975/1549/1917 1960/1535/1902 1936/1513/1878
f 1975/1549/1917 1936/1513/1878 1933/1510/1875
f 1975/1549/1917 1933/1510/1875 1976/1550/1918
f 1976/1550/1918 1933/1510/1875 1928/1505/1870
f 1977/1551/1919 1964/1539/1906 1972/1546/1914
f 1964/1539/1906 1977/1551/1919 1979/1538/1920
f 1972/1546/1914 1975/1549/1917 1980/1552/1921
f 1980/1552/1921 1975/1549/1917 1976/1550/1918
f 1981/1553/1922 1976/1550/1918 1928/1505/1870
f 1981/1553/1922 1928/1505/1870 1930/1507/1872
f 1982/1554/1923 1972/1546/1914 1980/1552/1921
f 1982/1554/1923 1977/1551/1919 1972/1546/1914
f 1983/1555/1924 1980/1552/1921 1976/1550/1918
f 1976/1550/1918 1981/1553/1922 1983/1555/1924
f 1983/1555/1924 1982/1554/1923 1980/1552/1921
f 1984/1556/1925 1981/1553/1922 1930/1507/1872
f 1981/1553/1922 1984/1556/1925 1983/1555/1924
f 1982/1554/1923 1983/1555/1924 1985/1557/1926
f 1983/1555/1924 1984/1556/1925 1985/1557/1926
f 1977/1551/1919 1982/1554/1923 1985/1557/1926
f 1984/1556/1925 1930/1507/1872 1986/1558/1927
f 1984/1556/1925 1986/1558/1927 1985/1557/1926
f 1931/1508/1873 1986/1558/1927 1930/1507/1872
f 1986/1558/1927 1987/1559/1928 1985/1557/1926
f 1986/1558/1927 1931/1508/1873 1987/1559/1928
f 1977/1551/1919 1985/1557/1926 1988/1560/1929
f 1987/1559/1928 1988/1560/1929 1985/1557/1926
f 1977/1551/1919 1988/1560/1929 1970/1544/1912
f 1988/1560/1929 1989/1561/1930 1970/1544/1912
f 1989/1561/1930 1973/1547/1915 1970/1544/1912
f 1988/1560/1929 1987/1559/1928 1990/1562/1931
f 1989/1561/1930 1988/1560/1929 1990/1562/1931
f 1987/1559/1928 1931/1508/1873 1991/1563/1932
f 1987/1559/1928 1991/1563/1932 1990/1562/1931
f 1991/1563/1932 1931/1508/1873 1992/1564/1933
f 1990/1562/1931 1991/1563/1932 1993/1565/1934
f 1991/1563/1932 1992/1564/1933 1993/1565/1934
f 1989/1561/1930 1994/1566/1935 1973/1547/1915
f 1989/1561/1930 1990/1562/1931 1995/1567/1936
f 1994/1566/1935 1989/1561/1930 1995/1567/1936
f 1996/1568/1937 1995/1567/1936 1990/1562/1931
f 1993/1565/1934 1996/1568/1937 1990/1562/1931
f 1994/1566/1935 1997/1569/1938 1973/1547/1915
f 1997/1569/1938 1974/1548/1916 1973/1547/1915
f 1994/1566/1935 1995/1567/1936 1998/1570/1939
f 1998/1570/1939 1995/1567/1936 1996/1568/1937
f 1997/1569/1938 1994/1566/1935 1999/1571/1940
f 1999/1571/1940 1994/1566/1935 1998/1570/1939
f 1997/1569/1938 2000/1572/1941 1974/1548/1916
f 2000/1572/1941 1997/1569/1938 1999/1571/1940
f 1998/1570/1939 2001/1573/1942 1999/1571/1940
f 1999/1571/1940 2001/1573/1942 2000/1572/1941
f 2000/1572/1941 2002/1574/1943 1974/1548/1916
f 2003/1575/1944 1974/1548/1916 2002/1574/1943
f 2002/1574/1943 2004/1576/1945 2003/1575/1944
f 2002/1574/1943 2000/1572/1941 2004/1576/1945
f 2004/1576/1945 2005/1577/1946 2003/1575/1944
f 2005/1577/1946 2004/1576/1945 2006/1578/1947
f 2007/1579/1948 2005/1577/1946 2006/1578/1947
f 2006/1578/1947 2004/1576/1945 2008/1580/1949
f 2000/1572/1941 2009/1581/1950 2004/1576/1945
f 2004/1576/1945 2009/1581/1950 2008/1580/1949
f 2001/1573/1942 2009/1581/1950 2000/1572/1941
f 2009/1581/1950 2010/1582/1951 2008/1580/1949
f 2001/1573/1942 2010/1582/1951 2009/1581/1950
f 2001/1573/1942 2011/1583/1952 2010/1582/1951
f 2001/1573/1942 2012/1584/1953 2011/1583/1952
f 1998/1570/1939 2012/1584/1953 2001/1573/1942
f 2013/1585/1954 2012/1584/1953 1998/1570/1939
f 1996/1568/1937 2013/1585/1954 1998/1570/1939
f 2014/1586/1955 2012/1584/1953 2013/1585/1954
f 2012/1584/1953 2014/1586/1955 2016/1587/1956
f 2017/1588/1957 2014/1586/1955 2013/1585/1954
f 2017/1588/1957 2013/1585/1954 2018/1589/1958
f 2019/1590/1959 2017/1588/1957 2018/1589/1958
f 2020/1591/1960 2019/1590/1959 2018/1589/1958
f 2021/1592/1961 2013/1585/1954 1996/1568/1937
f 2021/1592/1961 2018/1589/1958 2013/1585/1954
f 2022/1593/1962 2020/1591/1960 2018/1589/1958
f 2022/1593/1962 2018/1589/1958 2021/1592/1961
f 2020/1591/1960 2022/1593/1962 2023/1594/1963
f 2021/1592/1961 1996/1568/1937 2024/1595/1964
f 2021/1592/1961 2024/1595/1964 2022/1593/1962
f 2024/1595/1964 1996/1568/1937 1993/1565/1934
f 2024/1595/1964 1993/1565/1934 2025/1596/1965
f 1992/1564/1933 2025/1596/1965 1993/1565/1934
f 2022/1593/1962 2026/1597/1966 2023/1594/1963
f 2022/1593/1962 2024/1595/1964 2027/1598/1967
f 2022/1593/1962 2027/1598/1967 2026/1597/1966
f 2026/1597/1966 2028/1599/1968 2023/1594/1963
f 2028/1599/1968 2029/1600/1969 2023/1594/1963
f 2026/1597/1966 2030/1601/1970 2028/1599/1968
f 2027/1598/1967 2030/1601/1970 2026/1597/1966
f 2030/1601/1970 2031/1602/1971 2028/1599/1968
f 2032/1603/1972 2030/1601/1970 2027/1598/1967
f 2033/1604/1973 2032/1603/1972 2027/1598/1967
f 2034/1605/1974 2027/1598/1967 2024/1595/1964
f 2034/1605/1974 2033/1604/1973 2027/1598/1967
f 2034/1605/1974 2024/1595/1964 2025/1596/1965
f 2035/1606/1913 2033/1604/1973 2034/1605/1974
f 2025/1596/1965 2035/1606/1913 2034/1605/1974
f 2036/1607/1975 2035/1606/1913 2025/1596/1965
f 1992/1564/1933 2036/1607/1975 2025/1596/1965
f 2036/1607/1975 1992/1564/1933 2037/1608/1976
f 2037/1608/1976 1992/1564/1933 2038/1609/1977
f 1992/1564/1933 2039/1610/1978 2038/1609/1977
f 1992/1564/1933 1931/1508/1873 2039/1610/1978
f 2038/1609/1977 2040/1611/1979 2037/1608/1976
f 2040/1611/1979 2038/1609/1977 2039/1610/1978
f 2040/1611/1979 2041/1612/1980 2037/1608/1976
f 2039/1610/1978 1931/1508/1873 2042/1613/1981
f 1931/1508/1873 1932/1509/1874 2042/1613/1981
f 2041/1612/1980 2040/1611/1979 2043/1614/1982
f 2044/1615/1983 2041/1612/1980 2043/1614/1982
f 2045/1616/1984 2044/1615/1983 2043/1614/1982
f 2046/1617/1985 2040/1611/1979 2039/1610/1978
f 2046/1617/1985 2039/1610/1978 2042/1613/1981
f 2040/1611/1979 2046/1617/1985 2047/1618/1986
f 2040/1611/1979 2047/1618/1986 2043/1614/1982
f 2046/1617/1985 2042/1613/1981 2047/1618/1986
f 2048/1619/1987 2045/1616/1984 2043/1614/1982
f 2048/1619/1987 2043/1614/1982 2047/1618/1986
f 2045/1616/1984 2048/1619/1987 2049/1620/1988
f 2042/1613/1981 2050/1621/1989 2047/1618/1986
f 2050/1621/1989 2048/1619/1987 2047/1618/1986
f 2051/1622/1990 2042/1613/1981 1932/1509/1874
f 2050/1621/1989 2042/1613/1981 2051/1622/1990
f 2048/1619/1987 2052/1623/1991 2049/1620/1988
f 2053/1624/1992 2049/1620/1988 2052/1623/1991
f 2051/1622/1990 1932/1509/1874 2054/1625/1993
f 1932/1509/1874 1926/1486/1868 2054/1625/1993
f 2055/1626/1994 2050/1621/1989 2051/1622/1990
f 2051/1622/1990 2054/1625/1993 2055/1626/1994
f 2050/1621/1989 2056/1627/1995 2048/1619/1987
f 2056/1627/1995 2052/1623/1991 2048/1619/1987
f 2050/1621/1989 2055/1626/1994 2056/1627/1995
f 2057/1628/1996 2053/1624/1992 2052/1623/1991
f 2057/1628/1996 2052/1623/1991 2056/1627/1995
f 2053/1624/1992 2057/1628/1996 2058/1629/1997
f 2055/1626/1994 2059/1630/1998 2056/1627/1995
f 2054/1625/1993 2059/1630/1998 2055/1626/1994
f 1926/1486/1868 2060/1631/1999 2054/1625/1993
f 2060/1631/1999 1926/1486/1868 2061/1485/2000
f 2062/1632/2001 2059/1630/1998 2054/1625/1993
f 2063/1633/2002 2054/1625/1993 2060/1631/1999
f 2064/1634/2003 2063/1633/2002 2060/1631/1999
f 2065/1635/2004 2063/1633/2002 2064/1634/2003
f 2062/1632/2001 2066/1636/2005 2059/1630/1998
f 2067/1637/2006 2065/1635/2004 2064/1634/2003
f 2059/1630/1998 2068/1638/2007 2056/1627/1995
f 2068/1638/2007 2057/1628/1996 2056/1627/1995
f 2059/1630/1998 2066/1636/2005 2068/1638/2007
f 2069/1639/2008 2060/1631/1999 2061/1485/2000
f 2060/1631/1999 2069/1639/2008 2064/1634/2003
f 2057/1628/1996 2068/1638/2007 2070/1640/2009
f 2057/1628/1996 2070/1640/2009 2058/1629/1997
f 2071/1641/2010 2058/1629/1997 2070/1640/2009
f 2072/1642/2011 2071/1641/2010 2070/1640/2009
f 2066/1636/2005 2073/1643/2012 2068/1638/2007
f 2068/1638/2007 2073/1643/2012 2070/1640/2009
f 2070/1640/2009 2073/1643/2012 2072/1642/2011
f 2066/1636/2005 2074/1644/2013 2073/1643/2012
f 2073/1643/2012 2074/1644/2013 2072/1642/2011
f 2075/1645/2014 2067/1637/2006 2064/1634/2003
f 2067/1637/2006 2075/1645/2014 2076/1646/2015
f 2075/1645/2014 2077/1647/2016 2076/1646/2015
f 2075/1645/2014 2064/1634/2003 2077/1647/2016
f 2077/1647/2016 2078/1648/2017 2076/1646/2015
f 2064/1634/2003 2079/1649/2018 2077/1647/2016
f 2077/1647/2016 2079/1649/2018 2080/1650/2019
f 2069/1639/2008 2079/1649/2018 2064/1634/2003
f 2077/1647/2016 2080/1650/2019 2081/1651/2020
f 2079/1649/2018 2069/1639/2008 2082/1652/2021
f 2079/1649/2018 2082/1652/2021 2080/1650/2019
f 2080/1650/2019 2083/1653/2022 2081/1651/2020
f 2084/1654/2023 2081/1651/2020 2083/1653/2022
f 2085/1655/2024 2083/1653/2022 2080/1650/2019
f 2086/1654/2025 2083/1653/2022 2085/1655/2024
f 2087/1656/2026 2085/1655/2024 2080/1650/2019
f 2087/1656/2026 2080/1650/2019 2088/1657/2027
f 2080/1650/2019 2082/1652/2021 2088/1657/2027
f 2089/1484/2028 2088/1657/2027 2082/1652/2021
f 2069/1639/2008 2090/1658/2029 2082/1652/2021
f 2090/1658/2029 2089/1484/2028 2082/1652/2021
f 2090/1658/2029 2069/1639/2008 2061/1485/2000
f 2090/1658/2029 2061/1485/2000 2089/1484/2028
f 2093/1646/2030 2092/1648/2030 2091/1636/2031
f 2095/1637/2032 2094/1646/2033 2091/1636/2034
f 2091/1636/2034 2096/1632/2035 2095/1637/2032
f 2096/1632/2035 2097/1635/2036 2095/1637/2032
f 2097/1635/2036 2096/1632/2035 2098/1633/2037
f 2098/1633/2037 2096/1632/2035 2099/1625/2038
f 1978/1551/2039 2101/1544/2040 2100/1538/1905
f 2103/1583/2041 2102/1584/2042 2015/1587/2043
f 2107/1659/2044 2106/1660/2044 2105/1661/2044
f 2109/1662/2045 2108/1659/2045 2104/1661/2045
f 2112/1485/2046 2111/1484/2047 2110/1483/2046
f 2114/1486/2048 2112/1485/2049 2113/1483/2049
f 2117/1488/2050 2116/1487/2051 2115/1489/2052
f 2120/1490/2053 2117/1488/2050 2118/1489/2054
f 2122/1490/2055 2119/1489/2056 2121/1491/2057
f 2119/1489/2056 2123/1492/2058 2121/1491/2057
f 2124/1493/2059 2122/1490/2055 2121/1491/2057
f 2122/1490/2055 2124/1493/2059 2125/1494/2060
f 2123/1492/2058 2126/1495/2061 2121/1491/2057
f 2124/1493/2059 2121/1491/2057 2127/1496/2062
f 2121/1491/2057 2126/1495/2061 2127/1496/2062
f 2125/1494/2060 2124/1493/2059 2128/1497/2063
f 2129/1498/2064 2124/1493/2059 2127/1496/2062
f 2128/1497/2063 2124/1493/2059 2129/1498/2064
f 2130/1483/2065 2125/1494/2060 2128/1497/2063
f 2131/1499/2066 2125/1494/2060 2130/1483/2065
f 2131/1499/2066 2132/1500/2067 2125/1494/2060
f 2131/1499/2066 2133/1501/2068 2132/1500/2067
f 2133/1501/2068 2134/1502/2069 2132/1500/2067
f 2133/1501/2068 2135/1503/2070 2134/1502/2069
f 2130/1483/2065 2128/1497/2063 2136/1486/2071
f 2137/1504/2072 2128/1497/2063 2129/1498/2064
f 2127/1496/2062 2138/1505/2073 2129/1498/2064
f 2137/1504/2072 2129/1498/2064 2138/1505/2073
f 2128/1497/2063 2137/1504/2072 2139/1506/2074
f 2128/1497/2063 2139/1506/2074 2136/1486/2071
f 2137/1504/2072 2140/1507/2075 2139/1506/2074
f 2140/1507/2075 2137/1504/2072 2138/1505/2073
f 2136/1486/2071 2139/1506/2074 2141/1508/2076
f 2141/1508/2076 2139/1506/2074 2140/1507/2075
f 2136/1486/2071 2141/1508/2076 2142/1509/2077
f 2143/1510/2078 2138/1505/2073 2127/1496/2062
f 2144/1511/2079 2143/1510/2078 2127/1496/2062
f 2126/1495/2061 2144/1511/2079 2127/1496/2062
f 2126/1495/2061 2145/1512/2080 2144/1511/2079
f 2144/1511/2079 2146/1513/2081 2143/1510/2078
f 2145/1512/2080 2146/1513/2081 2144/1511/2079
f 2147/1514/2082 2145/1512/2080 2126/1495/2061
f 2145/1512/2080 2147/1514/2082 2148/1515/2083
f 2123/1492/2058 2147/1514/2082 2126/1495/2061
f 2146/1513/2081 2145/1512/2080 2149/1516/2084
f 2149/1516/2084 2145/1512/2080 2148/1515/2083
f 2147/1514/2082 2123/1492/2058 2150/1517/2085
f 2123/1492/2058 2151/1518/2086 2150/1517/2085
f 2151/1518/2086 2123/1492/2058 2152/1489/2087
f 2153/1487/2088 2151/1518/2086 2152/1489/2087
f 2150/1517/2085 2154/1519/2089 2147/1514/2082
f 2154/1519/2089 2148/1515/2083 2147/1514/2082
f 2148/1515/2083 2154/1519/2089 2155/1520/2090
f 2154/1519/2089 2156/1521/2091 2155/1520/2090
f 2148/1515/2083 2155/1520/2090 2157/1522/2092
f 2158/1523/2093 2148/1515/2083 2157/1522/2092
f 2157/1522/2092 2159/1524/2094 2158/1523/2093
f 2148/1515/2083 2160/1525/2095 2149/1516/2084
f 2158/1523/2093 2160/1525/2095 2148/1515/2083
f 2159/1524/2094 2161/1526/2096 2158/1523/2093
f 2159/1524/2094 2162/1527/2097 2161/1526/2096
f 2160/1525/2095 2158/1523/2093 2163/1528/2098
f 2158/1523/2093 2161/1526/2096 2163/1528/2098
f 2162/1527/2097 2164/1529/2099 2161/1526/2096
f 2165/1530/2100 2164/1529/2099 2162/1527/2097
f 2161/1526/2096 2166/1531/2101 2163/1528/2098
f 2161/1526/2096 2164/1529/2099 2166/1531/2101
f 2167/1532/2102 2160/1525/2095 2163/1528/2098
f 2167/1532/2102 2163/1528/2098 2166/1531/2101
f 2168/1533/2103 2149/1516/2084 2160/1525/2095
f 2167/1532/2102 2168/1533/2103 2160/1525/2095
f 2169/1534/2104 2164/1529/2099 2165/1530/2100
f 2164/1529/2099 2169/1534/2104 2166/1531/2101
f 2149/1516/2084 2168/1533/2103 2170/1535/2105
f 2170/1535/2105 2146/1513/2081 2149/1516/2084
f 2171/1536/2106 2167/1532/2102 2166/1531/2101
f 2169/1534/2104 2171/1536/2106 2166/1531/2101
f 2172/1537/2107 2168/1533/2103 2167/1532/2102
f 2168/1533/2103 2172/1537/2107 2170/1535/2105
f 2171/1536/2106 2172/1537/2107 2167/1532/2102
f 2173/1538/2108 2171/1536/2106 2169/1534/2104
f 2173/1538/2108 2174/1539/2109 2171/1536/2106
f 2172/1537/2107 2171/1536/2106 2174/1539/2109
f 2175/1540/2110 2169/1534/2104 2165/1530/2100
f 2165/1530/2100 2176/1541/2111 2175/1540/2110
f 2177/1538/2112 2169/1534/2104 2175/1540/2110
f 2175/1540/2110 2176/1541/2111 2178/1542/2113
f 2179/1543/2114 2175/1540/2110 2178/1542/2113
f 2180/1544/2115 2177/1538/2112 2175/1540/2110
f 2180/1544/2115 2175/1540/2110 2179/1543/2114
f 2180/1544/2115 2179/1543/2114 2181/1545/2116
f 2172/1537/2107 2182/1546/2117 2170/1535/2105
f 2182/1546/2117 2172/1537/2107 2174/1539/2109
f 2183/1547/2118 2180/1544/2115 2181/1545/2116
f 2181/1545/2116 2184/1548/2119 2183/1547/2118
f 2170/1535/2105 2182/1546/2117 2185/1549/2120
f 2170/1535/2105 2185/1549/2120 2146/1513/2081
f 2146/1513/2081 2185/1549/2120 2143/1510/2078
f 2186/1550/2121 2143/1510/2078 2185/1549/2120
f 2138/1505/2073 2143/1510/2078 2186/1550/2121
f 2182/1546/2117 2174/1539/2109 2187/1551/2122
f 2174/1539/2109 2188/1538/2112 2187/1551/2122
f 2189/1552/2123 2185/1549/2120 2182/1546/2117
f 2189/1552/2123 2186/1550/2121 2185/1549/2120
f 2190/1553/2124 2138/1505/2073 2186/1550/2121
f 2138/1505/2073 2190/1553/2124 2140/1507/2075
f 2191/1554/2125 2189/1552/2123 2182/1546/2117
f 2191/1554/2125 2182/1546/2117 2187/1551/2122
f 2189/1552/2123 2192/1555/2126 2186/1550/2121
f 2190/1553/2124 2186/1550/2121 2192/1555/2126
f 2191/1554/2125 2192/1555/2126 2189/1552/2123
f 2190/1553/2124 2193/1556/2127 2140/1507/2075
f 2193/1556/2127 2190/1553/2124 2192/1555/2126
f 2192/1555/2126 2191/1554/2125 2194/1557/2128
f 2192/1555/2126 2194/1557/2128 2193/1556/2127
f 2191/1554/2125 2187/1551/2122 2194/1557/2128
f 2140/1507/2075 2193/1556/2127 2195/1558/2129
f 2194/1557/2128 2195/1558/2129 2193/1556/2127
f 2195/1558/2129 2141/1508/2076 2140/1507/2075
f 2196/1559/2130 2195/1558/2129 2194/1557/2128
f 2195/1558/2129 2196/1559/2130 2141/1508/2076
f 2187/1551/2122 2197/1560/2131 2194/1557/2128
f 2197/1560/2131 2196/1559/2130 2194/1557/2128
f 2197/1560/2131 2187/1551/2122 2180/1544/2115
f 2198/1561/2132 2197/1560/2131 2180/1544/2115
f 2183/1547/2118 2198/1561/2132 2180/1544/2115
f 2196/1559/2130 2197/1560/2131 2199/1562/2133
f 2197/1560/2131 2198/1561/2132 2199/1562/2133
f 2141/1508/2076 2196/1559/2130 2200/1563/2134
f 2196/1559/2130 2199/1562/2133 2200/1563/2134
f 2200/1563/2134 2201/1564/2135 2141/1508/2076
f 2200/1563/2134 2199/1562/2133 2202/1565/2136
f 2200/1563/2134 2202/1565/2136 2201/1564/2135
f 2203/1566/2137 2198/1561/2132 2183/1547/2118
f 2199/1562/2133 2198/1561/2132 2204/1567/2138
f 2198/1561/2132 2203/1566/2137 2204/1567/2138
f 2199/1562/2133 2204/1567/2138 2205/1568/2139
f 2202/1565/2136 2199/1562/2133 2205/1568/2139
f 2206/1569/2140 2203/1566/2137 2183/1547/2118
f 2184/1548/2119 2206/1569/2140 2183/1547/2118
f 2204/1567/2138 2203/1566/2137 2207/1570/2141
f 2204/1567/2138 2207/1570/2141 2205/1568/2139
f 2208/1571/2142 2203/1566/2137 2206/1569/2140
f 2203/1566/2137 2208/1571/2142 2207/1570/2141
f 2206/1569/2140 2184/1548/2119 2209/1572/2143
f 2209/1572/2143 2208/1571/2142 2206/1569/2140
f 2210/1573/2144 2207/1570/2141 2208/1571/2142
f 2210/1573/2144 2208/1571/2142 2209/1572/2143
f 2184/1548/2119 2211/1574/2145 2209/1572/2143
f 2184/1548/2119 2212/1575/2146 2211/1574/2145
f 2213/1576/2147 2211/1574/2145 2212/1575/2146
f 2209/1572/2143 2211/1574/2145 2213/1576/2147
f 2214/1577/2148 2213/1576/2147 2212/1575/2146
f 2215/1578/2149 2213/1576/2147 2214/1577/2148
f 2216/1579/2150 2215/1578/2149 2214/1577/2148
f 2213/1576/2147 2215/1578/2149 2217/1580/2151
f 2218/1581/2152 2209/1572/2143 2213/1576/2147
f 2218/1581/2152 2213/1576/2147 2217/1580/2151
f 2218/1581/2152 2210/1573/2144 2209/1572/2143
f 2219/1582/2153 2218/1581/2152 2217/1580/2151
f 2210/1573/2144 2218/1581/2152 2219/1582/2153
f 2220/1583/2154 2210/1573/2144 2219/1582/2153
f 2220/1583/2154 2221/1584/2155 2210/1573/2144
f 2221/1584/2155 2207/1570/2141 2210/1573/2144
f 2222/1585/2156 2207/1570/2141 2221/1584/2155
f 2222/1585/2156 2205/1568/2139 2207/1570/2141
f 2221/1584/2155 2223/1586/2157 2222/1585/2156
f 2224/1587/2158 2223/1586/2157 2221/1584/2155
f 2225/1583/2159 2224/1587/2158 2221/1584/2155
f 2223/1586/2157 2226/1588/2160 2222/1585/2156
f 2222/1585/2156 2226/1588/2160 2227/1589/2161
f 2226/1588/2160 2228/1590/2162 2227/1589/2161
f 2228/1590/2162 2229/1591/2163 2227/1589/2161
f 2222/1585/2156 2230/1592/2164 2205/1568/2139
f 2227/1589/2161 2230/1592/2164 2222/1585/2156
f 2229/1591/2163 2231/1593/2165 2227/1589/2161
f 2227/1589/2161 2231/1593/2165 2230/1592/2164
f 2231/1593/2165 2229/1591/2163 2232/1594/2166
f 2205/1568/2139 2230/1592/2164 2233/1595/2167
f 2233/1595/2167 2230/1592/2164 2231/1593/2165
f 2233/1595/2167 2202/1565/2136 2205/1568/2139
f 2234/1596/2168 2202/1565/2136 2233/1595/2167
f 2202/1565/2136 2234/1596/2168 2201/1564/2135
f 2235/1597/2169 2231/1593/2165 2232/1594/2166
f 2233/1595/2167 2231/1593/2165 2236/1598/2170
f 2231/1593/2165 2235/1597/2169 2236/1598/2170
f 2237/1599/2171 2235/1597/2169 2232/1594/2166
f 2238/1600/2172 2237/1599/2171 2232/1594/2166
f 2239/1601/2173 2235/1597/2169 2237/1599/2171
f 2235/1597/2169 2239/1601/2173 2236/1598/2170
f 2240/1602/2174 2239/1601/2173 2237/1599/2171
f 2239/1601/2173 2241/1603/2175 2236/1598/2170
f 2241/1603/2175 2242/1604/2176 2236/1598/2170
f 2236/1598/2170 2243/1605/2177 2233/1595/2167
f 2242/1604/2176 2243/1605/2177 2236/1598/2170
f 2243/1605/2177 2234/1596/2168 2233/1595/2167
f 2243/1605/2177 2242/1604/2176 2244/1606/2116
f 2234/1596/2168 2243/1605/2177 2244/1606/2116
f 2244/1606/2116 2245/1607/2178 2234/1596/2168
f 2245/1607/2178 2201/1564/2135 2234/1596/2168
f 2245/1607/2178 2246/1608/2179 2201/1564/2135
f 2201/1564/2135 2246/1608/2179 2247/1609/2180
f 2248/1610/2181 2201/1564/2135 2247/1609/2180
f 2141/1508/2076 2201/1564/2135 2248/1610/2181
f 2247/1609/2180 2246/1608/2179 2249/1611/2182
f 2247/1609/2180 2249/1611/2182 2248/1610/2181
f 2246/1608/2179 2250/1612/2183 2249/1611/2182
f 2248/1610/2181 2251/1613/2184 2141/1508/2076
f 2251/1613/2184 2142/1509/2077 2141/1508/2076
f 2249/1611/2182 2252/1617/2185 2248/1610/2181
f 2248/1610/2181 2252/1617/2185 2251/1613/2184
f 2249/1611/2182 2250/1612/2183 2253/1614/2186
f 2250/1612/2183 2254/1615/2187 2253/1614/2186
f 2252/1617/2185 2249/1611/2182 2255/1618/2188
f 2251/1613/2184 2252/1617/2185 2255/1618/2188
f 2255/1618/2188 2249/1611/2182 2253/1614/2186
f 2256/1619/2189 2253/1614/2186 2254/1615/2187
f 2257/1616/2190 2256/1619/2189 2254/1615/2187
f 2256/1619/2189 2257/1616/2190 2258/1620/2191
f 2259/1621/2192 2255/1618/2188 2253/1614/2186
f 2259/1621/2192 2251/1613/2184 2255/1618/2188
f 2256/1619/2189 2259/1621/2192 2253/1614/2186
f 2251/1613/2184 2260/1622/2193 2142/1509/2077
f 2260/1622/2193 2251/1613/2184 2259/1621/2192
f 2261/1623/2194 2256/1619/2189 2258/1620/2191
f 2261/1623/2194 2258/1620/2191 2262/1624/2195
f 2142/1509/2077 2260/1622/2193 2263/1625/2196
f 2142/1509/2077 2263/1625/2196 2136/1486/2071
f 2264/1626/2197 2260/1622/2193 2259/1621/2192
f 2263/1625/2196 2260/1622/2193 2264/1626/2197
f 2259/1621/2192 2256/1619/2189 2265/1627/2198
f 2256/1619/2189 2261/1623/2194 2265/1627/2198
f 2264/1626/2197 2259/1621/2192 2265/1627/2198
f 2266/1628/2199 2261/1623/2194 2262/1624/2195
f 2265/1627/2198 2261/1623/2194 2266/1628/2199
f 2262/1624/2195 2267/1629/2200 2266/1628/2199
f 2264/1626/2197 2265/1627/2198 2268/1630/2201
f 2268/1630/2201 2263/1625/2196 2264/1626/2197
f 2263/1625/2196 2269/1631/2202 2136/1486/2071
f 2270/1485/2203 2136/1486/2071 2269/1631/2202
f 2271/1639/2204 2270/1485/2203 2269/1631/2202
f 2269/1631/2202 2272/1634/2205 2271/1639/2204
f 2272/1634/2205 2273/1649/2206 2271/1639/2204
f 2273/1649/2206 2272/1634/2205 2274/1647/2207
f 2263/1625/2196 2275/1633/2208 2269/1631/2202
f 2275/1633/2208 2272/1634/2205 2269/1631/2202
f 2268/1630/2201 2276/1632/2209 2263/1625/2196
f 2275/1633/2208 2277/1635/2210 2272/1634/2205
f 2272/1634/2205 2277/1635/2210 2278/1637/2211
f 2279/1636/2212 2276/1632/2209 2268/1630/2201
f 2265/1627/2198 2280/1638/2213 2268/1630/2201
f 2268/1630/2201 2280/1638/2213 2279/1636/2212
f 2280/1638/2213 2265/1627/2198 2266/1628/2199
f 2281/1645/2214 2272/1634/2205 2278/1637/2211
f 2272/1634/2205 2281/1645/2214 2274/1647/2207
f 2278/1637/2211 2282/1646/2215 2281/1645/2214
f 2274/1647/2207 2281/1645/2214 2282/1646/2215
f 2283/1648/2216 2274/1647/2207 2282/1646/2215
f 2280/1638/2213 2284/1643/2217 2279/1636/2212
f 2285/1644/2218 2279/1636/2212 2284/1643/2217
f 2286/1642/2219 2285/1644/2218 2284/1643/2217
f 2266/1628/2199 2287/1640/2220 2280/1638/2213
f 2287/1640/2220 2284/1643/2217 2280/1638/2213
f 2287/1640/2220 2286/1642/2219 2284/1643/2217
f 2267/1629/2200 2287/1640/2220 2266/1628/2199
f 2288/1641/2221 2286/1642/2219 2287/1640/2220
f 2267/1629/2200 2288/1641/2221 2287/1640/2220
f 2292/1648/2222 2291/1646/2223 2289/1636/2224
f 2294/1646/2225 2293/1637/2226 2290/1636/2227
f 2290/1636/2227 2293/1637/2226 2295/1632/2228
f 2293/1637/2226 2296/1635/2229 2295/1632/2228
f 2295/1632/2228 2296/1635/2229 2297/1633/2230
f 2295/1632/2228 2297/1633/2230 2298/1625/2231
f 2300/1538/2232 2299/1544/2233 2187/1551/2234
f 2303/1661/2235 2302/1660/2235 2301/1659/2235
f 2306/1662/2236 2304/1661/2236 2305/1659/2236
f 2309/1275/2237 2308/1276/2238 2307/1663/2239
f 2311/1664/2240 2310/1275/2241 2307/1663/2242
f 2312/1665/2243 2311/1664/2240 2307/1663/2242
f 2311/1664/2240 2312/1665/2243 2313/1666/2244
f 2312/1665/2243 2314/1667/2245 2313/1666/2244
f 2315/1668/2246 2313/1666/2244 2314/1667/2245
f 2313/1666/2244 2315/1668/2246 2316/1669/2247
f 2315/1668/2246 2317/1670/2248 2316/1669/2247
f 2318/1671/2249 2316/1669/2247 2317/1670/2248
f 2322/1252/2250 2321/1254/2251 2319/1253/2252
f 2320/1254/2253 2324/1255/2254 2323/1253/2255
f 2320/1254/2253 2325/1256/2256 2324/1255/2254
f 2326/1257/2257 2325/1256/2256 2320/1254/2253
f 2327/1258/2258 2326/1257/2257 2320/1254/2253
f 2328/1259/2259 2326/1257/2257 2327/1258/2258
f 2327/1258/2258 2329/1260/2260 2328/1259/2259
f 2329/1260/2260 2330/1261/2261 2328/1259/2259
f 2329/1260/2260 2331/1262/2262 2330/1261/2261
f 2334/1263/2263 2333/1265/2264 2332/1264/2265
f 2336/1265/2266 2335/1266/2267 2332/1264/2268
f 2337/1267/2269 2332/1264/2268 2335/1266/2267
f 2332/1264/2268 2337/1267/2269 2338/1268/2270
f 2339/1269/2271 2332/1264/2268 2338/1268/2270
f 2340/1270/2272 2339/1269/2271 2338/1268/2270
f 2340/1270/2272 2341/1271/2273 2339/1269/2271
f 2341/1271/2273 2342/1272/2274 2339/1269/2271
f 2343/1273/2275 2342/1272/2274 2341/1271/2273
s 0
f 2346/1275/2276 2345/1274/2276 2344/1276/2276
s 1
f 2349/1253/2277 2348/1277/2277 2347/1252/2277
f 2352/1265/2278 2351/1263/2278 2350/1278/2278
f 2355/1672/2279 2354/1673/2279 2353/1674/2280
f 2357/1675/2281 2355/1672/2279 2356/1674/2282
f 2356/1674/2282 2358/1676/2283 2357/1675/2281
f 2358/1676/2283 2359/1677/2284 2357/1675/2281
f 2359/1677/2284 2358/1676/2283 2360/1678/2285
f 2358/1676/2283 2361/1679/2286 2360/1678/2285
f 2360/1678/2285 2361/1679/2286 2362/1680/2287
f 2361/1679/2286 2363/1681/2288 2362/1680/2287
f 2364/1682/2289 2362/1680/2287 2363/1681/2288
f 2365/1683/2290 2364/1682/2289 2363/1681/2288
f 2366/1684/2291 2364/1682/2289 2365/1683/2290
f 2367/1685/2292 2366/1684/2291 2365/1683/2290
f 2366/1684/2291 2367/1685/2292 2368/1686/2293
f 2367/1685/2292 2369/1687/2294 2368/1686/2293
f 2369/1687/2294 2370/1688/2295 2368/1686/2293
f 2370/1688/2295 2371/1689/2296 2368/1686/2293
f 2371/1689/2296 2370/1688/2295 2372/1690/2297
f 2373/1691/2298 2371/1689/2296 2372/1690/2297
f 2373/1691/2298 2372/1690/2297 2374/1692/2299
f 2375/1693/2300 2373/1691/2298 2374/1692/2299
f 2375/1693/2300 2374/1692/2299 2376/1694/2301
f 2377/1695/2302 2375/1693/2300 2376/1694/2301
f 2377/1695/2302 2376/1694/2301 2378/1696/2303
f 2379/1697/2304 2377/1695/2302 2378/1696/2303
f 2382/1698/2305 2381/1699/2305 2380/1700/2306
f 2384/1699/2305 2383/1701/2307 2380/1700/2308
f 2380/1700/2308 2383/1701/2307 2385/1702/2309
f 2383/1701/2307 2386/1703/2310 2385/1702/2309
f 2385/1702/2309 2386/1703/2310 2387/1704/2311
f 2386/1703/2310 2388/1705/2312 2387/1704/2311
f 2389/1706/2313 2387/1704/2311 2388/1705/2312
f 2390/1707/2314 2389/1706/2313 2388/1705/2312
f 2391/1708/2315 2389/1706/2313 2390/1707/2314
f 2392/1709/2316 2391/1708/2315 2390/1707/2314
f 2391/1708/2315 2392/1709/2316 2393/1710/2317
f 2392/1709/2316 2394/1711/2318 2393/1710/2317
f 2393/1710/2317 2394/1711/2318 2395/1712/2319
f 2394/1711/2318 2396/1713/2320 2395/1712/2319
f 2395/1712/2319 2396/1713/2320 2397/1714/2321
f 2398/1715/2322 2395/1712/2319 2397/1714/2321
f 2398/1715/2322 2397/1714/2321 2399/1716/2323
f 2400/1717/2324 2398/1715/2322 2399/1716/2323
f 2399/1716/2323 2401/1718/2325 2400/1717/2324
f 2401/1718/2325 2402/1719/2326 2400/1717/2324
f 2402/1719/2326 2401/1718/2325 2403/1720/2327
f 2404/1721/2327 2402/1719/2326 2403/1720/2327
f 2407/1722/2328 2406/1723/2329 2405/1724/2330
f 2409/1722/2331 2408/1725/2332 2406/1723/2333
f 2408/1725/2332 2409/1722/2331 2410/1726/2334
f 2411/1727/2335 2408/1725/2332 2410/1726/2334
f 2408/1725/2332 2411/1727/2335 2412/1723/2336
f 2411/1727/2335 2410/1726/2334 2413/1728/2337
f 2411/1727/2335 2413/1728/2337 2414/1729/2338
f 2411/1727/2335 2414/1729/2338 2415/1730/2339
f 2418/1731/2340 2417/1732/2341 2416/1733/2342
f 2421/1723/2343 2420/1722/2344 2419/1724/2345
f 2423/1725/2346 2422/1722/2347 2421/1723/2348
f 2422/1722/2347 2423/1725/2346 2424/1726/2349
f 2423/1725/2346 2425/1727/2350 2424/1726/2349
f 2425/1727/2350 2423/1725/2346 2426/1723/2351
f 2424/1726/2349 2425/1727/2350 2427/1728/2352
f 2427/1728/2352 2425/1727/2350 2428/1729/2353
f 2428/1729/2353 2425/1727/2350 2429/1730/2354
f 2432/1732/2355 2431/1731/2356 2430/1733/2357
f 2435/1734/2358 2434/1051/2359 2433/1735/2360
f 2433/1735/2361 2437/1051/2362 2436/1736/2363
f 2437/1051/2362 2438/1737/2364 2436/1736/2363
f 2439/1738/2365 2437/1051/2366 2435/1734/2358
f 2441/1739/2367 1347/1051/2368 2439/1738/2369
f 2443/1740/2370 2442/1051/2371 2440/1739/2372
f 1346/1050/2373 2442/1051/2371 2443/1740/2370
f 1430/880/1400 2445/878/2374 2444/879/2375
f 1430/880/1400 2444/879/2375 1451/883/1421
f 2446/884/2376 1451/883/1421 2444/879/2375
f 1451/883/1421 2446/884/2376 1452/887/1422
f 2447/890/2377 1452/887/1422 2446/884/2376
f 2448/892/2378 2447/890/2377 2446/884/2376
f 2449/1741/2379 2447/890/2377 2448/892/2378
f 2450/882/2380 2446/884/2376 2444/879/2375
f 2448/892/2378 2446/884/2376 2450/882/2380
f 2451/896/2381 2449/1741/2379 2448/892/2378
f 2448/892/2378 2450/882/2380 2451/896/2381
f 2452/897/2382 2449/1741/2379 2451/896/2381
f 2444/879/2375 1429/876/1399 2450/882/2380
f 2453/878/2383 1429/876/1399 2444/879/2375
f 2454/877/2384 1429/876/1399 2453/878/2383
f 2450/882/2380 1429/876/1399 1431/1094/1401
f 2450/882/2380 1431/1094/1401 2451/896/2381
f 2451/896/2381 1431/1094/1401 1432/1095/1402
f 1432/1095/1402 2452/897/2382 2451/896/2381
f 1432/1095/1402 2455/946/2385 2452/897/2382
f 2455/946/2385 2456/947/2386 2452/897/2382
f 1423/1093/1393 2455/946/2385 1432/1095/1402
f 2457/945/2387 2456/947/2386 2455/946/2385
f 1423/1093/1393 2458/944/2388 2455/946/2385
f 2458/944/2388 2457/945/2387 2455/946/2385
f 1415/1092/1385 2458/944/2388 1423/1093/1393
f 2457/945/2387 2458/944/2388 2459/1742/2389
f 2458/944/2388 1415/1092/1385 2459/1742/2389
f 2460/937/2390 2459/1742/2389 1415/1092/1385
f 2463/1743/2391 2462/925/2392 2461/926/2393
f 2464/1744/2394 2463/1743/2391 2461/926/2393
f 2461/926/2393 2465/928/2395 2464/1744/2394
f 2465/928/2395 2466/1745/2396 2464/1744/2394
f 2466/1745/2396 2465/928/2395 2468/933/2397
f 2470/1038/2398 2467/1745/2399 2469/933/2400
f 2469/933/2400 2471/935/2401 2470/1038/2398
f 2473/935/2402 2472/1039/2403 2470/1038/2404
f 2475/936/2405 2474/1040/2405 2472/1039/2406
f 2476/935/2407 2475/936/2405 2472/1039/2406
f 2479/1746/2408 2478/1101/2409 2477/1747/2410
f 2480/1748/2411 2479/1746/2408 2477/1747/2410
f 2481/1749/2412 2479/1746/2408 2480/1748/2411
f 2480/1748/2411 2477/1747/2410 2482/1750/2413
f 2477/1747/2410 2483/1751/2414 2482/1750/2413
f 2483/1751/2414 2477/1747/2410 2484/1101/2409
f 2485/1100/2415 2483/1751/2414 2484/1101/2409
f 2483/1751/2414 2486/1752/2416 2482/1750/2413
f 2486/1752/2416 2487/1753/2417 2482/1750/2413
f 2487/1753/2417 2488/1754/2418 2482/1750/2413
f 2487/1753/2417 2489/1755/2419 2488/1754/2418
f 2490/1756/2420 2480/1748/2411 2482/1750/2413
f 2490/1756/2420 2482/1750/2413 2488/1754/2418
f 2489/1755/2419 2491/1757/2421 2488/1754/2418
f 2489/1755/2419 2492/1758/2422 2491/1757/2421
f 2493/1759/2423 2490/1756/2420 2488/1754/2418
f 2493/1759/2423 2488/1754/2418 2491/1757/2421
f 2494/1760/2424 2493/1759/2423 2491/1757/2421
f 2495/1761/2425 2494/1760/2424 2491/1757/2421
f 2496/1762/2426 2480/1748/2411 2490/1756/2420
f 2497/1763/2427 2496/1762/2426 2490/1756/2420
f 2496/1762/2426 2481/1749/2412 2480/1748/2411
f 2492/1758/2422 2498/1764/2428 2491/1757/2421
f 2498/1764/2428 2495/1761/2425 2491/1757/2421
f 2498/1764/2428 2492/1758/2422 2499/1765/2429
f 2500/1766/2430 2496/1762/2426 2497/1763/2427
f 2496/1762/2426 2500/1766/2430 2481/1749/2412
f 2501/1767/2431 2500/1766/2430 2497/1763/2427
f 2495/1761/2425 2502/1768/2432 2501/1767/2431
f 2502/1768/2432 2495/1761/2425 2498/1764/2428
f 2502/1768/2432 2500/1766/2430 2501/1767/2431
f 2503/1769/2433 2498/1764/2428 2499/1765/2429
f 2502/1768/2432 2498/1764/2428 2503/1769/2433
f 2499/1765/2429 2504/1770/2434 2503/1769/2433
f 2504/1770/2434 2505/1771/2435 2503/1769/2433
f 2506/1772/2436 2502/1768/2432 2503/1769/2433
f 2507/1771/2437 2506/1772/2436 2503/1769/2433
f 2506/1772/2436 2507/1771/2437 2508/1773/2438
f 2509/1774/2439 2500/1766/2430 2502/1768/2432
f 2509/1774/2439 2502/1768/2432 2506/1772/2436
f 2510/1775/2440 2506/1772/2436 2508/1773/2438
f 2509/1774/2439 2506/1772/2436 2510/1775/2440
f 2508/1773/2438 2511/1113/2441 2510/1775/2440
f 2512/1776/2442 2500/1766/2430 2509/1774/2439
f 2500/1766/2430 2512/1776/2442 2481/1749/2412
f 2509/1774/2439 2510/1775/2440 2513/1777/2443
f 2513/1777/2443 2512/1776/2442 2509/1774/2439
f 2511/1113/2441 2514/1778/2444 2510/1775/2440
f 2514/1778/2444 2511/1113/2441 2515/1112/2445
f 2516/1779/2446 2513/1777/2443 2510/1775/2440
f 2512/1776/2442 2513/1777/2443 2516/1779/2446
f 2516/1779/2446 2510/1775/2440 2514/1778/2444
f 2514/1778/2444 2515/1112/2445 2517/1780/2447
f 2517/1780/2447 2516/1779/2446 2514/1778/2444
f 2515/1112/2445 2518/1110/2448 2517/1780/2447
f 2519/1781/2449 2512/1776/2442 2516/1779/2446
f 2481/1749/2412 2512/1776/2442 2519/1781/2449
f 2519/1781/2449 2516/1779/2446 2517/1780/2447
f 2520/1122/2450 2517/1780/2447 2518/1110/2448
f 2518/1110/2448 2521/1108/2451 2520/1122/2450
f 2520/1122/2450 2522/1120/2452 2517/1780/2447
f 2522/1120/2452 2519/1781/2449 2517/1780/2447
f 2521/1108/2451 2523/1782/2453 2520/1122/2450
f 2523/1782/2453 2521/1108/2451 2524/1106/2454
f 2525/1783/2455 2523/1782/2453 2524/1106/2454
f 2526/1116/2456 2525/1783/2455 2524/1106/2454
f 2519/1781/2449 2522/1120/2452 2527/1117/2457
f 2528/1104/2458 2526/1116/2456 2524/1106/2454
f 2529/1784/2459 2519/1781/2449 2527/1117/2457
f 2529/1784/2459 2481/1749/2412 2519/1781/2449
f 2527/1117/2457 2526/1116/2456 2529/1784/2459
f 2526/1116/2456 2528/1104/2458 2530/1785/2460
f 2526/1116/2456 2530/1785/2460 2529/1784/2459
f 2481/1749/2412 2529/1784/2459 2530/1785/2460
f 2528/1104/2458 2531/1102/2461 2530/1785/2460
f 2479/1746/2408 2481/1749/2412 2530/1785/2460
f 2479/1746/2408 2530/1785/2460 2531/1102/2461
f 2532/1101/2462 2479/1746/2408 2531/1102/2461
f 2535/1786/2463 2534/1773/2464 2533/1771/2465
f 2536/1770/2465 2535/1786/2463 2533/1771/2465
f 2539/1786/2466 2538/1114/2467 2537/1113/2468
f 2540/1773/2469 2539/1786/2466 2537/1113/2468
f 2543/1116/2470 2542/1115/2471 2541/1783/2472
f 2542/1115/2471 2544/1787/2473 2541/1783/2472
f 2544/1787/2473 2545/1788/2474 2541/1783/2472
f 2545/1788/2474 2546/1782/2475 2541/1783/2472
f 2545/1788/2474 2547/1121/2476 2546/1782/2475
f 2547/1121/2476 2548/1122/2477 2546/1782/2475
f 2551/1789/2478 2550/1761/2479 2549/1767/2480
f 2552/1790/2481 2551/1789/2478 2549/1767/2480
f 2552/1790/2481 2549/1767/2480 2553/1763/2482
f 2554/1791/2483 2552/1790/2481 2553/1763/2482
f 2554/1791/2483 2553/1763/2482 2555/1792/2484
f 2553/1763/2482 2556/1756/2485 2555/1792/2484
f 2559/1792/2486 2558/1756/2486 2557/1759/2487
f 2560/1793/2488 2559/1792/2486 2557/1759/2487
f 2560/1793/2488 2557/1759/2487 2561/1760/2489
f 2562/1794/2490 2560/1793/2488 2561/1760/2489
f 2562/1794/2490 2561/1760/2489 2563/1789/2491
f 2561/1760/2489 2564/1761/2492 2563/1789/2491
f 2567/1795/2493 2566/1796/2494 2565/1797/2495
f 2568/1798/2496 2566/1796/2494 2567/1795/2493
f 2571/1799/2497 2570/1796/2498 2569/1798/2499
f 2572/1800/2500 2570/1796/2498 2571/1799/2497
f 2575/1157/2501 2574/1160/2502 2573/1155/2503
f 2573/1155/2503 2574/1160/2502 2576/1801/2504
f 2577/1151/2505 2573/1155/2503 2576/1801/2504
f 2574/1160/2502 2578/1802/2506 2576/1801/2504
f 2574/1160/2502 2579/1161/2507 2578/1802/2506
f 2578/1802/2506 2579/1161/2507 2580/1164/2508
f 2581/1803/2509 2578/1802/2506 2580/1164/2508
f 2576/1801/2504 2578/1802/2506 2581/1803/2509
f 2580/1164/2508 2582/1165/2510 2581/1803/2509
f 2576/1801/2504 2583/1804/2511 2577/1151/2505
f 2583/1804/2511 2576/1801/2504 2581/1803/2509
f 2583/1804/2511 2584/1148/2512 2577/1151/2505
f 2582/1165/2510 2585/1805/2513 2581/1803/2509
f 2581/1803/2509 2585/1805/2513 2583/1804/2511
f 2584/1148/2512 2583/1804/2511 2586/1806/2514
f 2585/1805/2513 2586/1806/2514 2583/1804/2511
f 2587/1146/2515 2584/1148/2512 2586/1806/2514
f 2585/1805/2513 2582/1165/2510 2588/1807/2516
f 2585/1805/2513 2588/1807/2516 2586/1806/2514
f 2582/1165/2510 2589/1168/2517 2588/1807/2516
f 2588/1807/2516 2590/1808/2518 2586/1806/2514
f 2591/1146/2519 2586/1806/2514 2590/1808/2518
f 2592/1809/2520 2587/1146/2521 2590/1808/2518
f 2592/1809/2520 2593/1144/2522 2587/1146/2521
f 2593/1144/2522 2592/1809/2520 2594/1810/2523
f 2595/1142/2524 2593/1144/2522 2594/1810/2523
f 2595/1142/2524 2594/1810/2523 2596/1143/2525
f 2594/1810/2523 2597/1811/2526 2596/1143/2525
f 2598/1812/2527 2597/1811/2526 2594/1810/2523
f 2599/1813/2528 2592/1809/2520 2590/1808/2518
f 2594/1810/2523 2592/1809/2520 2599/1813/2528
f 2600/1814/2529 2590/1808/2518 2588/1807/2516
f 2599/1813/2528 2590/1808/2518 2600/1814/2529
f 2588/1807/2516 2589/1168/2517 2601/1815/2530
f 2601/1815/2530 2600/1814/2529 2588/1807/2516
f 2602/1816/2531 2598/1812/2527 2594/1810/2523
f 2602/1816/2531 2594/1810/2523 2599/1813/2528
f 2602/1816/2531 2603/1817/2532 2598/1812/2527
f 2602/1816/2531 2599/1813/2528 2603/1817/2532
f 2603/1817/2532 2604/1818/2533 2598/1812/2527
f 2599/1813/2528 2605/1819/2534 2603/1817/2532
f 2599/1813/2528 2600/1814/2529 2605/1819/2534
f 2600/1814/2529 2606/1820/2535 2605/1819/2534
f 2606/1820/2535 2600/1814/2529 2607/1821/2536
f 2600/1814/2529 2601/1815/2530 2607/1821/2536
f 2608/1822/2537 2606/1820/2535 2607/1821/2536
f 2589/1168/2517 2609/1823/2538 2601/1815/2530
f 2589/1168/2517 2610/1167/2539 2609/1823/2538
f 2610/1167/2539 2611/1824/2540 2609/1823/2538
f 2601/1815/2530 2612/1825/2541 2607/1821/2536
f 2609/1823/2538 2612/1825/2541 2601/1815/2530
f 2608/1822/2537 2607/1821/2536 2613/1826/2542
f 2612/1825/2541 2613/1826/2542 2607/1821/2536
f 2612/1825/2541 2609/1823/2538 2613/1826/2542
f 2613/1826/2542 2609/1823/2538 2611/1824/2540
f 2614/1827/2543 2608/1822/2537 2613/1826/2542
f 2614/1827/2543 2613/1826/2542 2611/1824/2540
f 2617/1124/2544 2616/1123/2545 2615/1828/2546
f 2618/1829/2547 2617/1124/2544 2615/1828/2546
f 2618/1829/2547 2619/1127/2548 2617/1124/2544
f 2618/1829/2547 2615/1828/2546 2620/1830/2549
f 2621/1129/2550 2619/1127/2548 2618/1829/2547
f 2622/1831/2551 2618/1829/2547 2620/1830/2549
f 2622/1831/2551 2621/1129/2550 2618/1829/2547
f 2622/1831/2551 2620/1830/2549 2623/1832/2552
f 2622/1831/2551 2624/1132/2553 2621/1129/2550
f 2625/1833/2554 2622/1831/2551 2623/1832/2552
f 2624/1132/2553 2622/1831/2551 2625/1833/2554
f 2626/1149/2555 2624/1132/2553 2625/1833/2554
f 2623/1832/2552 2627/1834/2556 2625/1833/2554
f 2626/1149/2555 2625/1833/2554 2628/1152/2557
f 2627/1834/2556 2629/1835/2558 2625/1833/2554
f 2625/1833/2554 2629/1835/2558 2628/1152/2557
f 2630/1154/2559 2628/1152/2557 2629/1835/2558
f 2627/1834/2556 2631/1836/2560 2629/1835/2558
f 2632/1837/2561 2630/1154/2559 2629/1835/2558
f 2631/1836/2560 2632/1837/2561 2629/1835/2558
f 2632/1837/2561 2633/1156/2562 2630/1154/2559
f 2632/1837/2561 2631/1836/2560 2633/1156/2562
f 2631/1836/2560 2634/1838/2563 2633/1156/2562
f 2633/1156/2562 2634/1838/2563 2635/1157/2564
f 2634/1838/2563 2636/1158/2565 2635/1157/2564
f 2639/1839/2566 2638/1139/2567 2637/1140/2567
f 2640/1143/2568 2639/1839/2566 2637/1140/2567
f 2640/1143/2568 2641/1811/2569 2639/1839/2566
f 2641/1811/2569 2642/1840/2570 2639/1839/2566
f 2642/1840/2570 2641/1811/2569 2643/1812/2571
f 2644/1818/2571 2642/1840/2570 2643/1812/2571
f 2647/1841/2572 2646/1842/2573 2645/1843/2574
f 2648/1844/2575 2647/1841/2572 2645/1843/2574
f 2648/1844/2575 2649/1845/2576 2647/1841/2572
f 2652/1846/2577 2651/1847/2578 2650/1848/2577
f 2651/1847/2578 2653/1849/2579 2650/1848/2577
f 2653/1849/2579 2651/1847/2578 2654/1850/2580
f 2657/1842/2581 2656/1846/2582 2655/1843/2583
f 2656/1846/2582 2658/1848/2584 2655/1843/2583
f 2658/1848/2584 2659/1851/2585 2655/1843/2583
f 2659/1851/2585 2660/1852/2586 2655/1843/2583
f 2660/1852/2586 2659/1851/2585 2661/1853/2587
f 2659/1851/2585 2662/1854/1504 2661/1853/2587
f 2661/1853/2587 2662/1854/1504 2663/1855/2588
f 2664/1856/2560 2661/1853/2587 2663/1855/2588
f 2663/1855/2588 2665/1857/1498 2664/1856/2560
f 2665/1857/1498 2666/1858/2589 2664/1856/2560
f 2666/1858/2589 2665/1857/1498 2667/1859/2590
f 2670/1860/2591 2669/1861/2592 2668/1862/2593
f 2669/1861/2592 2671/1863/2594 2668/1862/2593
f 2671/1863/2594 2672/1864/2595 2668/1862/2593
f 2672/1864/2595 2673/1865/2596 2668/1862/2593
f 2671/1863/2594 2669/1861/2592 2674/1866/2597
f 2669/1861/2592 2675/1867/2598 2674/1866/2597
f 2676/1868/2599 2674/1866/2597 2675/1867/2598
f 2677/1869/2600 2674/1866/2597 2676/1868/2599
f 2673/1865/2596 2672/1864/2595 2678/1870/2601
f 2679/1871/2602 2673/1865/2596 2678/1870/2601
f 2680/1872/2603 2678/1870/2601 2672/1864/2595
f 2672/1864/2595 2671/1863/2594 2681/1873/2604
f 2680/1872/2603 2672/1864/2595 2681/1873/2604
f 2681/1873/2604 2671/1863/2594 2674/1866/2597
f 2681/1873/2604 2682/1874/2605 2680/1872/2603
f 2683/1875/2606 2674/1866/2597 2677/1869/2600
f 2681/1873/2604 2674/1866/2597 2683/1875/2606
f 2683/1875/2606 2682/1874/2605 2681/1873/2604
f 2684/1876/2607 2683/1875/2606 2677/1869/2600
f 2683/1875/2606 2684/1876/2607 2685/1877/2608
f 2686/1878/2609 2683/1875/2606 2685/1877/2608
f 2683/1875/2606 2686/1878/2609 2682/1874/2605
f 2687/1879/2610 2686/1878/2609 2685/1877/2608
f 2686/1878/2609 2688/1880/2611 2682/1874/2605
f 2687/1879/2610 2688/1880/2611 2686/1878/2609
f 2689/1881/2612 2682/1874/2605 2688/1880/2611
f 2690/1882/2613 2689/1881/2612 2688/1880/2611
f 2689/1881/2612 2690/1882/2613 2691/1883/2614
f 2692/1884/2615 2688/1880/2611 2687/1879/2610
f 2692/1884/2615 2690/1882/2613 2688/1880/2611
f 2691/1883/2614 2690/1882/2613 2693/1885/2616
f 2693/1885/2616 2694/1886/2617 2691/1883/2614
f 2690/1882/2613 2695/1887/2618 2693/1885/2616
f 2695/1887/2618 2690/1882/2613 2692/1884/2615
f 2696/1888/2619 2692/1884/2615 2687/1879/2610
f 2697/1889/2620 2696/1888/2619 2687/1879/2610
f 2694/1886/2617 2693/1885/2616 2698/1890/2621
f 2693/1885/2616 2695/1887/2618 2698/1890/2621
f 2699/1891/2622 2692/1884/2615 2696/1888/2619
f 2699/1891/2622 2695/1887/2618 2692/1884/2615
f 2696/1888/2619 2697/1889/2620 2700/1892/2623
f 2700/1892/2623 2699/1891/2622 2696/1888/2619
f 2697/1889/2620 2701/1893/2624 2700/1892/2623
f 2701/1893/2624 2702/1894/2625 2700/1892/2623
f 2702/1894/2625 2703/1895/2626 2700/1892/2623
f 2700/1892/2623 2703/1895/2626 2699/1891/2622
f 2703/1895/2626 2702/1894/2625 2704/1896/2627
f 2695/1887/2618 2699/1891/2622 2705/1897/2628
f 2703/1895/2626 2705/1897/2628 2699/1891/2622
f 2704/1896/2627 2706/1898/2629 2703/1895/2626
f 2703/1895/2626 2706/1898/2629 2705/1897/2628
f 2707/1899/2630 2706/1898/2629 2704/1896/2627
f 2705/1897/2628 2706/1898/2629 2708/1900/2631
f 2709/1901/2632 2695/1887/2618 2705/1897/2628
f 2709/1901/2632 2705/1897/2628 2708/1900/2631
f 2695/1887/2618 2709/1901/2632 2698/1890/2621
f 2698/1890/2621 2709/1901/2632 2708/1900/2631
f 2710/1902/2633 2698/1890/2621 2708/1900/2631
f 2711/1903/2634 2698/1890/2621 2710/1902/2633
f 2711/1903/2634 2694/1886/2617 2698/1890/2621
f 2712/1904/2635 2711/1903/2634 2710/1902/2633
f 2713/1905/2636 2694/1886/2617 2711/1903/2634
f 2714/1906/2637 2711/1903/2634 2712/1904/2635
f 2714/1906/2637 2713/1905/2636 2711/1903/2634
f 2715/1907/2638 2714/1906/2637 2712/1904/2635
f 2713/1905/2636 2714/1906/2637 2716/1908/2639
f 2714/1906/2637 2715/1907/2638 2716/1908/2639
f 2715/1907/2638 2717/1909/2640 2716/1908/2639
f 2716/1908/2639 2717/1909/2640 2718/1910/2641
f 2719/1911/2642 2713/1905/2636 2716/1908/2639
f 2720/1912/2643 2716/1908/2639 2718/1910/2641
f 2719/1911/2642 2716/1908/2639 2720/1912/2643
f 2721/1913/2644 2719/1911/2642 2720/1912/2643
f 2720/1912/2643 2722/1914/2645 2721/1913/2644
f 2722/1914/2645 2723/1915/2646 2721/1913/2644
f 2724/1916/2647 2721/1913/2644 2723/1915/2646
f 2723/1915/2646 2722/1914/2645 2725/1917/2648
f 2726/1918/2649 2724/1916/2647 2723/1915/2646
f 2724/1916/2647 2726/1918/2649 2727/1919/2650
f 2728/1920/2651 2723/1915/2646 2725/1917/2648
f 2723/1915/2646 2728/1920/2651 2726/1918/2649
f 2725/1917/2648 2729/1921/2652 2728/1920/2651
f 2729/1921/2652 2730/1922/2653 2728/1920/2651
f 2731/1923/2654 2728/1920/2651 2730/1922/2653
f 2728/1920/2651 2731/1923/2654 2726/1918/2649
f 2732/1924/2655 2731/1923/2654 2730/1922/2653
f 2733/1925/2656 2726/1918/2649 2731/1923/2654
f 2726/1918/2649 2733/1925/2656 2727/1919/2650
f 2733/1925/2656 2734/1926/2657 2727/1919/2650
f 2734/1926/2657 2733/1925/2656 2735/1927/2658
f 2736/1928/2659 2727/1919/2650 2734/1926/2657
f 2737/1929/2660 2734/1926/2657 2735/1927/2658
f 2736/1928/2659 2734/1926/2657 2737/1929/2660
f 2738/1930/2661 2736/1928/2659 2737/1929/2660
f 2741/1931/2662 2740/1899/2663 2739/1896/2664
f 2742/1932/2665 2741/1931/2662 2739/1896/2664
f 2739/1896/2664 2743/1894/2666 2742/1932/2665
f 2743/1894/2666 2744/1933/2667 2742/1932/2665
f 2743/1894/2666 2745/1893/2668 2744/1933/2667
f 2745/1893/2668 2746/1934/2668 2744/1933/2667
f 2749/1934/2669 2748/1893/2670 2747/1935/2671
f 2748/1893/2670 2750/1889/2672 2747/1935/2671
f 2751/1936/2673 2747/1935/2671 2750/1889/2672
f 2752/1879/2674 2751/1936/2673 2750/1889/2672
f 2755/1937/2675 2754/1938/2676 2753/1939/2677
f 2754/1938/2676 2756/1940/2678 2753/1939/2677
f 2757/1941/2679 2753/1939/2677 2756/1940/2678
f 2758/1942/2680 2757/1941/2679 2756/1940/2678
f 2757/1941/2679 2758/1942/2680 2759/1943/2681
f 2760/1944/2681 2757/1941/2679 2759/1943/2681
f 2763/1944/2682 2762/1943/2683 2761/1945/2684
f 2764/1946/2685 2763/1944/2682 2761/1945/2684
f 2765/1174/2686 2764/1946/2685 2761/1945/2684
f 2766/1175/2686 2765/1174/2686 2761/1945/2684
f 2769/1947/2687 2768/1948/2688 2767/1860/2689
f 2768/1948/2688 2770/1861/2690 2767/1860/2689
f 2771/1867/2691 2770/1861/2690 2768/1948/2688
f 2772/1949/2692 2771/1867/2691 2768/1948/2688
f 2771/1867/2691 2772/1949/2692 2773/1868/2693
f 2772/1949/2692 2774/1950/2694 2773/1868/2693
f 2777/1951/2695 2776/1869/2696 2775/1868/2695
f 2778/1950/2697 2777/1951/2695 2775/1868/2695
f 2781/1169/2698 2780/1172/2698 2779/1952/2699
f 2782/1953/2700 2781/1169/2698 2779/1952/2699
f 2779/1952/2699 2783/1954/2701 2782/1953/2700
f 2783/1954/2701 2784/1955/2702 2782/1953/2700
f 2787/1171/2703 2786/1170/2704 2785/1173/2704
f 2788/1176/2705 2787/1171/2703 2785/1173/2704
f 2791/1879/2706 2790/1877/2707 2789/1936/2708
f 2790/1877/2707 2792/1956/2709 2789/1936/2708
f 2790/1877/2707 2793/1876/2710 2792/1956/2709
f 2793/1876/2710 2794/1957/2711 2792/1956/2709
f 2797/1951/2712 2796/1957/2712 2795/1876/2712
f 2798/1869/2713 2797/1951/2712 2795/1876/2712
f 2801/1958/2714 2800/1959/2715 2799/1960/2716
f 2800/1959/2715 2802/1961/2717 2799/1960/2716
f 2802/1961/2717 2803/1962/2718 2799/1960/2716
f 2803/1962/2718 2804/1963/2719 2799/1960/2716
f 2804/1963/2719 2803/1962/2718 2805/1964/2720
f 2806/1965/2721 2804/1963/2719 2805/1964/2720
f 2807/1966/2722 2806/1965/2721 2805/1964/2720
f 2807/1966/2722 2805/1964/2720 2808/1967/2723
f 2807/1966/2722 2808/1967/2723 2809/1968/2724
f 2808/1967/2723 2810/1969/2725 2809/1968/2724
f 2809/1968/2724 2810/1969/2725 2811/1970/2726
f 2810/1969/2725 2812/1971/2727 2811/1970/2726
f 2810/1969/2725 2808/1967/2723 2812/1971/2727
f 2808/1967/2723 2813/1972/2728 2812/1971/2727
f 2813/1972/2728 2808/1967/2723 2805/1964/2720
f 2813/1972/2728 2814/1973/2729 2812/1971/2727
f 2815/1974/2730 2813/1972/2728 2805/1964/2720
f 2815/1974/2730 2814/1973/2729 2813/1972/2728
f 2815/1974/2730 2805/1964/2720 2803/1962/2718
f 2816/1975/2731 2814/1973/2729 2815/1974/2730
f 2817/1976/2732 2815/1974/2730 2803/1962/2718
f 2817/1976/2732 2816/1975/2731 2815/1974/2730
f 2803/1962/2718 2802/1961/2717 2817/1976/2732
f 2817/1976/2732 2818/1177/2733 2816/1975/2731
f 2802/1961/2717 2819/1977/2734 2817/1976/2732
f 2818/1177/2733 2817/1976/2732 2819/1977/2734
f 2819/1977/2734 2820/1178/2735 2818/1177/2733
f 2821/1182/2736 2820/1178/2735 2819/1977/2734
f 2819/1977/2734 2802/1961/2717 2800/1959/2715
f 2821/1182/2736 2819/1977/2734 2800/1959/2715
f 2822/1184/2737 2821/1182/2736 2800/1959/2715
f 2823/1978/2738 2822/1184/2737 2800/1959/2715
f 2824/1185/2739 2822/1184/2737 2823/1978/2738
f 2827/1971/2740 2826/1979/2741 2825/1970/2742
f 2827/1971/2740 2828/1973/2743 2826/1979/2741
f 2828/1973/2743 2829/1980/2744 2826/1979/2741
f 2828/1973/2743 2830/1975/2745 2829/1980/2744
f 2830/1975/2745 2831/1981/2746 2829/1980/2744
f 2830/1975/2745 2832/1177/2747 2831/1981/2746
f 2832/1177/2747 2833/1179/2748 2831/1981/2746
f 2836/1982/2749 2835/1983/2750 2834/1984/2751
f 2837/1985/2752 2834/1984/2751 2835/1983/2750
f 2838/1986/2753 2837/1985/2752 2835/1983/2750
f 2839/1987/2754 2837/1985/2752 2838/1986/2753
f 2840/1988/2755 2839/1987/2754 2838/1986/2753
f 2841/1989/2756 2839/1987/2754 2840/1988/2755
f 2842/1990/2757 2841/1989/2756 2840/1988/2755
f 2845/1991/2758 2844/1992/2759 2843/1993/2760
f 2845/1991/2758 2846/1994/2761 2844/1992/2759
f 2849/1188/2762 2848/1187/2763 2847/1995/2764
f 2847/1995/2764 2848/1187/2763 2850/1996/2765
f 2847/1995/2764 2850/1996/2765 2851/1997/2766
f 2852/1188/2767 2847/1995/2764 2851/1997/2766
f 2853/1189/2768 2852/1188/2767 2851/1997/2766
f 2848/1187/2763 2854/1998/2769 2850/1996/2765
f 2848/1187/2763 2855/1999/2770 2854/1998/2769
f 2855/1999/2770 2848/1187/2763 2856/1186/2771
f 2850/1996/2765 2857/2000/2772 2851/1997/2766
f 2854/1998/2769 2858/2001/2773 2850/1996/2765
f 2858/2001/2773 2857/2000/2772 2850/1996/2765
f 2859/2002/2774 2858/2001/2773 2854/1998/2769
f 2855/1999/2770 2860/2003/2775 2854/1998/2769
f 2859/2002/2774 2854/1998/2769 2860/2003/2775
f 2861/2004/2776 2855/1999/2770 2856/1186/2771
f 2860/2003/2775 2855/1999/2770 2862/2005/2777
f 2862/2005/2777 2855/1999/2770 2861/2004/2776
f 2861/2004/2776 2856/1186/2771 2863/2006/2778
f 2856/1186/2771 2864/1189/2779 2863/2006/2778
f 2851/1997/2766 2865/2007/2780 2864/1189/2779
f 2863/2006/2778 2864/1189/2779 2866/2008/2781
f 2864/1189/2779 2865/2007/2780 2866/2008/2781
f 2865/2007/2780 2851/1997/2766 2867/2009/2782
f 2857/2000/2772 2867/2009/2782 2851/1997/2766
f 2868/2010/2783 2865/2007/2780 2867/2009/2782
f 2869/2011/2784 2867/2009/2782 2857/2000/2772
f 2863/2006/2778 2866/2008/2781 2870/2012/2785
f 2861/2004/2776 2863/2006/2778 2870/2012/2785
f 2870/2012/2785 2866/2008/2781 2871/2013/2786
f 2870/2012/2785 2871/2013/2786 2872/2014/2787
f 2869/2011/2784 2857/2000/2772 2873/2015/2788
f 2874/2016/2789 2869/2011/2784 2873/2015/2788
f 2857/2000/2772 2858/2001/2773 2873/2015/2788
f 2858/2001/2773 2875/2017/2790 2873/2015/2788
f 2876/2018/2791 2875/2017/2790 2858/2001/2773
f 2876/2018/2791 2858/2001/2773 2859/2002/2774
f 2877/2019/2792 2861/2004/2776 2870/2012/2785
f 2877/2019/2792 2862/2005/2777 2861/2004/2776
f 2878/2020/2793 2870/2012/2785 2872/2014/2787
f 2877/2019/2792 2870/2012/2785 2878/2020/2793
f 2879/2021/2794 2876/2018/2791 2859/2002/2774
f 2879/2021/2794 2880/2022/2795 2876/2018/2791
f 2881/2023/2796 2880/2022/2795 2879/2021/2794
f 2882/2024/2797 2878/2020/2793 2872/2014/2787
f 2872/2014/2787 2883/2025/2798 2882/2024/2797
f 2883/2025/2798 2884/2026/2799 2882/2024/2797
f 2882/2024/2797 2884/2026/2799 2885/2027/2800
f 2884/2026/2799 2886/2028/2801 2885/2027/2800
f 2887/2029/2802 2878/2020/2793 2882/2024/2797
f 2885/2027/2800 2887/2029/2802 2882/2024/2797
f 2888/2030/2803 2885/2027/2800 2886/2028/2801
f 2889/2031/2804 2888/2030/2803 2886/2028/2801
f 2889/2031/2804 2890/2032/2805 2888/2030/2803
f 2888/2030/2803 2891/2033/2806 2885/2027/2800
f 2891/2033/2806 2887/2029/2802 2885/2027/2800
f 2887/2029/2802 2891/2033/2806 2892/2034/2807
f 2878/2020/2793 2887/2029/2802 2893/2035/2808
f 2893/2035/2808 2877/2019/2792 2878/2020/2793
f 2890/2032/2805 2894/2036/2809 2888/2030/2803
f 2891/2033/2806 2888/2030/2803 2894/2036/2809
f 2891/2033/2806 2895/2037/2810 2892/2034/2807
f 2895/2037/2810 2891/2033/2806 2894/2036/2809
f 2894/2036/2809 2890/2032/2805 2896/2038/2811
f 2890/2032/2805 2897/2039/2812 2896/2038/2811
f 2897/2039/2812 2898/2040/2813 2896/2038/2811
f 2899/2041/2814 2887/2029/2802 2892/2034/2807
f 2887/2029/2802 2899/2041/2814 2893/2035/2808
f 2900/2042/2815 2895/2037/2810 2894/2036/2809
f 2896/2038/2811 2900/2042/2815 2894/2036/2809
f 2898/2040/2813 2901/2043/2816 2896/2038/2811
f 2902/2044/2817 2900/2042/2815 2896/2038/2811
f 2901/2043/2816 2902/2044/2817 2896/2038/2811
f 2902/2044/2817 2901/2043/2816 2903/2045/2818
f 2898/2040/2813 2904/1939/2819 2901/2043/2816
f 2903/2045/2818 2901/2043/2816 2904/1939/2819
f 2905/1937/2820 2904/1939/2819 2898/2040/2813
f 2906/1941/2821 2903/2045/2818 2904/1939/2819
f 2903/2045/2818 2906/1941/2821 2907/1944/2822
f 2903/2045/2818 2907/1944/2822 2908/1946/2823
f 2900/2042/2815 2909/2046/2824 2895/2037/2810
f 2900/2042/2815 2902/2044/2817 2909/2046/2824
f 2910/2047/2825 2903/2045/2818 2908/1946/2823
f 2911/1174/2826 2910/2047/2825 2908/1946/2823
f 2912/2048/2827 2902/2044/2817 2903/2045/2818
f 2912/2048/2827 2903/2045/2818 2910/2047/2825
f 2902/2044/2817 2912/2048/2827 2909/2046/2824
f 2910/2047/2825 2911/1174/2826 2912/2048/2827
f 2909/2046/2824 2913/2049/2828 2895/2037/2810
f 2895/2037/2810 2913/2049/2828 2892/2034/2807
f 2913/2049/2828 2909/2046/2824 2914/2050/2829
f 2913/2049/2828 2914/2050/2829 2892/2034/2807
f 2909/2046/2824 2912/2048/2827 2915/2051/2830
f 2909/2046/2824 2915/2051/2830 2914/2050/2829
f 2911/1174/2826 2916/2052/2831 2912/2048/2827
f 2912/2048/2827 2916/2052/2831 2915/2051/2830
f 2915/2051/2830 2916/2052/2831 2917/2053/2832
f 2916/2052/2831 2911/1174/2826 2918/2054/2833
f 2917/2053/2832 2916/2052/2831 2918/2054/2833
f 2918/2054/2833 2911/1174/2826 2919/1173/2834
f 2919/1173/2834 2920/1170/2835 2918/2054/2833
f 2920/1170/2835 2917/2053/2832 2918/2054/2833
f 2914/2050/2829 2915/2051/2830 2921/2055/2836
f 2921/2055/2836 2915/2051/2830 2917/2053/2832
f 2917/2053/2832 2920/1170/2835 2922/2056/2837
f 2920/1170/2835 2923/1169/2838 2922/2056/2837
f 2923/1169/2838 2924/1953/2839 2922/2056/2837
f 2922/2056/2837 2924/1953/2839 2925/2057/2840
f 2925/2057/2840 2924/1953/2839 2926/1955/2841
f 2927/2058/2842 2925/2057/2840 2926/1955/2841
f 2928/2059/2843 2917/2053/2832 2922/2056/2837
f 2922/2056/2837 2925/2057/2840 2928/2059/2843
f 2929/2060/2844 2925/2057/2840 2927/2058/2842
f 2925/2057/2840 2929/2060/2844 2928/2059/2843
f 2930/2061/2845 2929/2060/2844 2927/2058/2842
f 2928/2059/2843 2931/2062/2846 2917/2053/2832
f 2931/2062/2846 2921/2055/2836 2917/2053/2832
f 2929/2060/2844 2931/2062/2846 2928/2059/2843
f 2929/2060/2844 2930/2061/2845 2932/2063/2847
f 2929/2060/2844 2932/2063/2847 2931/2062/2846
f 2930/2061/2845 2933/2064/2848 2932/2063/2847
f 2934/2065/2849 2921/2055/2836 2931/2062/2846
f 2934/2065/2849 2914/2050/2829 2921/2055/2836
f 2931/2062/2846 2932/2063/2847 2935/2066/2850
f 2935/2066/2850 2934/2065/2849 2931/2062/2846
f 2936/2067/2851 2932/2063/2847 2933/2064/2848
f 2932/2063/2847 2936/2067/2851 2935/2066/2850
f 2937/2068/2852 2936/2067/2851 2933/2064/2848
f 2914/2050/2829 2934/2065/2849 2938/2069/2853
f 2914/2050/2829 2938/2069/2853 2892/2034/2807
f 2939/2070/2854 2934/2065/2849 2935/2066/2850
f 2934/2065/2849 2939/2070/2854 2938/2069/2853
f 2938/2069/2853 2940/2071/2855 2892/2034/2807
f 2940/2071/2855 2938/2069/2853 2939/2070/2854
f 2940/2071/2855 2899/2041/2814 2892/2034/2807
f 2936/2067/2851 2941/2072/2856 2935/2066/2850
f 2941/2072/2856 2939/2070/2854 2935/2066/2850
f 2942/2073/2857 2936/2067/2851 2937/2068/2852
f 2936/2067/2851 2942/2073/2857 2941/2072/2856
f 2943/2074/2858 2942/2073/2857 2937/2068/2852
f 2943/2074/2858 2944/2075/2859 2942/2073/2857
f 2940/2071/2855 2945/2076/2860 2899/2041/2814
f 2945/2076/2860 2893/2035/2808 2899/2041/2814
f 2939/2070/2854 2941/2072/2856 2946/2077/2861
f 2942/2073/2857 2946/2077/2861 2941/2072/2856
f 2944/2075/2859 2947/2078/2862 2942/2073/2857
f 2946/2077/2861 2942/2073/2857 2947/2078/2862
f 2944/2075/2859 2948/2079/2863 2947/2078/2862
f 2948/2079/2863 2949/2080/2864 2947/2078/2862
f 2950/2081/2865 2940/2071/2855 2939/2070/2854
f 2945/2076/2860 2940/2071/2855 2950/2081/2865
f 2950/2081/2865 2939/2070/2854 2946/2077/2861
f 2951/2082/2866 2946/2077/2861 2947/2078/2862
f 2947/2078/2862 2949/2080/2864 2951/2082/2866
f 2952/2083/2867 2950/2081/2865 2946/2077/2861
f 2952/2083/2867 2945/2076/2860 2950/2081/2865
f 2951/2082/2866 2952/2083/2867 2946/2077/2861
f 2893/2035/2808 2945/2076/2860 2953/2084/2868
f 2945/2076/2860 2952/2083/2867 2953/2084/2868
f 2949/2080/2864 2954/2085/2869 2951/2082/2866
f 2949/2080/2864 2955/2086/2870 2954/2085/2869
f 2955/2086/2870 2956/2087/2871 2954/2085/2869
f 2957/2088/2872 2952/2083/2867 2951/2082/2866
f 2954/2085/2869 2957/2088/2872 2951/2082/2866
f 2958/2089/2873 2893/2035/2808 2953/2084/2868
f 2958/2089/2873 2877/2019/2792 2893/2035/2808
f 2952/2083/2867 2959/2090/2874 2953/2084/2868
f 2957/2088/2872 2959/2090/2874 2952/2083/2867
f 2958/2089/2873 2960/2091/2875 2877/2019/2792
f 2960/2091/2875 2862/2005/2777 2877/2019/2792
f 2953/2084/2868 2961/2092/2876 2958/2089/2873
f 2953/2084/2868 2959/2090/2874 2961/2092/2876
f 2961/2092/2876 2960/2091/2875 2958/2089/2873
f 2960/2091/2875 2962/2093/2877 2862/2005/2777
f 2962/2093/2877 2860/2003/2775 2862/2005/2777
f 2959/2090/2874 2963/2094/2878 2961/2092/2876
f 2959/2090/2874 2957/2088/2872 2963/2094/2878
f 2960/2091/2875 2961/2092/2876 2964/2095/2879
f 2962/2093/2877 2960/2091/2875 2964/2095/2879
f 2961/2092/2876 2963/2094/2878 2964/2095/2879
f 2965/2096/2880 2860/2003/2775 2962/2093/2877
f 2964/2095/2879 2965/2096/2880 2962/2093/2877
f 2965/2096/2880 2859/2002/2774 2860/2003/2775
f 2966/2097/2881 2965/2096/2880 2964/2095/2879
f 2966/2097/2881 2859/2002/2774 2965/2096/2880
f 2963/2094/2878 2967/2098/2882 2964/2095/2879
f 2967/2098/2882 2966/2097/2881 2964/2095/2879
f 2967/2098/2882 2963/2094/2878 2968/2099/2883
f 2957/2088/2872 2968/2099/2883 2963/2094/2878
f 2966/2097/2881 2967/2098/2882 2968/2099/2883
f 2859/2002/2774 2966/2097/2881 2969/2100/2884
f 2969/2100/2884 2879/2021/2794 2859/2002/2774
f 2968/2099/2883 2957/2088/2872 2970/2101/2885
f 2970/2101/2885 2957/2088/2872 2954/2085/2869
f 2971/2102/2886 2966/2097/2881 2968/2099/2883
f 2966/2097/2881 2971/2102/2886 2969/2100/2884
f 2971/2102/2886 2968/2099/2883 2970/2101/2885
f 2972/2103/2887 2970/2101/2885 2954/2085/2869
f 2956/2087/2871 2972/2103/2887 2954/2085/2869
f 2971/2102/2886 2970/2101/2885 2973/1192/2888
f 2970/2101/2885 2972/2103/2887 2973/1192/2888
f 2956/2087/2871 2974/1193/2889 2972/2103/2887
f 2972/2103/2887 2974/1193/2889 2973/1192/2888
f 2975/2104/2890 2974/1193/2889 2956/2087/2871
f 2975/2104/2890 2976/2105/2891 2974/1193/2889
f 2977/1191/2892 2971/2102/2886 2973/1192/2888
f 2971/2102/2886 2977/1191/2892 2969/2100/2884
f 2975/2104/2890 2978/2106/2893 2976/2105/2891
f 2978/2106/2893 2979/2107/2894 2976/2105/2891
f 2977/1191/2892 2980/2108/2895 2969/2100/2884
f 2980/2108/2895 2879/2021/2794 2969/2100/2884
f 2976/2105/2891 2979/2107/2894 2981/2109/2896
f 2980/2108/2895 2981/2109/2896 2879/2021/2794
f 2981/2109/2896 2980/2108/2895 2976/2105/2891
f 2981/2109/2896 2979/2107/2894 2982/2110/2897
f 2981/2109/2896 2881/2023/2796 2879/2021/2794
f 2881/2023/2796 2981/2109/2896 2982/2110/2897
f 2983/2111/2898 2881/2023/2796 2982/2110/2897
f 2980/2108/2895 2977/1191/2892 2984/2112/2899
f 2980/2108/2895 2984/2112/2899 2976/2105/2891
f 2977/1191/2892 2985/1190/2900 2984/2112/2899
f 2976/2105/2891 2984/2112/2899 2986/1190/2901
f 2987/1193/2902 2976/2105/2891 2986/1190/2901
f 2990/2113/2903 2989/2114/2904 2988/2115/2905
f 2989/2114/2904 2991/2116/2906 2988/2115/2905
f 2991/2116/2906 2989/2114/2904 2992/2117/2907
f 2989/2114/2904 2993/2118/2908 2992/2117/2907
f 2994/2119/2909 2992/2117/2907 2993/2118/2908
f 2995/2120/2910 2994/2119/2909 2993/2118/2908
f 2994/2119/2909 2995/2120/2910 2996/2121/2911
f 2997/2122/2912 2994/2119/2909 2996/2121/2911
f 2998/2123/2913 2997/2122/2912 2996/2121/2911
f 2999/2124/2914 2998/2123/2913 2996/2121/2911
f 2998/2123/2913 2999/2124/2914 3000/2125/2915
f 2999/2124/2914 3001/2126/2916 3000/2125/2915
f 3001/2126/2916 3002/2127/2917 3000/2125/2915
f 3002/2127/2917 3003/2128/2918 3000/2125/2915
f 3002/2127/2917 3004/2129/2919 3003/2128/2918
f 3004/2129/2919 3005/2130/2920 3003/2128/2918
f 3004/2129/2919 3006/2131/2921 3005/2130/2920
f 3006/2131/2921 3007/2132/2922 3005/2130/2920
f 3010/2133/2923 3009/2115/2924 3008/2134/2925
f 3009/2115/2924 3011/2116/2926 3008/2134/2925
f 3012/2135/2927 3008/2134/2925 3011/2116/2926
f 3013/2117/2928 3012/2135/2927 3011/2116/2926
f 3012/2135/2927 3013/2117/2928 3014/2119/2929
f 3015/2136/2930 3012/2135/2927 3014/2119/2929
f 3014/2119/2929 3016/2122/2931 3015/2136/2930
f 3016/2122/2931 3017/2137/2932 3015/2136/2930
f 3016/2122/2931 3018/2123/2933 3017/2137/2932
f 3018/2123/2933 3019/2138/2934 3017/2137/2932
f 3019/2138/2934 3018/2123/2933 3020/2125/2935
f 3021/2139/2936 3019/2138/2934 3020/2125/2935
f 3022/2140/2937 3021/2139/2936 3020/2125/2935
f 3023/2128/2938 3022/2140/2937 3020/2125/2935
f 3023/2128/2938 3024/2130/2939 3022/2140/2937
f 3024/2130/2939 3025/2141/2940 3022/2140/2937
f 3026/2142/2941 3025/2141/2940 3024/2130/2939
f 3027/2132/2942 3026/2142/2941 3024/2130/2939
f 3030/2143/2943 3029/2144/2944 3028/2145/2945
f 3029/2144/2944 3031/2146/2946 3028/2145/2945
f 3032/2147/2947 3028/2145/2945 3031/2146/2946
f 3029/2144/2944 3033/2148/2948 3031/2146/2946
f 3033/2148/2948 3034/2149/2949 3031/2146/2946
f 3033/2148/2948 3035/2150/2950 3034/2149/2949
f 3035/2150/2950 3036/2151/2951 3034/2149/2949
f 3034/2149/2949 3036/2151/2951 3037/2152/2952
f 3034/2149/2949 3037/2152/2952 3038/2153/2953
f 3039/2154/2954 3032/2147/2947 3031/2146/2946
f 3039/2154/2954 3031/2146/2946 3034/2149/2949
f 3032/2147/2947 3039/2154/2954 3040/2155/2955
f 3041/2156/2956 3034/2149/2949 3038/2153/2953
f 3041/2156/2956 3039/2154/2954 3034/2149/2949
f 3039/2154/2954 3042/2157/2957 3040/2155/2955
f 3042/2157/2957 3039/2154/2954 3041/2156/2956
f 3043/2158/2958 3040/2155/2955 3042/2157/2957
f 3044/2159/2959 3043/2158/2958 3042/2157/2957
f 3041/2156/2956 3038/2153/2953 3045/2160/2960
f 3045/2160/2960 3042/2157/2957 3041/2156/2956
f 3038/2153/2953 3046/2161/2961 3045/2160/2960
f 3047/2162/2962 3044/2159/2959 3042/2157/2957
f 3042/2157/2957 3045/2160/2960 3047/2162/2962
f 3048/2163/2963 3044/2159/2959 3047/2162/2962
f 3045/2160/2960 3046/2161/2961 3049/2164/2964
f 3050/2165/2965 3049/2164/2964 3046/2161/2961
f 3051/2166/2966 3048/2163/2963 3047/2162/2962
f 3052/2167/2967 3048/2163/2963 3051/2166/2966
f 3045/2160/2960 3053/2168/2968 3047/2162/2962
f 3053/2168/2968 3045/2160/2960 3049/2164/2964
f 3047/2162/2962 3053/2168/2968 3051/2166/2966
f 3054/2169/2969 3052/2167/2967 3051/2166/2966
f 3052/2167/2967 3054/2169/2969 3055/2170/2970
f 3053/2168/2968 3056/2171/2971 3051/2166/2966
f 3051/2166/2966 3056/2171/2971 3054/2169/2969
f 3049/2164/2964 3057/2172/2972 3053/2168/2968
f 3057/2172/2972 3056/2171/2971 3053/2168/2968
f 3050/2165/2965 3058/2173/2973 3049/2164/2964
f 3058/2173/2973 3057/2172/2972 3049/2164/2964
f 3054/2169/2969 3059/2174/2974 3055/2170/2970
f 3055/2170/2970 3059/2174/2974 3060/2142/2975
f 3059/2174/2974 3061/2141/2976 3060/2142/2975
f 3056/2171/2971 3062/2175/2977 3054/2169/2969
f 3059/2174/2974 3054/2169/2969 3062/2175/2977
f 3056/2171/2971 3057/2172/2972 3063/2176/2978
f 3062/2175/2977 3056/2171/2971 3063/2176/2978
f 3057/2172/2972 3058/2173/2973 3063/2176/2978
f 3059/2174/2974 3064/2177/2979 3061/2141/2976
f 3064/2177/2979 3059/2174/2974 3062/2175/2977
f 3064/2177/2979 3062/2175/2977 3063/2176/2978
f 3064/2177/2979 3065/2140/2980 3061/2141/2976
f 3065/2140/2980 3064/2177/2979 3066/2178/2981
f 3066/2178/2981 3064/2177/2979 3063/2176/2978
f 3067/2139/2982 3065/2140/2980 3066/2178/2981
f 3063/2176/2978 3068/2179/2983 3066/2178/2981
f 3058/2173/2973 3068/2179/2983 3063/2176/2978
f 3066/2178/2981 3069/2180/2984 3067/2139/2982
f 3068/2179/2983 3069/2180/2984 3066/2178/2981
f 3069/2180/2984 3070/2138/2985 3067/2139/2982
f 3070/2138/2985 3069/2180/2984 3071/2137/2986
f 3069/2180/2984 3072/2181/2987 3071/2137/2986
f 3069/2180/2984 3068/2179/2983 3072/2181/2987
f 3073/2136/2988 3071/2137/2986 3072/2181/2987
f 3074/2182/2989 3073/2136/2988 3072/2181/2987
f 3073/2136/2988 3074/2182/2989 3075/2135/2990
f 3068/2179/2983 3076/2183/2991 3072/2181/2987
f 3074/2182/2989 3072/2181/2987 3076/2183/2991
f 3058/2173/2973 3077/2184/2992 3068/2179/2983
f 3077/2184/2992 3076/2183/2991 3068/2179/2983
f 3078/2185/2993 3077/2184/2992 3058/2173/2973
f 3050/2165/2965 3078/2185/2993 3058/2173/2973
f 3078/2185/2993 3050/2165/2965 3079/2186/2994
f 3079/2186/2994 3080/2187/2995 3078/2185/2993
f 3081/2188/2996 3080/2187/2995 3079/2186/2994
f 3077/2184/2992 3078/2185/2993 3082/2189/2997
f 3080/2187/2995 3082/2189/2997 3078/2185/2993
f 3076/2183/2991 3077/2184/2992 3083/2190/2998
f 3083/2190/2998 3077/2184/2992 3082/2189/2997
f 3084/2191/2999 3074/2182/2989 3076/2183/2991
f 3084/2191/2999 3076/2183/2991 3083/2190/2998
f 3074/2182/2989 3085/2192/3000 3075/2135/2990
f 3085/2192/3000 3074/2182/2989 3084/2191/2999
f 3084/2191/2999 3083/2190/2998 3086/2193/3001
f 3086/2193/3001 3085/2192/3000 3084/2191/2999
f 3075/2135/2990 3085/2192/3000 3087/2194/3002
f 3087/2194/3002 3085/2192/3000 3086/2193/3001
f 3088/2134/3003 3075/2135/2990 3087/2194/3002
f 3089/2195/3004 3083/2190/2998 3082/2189/2997
f 3083/2190/2998 3089/2195/3004 3086/2193/3001
f 3090/2196/3005 3087/2194/3002 3086/2193/3001
f 3086/2193/3001 3089/2195/3004 3090/2196/3005
f 3087/2194/3002 3091/2197/3006 3088/2134/3003
f 3087/2194/3002 3090/2196/3005 3091/2197/3006
f 3091/2197/3006 3092/2133/3007 3088/2134/3003
f 3090/2196/3005 3093/2198/3008 3091/2197/3006
f 3093/2198/3008 3090/2196/3005 3094/2199/3009
f 3089/2195/3004 3094/2199/3009 3090/2196/3005
f 3095/2200/3010 3093/2198/3008 3094/2199/3009
f 3096/2201/3011 3095/2200/3010 3094/2199/3009
f 3097/2202/3012 3089/2195/3004 3082/2189/2997
f 3094/2199/3009 3089/2195/3004 3097/2202/3012
f 3097/2202/3012 3082/2189/2997 3080/2187/2995
f 3098/2203/3013 3096/2201/3011 3094/2199/3009
f 3098/2203/3013 3094/2199/3009 3097/2202/3012
f 3099/2204/3014 3096/2201/3011 3098/2203/3013
f 3100/2205/3015 3097/2202/3012 3080/2187/2995
f 3098/2203/3013 3097/2202/3012 3100/2205/3015
f 3101/2206/3016 3099/2204/3014 3098/2203/3013
f 3101/2206/3016 3098/2203/3013 3100/2205/3015
f 3102/2207/3017 3099/2204/3014 3101/2206/3016
f 3080/2187/2995 3103/2208/3018 3100/2205/3015
f 3101/2206/3016 3100/2205/3015 3103/2208/3018
f 3103/2208/3018 3080/2187/2995 3081/2188/2996
f 3104/2209/3019 3102/2207/3017 3101/2206/3016
f 3104/2209/3019 3101/2206/3016 3103/2208/3018
f 3105/2210/3020 3102/2207/3017 3104/2209/3019
f 3106/2211/3021 3103/2208/3018 3081/2188/2996
f 3104/2209/3019 3103/2208/3018 3106/2211/3021
f 3107/2212/3022 3105/2210/3020 3104/2209/3019
f 3107/2212/3022 3104/2209/3019 3106/2211/3021
f 3105/2210/3020 3107/2212/3022 3108/2213/3023
f 3081/2188/2996 3109/2214/3024 3106/2211/3021
f 3110/2215/3025 3109/2214/3024 3081/2188/2996
f 3110/2215/3025 3111/2216/3026 3109/2214/3024
f 3111/2216/3026 3112/2217/3027 3109/2214/3024
f 3109/2214/3024 3113/2218/3028 3106/2211/3021
f 3113/2218/3028 3109/2214/3024 3112/2217/3027
f 3106/2211/3021 3113/2218/3028 3107/2212/3022
f 3114/2219/3029 3113/2218/3028 3112/2217/3027
f 3113/2218/3028 3115/2220/3030 3107/2212/3022
f 3115/2220/3030 3113/2218/3028 3114/2219/3029
f 3107/2212/3022 3115/2220/3030 3108/2213/3023
f 3116/2221/3031 3115/2220/3030 3114/2219/3029
f 3115/2220/3030 3116/2221/3031 3108/2213/3023
f 3116/2221/3031 3117/2222/2943 3108/2213/3023
f 3120/2223/3032 3119/2224/3033 3118/2225/3034
f 3119/2224/3033 3121/2226/3035 3118/2225/3034
f 3118/2225/3034 3121/2226/3035 3122/2227/3036
f 3121/2226/3035 3119/2224/3033 3123/2228/3037
f 3121/2226/3035 3124/2229/3038 3122/2227/3036
f 3125/2230/3039 3121/2226/3035 3123/2228/3037
f 3121/2226/3035 3125/2230/3039 3124/2229/3038
f 3123/2228/3037 3126/2231/3040 3125/2230/3039
f 3126/2231/3040 3127/2232/3041 3125/2230/3039
f 3125/2230/3039 3128/2233/3042 3124/2229/3038
f 3128/2233/3042 3125/2230/3039 3127/2232/3041
f 3129/2234/3043 3128/2233/3042 3127/2232/3041
f 3130/2235/3044 3129/2234/3043 3127/2232/3041
f 3131/2236/3045 3127/2232/3041 3126/2231/3040
f 3132/2237/3046 3130/2235/3044 3127/2232/3041
f 3130/2235/3044 3132/2237/3046 3133/2238/3047
f 3131/2236/3045 3134/2239/3048 3127/2232/3041
f 3134/2239/3048 3132/2237/3046 3127/2232/3041
f 3131/2236/3045 3135/2240/3049 3134/2239/3048
f 3131/2236/3045 3136/2241/3050 3135/2240/3049
f 3135/2240/3049 3136/2241/3050 3137/2242/3051
f 3132/2237/3046 3138/2243/3052 3133/2238/3047
f 3134/2239/3048 3139/2244/3053 3132/2237/3046
f 3139/2244/3053 3138/2243/3052 3132/2237/3046
f 3138/2243/3052 3140/2245/3054 3133/2238/3047
f 3140/2245/3054 3141/2246/3055 3133/2238/3047
f 3141/2246/3055 3140/2245/3054 3142/2247/3056
f 3143/2248/3057 3140/2245/3054 3138/2243/3052
f 3139/2244/3053 3143/2248/3057 3138/2243/3052
f 3144/2249/3058 3143/2248/3057 3139/2244/3053
f 3140/2245/3054 3145/2250/3059 3142/2247/3056
f 3145/2250/3059 3140/2245/3054 3143/2248/3057
f 3147/1196/3060 3142/2247/3056 3145/2250/3059
f 3148/2251/3061 3139/2244/3053 3134/2239/3048
f 3148/2251/3061 3144/2249/3058 3139/2244/3053
f 3135/2240/3049 3149/2252/3062 3134/2239/3048
f 3149/2252/3062 3148/2251/3061 3134/2239/3048
f 3150/2253/3063 3149/2252/3062 3135/2240/3049
f 3148/2251/3061 3149/2252/3062 3150/2253/3063
f 3137/2242/3051 3150/2253/3063 3135/2240/3049
f 3151/2254/3064 3145/2250/3059 3143/2248/3057
f 3151/2254/3064 3143/2248/3057 3144/2249/3058
f 3151/2254/3064 3152/2255/3065 3145/2250/3059
f 3152/2255/3065 3151/2254/3064 3144/2249/3058
f 3152/2255/3065 3153/1194/3066 3145/2250/3059
f 3154/1194/3067 3146/1196/3068 3155/2250/3069
f 3153/1194/3066 3152/2255/3065 3156/1195/3070
f 3152/2255/3065 3157/2256/3071 3156/1195/3070
f 3157/2256/3071 3152/2255/3065 3144/2249/3058
f 3157/2256/3071 3158/2257/3072 3156/1195/3070
f 3158/2257/3072 3157/2256/3071 3144/2249/3058
f 3158/2257/3072 3159/1198/3073 3156/1195/3070
f 3144/2249/3058 3148/2251/3061 3160/2258/3074
f 3158/2257/3072 3144/2249/3058 3160/2258/3074
f 3160/2258/3074 3148/2251/3061 3150/2253/3063
f 3137/2242/3051 3161/2259/3075 3150/2253/3063
f 3137/2242/3051 3162/2260/3076 3161/2259/3075
f 3159/1198/3073 3158/2257/3072 3163/2261/3077
f 3158/2257/3072 3160/2258/3074 3163/2261/3077
f 3160/2258/3074 3150/2253/3063 3164/2262/3078
f 3163/2261/3077 3160/2258/3074 3164/2262/3078
f 3161/2259/3075 3164/2262/3078 3150/2253/3063
f 3159/1198/3073 3163/2261/3077 3165/2263/3079
f 3165/2263/3079 3163/2261/3077 3164/2262/3078
f 3166/1199/3080 3159/1198/3073 3165/2263/3079
f 3167/2264/3081 3165/2263/3079 3164/2262/3078
f 3167/2264/3081 3164/2262/3078 3161/2259/3075
f 3168/2265/3082 3167/2264/3081 3161/2259/3075
f 3169/2266/3083 3161/2259/3075 3162/2260/3076
f 3168/2265/3082 3161/2259/3075 3169/2266/3083
f 3170/2267/3084 3169/2266/3083 3162/2260/3076
f 3171/2268/3085 3168/2265/3082 3169/2266/3083
f 3170/2267/3084 3172/2269/3086 3169/2266/3083
f 3169/2266/3083 3172/2269/3086 3171/2268/3085
f 3170/2267/3084 3173/2270/3087 3172/2269/3086
f 3172/2269/3086 3174/2271/3088 3171/2268/3085
f 3175/2272/3089 3172/2269/3086 3173/2270/3087
f 3172/2269/3086 3175/2272/3089 3174/2271/3088
f 3176/2273/3090 3175/2272/3089 3173/2270/3087
f 3175/2272/3089 3177/2274/2943 3174/2271/3088
f 3180/2275/3091 3179/2273/3092 3178/2276/3093
f 3179/2273/3092 3181/2270/3094 3178/2276/3093
f 3178/2276/3093 3181/2270/3094 3182/2277/3095
f 3181/2270/3094 3183/2267/3096 3182/2277/3095
f 3184/2278/3097 3182/2277/3095 3183/2267/3096
f 3185/2260/3098 3184/2278/3097 3183/2267/3096
f 3184/2278/3097 3185/2260/3098 3186/2279/3099
f 3185/2260/3098 3187/2242/3100 3186/2279/3099
f 3186/2279/3099 3187/2242/3100 3188/2241/3101
f 3189/2280/3102 3186/2279/3099 3188/2241/3101
f 3190/2281/3103 3189/2280/3102 3188/2241/3101
f 3191/2236/3104 3190/2281/3103 3188/2241/3101
f 3191/2236/3104 3192/2231/3105 3190/2281/3103
f 3192/2231/3105 3193/2282/3106 3190/2281/3103
f 3192/2231/3105 3194/2228/3107 3193/2282/3106
f 3194/2228/3107 3195/2283/3108 3193/2282/3106
f 3195/2283/3108 3194/2228/3107 3196/2224/3109
f 3197/2284/3110 3195/2283/3108 3196/2224/3109
f 3198/2285/3111 3197/2284/3110 3196/2224/3109
f 3199/2223/3112 3198/2285/3111 3196/2224/3109
f 3202/2286/3113 3201/2287/3114 3200/2288/3115
f 3203/2289/3116 3202/2286/3113 3200/2288/3115
f 3203/2289/3116 3200/2288/3115 3204/2290/3117
f 3200/2288/3115 3205/2291/3118 3204/2290/3117
f 3203/2289/3116 3206/2292/3119 3202/2286/3113
f 3206/2292/3119 3207/2293/3120 3202/2286/3113
f 3208/2294/3121 3206/2292/3119 3203/2289/3116
f 3204/2290/3117 3208/2294/3121 3203/2289/3116
f 3208/2294/3121 3209/2295/3122 3206/2292/3119
f 3205/2291/3118 3210/2296/3123 3204/2290/3117
f 3211/2297/3124 3210/2296/3123 3205/2291/3118
f 3208/2294/3121 3204/2290/3117 3212/2298/3125
f 3204/2290/3117 3210/2296/3123 3212/2298/3125
f 3212/2298/3125 3213/2299/3126 3208/2294/3121
f 3209/2295/3122 3208/2294/3121 3213/2299/3126
f 3212/2298/3125 3210/2296/3123 3214/2300/3127
f 3214/2300/3127 3210/2296/3123 3215/2301/3128
f 3216/2302/3129 3209/2295/3122 3213/2299/3126
f 3217/2303/2739 3216/2302/3129 3213/2299/3126
f 3218/2304/3130 3209/2295/3122 3216/2302/3129
f 3216/2302/3129 3217/2303/2739 3219/2305/3131
f 3220/2306/3132 3218/2304/3130 3216/2302/3129
f 3220/2306/3132 3216/2302/3129 3219/2305/3131
f 3215/2301/3128 3210/2296/3123 3221/2307/3133
f 3221/2307/3133 3210/2296/3123 3211/2297/3124
f 3215/2301/3128 3221/2307/3133 3222/2308/3134
f 3223/2309/3135 3221/2307/3133 3211/2297/3124
f 3211/2297/3124 3224/2310/3136 3223/2309/3135
f 3224/2310/3136 3225/2311/3137 3223/2309/3135
f 3225/2311/3137 3226/2312/3138 3223/2309/3135
f 3221/2307/3133 3223/2309/3135 3227/2313/3139
f 3226/2312/3138 3227/2313/3139 3223/2309/3135
f 3222/2308/3134 3221/2307/3133 3227/2313/3139
f 3226/2312/3138 3228/2314/3140 3227/2313/3139
f 3227/2313/3139 3229/2315/3141 3222/2308/3134
f 3228/2314/3140 3229/2315/3141 3227/2313/3139
f 3229/2315/3141 3230/2316/3142 3222/2308/3134
f 3229/2315/3141 3228/2314/3140 3231/2317/3143
f 3228/2314/3140 3232/2318/3144 3231/2317/3143
f 3233/2319/3145 3231/2317/3143 3232/2318/3144
f 3234/2320/3146 3230/2316/3142 3229/2315/3141
f 3231/2317/3143 3234/2320/3146 3229/2315/3141
f 3234/2320/3146 3231/2317/3143 3233/2319/3145
f 3235/2321/3147 3230/2316/3142 3234/2320/3146
f 3236/2322/3148 3234/2320/3146 3233/2319/3145
f 3235/2321/3147 3234/2320/3146 3236/2322/3148
f 3239/2323/3149 3238/2324/3150 3237/2325/3151
f 3240/2326/3152 3239/2323/3149 3237/2325/3151
f 3240/2326/3152 3237/2325/3151 3241/2327/3153
f 3239/2323/3149 3240/2326/3152 3242/2328/3154
f 3243/2329/3155 3240/2326/3152 3241/2327/3153
f 3241/2327/3153 3244/2330/3156 3243/2329/3155
f 3244/2330/3156 3245/2331/3157 3243/2329/3155
f 3240/2326/3152 3246/2332/3158 3242/2328/3154
f 3240/2326/3152 3243/2329/3155 3246/2332/3158
f 3247/2333/3159 3242/2328/3154 3246/2332/3158
f 3243/2329/3155 3245/2331/3157 3248/2334/3160
f 3243/2329/3155 3248/2334/3160 3246/2332/3158
f 3245/2331/3157 3249/2335/3161 3248/2334/3160
f 3250/2336/3162 3247/2333/3159 3246/2332/3158
f 3246/2332/3158 3248/2334/3160 3250/2336/3162
f 3251/2337/3163 3247/2333/3159 3250/2336/3162
f 3252/2338/3164 3248/2334/3160 3249/2335/3161
f 3248/2334/3160 3252/2338/3164 3250/2336/3162
f 3253/2339/3165 3252/2338/3164 3249/2335/3161
f 3254/2340/3166 3251/2337/3163 3250/2336/3162
f 3254/2340/3166 3250/2336/3162 3252/2338/3164
f 3255/2341/3167 3251/2337/3163 3254/2340/3166
f 3256/2342/3168 3252/2338/3164 3253/2339/3165
f 3256/2342/3168 3254/2340/3166 3252/2338/3164
f 3257/2343/2780 3256/2342/3168 3253/2339/3165
f 3257/2343/2780 3258/2344/3169 3256/2342/3168
f 3259/2345/3170 3255/2341/3167 3254/2340/3166
f 3254/2340/3166 3256/2342/3168 3259/2345/3170
f 3258/2344/3169 3260/2346/3171 3256/2342/3168
f 3256/2342/3168 3260/2346/3171 3259/2345/3170
f 3258/2344/3169 3261/2347/2648 3260/2346/3171
f 3261/2347/2648 3262/2348/3172 3260/2346/3171
f 3260/2346/3171 3262/2348/3172 3259/2345/3170
f 3262/2348/3172 3261/2347/2648 3263/2349/2645
f 3255/2341/3167 3259/2345/3170 3264/2350/3173
f 3262/2348/3172 3264/2350/3173 3259/2345/3170
f 3265/2351/3174 3255/2341/3167 3264/2350/3173
f 3266/2352/3175 3262/2348/3172 3263/2349/2645
f 3264/2350/3173 3262/2348/3172 3266/2352/3175
f 3266/2352/3175 3263/2349/2645 3267/2353/3176
f 3264/2350/3173 3268/2354/3177 3265/2351/3174
f 3268/2354/3177 3264/2350/3173 3266/2352/3175
f 3268/2354/3177 3269/2355/3178 3265/2351/3174
f 3270/2356/3179 3266/2352/3175 3267/2353/3176
f 3266/2352/3175 3270/2356/3179 3268/2354/3177
f 3267/2353/3176 3271/2357/3180 3270/2356/3179
f 3271/2357/3180 3272/2358/3181 3270/2356/3179
f 3268/2354/3177 3273/2359/3182 3269/2355/3178
f 3270/2356/3179 3273/2359/3182 3268/2354/3177
f 3270/2356/3179 3272/2358/3181 3273/2359/3182
f 3273/2359/3182 3274/2360/3183 3269/2355/3178
f 3272/2358/3181 3275/2361/3184 3273/2359/3182
f 3273/2359/3182 3275/2361/3184 3274/2360/3183
f 3275/2361/3184 3276/2362/3185 3274/2360/3183
f 3279/2363/3186 3278/2364/3187 3277/2365/3188
f 3280/2366/3189 3279/2363/3186 3277/2365/3188
f 3281/2367/3190 3280/2366/3189 3277/2365/3188
f 3281/2367/3190 3282/2368/3191 3280/2366/3189
f 3282/2368/3191 3283/2369/3192 3280/2366/3189
f 3283/2369/3192 3284/2370/3193 3280/2366/3189
f 3285/2371/3194 3280/2366/3189 3284/2370/3193
f 3285/2371/3194 3286/2372/3195 3280/2366/3189
f 3286/2372/3195 3279/2363/3186 3280/2366/3189
f 3286/2372/3195 3287/2373/3196 3279/2363/3186
f 3290/2374/3197 3289/2375/3198 3288/2376/3199
f 3291/2377/3200 3289/2375/3198 3290/2374/3197
f 3292/2378/3201 3289/2375/3198 3291/2377/3200
f 3293/2379/3202 3289/2375/3198 3292/2378/3201
f 3294/2380/3203 3289/2375/3198 3293/2379/3202
f 3295/2381/3204 3289/2375/3198 3294/2380/3203
f 3298/2382/3205 3297/2375/3206 3296/2381/3207
f 3299/2383/3208 3297/2375/3206 3298/2382/3205
f 3300/2384/3209 3297/2375/3206 3299/2383/3208
f 3301/2385/3210 3297/2375/3206 3300/2384/3209
f 3302/2376/3211 3297/2375/3206 3301/2385/3210
f 3305/1226/3212 3304/2386/3213 3303/1222/3214
f 3304/2386/3213 3305/1226/3212 3306/2387/3215
f 3305/1226/3212 3307/1227/3216 3306/2387/3215
f 3307/1227/3216 3308/2388/3217 3306/2387/3215
f 3309/2389/3218 3306/2387/3215 3308/2388/3217
f 3307/1227/3216 3310/2390/3219 3308/2388/3217
f 3311/2391/3220 3304/2386/3213 3306/2387/3215
f 3311/2391/3220 3306/2387/3215 3309/2389/3218
f 3310/2390/3219 3312/2392/3221 3308/2388/3217
f 3312/2392/3221 3309/2389/3218 3308/2388/3217
f 3304/2386/3213 3311/2391/3220 3313/2393/3222
f 3314/2394/3223 3304/2386/3213 3313/2393/3222
f 3304/2386/3213 3314/2394/3223 3316/1222/3214
f 3316/1222/3214 3314/2394/3223 3317/2395/3224
f 3314/2394/3223 3313/2393/3222 3318/2396/3225
f 3317/2395/3224 3314/2394/3223 3318/2396/3225
f 3319/2397/3226 3313/2393/3222 3311/2391/3220
f 3318/2396/3225 3313/2393/3222 3319/2397/3226
f 3311/2391/3220 3309/2389/3218 3320/2398/3227
f 3320/2398/3227 3319/2397/3226 3311/2391/3220
f 3317/2395/3224 3318/2396/3225 3321/2399/3228
f 3317/2395/3224 3321/2399/3228 3322/1213/3229
f 3321/2399/3228 3323/2400/3230 3322/1213/3229
f 3318/2396/3225 3324/2401/3231 3321/2399/3228
f 3321/2399/3228 3324/2401/3231 3325/2400/3232
f 3326/2402/3233 3318/2396/3225 3319/2397/3226
f 3324/2401/3231 3318/2396/3225 3326/2402/3233
f 3327/2403/3234 3319/2397/3226 3320/2398/3227
f 3328/2404/3235 3326/2402/3233 3319/2397/3226
f 3327/2403/3234 3328/2404/3235 3319/2397/3226
f 3329/2405/3236 3324/2401/3231 3326/2402/3233
f 3329/2405/3236 3326/2402/3233 3328/2404/3235
f 3324/2401/3231 3330/2406/3237 3325/2400/3232
f 3324/2401/3231 3329/2405/3236 3330/2406/3237
f 3309/2389/3218 3331/2407/3238 3320/2398/3227
f 3331/2407/3238 3327/2403/3234 3320/2398/3227
f 3332/1210/3239 3325/2400/3232 3330/2406/3237
f 3325/2400/3232 3332/1210/3239 3333/1213/3240
f 3334/2408/3241 3332/1210/3239 3330/2406/3237
f 3330/2406/3237 3335/2409/3242 3334/2408/3241
f 3336/1209/3243 3332/1210/3239 3334/2408/3241
f 3329/2405/3236 3337/2410/3244 3330/2406/3237
f 3337/2410/3244 3335/2409/3242 3330/2406/3237
f 3338/2411/3245 3329/2405/3236 3328/2404/3235
f 3337/2410/3244 3329/2405/3236 3338/2411/3245
f 3339/2412/3246 3336/1209/3243 3334/2408/3241
f 3335/2409/3242 3339/2412/3246 3334/2408/3241
f 3340/2413/3247 3336/1209/3243 3339/2412/3246
f 3341/1206/3248 3336/1209/3243 3340/2413/3247
f 3342/2414/3249 3328/2404/3235 3327/2403/3234
f 3328/2404/3235 3342/2414/3249 3338/2411/3245
f 3343/2415/3250 3337/2410/3244 3338/2411/3245
f 3337/2410/3244 3343/2415/3250 3335/2409/3242
f 3344/2416/3251 3340/2413/3247 3339/2412/3246
f 3344/2416/3251 3339/2412/3246 3335/2409/3242
f 3345/2417/3252 3341/1206/3248 3340/2413/3247
f 3346/1200/3253 3341/1206/3248 3345/2417/3252
f 3344/2416/3251 3347/2418/3254 3340/2413/3247
f 3347/2418/3254 3345/2417/3252 3340/2413/3247
f 3344/2416/3251 3335/2409/3242 3348/2419/3255
f 3347/2418/3254 3344/2416/3251 3348/2419/3255
f 3349/2420/3256 3346/1200/3253 3345/2417/3252
f 3346/1200/3253 3349/2420/3256 3350/1201/3257
f 3349/2420/3256 3351/2421/3258 3350/1201/3257
f 3349/2420/3256 3345/2417/3252 3352/2422/3259
f 3349/2420/3256 3352/2422/3259 3351/2421/3258
f 3345/2417/3252 3347/2418/3254 3352/2422/3259
f 3352/2422/3259 3353/2423/3260 3351/2421/3258
f 3353/2423/3260 3352/2422/3259 3354/2424/3261
f 3352/2422/3259 3347/2418/3254 3355/2425/3262
f 3352/2422/3259 3355/2425/3262 3354/2424/3261
f 3347/2418/3254 3348/2419/3255 3355/2425/3262
f 3354/2424/3261 3355/2425/3262 3356/2426/3263
f 3356/2426/3263 3355/2425/3262 3348/2419/3255
f 3357/2427/3264 3354/2424/3261 3356/2426/3263
f 3357/2427/3264 3356/2426/3263 3358/2428/3265
f 3359/2429/3266 3348/2419/3255 3335/2409/3242
f 3359/2429/3266 3356/2426/3263 3348/2419/3255
f 3343/2415/3250 3359/2429/3266 3335/2409/3242
f 3356/2426/3263 3360/2430/3267 3358/2428/3265
f 3358/2428/3265 3360/2430/3267 3361/2431/3268
f 3359/2429/3266 3362/2432/3269 3356/2426/3263
f 3362/2432/3269 3360/2430/3267 3356/2426/3263
f 3360/2430/3267 3363/2433/3270 3361/2431/3268
f 3360/2430/3267 3362/2432/3269 3363/2433/3270
f 3364/2434/3271 3361/2431/3268 3363/2433/3270
f 3359/2429/3266 3343/2415/3250 3365/2435/3272
f 3362/2432/3269 3359/2429/3266 3365/2435/3272
f 3366/2436/3273 3364/2434/3271 3363/2433/3270
f 3364/2434/3271 3366/2436/3273 3367/2437/3274
f 3362/2432/3269 3368/2438/3275 3363/2433/3270
f 3366/2436/3273 3363/2433/3270 3368/2438/3275
f 3369/2439/3276 3365/2435/3272 3343/2415/3250
f 3338/2411/3245 3369/2439/3276 3343/2415/3250
f 3342/2414/3249 3369/2439/3276 3338/2411/3245
f 3362/2432/3269 3365/2435/3272 3370/2440/3277
f 3368/2438/3275 3362/2432/3269 3370/2440/3277
f 3365/2435/3272 3369/2439/3276 3371/2441/3278
f 3370/2440/3277 3365/2435/3272 3371/2441/3278
f 3369/2439/3276 3342/2414/3249 3372/2442/3279
f 3371/2441/3278 3369/2439/3276 3372/2442/3279
f 3366/2436/3273 3373/2443/3280 3367/2437/3274
f 3374/2444/3281 3366/2436/3273 3368/2438/3275
f 3366/2436/3273 3374/2444/3281 3373/2443/3280
f 3370/2440/3277 3375/2445/3282 3368/2438/3275
f 3375/2445/3282 3374/2444/3281 3368/2438/3275
f 3371/2441/3278 3376/2446/3283 3370/2440/3277
f 3376/2446/3283 3375/2445/3282 3370/2440/3277
f 3373/2443/3280 3377/2447/3284 3367/2437/3274
f 3377/2447/3284 3378/2448/3285 3367/2437/3274
f 3374/2444/3281 3379/2449/3286 3373/2443/3280
f 3379/2449/3286 3374/2444/3281 3375/2445/3282
f 3373/2443/3280 3379/2449/3286 3377/2447/3284
f 3376/2446/3283 3371/2441/3278 3380/2450/3287
f 3371/2441/3278 3372/2442/3279 3380/2450/3287
f 3378/2448/3285 3377/2447/3284 3381/2451/3288
f 3382/2452/3289 3378/2448/3285 3381/2451/3288
f 3376/2446/3283 3383/2453/3290 3375/2445/3282
f 3383/2453/3290 3376/2446/3283 3380/2450/3287
f 3384/2454/3291 3379/2449/3286 3375/2445/3282
f 3383/2453/3290 3384/2454/3291 3375/2445/3282
f 3379/2449/3286 3385/2455/3292 3377/2447/3284
f 3385/2455/3292 3379/2449/3286 3384/2454/3291
f 3377/2447/3284 3385/2455/3292 3381/2451/3288
f 3381/2451/3288 3386/2456/3293 3382/2452/3289
f 3386/2456/3293 3387/2457/3294 3382/2452/3289
f 3388/2458/3295 3385/2455/3292 3384/2454/3291
f 3384/2454/3291 3383/2453/3290 3388/2458/3295
f 3385/2455/3292 3389/2459/3296 3381/2451/3288
f 3386/2456/3293 3381/2451/3288 3389/2459/3296
f 3389/2459/3296 3385/2455/3292 3388/2458/3295
f 3386/2456/3293 3390/2460/3297 3387/2457/3294
f 3390/2460/3297 3391/2461/3298 3387/2457/3294
f 3392/2462/3299 3386/2456/3293 3389/2459/3296
f 3386/2456/3293 3392/2462/3299 3390/2460/3297
f 3393/2463/3300 3389/2459/3296 3388/2458/3295
f 3389/2459/3296 3393/2463/3300 3392/2462/3299
f 3383/2453/3290 3394/2464/3301 3388/2458/3295
f 3388/2458/3295 3394/2464/3301 3393/2463/3300
f 3390/2460/3297 3395/2465/3302 3391/2461/3298
f 3395/2465/3302 3396/2466/3303 3391/2461/3298
f 3396/2466/3303 3395/2465/3302 3397/2467/3304
f 3395/2465/3302 3398/2468/3305 3397/2467/3304
f 3392/2462/3299 3399/2469/3306 3390/2460/3297
f 3395/2465/3302 3390/2460/3297 3399/2469/3306
f 3398/2468/3305 3395/2465/3302 3400/2470/3307
f 3400/2470/3307 3395/2465/3302 3399/2469/3306
f 3401/2471/3308 3398/2468/3305 3400/2470/3307
f 3401/2471/3308 3400/2470/3307 3402/2472/3309
f 3393/2463/3300 3403/2473/3310 3392/2462/3299
f 3392/2462/3299 3403/2473/3310 3399/2469/3306
f 3400/2470/3307 3399/2469/3306 3404/2474/3311
f 3403/2473/3310 3404/2474/3311 3399/2469/3306
f 3400/2470/3307 3405/2475/3312 3402/2472/3309
f 3405/2475/3312 3400/2470/3307 3404/2474/3311
f 3403/2473/3310 3393/2463/3300 3406/2476/3313
f 3394/2464/3301 3406/2476/3313 3393/2463/3300
f 3405/2475/3312 3407/2477/3314 3402/2472/3309
f 3407/2477/3314 3408/2478/3315 3402/2472/3309
f 3404/2474/3311 3403/2473/3310 3409/2479/3316
f 3409/2479/3316 3403/2473/3310 3406/2476/3313
f 3405/2475/3312 3404/2474/3311 3410/2480/3317
f 3407/2477/3314 3405/2475/3312 3410/2480/3317
f 3410/2480/3317 3404/2474/3311 3409/2479/3316
f 3410/2480/3317 3411/2481/3318 3407/2477/3314
f 3411/2481/3318 3410/2480/3317 3409/2479/3316
f 3408/2478/3315 3407/2477/3314 3412/2482/3319
f 3411/2481/3318 3412/2482/3319 3407/2477/3314
f 3413/2483/3114 3408/2478/3315 3412/2482/3319
f 3413/2483/3114 3412/2482/3319 3414/2484/3320
f 3414/2484/3320 3412/2482/3319 3411/2481/3318
f 3415/2485/3321 3413/2483/3114 3414/2484/3320
f 3415/2485/3321 3414/2484/3320 3416/2486/3322
f 3414/2484/3320 3417/2487/3323 3416/2486/3322
f 3418/2488/3324 3416/2486/3322 3417/2487/3323
f 3419/2489/3325 3414/2484/3320 3411/2481/3318
f 3414/2484/3320 3419/2489/3325 3417/2487/3323
f 3420/2490/3326 3418/2488/3324 3417/2487/3323
f 3418/2488/3324 3420/2490/3326 3421/2491/3327
f 3420/2490/3326 3422/2492/3328 3421/2491/3327
f 3419/2489/3325 3423/2493/3329 3417/2487/3323
f 3420/2490/3326 3417/2487/3323 3423/2493/3329
f 3422/2492/3328 3420/2490/3326 3424/2494/3330
f 3424/2494/3330 3420/2490/3326 3423/2493/3329
f 3425/2495/3298 3422/2492/3328 3424/2494/3330
f 3426/2496/3331 3419/2489/3325 3411/2481/3318
f 3423/2493/3329 3419/2489/3325 3426/2496/3331
f 3425/2495/3298 3424/2494/3330 3427/2497/3332
f 3428/2498/3333 3425/2495/3298 3427/2497/3332
f 3424/2494/3330 3423/2493/3329 3429/2499/3334
f 3429/2499/3334 3423/2493/3329 3426/2496/3331
f 3427/2497/3332 3424/2494/3330 3429/2499/3334
f 3427/2497/3332 3430/2500/3335 3428/2498/3333
f 3430/2500/3335 3431/2501/3336 3428/2498/3333
f 3429/2499/3334 3432/2502/3337 3427/2497/3332
f 3432/2502/3337 3430/2500/3335 3427/2497/3332
f 3430/2500/3335 3433/2503/3338 3431/2501/3336
f 3433/2503/3338 3434/2504/3339 3431/2501/3336
f 3435/2505/3340 3426/2496/3331 3411/2481/3318
f 3435/2505/3340 3411/2481/3318 3409/2479/3316
f 3436/2506/3341 3435/2505/3340 3409/2479/3316
f 3435/2505/3340 3436/2506/3341 3426/2496/3331
f 3406/2476/3313 3436/2506/3341 3409/2479/3316
f 3429/2499/3334 3426/2496/3331 3437/2507/3342
f 3436/2506/3341 3437/2507/3342 3426/2496/3331
f 3432/2502/3337 3429/2499/3334 3437/2507/3342
f 3436/2506/3341 3406/2476/3313 3438/2508/3343
f 3436/2506/3341 3438/2508/3343 3437/2507/3342
f 3406/2476/3313 3394/2464/3301 3438/2508/3343
f 3432/2502/3337 3439/2509/3344 3430/2500/3335
f 3439/2509/3344 3433/2503/3338 3430/2500/3335
f 3437/2507/3342 3440/2510/3345 3432/2502/3337
f 3438/2508/3343 3440/2510/3345 3437/2507/3342
f 3440/2510/3345 3439/2509/3344 3432/2502/3337
f 3434/2504/3339 3433/2503/3338 3441/2511/3346
f 3442/2512/3347 3434/2504/3339 3441/2511/3346
f 3442/2512/3347 3441/2511/3346 3443/2513/3348
f 3438/2508/3343 3394/2464/3301 3444/2514/3349
f 3394/2464/3301 3383/2453/3290 3444/2514/3349
f 3444/2514/3349 3383/2453/3290 3380/2450/3287
f 3440/2510/3345 3438/2508/3343 3445/2515/3350
f 3439/2509/3344 3440/2510/3345 3445/2515/3350
f 3438/2508/3343 3444/2514/3349 3445/2515/3350
f 3433/2503/3338 3439/2509/3344 3446/2516/3351
f 3441/2511/3346 3433/2503/3338 3446/2516/3351
f 3446/2516/3351 3439/2509/3344 3445/2515/3350
f 3444/2514/3349 3380/2450/3287 3447/2517/3352
f 3445/2515/3350 3444/2514/3349 3447/2517/3352
f 3445/2515/3350 3447/2517/3352 3446/2516/3351
f 3447/2517/3352 3380/2450/3287 3372/2442/3279
f 3441/2511/3346 3448/2518/3353 3443/2513/3348
f 3448/2518/3353 3441/2511/3346 3446/2516/3351
f 3449/2519/3354 3447/2517/3352 3372/2442/3279
f 3372/2442/3279 3342/2414/3249 3449/2519/3354
f 3447/2517/3352 3450/2520/3355 3446/2516/3351
f 3450/2520/3355 3448/2518/3353 3446/2516/3351
f 3447/2517/3352 3449/2519/3354 3450/2520/3355
f 3443/2513/3348 3448/2518/3353 3451/2521/3356
f 3452/2522/3357 3443/2513/3348 3451/2521/3356
f 3452/2522/3357 3451/2521/3356 3453/2523/3358
f 3450/2520/3355 3454/2524/3359 3448/2518/3353
f 3450/2520/3355 3449/2519/3354 3454/2524/3359
f 3454/2524/3359 3451/2521/3356 3448/2518/3353
f 3342/2414/3249 3455/2525/3360 3449/2519/3354
f 3449/2519/3354 3455/2525/3360 3454/2524/3359
f 3455/2525/3360 3342/2414/3249 3327/2403/3234
f 3455/2525/3360 3456/2526/3361 3454/2524/3359
f 3455/2525/3360 3327/2403/3234 3456/2526/3361
f 3454/2524/3359 3456/2526/3361 3451/2521/3356
f 3327/2403/3234 3331/2407/3238 3456/2526/3361
f 3456/2526/3361 3457/2527/3362 3451/2521/3356
f 3451/2521/3356 3457/2527/3362 3453/2523/3358
f 3457/2527/3362 3456/2526/3361 3331/2407/3238
f 3453/2523/3358 3457/2527/3362 3458/2528/3363
f 3458/2528/3363 3457/2527/3362 3331/2407/3238
f 3459/2529/3364 3453/2523/3358 3458/2528/3363
f 3331/2407/3238 3309/2389/3218 3458/2528/3363
f 3458/2528/3363 3460/2530/3365 3459/2529/3364
f 3309/2389/3218 3460/2530/3365 3458/2528/3363
f 3460/2530/3365 3461/2531/3366 3459/2529/3364
f 3460/2530/3365 3309/2389/3218 3312/2392/3221
f 3461/2531/3366 3460/2530/3365 3462/2532/3367
f 3462/2532/3367 3460/2530/3365 3312/2392/3221
f 3463/2533/3368 3461/2531/3366 3462/2532/3367
f 3462/2532/3367 3312/2392/3221 3310/2390/3219
f 3462/2532/3367 3464/2534/3369 3463/2533/3368
f 3464/2534/3369 3462/2532/3367 3310/2390/3219
f 3464/2534/3369 3465/2535/3370 3463/2533/3368
f 3464/2534/3369 3310/2390/3219 3466/1230/3371
f 3464/2534/3369 3466/1230/3371 3465/2535/3370
f 3310/2390/3219 3467/1227/3372 3466/1230/3371
f 3466/1230/3371 3468/1232/3373 3465/2535/3370
f 3471/2536/3374 3470/2537/3375 3469/2538/3376
f 3472/2539/3377 3471/2536/3374 3469/2538/3376
f 3473/2540/3378 3472/2539/3377 3469/2538/3376
f 3474/2541/3379 3472/2539/3377 3473/2540/3378
f 3475/2542/3380 3474/2541/3379 3473/2540/3378
f 3474/2541/3379 3475/2542/3380 3476/2543/3381
f 3475/2542/3380 3477/2544/3382 3476/2543/3381
f 3480/2537/3383 3479/2536/3384 3478/2538/3385
f 3479/2536/3384 3481/2539/3386 3478/2538/3385
f 3481/2539/3386 3482/2540/3387 3478/2538/3385
f 3482/2540/3387 3481/2539/3386 3483/2541/3388
f 3484/2542/3389 3482/2540/3387 3483/2541/3388
f 3483/2541/3388 3485/2543/3381 3484/2542/3389
f 3485/2543/3381 3486/2544/3390 3484/2542/3389
f 3489/2324/3391 3488/2323/3392 3487/2113/3393
f 3488/2323/3392 3490/2114/3394 3487/2113/3393
f 3490/2114/3394 3488/2323/3392 3491/2328/3395
f 3492/2118/3396 3490/2114/3394 3491/2328/3395
f 3493/2120/3397 3492/2118/3396 3491/2328/3395
f 3494/2333/3398 3493/2120/3397 3491/2328/3395
f 3493/2120/3397 3494/2333/3398 3495/2121/3399
f 3494/2333/3398 3496/2337/3400 3495/2121/3399
f 3496/2337/3400 3497/2341/3401 3495/2121/3399
f 3497/2341/3401 3498/2124/3402 3495/2121/3399
f 3498/2124/3402 3497/2341/3401 3499/2126/3403
f 3497/2341/3401 3500/2351/3404 3499/2126/3403
f 3499/2126/3403 3500/2351/3404 3501/2127/3405
f 3500/2351/3404 3502/2355/3406 3501/2127/3405
f 3501/2127/3405 3502/2355/3406 3503/2360/3407
f 3504/2129/3408 3501/2127/3405 3503/2360/3407
f 3504/2129/3408 3503/2360/3407 3505/2362/3409
f 3506/2131/3410 3504/2129/3408 3505/2362/3409
f 3509/2545/3411 3508/2546/3412 3507/2547/3413
f 3507/2547/3413 3508/2546/3412 3510/2548/3414
f 3513/2549/3415 3512/2550/3416 3511/2551/3417
f 3512/2550/3416 3514/2552/3418 3511/2551/3417
f 3511/2551/3417 3514/2552/3418 3515/2553/3419
f 3512/2550/3416 3516/1237/3420 3514/2552/3418
f 3514/2552/3418 3517/2554/3421 3515/2553/3419
f 3518/2555/3422 3515/2553/3419 3517/2554/3421
f 3516/1237/3420 3519/2556/3423 3514/2552/3418
f 3517/2554/3421 3514/2552/3418 3519/2556/3423
f 3519/2556/3423 3516/1237/3420 3520/1236/3424
f 3521/2557/3425 3518/2555/3422 3517/2554/3421
f 3522/2558/3426 3518/2555/3422 3521/2557/3425
f 3517/2554/3421 3523/2559/3427 3521/2557/3425
f 3523/2559/3427 3517/2554/3421 3519/2556/3423
f 3523/2559/3427 3524/2560/3428 3521/2557/3425
f 3525/2561/3429 3519/2556/3423 3520/1236/3424
f 3519/2556/3423 3525/2561/3429 3523/2559/3427
f 3520/1236/3424 3526/1240/3430 3525/2561/3429
f 3524/2560/3428 3523/2559/3427 3527/2562/3431
f 3525/2561/3429 3527/2562/3431 3523/2559/3427
f 3528/2563/3432 3524/2560/3428 3527/2562/3431
f 3526/1240/3430 3529/2564/3433 3525/2561/3429
f 3525/2561/3429 3529/2564/3433 3527/2562/3431
f 3529/2564/3433 3526/1240/3430 3530/1242/3434
f 3531/2565/3435 3529/2564/3433 3530/1242/3434
f 3527/2562/3431 3532/2566/3436 3528/2563/3432
f 3529/2564/3433 3532/2566/3436 3527/2562/3431
f 3529/2564/3433 3531/2565/3435 3532/2566/3436
f 3532/2566/3436 3533/2567/3437 3528/2563/3432
f 3531/2565/3435 3534/2568/3438 3532/2566/3436
f 3533/2567/3437 3532/2566/3436 3534/2568/3438
f 3535/2569/3439 3533/2567/3437 3534/2568/3438
f 3538/2570/3440 3537/2571/3441 3536/2572/3442
f 3537/2571/3441 3539/2573/3443 3536/2572/3442
f 3540/2574/3444 3536/2572/3442 3539/2573/3443
f 3541/2575/3445 3540/2574/3444 3539/2573/3443
f 3541/2575/3445 3542/2576/3446 3540/2574/3444
f 3545/2569/3447 3544/2577/3448 3543/2578/3449
f 3546/2567/3450 3545/2569/3447 3543/2578/3449
f 3546/2567/3450 3543/2578/3449 3547/2579/3451
f 3548/2563/3452 3546/2567/3450 3547/2579/3451
f 3547/2579/3451 3549/2580/3453 3548/2563/3452
f 3549/2580/3453 3550/2560/3454 3548/2563/3452
f 3549/2580/3453 3551/2581/3455 3550/2560/3454
f 3551/2581/3455 3552/2557/3456 3550/2560/3454
f 3552/2557/3456 3551/2581/3455 3553/2558/3457
f 3551/2581/3455 3554/2582/3458 3553/2558/3457
f 3551/2581/3455 3555/2583/3459 3554/2582/3458
f 3555/2583/3459 3551/2581/3455 3549/2580/3453
f 3555/2583/3459 3556/2584/3460 3554/2582/3458
f 3557/2585/3461 3549/2580/3453 3547/2579/3451
f 3557/2585/3461 3555/2583/3459 3549/2580/3453
f 3547/2579/3451 3543/2578/3449 3558/2586/3462
f 3558/2586/3462 3557/2585/3461 3547/2579/3451
f 3556/2584/3460 3555/2583/3459 3559/2587/3463
f 3560/2588/3464 3556/2584/3460 3559/2587/3463
f 3559/2587/3463 3561/2589/3465 3560/2588/3464
f 3543/2578/3449 3562/2590/3466 3558/2586/3462
f 3543/2578/3449 3563/2577/3467 3562/2590/3466
f 3563/2577/3467 3564/2591/3468 3562/2590/3466
f 3557/2585/3461 3558/2586/3462 3565/2592/3469
f 3565/2592/3469 3558/2586/3462 3562/2590/3466
f 3557/2585/3461 3566/2593/3470 3555/2583/3459
f 3566/2593/3470 3559/2587/3463 3555/2583/3459
f 3566/2593/3470 3557/2585/3461 3565/2592/3469
f 3567/2594/3471 3561/2589/3465 3559/2587/3463
f 3568/2595/3472 3561/2589/3465 3567/2594/3471
f 3566/2593/3470 3569/2596/3473 3559/2587/3463
f 3569/2596/3473 3567/2594/3471 3559/2587/3463
f 3567/2594/3471 3570/2597/3474 3568/2595/3472
f 3570/2597/3474 3571/2598/3475 3568/2595/3472
f 3572/2599/3476 3571/2598/3475 3570/2597/3474
f 3570/2597/3474 3567/2594/3471 3573/2600/3477
f 3567/2594/3471 3569/2596/3473 3573/2600/3477
f 3573/2600/3477 3569/2596/3473 3574/2601/3478
f 3569/2596/3473 3566/2593/3470 3574/2601/3478
f 3566/2593/3470 3565/2592/3469 3574/2601/3478
f 3575/2602/3479 3574/2601/3478 3565/2592/3469
f 3576/2603/3480 3575/2602/3479 3565/2592/3469
f 3576/2603/3480 3565/2592/3469 3562/2590/3466
f 3575/2602/3479 3576/2603/3480 3577/2604/3481
f 3562/2590/3466 3578/2591/3482 3576/2603/3480
f 3576/2603/3480 3579/2605/3483 3577/2604/3481
f 3578/2591/3482 3579/2605/3483 3576/2603/3480
f 3582/2549/3484 3581/2551/3485 3580/2606/3484
f 3581/2551/3485 3583/2607/3486 3580/2606/3484
f 3584/2608/3487 3583/2607/3486 3581/2551/3485
f 3585/2553/3488 3584/2608/3487 3581/2551/3485
f 3586/2609/3489 3584/2608/3487 3585/2553/3488
f 3587/2555/3490 3586/2609/3489 3585/2553/3488
f 3586/2609/3489 3587/2555/3490 3588/2610/3491
f 3587/2555/3490 3589/2558/3492 3588/2610/3491
f 3588/2610/3491 3589/2558/3492 3590/2582/3493
f 3591/2611/3494 3588/2610/3491 3590/2582/3493
f 3591/2611/3494 3590/2582/3493 3592/2584/3495
f 3593/2612/3496 3591/2611/3494 3592/2584/3495
f 3593/2612/3496 3592/2584/3495 3594/2588/3497
f 3595/2613/3498 3593/2612/3496 3594/2588/3497
f 3595/2613/3498 3594/2588/3497 3596/2614/3499
f 3594/2588/3497 3597/2589/3500 3596/2614/3499
f 3596/2614/3499 3597/2589/3500 3598/2615/3501
f 3597/2589/3500 3599/2595/3502 3598/2615/3501
f 3599/2595/3502 3600/2598/3503 3598/2615/3501
f 3600/2598/3503 3601/2616/3504 3598/2615/3501
f 3600/2598/3503 3602/2599/3505 3601/2616/3504
f 3602/2599/3505 3603/2617/3506 3601/2616/3504
f 3606/2618/3507 3605/2619/3508 3604/2620/3509
f 3607/2621/3510 3606/2618/3507 3604/2620/3509
f 3606/2618/3507 3607/2621/3510 3608/1245/3511
f 3607/2621/3510 3609/1246/3512 3608/1245/3511
f 3610/2622/3513 3607/2621/3510 3604/2620/3509
f 3609/1246/3512 3607/2621/3510 3611/1244/3514
f 3612/2623/3515 3607/2621/3510 3610/2622/3513
f 3607/2621/3510 3612/2623/3515 3611/1244/3514
f 3613/2624/3516 3612/2623/3515 3610/2622/3513
f 3614/2625/3517 3611/1244/3514 3612/2623/3515
f 3615/2626/3518 3612/2623/3515 3613/2624/3516
f 3616/2627/3519 3614/2625/3517 3612/2623/3515
f 3616/2627/3519 3612/2623/3515 3615/2626/3518
f 3617/2628/3520 3614/2625/3517 3616/2627/3519
f 3618/2629/3521 3616/2627/3519 3615/2626/3518
f 3619/2630/3522 3617/2628/3520 3616/2627/3519
f 3619/2630/3522 3616/2627/3519 3618/2629/3521
f 3620/2631/3523 3619/2630/3522 3618/2629/3521
f 3621/2632/3524 3619/2630/3522 3620/2631/3523
f 3622/2633/3525 3621/2632/3524 3620/2631/3523
f 3625/2634/3526 3624/2635/3527 3623/2636/3528
f 3626/2637/3529 3624/2635/3527 3625/2634/3526
f 3627/2638/3530 3626/2637/3529 3625/2634/3526
f 3624/2635/3527 3626/2637/3529 3628/1251/3531
f 3629/2639/3532 3626/2637/3529 3627/2638/3530
f 3626/2637/3529 3630/1247/3533 3628/1251/3531
f 3631/2618/3534 3626/2637/3529 3629/2639/3532
f 3626/2637/3529 3631/2618/3534 3630/1247/3533
f 3632/2619/3535 3631/2618/3534 3629/2639/3532
f 3631/2618/3534 3633/1245/3536 3630/1247/3533
f 3636/2549/3537 3635/2606/3538 3634/2640/3539
f 3637/2550/3539 3636/2549/3537 3634/2640/3539
f 3640/2641/3540 3639/2570/3541 3638/2572/3542
f 3641/2642/3543 3640/2641/3540 3638/2572/3542
f 3641/2642/3543 3638/2572/3542 3642/2574/3544
f 3643/2643/3545 3641/2642/3543 3642/2574/3544
f 3642/2574/3544 3644/2576/3546 3643/2643/3545
f 3647/2549/3547 3646/2551/3548 3645/2550/3549
f 3646/2551/3548 3648/2552/3550 3645/2550/3549
f 3649/1237/3551 3645/2550/3549 3648/2552/3550
f 3648/2552/3550 3646/2551/3548 3650/2553/3552
f 3651/2556/3553 3649/1237/3551 3648/2552/3550
f 3649/1237/3551 3651/2556/3553 3652/1236/3554
f 3653/2554/3555 3648/2552/3550 3650/2553/3552
f 3648/2552/3550 3653/2554/3555 3651/2556/3553
f 3650/2553/3552 3654/2555/3556 3653/2554/3555
f 3651/2556/3553 3655/2561/3557 3652/1236/3554
f 3652/1236/3554 3655/2561/3557 3656/1240/3558
f 3654/2555/3556 3657/2557/3559 3653/2554/3555
f 3654/2555/3556 3658/2558/3560 3657/2557/3559
f 3653/2554/3555 3659/2559/3561 3651/2556/3553
f 3659/2559/3561 3653/2554/3555 3657/2557/3559
f 3651/2556/3553 3659/2559/3561 3655/2561/3557
f 3660/2560/3562 3659/2559/3561 3657/2557/3559
f 3659/2559/3561 3660/2560/3562 3661/2562/3563
f 3659/2559/3561 3661/2562/3563 3655/2561/3557
f 3660/2560/3562 3662/2563/3564 3661/2562/3563
f 3655/2561/3557 3663/2564/3565 3656/1240/3558
f 3663/2564/3565 3655/2561/3557 3661/2562/3563
f 3656/1240/3558 3663/2564/3565 3664/1242/3566
f 3663/2564/3565 3665/2565/3567 3664/1242/3566
f 3666/2566/3568 3661/2562/3563 3662/2563/3564
f 3666/2566/3568 3663/2564/3565 3661/2562/3563
f 3663/2564/3565 3666/2566/3568 3665/2565/3567
f 3667/2567/3569 3666/2566/3568 3662/2563/3564
f 3666/2566/3568 3668/2568/3570 3665/2565/3567
f 3668/2568/3570 3666/2566/3568 3667/2567/3569
f 3669/2569/3571 3668/2568/3570 3667/2567/3569
f 3672/2570/3572 3671/2572/3573 3670/2571/3574
f 3671/2572/3573 3673/2573/3575 3670/2571/3574
f 3673/2573/3575 3671/2572/3573 3674/2574/3576
f 3675/2575/3577 3673/2573/3575 3674/2574/3576
f 3675/2575/3577 3674/2574/3576 3676/2576/3578
f 3679/2578/3579 3678/2577/3580 3677/2569/3581
f 3680/2567/3582 3679/2578/3579 3677/2569/3581
f 3681/2579/3583 3679/2578/3579 3680/2567/3582
f 3682/2563/3584 3681/2579/3583 3680/2567/3582
f 3681/2579/3583 3682/2563/3584 3683/2580/3585
f 3682/2563/3584 3684/2560/3586 3683/2580/3585
f 3683/2580/3585 3684/2560/3586 3685/2581/3587
f 3684/2560/3586 3686/2557/3588 3685/2581/3587
f 3685/2581/3587 3686/2557/3588 3687/2558/3589
f 3688/2582/3590 3685/2581/3587 3687/2558/3589
f 3689/2583/3591 3685/2581/3587 3688/2582/3590
f 3683/2580/3585 3685/2581/3587 3689/2583/3591
f 3690/2584/3592 3689/2583/3591 3688/2582/3590
f 3683/2580/3585 3691/2585/3593 3681/2579/3583
f 3691/2585/3593 3683/2580/3585 3689/2583/3591
f 3679/2578/3579 3681/2579/3583 3692/2586/3594
f 3691/2585/3593 3692/2586/3594 3681/2579/3583
f 3689/2583/3591 3690/2584/3592 3693/2587/3595
f 3690/2584/3592 3694/2588/3596 3693/2587/3595
f 3695/2589/3597 3693/2587/3595 3694/2588/3596
f 3696/2590/3598 3679/2578/3579 3692/2586/3594
f 3679/2578/3579 3696/2590/3598 3697/2577/3599
f 3696/2590/3598 3698/2591/3600 3697/2577/3599
f 3692/2586/3594 3691/2585/3593 3699/2592/3601
f 3696/2590/3598 3692/2586/3594 3699/2592/3601
f 3700/2593/3602 3691/2585/3593 3689/2583/3591
f 3693/2587/3595 3700/2593/3602 3689/2583/3591
f 3691/2585/3593 3700/2593/3602 3699/2592/3601
f 3695/2589/3597 3701/2594/3603 3693/2587/3595
f 3695/2589/3597 3702/2595/3604 3701/2594/3603
f 3700/2593/3602 3693/2587/3595 3703/2596/3605
f 3693/2587/3595 3701/2594/3603 3703/2596/3605
f 3701/2594/3603 3702/2595/3604 3704/2597/3606
f 3702/2595/3604 3705/2598/3607 3704/2597/3606
f 3705/2598/3607 3706/2599/3608 3704/2597/3606
f 3704/2597/3606 3707/2600/3609 3701/2594/3603
f 3707/2600/3609 3703/2596/3605 3701/2594/3603
f 3703/2596/3605 3707/2600/3609 3708/2601/3610
f 3703/2596/3605 3708/2601/3610 3700/2593/3602
f 3708/2601/3610 3699/2592/3601 3700/2593/3602
f 3699/2592/3601 3708/2601/3610 3709/2602/3611
f 3710/2603/3612 3699/2592/3601 3709/2602/3611
f 3709/2602/3611 3711/2604/3613 3710/2603/3612
f 3710/2603/3612 3696/2590/3598 3699/2592/3601
f 3711/2604/3613 3712/2605/3614 3710/2603/3612
f 3696/2590/3598 3710/2603/3612 3712/2605/3614
f 3713/2591/3615 3696/2590/3598 3712/2605/3614
f 3716/2549/3616 3715/2606/3616 3714/2551/3617
f 3715/2606/3616 3717/2607/3618 3714/2551/3617
f 3714/2551/3617 3717/2607/3618 3718/2608/3619
f 3719/2553/3620 3714/2551/3617 3718/2608/3619
f 3718/2608/3619 3720/2609/3621 3719/2553/3620
f 3720/2609/3621 3721/2555/3622 3719/2553/3620
f 3721/2555/3622 3720/2609/3621 3722/2610/3623
f 3723/2558/3624 3721/2555/3622 3722/2610/3623
f 3724/2582/3625 3723/2558/3624 3722/2610/3623
f 3725/2611/3626 3724/2582/3625 3722/2610/3623
f 3726/2584/3627 3724/2582/3625 3725/2611/3626
f 3727/2612/3628 3726/2584/3627 3725/2611/3626
f 3726/2584/3627 3727/2612/3628 3728/2588/3629
f 3727/2612/3628 3729/2613/3630 3728/2588/3629
f 3729/2613/3630 3730/2614/3631 3728/2588/3629
f 3730/2614/3631 3731/2589/3632 3728/2588/3629
f 3730/2614/3631 3732/2615/3633 3731/2589/3632
f 3732/2615/3633 3733/2595/3634 3731/2589/3632
f 3734/2598/3635 3733/2595/3634 3732/2615/3633
f 3735/2616/3636 3734/2598/3635 3732/2615/3633
f 3736/2599/3637 3734/2598/3635 3735/2616/3636
f 3737/2617/3638 3736/2599/3637 3735/2616/3636
f 3740/2620/3639 3739/2619/3640 3738/2618/3641
f 3741/2644/3642 3740/2620/3639 3738/2618/3641
f 3741/2644/3642 3738/2618/3641 3742/1245/3643
f 3743/1246/3644 3741/2644/3642 3742/1245/3643
f 3740/2620/3645 3745/2621/3646 3744/2622/3647
f 3747/2645/3648 3743/1246/3649 3746/1244/3650
f 3747/2645/3648 3748/2623/3651 3744/2622/3652
f 3748/2623/3651 3747/2645/3648 3746/1244/3650
f 3748/2623/3651 3749/2624/3653 3744/2622/3652
f 3748/2623/3651 3746/1244/3650 3750/2625/3654
f 3748/2623/3651 3751/2626/3655 3749/2624/3653
f 3752/2627/3656 3748/2623/3651 3750/2625/3654
f 3748/2623/3651 3752/2627/3656 3751/2626/3655
f 3750/2625/3654 3753/2628/3657 3752/2627/3656
f 3753/2628/3657 3754/2630/3658 3752/2627/3656
f 3752/2627/3656 3755/2629/3659 3751/2626/3655
f 3756/2632/3660 3752/2627/3656 3754/2630/3658
f 3755/2629/3659 3752/2627/3656 3756/2632/3660
f 3756/2632/3660 3757/2631/3661 3755/2629/3659
f 3756/2632/3660 3758/2633/3662 3757/2631/3661
f 3761/2635/3663 3760/2634/3664 3759/2636/3665
f 3761/2635/3663 3762/2637/3666 3760/2634/3664
f 3762/2637/3666 3763/2638/3667 3760/2634/3664
f 3762/2637/3666 3761/2635/3663 3764/1251/3668
f 3762/2637/3666 3765/2639/3669 3763/2638/3667
f 3766/1247/3670 3762/2637/3666 3764/1251/3668
f 3762/2637/3666 3767/2618/3671 3765/2639/3669
f 3762/2637/3666 3766/1247/3670 3767/2618/3671
f 3767/2618/3671 3768/2619/3672 3765/2639/3669
f 3766/1247/3670 3769/1245/3673 3767/2618/3671
f 3772/2549/3674 3771/2550/3675 3770/2640/3676
f 3773/2606/3677 3772/2549/3674 3770/2640/3676
f 3776/2570/3678 3775/2641/3679 3774/2572/3680
f 3775/2641/3679 3777/2642/3681 3774/2572/3680
f 3778/2574/3682 3774/2572/3680 3777/2642/3681
f 3779/2643/3683 3778/2574/3682 3777/2642/3681
f 3779/2643/3683 3780/2576/3684 3778/2574/3682
f 3783/2646/3685 3782/2647/3686 3781/2648/3687
f 3782/2647/3686 3784/2649/3688 3781/2648/3687
f 3781/2648/3687 3784/2649/3688 3785/2650/3689
f 3786/2651/3690 3781/2648/3687 3785/2650/3689
f 3787/2652/3691 3786/2651/3690 3785/2650/3689
f 3790/2653/3692 3789/1274/3693 3788/1276/3694
f 3791/2654/3695 3790/2653/3692 3788/1276/3694
f 3792/2655/3696 3790/2653/3692 3791/2654/3695
f 3793/2656/3697 3790/2653/3692 3792/2655/3696
f 3794/2657/3698 3793/2656/3697 3792/2655/3696
f 3794/2657/3698 3795/2658/3699 3793/2656/3697
f 3793/2656/3697 3795/2658/3699 3796/2659/3700
f 3795/2658/3699 3797/2660/3701 3796/2659/3700
f 3798/2661/3702 3796/2659/3700 3797/2660/3701
f 3801/1253/3703 3800/1277/3704 3799/2662/3705
f 3802/2663/3706 3801/1253/3703 3799/2662/3705
f 3799/2662/3705 3803/2664/3707 3802/2663/3706
f 3803/2664/3707 3799/2662/3705 3804/2665/3708
f 3805/2666/3709 3803/2664/3707 3804/2665/3708
f 3806/2667/3710 3805/2666/3709 3804/2665/3708
f 3807/2668/3711 3806/2667/3710 3804/2665/3708
f 3808/2669/3712 3807/2668/3711 3804/2665/3708
f 3808/2669/3712 3809/2670/3713 3807/2668/3711
f 3812/2671/3714 3811/2672/3715 3810/2673/3711
f 3811/2672/3715 3813/2674/3716 3810/2673/3711
f 3813/2674/3716 3814/2675/3717 3810/2673/3711
f 3813/2674/3716 3815/2676/3718 3814/2675/3717
f 3815/2676/3718 3816/2677/3719 3814/2675/3717
f 3815/2676/3718 3817/2678/3720 3816/2677/3719
f 3817/2678/3720 3818/2679/3721 3816/2677/3719
f 3819/2680/3722 3818/2679/3721 3817/2678/3720
f 3820/2681/3723 3819/2680/3722 3817/2678/3720
f 3819/2680/3722 3820/2681/3723 3821/2682/3724
f 3820/2681/3723 3822/2683/3725 3821/2682/3724
f 3825/2661/3726 3824/2670/3727 3823/2669/3728
f 3826/2659/3729 3825/2661/3726 3823/2669/3728
f 3826/2659/3729 3823/2669/3728 3827/2665/3730
f 3828/2656/3731 3826/2659/3729 3827/2665/3730
f 3828/2656/3731 3827/2665/3730 3829/2662/3732
f 3830/2653/3733 3828/2656/3731 3829/2662/3732
f 3829/2662/3732 3831/1277/3734 3830/2653/3733
f 3831/1277/3734 3832/1274/3735 3830/2653/3733
f 3831/1277/3734 3833/2684/3736 3832/1274/3735
f 3833/2684/3736 3831/1277/3734 3834/1252/3737
f 3833/2684/3736 3835/2685/3738 3832/1274/3735
f 3835/2685/3738 3836/1275/3739 3832/1274/3735
f 3837/2686/3740 3833/2684/3736 3834/1252/3737
f 3838/1263/3741 3837/2686/3740 3834/1252/3737
f 3834/1252/3737 3839/1254/3742 3838/1263/3741
f 3839/1254/3742 3840/1264/3743 3838/1263/3741
f 3840/1264/3743 3839/1254/3742 3841/1258/3744
f 3842/1269/3745 3840/1264/3743 3841/1258/3744
f 3842/1269/3745 3841/1258/3744 3843/1272/3746
f 3841/1258/3744 3844/1260/3747 3843/1272/3746
f 3843/1272/3746 3844/1260/3747 3845/1262/3748
f 3846/1273/3749 3843/1272/3746 3845/1262/3748
f 3837/2686/3740 3838/1263/3741 3847/1278/3750
f 3836/1275/3739 3835/2685/3738 3848/2687/3751
f 3848/2687/3751 3849/2688/3752 3836/1275/3739
f 3849/2688/3752 3850/1664/3753 3836/1275/3739
f 3851/1666/3754 3850/1664/3753 3849/2688/3752
f 3852/2689/3755 3851/1666/3754 3849/2688/3752
f 3851/1666/3754 3852/2689/3755 3853/2690/3756
f 3854/1669/3757 3851/1666/3754 3853/2690/3756
f 3855/1671/3758 3854/1669/3757 3853/2690/3756
f 3856/2691/3759 3855/1671/3758 3853/2690/3756
f 3856/2691/3759 3853/2690/3756 3857/2692/3760
f 3858/2693/3761 3857/2692/3760 3853/2690/3756
f 3852/2689/3755 3858/2693/3761 3853/2690/3756
f 3852/2689/3755 3849/2688/3752 3859/2694/3762
f 3860/2695/3763 3849/2688/3752 3848/2687/3751
f 3859/2694/3762 3849/2688/3752 3860/2695/3763
f 3861/2696/3764 3858/2693/3761 3852/2689/3755
f 3861/2696/3764 3852/2689/3755 3859/2694/3762
f 3862/2697/3765 3860/2695/3763 3848/2687/3751
f 3860/2695/3763 3863/2698/3766 3859/2694/3762
f 3860/2695/3763 3862/2697/3765 3863/2698/3766
f 3859/2694/3762 3864/2699/3767 3861/2696/3764
f 3863/2698/3766 3864/2699/3767 3859/2694/3762
f 3858/2693/3761 3861/2696/3764 3865/2700/3768
f 3864/2699/3767 3865/2700/3768 3861/2696/3764
f 3862/2697/3765 3848/2687/3751 1757/1346/1705
f 3835/2685/3738 1757/1346/1705 3848/2687/3751
f 1747/1336/1696 3862/2697/3765 1757/1346/1705
f 1757/1346/1705 3835/2685/3738 1746/1335/1695
f 3862/2697/3765 1747/1336/1696 3866/2701/3769
f 3862/2697/3765 3866/2701/3769 3863/2698/3766
f 1747/1336/1696 1742/1331/1691 3866/2701/3769
f 1746/1335/1695 3835/2685/3738 3867/2702/3770
f 1746/1335/1695 3867/2702/3770 1720/1309/1669
f 3835/2685/3738 3833/2684/3736 3867/2702/3770
f 1720/1309/1669 3867/2702/3770 1712/1281/1639
f 1712/1281/1639 3867/2702/3770 3833/2684/3736
f 3837/2686/3740 1712/1281/1639 3833/2684/3736
f 1712/1281/1639 3837/2686/3740 3868/1279/3771
f 3837/2686/3740 3870/2703/1726 3868/1279/3771
f 3870/2703/1726 3837/2686/3740 3871/1278/3772
f 3872/2704/3773 3863/2698/3766 3866/2701/3769
f 3863/2698/3766 3872/2704/3773 3864/2699/3767
f 3872/2704/3773 3873/2705/3774 3864/2699/3767
f 3874/2706/3775 3872/2704/3773 3866/2701/3769
f 3864/2699/3767 3873/2705/3774 3865/2700/3768
f 3874/2706/3775 3866/2701/3769 1742/1331/1691
f 3873/2705/3774 3875/2707/3776 3865/2700/3768
f 1761/1350/1709 3874/2706/3775 1742/1331/1691
f 3865/2700/3768 3875/2707/3776 3876/2708/3777
f 1761/1350/1709 3877/2709/3778 3874/2706/3775
f 3877/2709/3778 3878/2710/3779 3874/2706/3775
f 3879/2711/3780 3865/2700/3768 3876/2708/3777
f 3879/2711/3780 3858/2693/3761 3865/2700/3768
f 3858/2693/3761 3879/2711/3780 3880/2692/3781
f 3881/2712/3782 3879/2711/3780 3876/2708/3777
f 3882/2713/3783 3881/2712/3782 3876/2708/3777
f 3879/2711/3780 3881/2712/3782 3883/2692/3781
f 3881/2712/3782 3884/2714/3784 3883/2692/3781
f 3877/2709/3778 1761/1350/1709 3885/2683/3785
f 1761/1350/1709 1766/1355/1714 3885/2683/3785
f 3877/2709/3778 3885/2683/3785 3886/2681/3786
f 3887/2715/3787 3877/2709/3778 3886/2681/3786
f 3887/2715/3787 3886/2681/3786 3888/2716/3788
f 3886/2681/3786 3889/2678/3789 3888/2716/3788
f 3890/2717/3790 3888/2716/3788 3889/2678/3789
f 3891/2676/3791 3890/2717/3790 3889/2678/3789
f 3890/2717/3790 3891/2676/3791 3892/2718/3792
f 3891/2676/3791 3893/2674/3793 3892/2718/3792
f 3894/2719/3794 3892/2718/3792 3893/2674/3793
f 3895/2672/3795 3894/2719/3794 3893/2674/3793
f 3894/2719/3794 3895/2672/3795 3896/2720/3796
f 3895/2672/3795 3897/2671/3727 3896/2720/3796
f 1766/1355/1714 3898/2721/3797 3885/2683/3785
f 3885/2683/3785 3898/2721/3797 3899/2682/3798
f 3898/2721/3797 1766/1355/1714 1798/1387/1743
f 3898/2721/3797 1798/1387/1743 3900/2722/3799
f 3901/2723/3800 3898/2721/3797 3900/2722/3799
f 3901/2723/3800 3900/2722/3799 3902/2724/3801
f 3900/2722/3799 3903/2725/3802 3902/2724/3801
f 3902/2724/3801 3903/2725/3802 3904/2726/3803
f 3905/2727/3804 3902/2724/3801 3904/2726/3803
f 3904/2726/3803 3906/2728/3805 3905/2727/3804
f 3906/2728/3805 3907/2729/3806 3905/2727/3804
f 3906/2728/3805 3908/2730/3807 3907/2729/3806
f 3908/2730/3807 3909/2731/3808 3907/2729/3806
f 3912/1291/3809 3911/1289/3809 3910/1290/3809
f 3913/1295/3809 3912/1291/3809 3910/1290/3809
f 3916/2710/3810 3915/2709/3811 3914/2715/3812
f 3917/2732/3813 3916/2710/3810 3914/2715/3812
f 3914/2715/3812 3918/2716/3814 3917/2732/3813
f 3918/2716/3814 3919/2733/3815 3917/2732/3813
f 3920/2734/3816 3919/2733/3815 3918/2716/3814
f 3921/2717/3817 3920/2734/3816 3918/2716/3814
f 3920/2734/3816 3921/2717/3817 3922/2718/3818
f 3923/2735/3819 3920/2734/3816 3922/2718/3818
f 3924/2736/3701 3923/2735/3819 3922/2718/3818
f 3925/2719/3820 3924/2736/3701 3922/2718/3818
f 3925/2719/3820 3926/2720/3821 3924/2736/3701
f 3929/1276/3822 3928/1275/3823 3927/1663/3824
f 3928/1275/3823 3930/1664/3825 3927/1663/3824
f 3930/1664/3825 3931/1665/3826 3927/1663/3824
f 3931/1665/3826 3930/1664/3825 3932/1666/3827
f 3933/1667/3828 3931/1665/3826 3932/1666/3827
f 3932/1666/3827 3934/1668/3829 3933/1667/3828
f 3934/1668/3829 3932/1666/3827 3935/1669/3830
f 3936/1670/3831 3934/1668/3829 3935/1669/3830
f 3935/1669/3830 3937/1671/3832 3936/1670/3831
f 3940/2737/3833 3939/2713/3834 3938/2738/3835
f 3938/2738/3835 3939/2713/3834 3941/2708/3836
f 3942/2739/3829 3938/2738/3835 3941/2708/3836
f 3942/2739/3829 3941/2708/3836 3943/2707/3837
f 3944/2740/3838 3942/2739/3829 3943/2707/3837
f 3945/2741/3839 3944/2740/3838 3943/2707/3837
f 3946/2705/3840 3945/2741/3839 3943/2707/3837
f 3945/2741/3839 3946/2705/3840 3947/2742/3841
f 3946/2705/3840 3948/2704/3842 3947/2742/3841
f 3949/2710/3843 3947/2742/3841 3948/2704/3842
f 3950/2706/3844 3949/2710/3843 3948/2704/3842
f 3953/2743/3845 3952/2730/3846 3951/2744/1631
f 3952/2730/3846 3954/2728/3847 3951/2744/1631
f 3954/2728/3847 3955/2745/1630 3951/2744/1631
f 3955/2745/1630 3954/2728/3847 3956/2746/3848
f 3954/2728/3847 3957/2726/3849 3956/2746/3848
f 3956/2746/3848 3957/2726/3849 3958/2747/3850
f 3957/2726/3849 3959/2725/3851 3958/2747/3850
f 3958/2747/3850 3959/2725/3851 3960/2748/3852
f 3959/2725/3851 3961/2722/3853 3960/2748/3852
f 3960/2748/3852 3961/2722/3853 3962/1388/3854
f 3961/2722/3853 3963/1387/3855 3962/1388/3854
f 3966/2721/3856 3965/2723/3857 3964/2682/3858
f 3965/2723/3857 3967/2749/3859 3964/2682/3858
f 3967/2749/3859 3965/2723/3857 3968/2724/3860
f 3969/2750/3861 3967/2749/3859 3968/2724/3860
f 3968/2724/3860 3970/2727/3862 3969/2750/3861
f 3970/2727/3862 3971/2751/3863 3969/2750/3861
f 3970/2727/3862 3972/2729/3864 3971/2751/3863
f 3972/2729/3864 3973/2752/3865 3971/2751/3863
f 3973/2752/3865 3972/2729/3864 3974/2753/1619
f 3972/2729/3864 3975/2731/3866 3974/2753/1619
f 3975/2731/3866 3976/2754/3867 3974/2753/1619
f 3979/1278/3868 3978/1265/3869 3977/2755/3870
f 3978/1265/3869 3980/2756/3871 3977/2755/3870
f 3981/2757/3872 3977/2755/3870 3980/2756/3871
f 3977/2755/3870 3981/2757/3872 3982/2758/3873
f 3981/2757/3872 3983/2759/3874 3982/2758/3873
f 3983/2759/3874 3984/2760/3875 3982/2758/3873
f 3982/2758/3873 3984/2760/3875 3985/2761/3876
f 3984/2760/3875 3986/2762/3877 3985/2761/3876
f 3987/2763/3878 3985/2761/3876 3986/2762/3877
f 3990/2761/3879 3989/2763/3880 3988/2764/3881
f 3991/2765/1754 3990/2761/3879 3988/2764/3881
f 3990/2761/3879 3991/2765/1754 3992/2766/1742
f 3993/2758/3882 3990/2761/3879 3992/2766/1742
f 3992/2766/1742 3994/2767/1736 3993/2758/3882
f 3994/2767/1736 3995/2755/3883 3993/2758/3882
f 3847/1278/3884 3995/2755/3883 3994/2767/1736
f 3996/2768/3885 3847/1278/3884 3994/2767/1736
f 3996/2768/3885 3869/2703/3886 3847/1278/3884
f 3999/1388/3887 3998/1383/3888 3997/1389/3889
f 4000/2769/3890 3999/1388/3887 3997/1389/3889
f 3997/1389/3889 4001/1391/3891 4000/2769/3890
f 4001/1391/3891 4002/2770/3872 4000/2769/3890
f 4002/2770/3872 4001/1391/3891 4003/2771/3892
f 4001/1391/3891 4004/1394/3893 4003/2771/3892
f 4003/2771/3892 4004/1394/3893 4005/1396/3894
f 4006/2772/3875 4003/2771/3892 4005/1396/3894
f 4006/2772/3875 4005/1396/3894 4007/2773/3895
f 4005/1396/3894 4008/1402/3896 4007/2773/3895
f 4008/1402/3896 4009/2774/3897 4007/2773/3895
f 4012/2737/3898 4011/2714/3898 4010/2712/3898
f 4013/2713/3898 4012/2737/3898 4010/2712/3898
f 4016/2743/3899 4015/2754/3900 4014/2731/3899
f 4017/2730/3901 4016/2743/3899 4014/2731/3899
f 4020/1401/3902 4019/1400/3902 4018/2774/3903
f 4021/1402/3902 4020/1401/3902 4018/2774/3903
f 4024/2775/3904 4023/1430/3905 4022/2776/3906
f 4025/2777/3907 4022/2776/3906 4023/1430/3905
f 4026/1427/3908 4025/2777/3907 4023/1430/3905
f 4027/2778/3909 4025/2777/3907 4026/1427/3908
f 4023/1430/3905 4028/1432/3910 4026/1427/3908
f 4029/1431/3911 4028/1432/3910 4023/1430/3905
f 4027/2778/3909 4026/1427/3908 4030/1424/3912
f 4031/2779/3913 4027/2778/3909 4030/1424/3912
f 4028/1432/3910 4029/1431/3911 4032/1435/3914
f 4029/1431/3911 4033/1436/3915 4032/1435/3914
f 4034/1437/3916 4032/1435/3914 4033/1436/3915
f 4034/1437/3916 4035/1434/3917 4032/1435/3914
f 4032/1435/3914 4035/1434/3917 4028/1432/3910
f 4035/1434/3917 4036/1433/3918 4028/1432/3910
f 4028/1432/3910 4036/1433/3918 4026/1427/3908
f 4036/1433/3918 4037/2780/3919 4026/1427/3908
f 4030/1424/3912 4026/1427/3908 4037/2780/3919
f 4038/2781/3920 4030/1424/3912 4037/2780/3919
f 4030/1424/3912 4038/2781/3920 4039/2782/3921
f 4040/2783/3922 4039/2782/3921 4038/2781/3920
f 4030/1424/3912 4041/1421/3923 4031/2779/3913
f 4039/2782/3921 4041/1421/3923 4030/1424/3912
f 4039/2782/3921 4040/2783/3922 4042/2784/3924
f 4040/2783/3922 4043/2785/3925 4042/2784/3924
f 4041/1421/3923 4039/2782/3921 4044/2786/3926
f 4044/2786/3926 4039/2782/3921 4042/2784/3924
f 4045/2787/3927 4044/2786/3926 4042/2784/3924
f 4046/2788/3928 4045/2787/3927 4042/2784/3924
f 4041/1421/3923 4047/1420/3929 4031/2779/3913
f 4047/1420/3929 4048/2789/3930 4031/2779/3913
f 4047/1420/3929 4041/1421/3923 4049/1418/3931
f 4048/2789/3930 4047/1420/3929 4050/2790/3932
f 4051/1417/3933 4047/1420/3929 4049/1418/3931
f 4047/1420/3929 4052/2791/3934 4050/2790/3932
f 4051/1417/3933 4049/1418/3931 4053/1415/3935
f 4054/1414/3936 4051/1417/3933 4053/1415/3935
f 4055/2792/3937 4050/2790/3932 4052/2791/3934
f 4056/2793/3938 4055/2792/3937 4052/2791/3934
f 4055/2792/3937 4056/2793/3938 4057/2794/3939
f 4058/2795/3940 4055/2792/3937 4057/2794/3939
f 4057/2794/3939 4059/2796/3941 4058/2795/3940
f 4054/1414/3936 4053/1415/3935 4060/1410/3942
f 4053/1415/3935 4061/1413/3943 4060/1410/3942
f 4060/1410/3942 4061/1413/3943 4062/1411/3944
f 4063/1408/3945 4060/1410/3942 4062/1411/3944
f 4063/1408/3945 4062/1411/3944 4064/1409/3946
f 4065/1406/3947 4063/1408/3945 4064/1409/3946
f 4064/1409/3946 4066/2797/3948 4065/1406/3947
f 4066/2797/3948 4067/1404/3949 4065/1406/3947
f 4068/1405/3950 4067/1404/3949 4066/2797/3948
f 4071/1420/3951 4070/1423/3952 4069/2798/3953
f 4072/2799/3954 4071/1420/3951 4069/2798/3953
f 4071/1420/3951 4072/2799/3954 4073/2800/3955
f 4074/2791/3956 4071/1420/3951 4073/2800/3955
f 4074/2791/3956 4073/2800/3955 4075/2793/3957
f 4073/2800/3955 4076/2801/3958 4075/2793/3957
f 4077/2794/3959 4075/2793/3957 4076/2801/3958
f 4078/2796/3960 4077/2794/3959 4076/2801/3958
f 4076/2801/3958 4079/2795/3961 4078/2796/3960
f 4079/2795/3961 4076/2801/3958 4080/2792/3962
f 4076/2801/3958 4073/2800/3955 4080/2792/3962
f 4073/2800/3955 4081/2790/3963 4080/2792/3962
f 4082/2789/3964 4081/2790/3963 4073/2800/3955
f 4072/2799/3954 4082/2789/3964 4073/2800/3955
f 4083/2779/3965 4082/2789/3964 4072/2799/3954
f 4069/2798/3953 4083/2779/3965 4072/2799/3954
f 4084/2778/3966 4083/2779/3965 4069/2798/3953
f 4085/2802/3967 4084/2778/3966 4069/2798/3953
f 4085/2802/3967 4069/2798/3953 4086/1423/3968
f 4084/2778/3966 4085/2802/3967 4087/2777/3969
f 4088/1426/3970 4085/2802/3967 4086/1423/3968
f 4087/2777/3969 4085/2802/3967 4089/2803/3971
f 4089/2803/3971 4085/2802/3967 4088/1426/3970
f 4090/2776/3972 4087/2777/3969 4089/2803/3971
f 4091/1430/3973 4089/2803/3971 4088/1426/3970
f 4090/2776/3972 4089/2803/3971 4092/2775/3974
f 4089/2803/3971 4091/1430/3973 4092/2775/3974
f 4095/1405/3975 4094/2797/3976 4093/1403/3977
f 4094/2797/3976 1822/1409/3978 4093/1403/3977
f 4098/2804/3979 4097/2805/3980 4096/2806/3981
f 4096/2806/3981 4097/2805/3980 4099/2807/3982
f 4099/2807/3982 4097/2805/3980 4100/2808/3983
f 4101/2809/3984 4096/2806/3981 4099/2807/3982
f 4101/2809/3984 4099/2807/3982 4100/2808/3983
f 4097/2805/3980 4102/2810/3985 4100/2808/3983
f 4100/2808/3983 4102/2810/3985 4103/2811/3986
f 4104/2812/3987 4101/2809/3984 4100/2808/3983
f 4105/2813/3988 4101/2809/3984 4104/2812/3987
f 4106/2814/3989 4100/2808/3983 4103/2811/3986
f 4103/2811/3986 4107/2815/3990 4106/2814/3989
f 4105/2813/3988 4104/2812/3987 4108/2816/3991
f 4109/2817/3992 4105/2813/3988 4108/2816/3991
f 4110/2818/3993 4104/2812/3987 4100/2808/3983
f 4106/2814/3989 4110/2818/3993 4100/2808/3983
f 4107/2815/3990 4111/2819/3994 4106/2814/3989
f 4111/2819/3994 4107/2815/3990 4112/2820/3995
f 4111/2819/3994 4113/2821/3996 4106/2814/3989
f 4113/2821/3996 4110/2818/3993 4106/2814/3989
f 4114/2822/3997 4111/2819/3994 4112/2820/3995
f 4111/2819/3994 4114/2822/3997 4113/2821/3996
f 4112/2820/3995 4115/2823/3998 4114/2822/3997
f 4104/2812/3987 4110/2818/3993 4116/2824/3999
f 4108/2816/3991 4104/2812/3987 4116/2824/3999
f 4109/2817/3992 4108/2816/3991 4117/2825/4000
f 4109/2817/3992 4117/2825/4000 4118/2826/4001
f 4119/2827/4002 4118/2826/4001 4117/2825/4000
f 4110/2818/3993 4113/2821/3996 4120/2828/4003
f 4116/2824/3999 4110/2818/3993 4120/2828/4003
f 4114/2822/3997 4121/2829/4004 4113/2821/3996
f 4120/2828/4003 4113/2821/3996 4121/2829/4004
f 4108/2816/3991 4122/2830/4005 4117/2825/4000
f 4108/2816/3991 4116/2824/3999 4122/2830/4005
f 4115/2823/3998 4123/2831/4006 4114/2822/3997
f 4123/2831/4006 4115/2823/3998 4124/2832/4007
f 4115/2823/3998 4125/2833/4008 4124/2832/4007
f 4123/2831/4006 4124/2832/4007 4126/2834/4009
f 4127/2835/4010 4114/2822/3997 4123/2831/4006
f 4127/2835/4010 4123/2831/4006 4126/2834/4009
f 4121/2829/4004 4114/2822/3997 4127/2835/4010
f 4128/2836/4011 4127/2835/4010 4126/2834/4009
f 4128/2836/4011 4121/2829/4004 4127/2835/4010
f 4129/2837/4012 4121/2829/4004 4128/2836/4011
f 4129/2837/4012 4120/2828/4003 4121/2829/4004
f 4130/2838/4013 4129/2837/4012 4128/2836/4011
f 4131/2839/4014 4129/2837/4012 4130/2838/4013
f 4129/2837/4012 4131/2839/4014 4132/2840/4015
f 4129/2837/4012 4132/2840/4015 4120/2828/4003
f 4132/2840/4015 4131/2839/4014 4133/2841/4016
f 4133/2841/4016 4134/2842/4017 4132/2840/4015
f 4132/2840/4015 4135/2843/4018 4120/2828/4003
f 4116/2824/3999 4120/2828/4003 4135/2843/4018
f 4134/2842/4017 4136/2844/4019 4132/2840/4015
f 4132/2840/4015 4136/2844/4019 4135/2843/4018
f 4137/2845/4020 4116/2824/3999 4135/2843/4018
f 4116/2824/3999 4137/2845/4020 4122/2830/4005
f 4138/2846/4021 4136/2844/4019 4134/2842/4017
f 4138/2846/4021 4134/2842/4017 4139/2847/4022
f 4138/2846/4021 4139/2847/4022 4140/2848/4023
f 4136/2844/4019 4141/2849/4024 4135/2843/4018
f 4135/2843/4018 4141/2849/4024 4137/2845/4020
f 4122/2830/4005 4137/2845/4020 4142/2850/4025
f 4117/2825/4000 4122/2830/4005 4142/2850/4025
f 4143/2851/4026 4138/2846/4021 4140/2848/4023
f 4143/2851/4026 4140/2848/4023 4144/2852/4027
f 4138/2846/4021 4145/2853/4028 4136/2844/4019
f 4136/2844/4019 4145/2853/4028 4141/2849/4024
f 4143/2851/4026 4145/2853/4028 4138/2846/4021
f 4141/2849/4024 4146/2854/4029 4137/2845/4020
f 4137/2845/4020 4146/2854/4029 4142/2850/4025
f 4142/2850/4025 4146/2854/4029 4147/2855/4030
f 4148/2856/4031 4117/2825/4000 4142/2850/4025
f 4142/2850/4025 4147/2855/4030 4148/2856/4031
f 4117/2825/4000 4148/2856/4031 4149/2857/4032
f 4150/2858/4033 4143/2851/4026 4144/2852/4027
f 4150/2858/4033 4144/2852/4027 4151/2859/4034
f 4152/2860/4035 4145/2853/4028 4143/2851/4026
f 4150/2858/4033 4152/2860/4035 4143/2851/4026
f 4145/2853/4028 4153/2861/4036 4141/2849/4024
f 4141/2849/4024 4153/2861/4036 4146/2854/4029
f 4153/2861/4036 4145/2853/4028 4152/2860/4035
f 4148/2856/4031 4154/2862/4037 4149/2857/4032
f 4149/2857/4032 4154/2862/4037 4155/2863/4038
f 4156/2864/4039 4150/2858/4033 4151/2859/4034
f 4151/2859/4034 4157/2865/4040 4156/2864/4039
f 4157/2865/4040 4158/2866/4041 4156/2864/4039
f 4156/2864/4039 4158/2866/4041 4159/2867/4042
f 4156/2864/4039 4160/2868/4043 4150/2858/4033
f 4160/2868/4043 4156/2864/4039 4159/2867/4042
f 4160/2868/4043 4152/2860/4035 4150/2858/4033
f 4159/2867/4042 4161/2869/4044 4160/2868/4043
f 4162/2870/4045 4153/2861/4036 4152/2860/4035
f 4152/2860/4035 4160/2868/4043 4162/2870/4045
f 4161/2869/4044 4163/2871/4046 4160/2868/4043
f 4160/2868/4043 4163/2871/4046 4162/2870/4045
f 4161/2869/4044 4164/2872/4047 4163/2871/4046
f 4164/2872/4047 4165/2873/4048 4163/2871/4046
f 4163/2871/4046 4165/2873/4048 4162/2870/4045
f 4165/2873/4048 4164/2872/4047 4166/2874/4049
f 4153/2861/4036 4162/2870/4045 4167/2875/4050
f 4153/2861/4036 4167/2875/4050 4146/2854/4029
f 4146/2854/4029 4167/2875/4050 4147/2855/4030
f 4162/2870/4045 4168/2876/4051 4167/2875/4050
f 4165/2873/4048 4168/2876/4051 4162/2870/4045
f 4147/2855/4030 4167/2875/4050 4168/2876/4051
f 4169/2877/4052 4165/2873/4048 4166/2874/4049
f 4169/2877/4052 4166/2874/4049 4170/2878/4053
f 4171/2879/4054 4168/2876/4051 4165/2873/4048
f 4169/2877/4052 4171/2879/4054 4165/2873/4048
f 4171/2879/4054 4147/2855/4030 4168/2876/4051
f 4172/2880/4055 4169/2877/4052 4170/2878/4053
f 4169/2877/4052 4172/2880/4055 4171/2879/4054
f 4172/2880/4055 4170/2878/4053 4173/2881/4056
f 4171/2879/4054 4174/2882/4057 4147/2855/4030
f 4172/2880/4055 4174/2882/4057 4171/2879/4054
f 4175/2883/4058 4172/2880/4055 4173/2881/4056
f 4174/2882/4057 4172/2880/4055 4175/2883/4058
f 4176/2884/4059 4175/2883/4058 4173/2881/4056
f 4174/2882/4057 4177/2885/4060 4147/2855/4030
f 4177/2885/4060 4174/2882/4057 4175/2883/4058
f 4147/2855/4030 4177/2885/4060 4148/2856/4031
f 4148/2856/4031 4177/2885/4060 4154/2862/4037
f 4178/2886/4061 4175/2883/4058 4176/2884/4059
f 4178/2886/4061 4177/2885/4060 4175/2883/4058
f 4177/2885/4060 4178/2886/4061 4154/2862/4037
f 4179/2887/4062 4178/2886/4061 4176/2884/4059
f 4155/2863/4038 4154/2862/4037 4178/2886/4061
f 4179/2887/4062 4155/2863/4038 4178/2886/4061
f 4182/2888/4063 4181/2889/4064 4180/2890/4065
f 4183/2891/4066 4182/2888/4063 4180/2890/4065
f 4183/2891/4066 4184/2892/4067 4182/2888/4063
f 4184/2892/4067 4185/2893/4068 4182/2888/4063
f 4184/2892/4067 4186/2894/4069 4185/2893/4068
f 4186/2894/4069 4187/2895/4070 4185/2893/4068
f 4187/2895/4070 4186/2894/4069 4188/2896/4071
f 4186/2894/4069 4189/2897/4072 4188/2896/4071
f 4190/2898/4073 4188/2896/4071 4189/2897/4072
f 4191/2899/4074 4190/2898/4073 4189/2897/4072
f 4190/2898/4073 4191/2899/4074 4192/2900/4075
f 4191/2899/4074 4193/2901/4076 4192/2900/4075
f 4194/2902/4077 4192/2900/4075 4193/2901/4076
f 4195/2903/4078 4194/2902/4077 4193/2901/4076
f 4195/2903/4078 4196/2904/4079 4194/2902/4077
f 4196/2904/4079 4197/2905/4080 4194/2902/4077
f 4197/2905/4080 4196/2904/4079 4198/2906/4081
f 4199/2907/4082 4197/2905/4080 4198/2906/4081
f 4202/1476/4083 4201/1475/4084 4200/2908/4085
f 4201/1475/4084 4203/1474/4086 4200/2908/4085
f 4200/2908/4085 4203/1474/4086 4204/1478/4087
f 4205/2909/4088 4200/2908/4085 4204/1478/4087
f 4204/1478/4087 4206/1481/4089 4205/2909/4088
f 4206/1481/4089 4207/2910/4090 4205/2909/4088
f 4206/1481/4089 4208/1482/4091 4207/2910/4090
f 4208/1482/4091 4209/2911/4092 4207/2910/4090
f 4212/1469/4093 4211/2912/4094 4210/1468/4095
f 4211/2912/4094 4213/1470/4096 4210/1468/4095
f 4213/1470/4096 4211/2912/4094 4214/1473/4097
f 4211/2912/4094 4215/2913/4098 4214/1473/4097
f 4216/1480/4099 4214/1473/4097 4215/2913/4098
f 4217/2914/4100 4216/1480/4099 4215/2913/4098
f 4218/1482/4101 4216/1480/4099 4217/2914/4100
f 4219/2911/4102 4218/1482/4101 4217/2914/4100
f 4222/2915/4103 4221/2916/4104 4220/2917/4105
f 4221/2916/4104 4223/2918/4106 4220/2917/4105
f 4220/2917/4105 4223/2918/4106 4224/2919/4107
f 4223/2918/4106 4221/2916/4104 4225/2920/4108
f 4223/2918/4106 4226/2921/4109 4224/2919/4107
f 4227/2922/4110 4224/2919/4107 4226/2921/4109
f 4228/2923/4111 4223/2918/4106 4225/2920/4108
f 4226/2921/4109 4223/2918/4106 4228/2923/4111
f 4228/2923/4111 4225/2920/4108 4229/2924/4112
f 4230/2925/4113 4227/2922/4110 4226/2921/4109
f 4227/2922/4110 4230/2925/4113 4231/2926/4114
f 4232/2927/4115 4226/2921/4109 4228/2923/4111
f 4226/2921/4109 4232/2927/4115 4230/2925/4113
f 4233/2928/4116 4232/2927/4115 4228/2923/4111
f 4234/2929/4117 4228/2923/4111 4229/2924/4112
f 4234/2929/4117 4233/2928/4116 4228/2923/4111
f 4234/2929/4117 4229/2924/4112 4235/2930/4118
f 4233/2928/4116 4234/2929/4117 4235/2930/4118
f 4229/2924/4112 4236/2931/4119 4235/2930/4118
f 4230/2925/4113 4237/2932/4120 4231/2926/4114
f 4231/2926/4114 4237/2932/4120 4238/2933/4014
f 4232/2927/4115 4239/2934/4121 4230/2925/4113
f 4237/2932/4120 4230/2925/4113 4239/2934/4121
f 4232/2927/4115 4233/2928/4116 4240/2935/4122
f 4240/2935/4122 4239/2934/4121 4232/2927/4115
f 4235/2930/4118 4236/2931/4119 4241/2936/4123
f 4236/2931/4119 4242/2937/4124 4241/2936/4123
f 4243/2938/4125 4241/2936/4123 4242/2937/4124
f 4244/2939/4073 4243/2938/4125 4242/2937/4124
f 4241/2936/4123 4243/2938/4125 4245/2940/4077
f 4246/2941/4126 4241/2936/4123 4245/2940/4077
f 4241/2936/4123 4246/2941/4126 4235/2930/4118
f 4245/2940/4077 4247/2942/4127 4246/2941/4126
f 4246/2941/4126 4248/2943/4128 4235/2930/4118
f 4248/2943/4128 4233/2928/4116 4235/2930/4118
f 4247/2942/4127 4249/2944/4129 4246/2941/4126
f 4249/2944/4129 4248/2943/4128 4246/2941/4126
f 4249/2944/4129 4247/2942/4127 4250/2945/4130
f 4249/2944/4129 4250/2945/4130 4251/2946/4131
f 4251/2946/4131 4250/2945/4130 4252/2947/1807
f 4253/2948/4132 4251/2946/4131 4252/2947/1807
f 4254/2949/4133 4251/2946/4131 4253/2948/4132
f 4254/2949/4133 4255/2950/4134 4251/2946/4131
f 4256/2951/4135 4248/2943/4128 4249/2944/4129
f 4256/2951/4135 4249/2944/4129 4251/2946/4131
f 4251/2946/4131 4255/2950/4134 4257/2952/4136
f 4257/2952/4136 4256/2951/4135 4251/2946/4131
f 4255/2950/4134 4258/2953/4137 4257/2952/4136
f 4248/2943/4128 4259/2954/4138 4233/2928/4116
f 4259/2954/4138 4248/2943/4128 4256/2951/4135
f 4260/2955/4139 4256/2951/4135 4257/2952/4136
f 4259/2954/4138 4256/2951/4135 4260/2955/4139
f 4261/2956/4140 4260/2955/4139 4257/2952/4136
f 4257/2952/4136 4258/2953/4137 4261/2956/4140
f 4258/2953/4137 4262/2957/4141 4261/2956/4140
f 4263/2958/4142 4262/2957/4141 4258/2953/4137
f 4264/2959/4143 4259/2954/4138 4260/2955/4139
f 4259/2954/4138 4265/2960/4144 4233/2928/4116
f 4259/2954/4138 4264/2959/4143 4265/2960/4144
f 4264/2959/4143 4266/2961/4145 4265/2960/4144
f 4266/2961/4145 4267/2962/4146 4265/2960/4144
f 4233/2928/4116 4265/2960/4144 4240/2935/4122
f 4267/2962/4146 4240/2935/4122 4265/2960/4144
f 4240/2935/4122 4267/2962/4146 4268/2963/4147
f 4239/2934/4121 4240/2935/4122 4268/2963/4147
f 4239/2934/4121 4268/2963/4147 4269/2964/4148
f 4269/2964/4148 4237/2932/4120 4239/2934/4121
f 4268/2963/4147 4270/2965/4149 4269/2964/4148
f 4237/2932/4120 4269/2964/4148 4271/2966/4150
f 4237/2932/4120 4271/2966/4150 4238/2933/4014
f 4272/2967/4151 4269/2964/4148 4270/2965/4149
f 4269/2964/4148 4272/2967/4151 4271/2966/4150
f 4273/2968/4152 4272/2967/4151 4270/2965/4149
f 4273/2968/4152 4274/2969/4153 4272/2967/4151
f 4274/2969/4153 4275/2970/4154 4272/2967/4151
f 4272/2967/4151 4275/2970/4154 4276/2971/4155
f 4271/2966/4150 4272/2967/4151 4276/2971/4155
f 4271/2966/4150 4276/2971/4155 4277/2972/4156
f 4271/2966/4150 4277/2972/4156 4238/2933/4014
f 4277/2972/4156 4278/2973/4157 4238/2933/4014
f 4281/2974/4158 4280/2975/4159 4279/2976/4160
f 4281/2974/4158 4282/2977/4161 4280/2975/4159
f 4282/2977/4161 4281/2974/4158 4283/2978/4162
f 4281/2974/4158 4284/2979/4163 4283/2978/4162
f 4282/2977/4161 4283/2978/4162 4285/2980/4164
f 4286/2981/4165 4283/2978/4162 4284/2979/4163
f 4287/2982/4166 4286/2981/4165 4284/2979/4163
f 4287/2982/4166 4288/2983/4167 4286/2981/4165
f 4283/2978/4162 4289/2984/4168 4285/2980/4164
f 4283/2978/4162 4286/2981/4165 4289/2984/4168
f 4289/2984/4168 4290/2985/4169 4285/2980/4164
f 4288/2983/4167 4291/2986/4170 4286/2981/4165
f 4288/2983/4167 4292/2987/4171 4291/2986/4170
f 4290/2985/4169 4289/2984/4168 4293/2988/4172
f 4293/2988/4172 4294/2989/4173 4290/2985/4169
f 4286/2981/4165 4295/2990/4174 4289/2984/4168
f 4286/2981/4165 4291/2986/4170 4295/2990/4174
f 4296/2991/4175 4294/2989/4173 4293/2988/4172
f 4296/2991/4175 4297/2992/2005 4294/2989/4173
f 4289/2984/4168 4298/2993/4176 4293/2988/4172
f 4289/2984/4168 4295/2990/4174 4298/2993/4176
f 4293/2988/4172 4298/2993/4176 4296/2991/4175
f 4292/2987/4171 4299/2994/4177 4291/2986/4170
f 4292/2987/4171 4300/2995/4178 4299/2994/4177
f 4299/2994/4177 4300/2995/4178 4301/2996/4179
f 4299/2994/4177 4301/2996/4179 4302/2906/4180
f 4301/2996/4179 4303/2997/4181 4302/2906/4180
f 4302/2906/4180 4304/2904/4182 4299/2994/4177
f 4304/2904/4182 4305/2998/4183 4299/2994/4177
f 4291/2986/4170 4299/2994/4177 4305/2998/4183
f 4305/2998/4183 4304/2904/4182 4306/2903/4184
f 4307/2999/4185 4291/2986/4170 4305/2998/4183
f 4291/2986/4170 4307/2999/4185 4295/2990/4174
f 4305/2998/4183 4306/2903/4184 4308/3000/4186
f 4305/2998/4183 4308/3000/4186 4307/2999/4185
f 4308/3000/4186 4306/2903/4184 4309/2901/4187
f 4308/3000/4186 4309/2901/4187 4310/2899/4188
f 4307/2999/4185 4311/3001/4189 4295/2990/4174
f 4308/3000/4186 4311/3001/4189 4307/2999/4185
f 4312/3002/4190 4308/3000/4186 4310/2899/4188
f 4311/3001/4189 4308/3000/4186 4312/3002/4190
f 4312/3002/4190 4310/2899/4188 4313/2897/4191
f 4311/3001/4189 4314/3003/4192 4295/2990/4174
f 4295/2990/4174 4314/3003/4192 4298/2993/4176
f 4315/3004/4193 4312/3002/4190 4313/2897/4191
f 4313/2897/4191 4316/2894/4194 4315/3004/4193
f 4317/3005/4195 4311/3001/4189 4312/3002/4190
f 4314/3003/4192 4311/3001/4189 4317/3005/4195
f 4317/3005/4195 4312/3002/4190 4315/3004/4193
f 4314/3003/4192 4318/3006/4196 4298/2993/4176
f 4318/3006/4196 4314/3003/4192 4317/3005/4195
f 4316/2894/4194 4319/3007/4197 4315/3004/4193
f 4316/2894/4194 4320/2892/4198 4319/3007/4197
f 4321/3008/4199 4317/3005/4195 4315/3004/4193
f 4318/3006/4196 4317/3005/4195 4321/3008/4199
f 4318/3006/4196 4322/3009/4200 4298/2993/4176
f 4298/2993/4176 4322/3009/4200 4296/2991/4175
f 4323/3010/4201 4321/3008/4199 4315/3004/4193
f 4319/3007/4197 4323/3010/4201 4315/3004/4193
f 4324/3011/4202 4318/3006/4196 4321/3008/4199
f 4322/3009/4200 4318/3006/4196 4324/3011/4202
f 4321/3008/4199 4323/3010/4201 4324/3011/4202
f 4320/2892/4198 4325/3012/4203 4319/3007/4197
f 4325/3012/4203 4320/2892/4198 4326/2891/4204
f 4296/2991/4175 4322/3009/4200 4327/3013/4205
f 4327/3013/4205 4322/3009/4200 4324/3011/4202
f 4328/3014/4206 4296/2991/4175 4327/3013/4205
f 4296/2991/4175 4328/3014/4206 4329/3015/4207
f 4330/3016/4208 4327/3013/4205 4324/3011/4202
f 4328/3014/4206 4327/3013/4205 4330/3016/4208
f 4328/3014/4206 4331/3017/4209 4329/3015/4207
f 4331/3017/4209 4332/3018/4210 4329/3015/4207
f 4333/3019/4211 4323/3010/4201 4319/3007/4197
f 4325/3012/4203 4333/3019/4211 4319/3007/4197
f 4334/3020/4212 4325/3012/4203 4326/2891/4204
f 4334/3020/4212 4326/2891/4204 4335/2890/4213
f 4335/2890/4213 4336/3021/4214 4334/3020/4212
f 4334/3020/4212 4336/3021/4214 4337/3022/4215
f 4334/3020/4212 4337/3022/4215 4338/3023/4216
f 4325/3012/4203 4334/3020/4212 4339/3024/4217
f 4339/3024/4217 4334/3020/4212 4338/3023/4216
f 4333/3019/4211 4325/3012/4203 4339/3024/4217
f 4340/3025/4218 4339/3024/4217 4338/3023/4216
f 4339/3024/4217 4340/3025/4218 4333/3019/4211
f 4341/3026/4219 4340/3025/4218 4338/3023/4216
f 4341/3026/4219 4342/3027/4220 4340/3025/4218
f 4333/3019/4211 4343/3028/4221 4323/3010/4201
f 4340/3025/4218 4343/3028/4221 4333/3019/4211
f 4342/3027/4220 4344/3029/4222 4340/3025/4218
f 4343/3028/4221 4340/3025/4218 4344/3029/4222
f 4344/3029/4222 4342/3027/4220 4345/3030/4223
f 4343/3028/4221 4346/3031/4224 4323/3010/4201
f 4323/3010/4201 4346/3031/4224 4324/3011/4202
f 4346/3031/4224 4330/3016/4208 4324/3011/4202
f 4346/3031/4224 4343/3028/4221 4347/3032/4225
f 4347/3032/4225 4343/3028/4221 4344/3029/4222
f 4330/3016/4208 4346/3031/4224 4347/3032/4225
f 4348/3033/4226 4344/3029/4222 4345/3030/4223
f 4347/3032/4225 4344/3029/4222 4348/3033/4226
f 4348/3033/4226 4345/3030/4223 4349/3034/4227
f 4347/3032/4225 4350/3035/4228 4330/3016/4208
f 4350/3035/4228 4347/3032/4225 4348/3033/4226
f 4351/3036/4229 4348/3033/4226 4349/3034/4227
f 4348/3033/4226 4351/3036/4229 4350/3035/4228
f 4351/3036/4229 4349/3034/4227 4352/3037/4230
f 4351/3036/4229 4352/3037/4230 4353/3038/4231
f 4351/3036/4229 4353/3038/4231 4350/3035/4228
f 4352/3037/4230 4354/3039/4232 4353/3038/4231
f 4353/3038/4231 4354/3039/4232 4332/3018/4210
f 4331/3017/4209 4353/3038/4231 4332/3018/4210
f 4350/3035/4228 4353/3038/4231 4331/3017/4209
f 4350/3035/4228 4355/3040/4233 4330/3016/4208
f 4355/3040/4233 4350/3035/4228 4331/3017/4209
f 4355/3040/4233 4328/3014/4206 4330/3016/4208
f 4328/3014/4206 4355/3040/4233 4331/3017/4209
f 4358/3041/4234 4357/3042/4017 4356/3043/4235
f 4359/3044/4236 4357/3042/4017 4358/3041/4234
f 4359/3044/4236 4358/3041/4234 4360/3045/4237
f 4358/3041/4234 4361/3046/4238 4360/3045/4237
f 4359/3044/4236 4362/3047/4239 4357/3042/4017
f 4359/3044/4236 4360/3045/4237 4362/3047/4239
f 4362/3047/4239 4363/3048/4240 4357/3042/4017
f 4360/3045/4237 4361/3046/4238 4364/3049/4241
f 4361/3046/4238 4365/3050/4242 4364/3049/4241
f 4362/3047/4239 4366/3051/4243 4363/3048/4240
f 4366/3051/4243 4367/3052/4244 4363/3048/4240
f 4362/3047/4239 4360/3045/4237 4368/3053/4245
f 4360/3045/4237 4364/3049/4241 4368/3053/4245
f 4362/3047/4239 4368/3053/4245 4366/3051/4243
f 4367/3052/4244 4366/3051/4243 4369/3054/4246
f 4370/3055/4247 4367/3052/4244 4369/3054/4246
f 4370/3055/4247 4369/3054/4246 4371/3056/4248
f 4372/3057/4249 4370/3055/4247 4371/3056/4248
f 4372/3057/4249 4371/3056/4248 4373/3058/4103
f 4371/3056/4248 4374/3059/4250 4373/3058/4103
f 4374/3059/4250 4371/3056/4248 4375/3060/4251
f 4371/3056/4248 4376/3061/4252 4375/3060/4251
f 4376/3061/4252 4371/3056/4248 4369/3054/4246
f 4375/3060/4251 4376/3061/4252 4377/3062/4253
f 4369/3054/4246 4366/3051/4243 4378/3063/4254
f 4378/3063/4254 4376/3061/4252 4369/3054/4246
f 4368/3053/4245 4379/3064/4255 4366/3051/4243
f 4366/3051/4243 4379/3064/4255 4378/3063/4254
f 4379/3064/4255 4380/3065/4256 4378/3063/4254
f 4376/3061/4252 4378/3063/4254 4381/3066/4257
f 4380/3065/4256 4381/3066/4257 4378/3063/4254
f 4376/3061/4252 4382/3067/4258 4377/3062/4253
f 4382/3067/4258 4376/3061/4252 4381/3066/4257
f 4377/3062/4253 4382/3067/4258 4383/3068/4259
f 4382/3067/4258 4381/3066/4257 4383/3068/4259
f 4384/3069/4260 4377/3062/4253 4383/3068/4259
f 4379/3064/4255 4368/3053/4245 4385/3070/4261
f 4380/3065/4256 4379/3064/4255 4385/3070/4261
f 4381/3066/4257 4386/3071/4262 4383/3068/4259
f 4381/3066/4257 4380/3065/4256 4386/3071/4262
f 4384/3069/4260 4383/3068/4259 4387/3072/4263
f 4388/3073/4264 4384/3069/4260 4387/3072/4263
f 4389/3074/4265 4388/3073/4264 4387/3072/4263
f 4390/3075/4071 4389/3074/4265 4387/3072/4263
f 4391/3076/4266 4390/3075/4071 4387/3072/4263
f 4387/3072/4263 4383/3068/4259 4392/3077/4267
f 4392/3077/4267 4391/3076/4266 4387/3072/4263
f 4383/3068/4259 4386/3071/4262 4392/3077/4267
f 4393/3078/4268 4391/3076/4266 4392/3077/4267
f 4394/3079/4269 4393/3078/4268 4392/3077/4267
f 4394/3079/4269 4392/3077/4267 4386/3071/4262
f 4395/3080/4270 4393/3078/4268 4394/3079/4269
f 4380/3065/4256 4396/3081/4271 4386/3071/4262
f 4396/3081/4271 4394/3079/4269 4386/3071/4262
f 4397/3082/4272 4395/3080/4270 4394/3079/4269
f 4395/3080/4270 4397/3082/4272 4398/3083/4273
f 4394/3079/4269 4396/3081/4271 4399/3084/4274
f 4397/3082/4272 4394/3079/4269 4399/3084/4274
f 4397/3082/4272 4400/3085/4275 4398/3083/4273
f 4400/3085/4275 4397/3082/4272 4399/3084/4274
f 4398/3083/4273 4400/3085/4275 4401/3086/4276
f 4400/3085/4275 4402/3087/4277 4401/3086/4276
f 4402/3087/4277 4400/3085/4275 4399/3084/4274
f 4402/3087/4277 4403/3088/1825 4401/3086/4276
f 4396/3081/4271 4380/3065/4256 4404/3089/4278
f 4396/3081/4271 4404/3089/4278 4399/3084/4274
f 4403/3088/1825 4402/3087/4277 4405/3090/4279
f 4406/3091/4280 4403/3088/1825 4405/3090/4279
f 4399/3084/4274 4407/3092/4281 4402/3087/4277
f 4407/3092/4281 4405/3090/4279 4402/3087/4277
f 4404/3089/4278 4407/3092/4281 4399/3084/4274
f 4405/3090/4279 4408/3093/4282 4406/3091/4280
f 4405/3090/4279 4407/3092/4281 4408/3093/4282
f 4408/3093/4282 4409/3094/4283 4406/3091/4280
f 4410/3095/4284 4409/3094/4283 4408/3093/4282
f 4411/3096/4285 4410/3095/4284 4408/3093/4282
f 4407/3092/4281 4411/3096/4285 4408/3093/4282
f 4410/3095/4284 4411/3096/4285 4412/3097/4286
f 4413/3098/4287 4411/3096/4285 4407/3092/4281
f 4411/3096/4285 4413/3098/4287 4412/3097/4286
f 4404/3089/4278 4413/3098/4287 4407/3092/4281
f 4413/3098/4287 4414/3099/4288 4412/3097/4286
f 4413/3098/4287 4415/3100/4289 4414/3099/4288
f 4415/3100/4289 4413/3098/4287 4404/3089/4278
f 4415/3100/4289 4416/3101/4290 4414/3099/4288
f 4417/3102/4291 4416/3101/4290 4415/3100/4289
f 4418/3103/4292 4415/3100/4289 4404/3089/4278
f 4380/3065/4256 4418/3103/4292 4404/3089/4278
f 4418/3103/4292 4380/3065/4256 4385/3070/4261
f 4419/3104/4293 4417/3102/4291 4415/3100/4289
f 4419/3104/4293 4415/3100/4289 4418/3103/4292
f 4385/3070/4261 4419/3104/4293 4418/3103/4292
f 4420/3105/4294 4417/3102/4291 4419/3104/4293
f 4419/3104/4293 4385/3070/4261 4421/3106/4295
f 4368/3053/4245 4421/3106/4295 4385/3070/4261
f 4421/3106/4295 4368/3053/4245 4364/3049/4241
f 4422/3107/4296 4419/3104/4293 4421/3106/4295
f 4422/3107/4296 4420/3105/4294 4419/3104/4293
f 4421/3106/4295 4364/3049/4241 4422/3107/4296
f 4422/3107/4296 4423/3108/4297 4420/3105/4294
f 4364/3049/4241 4423/3108/4297 4422/3107/4296
f 4423/3108/4297 4424/3109/4298 4420/3105/4294
f 4423/3108/4297 4364/3049/4241 4365/3050/4242
f 4424/3109/4298 4423/3108/4297 4365/3050/4242
f 4425/3110/4299 4424/3109/4298 4365/3050/4242
f 4428/2997/4300 4427/3111/4301 4426/2907/4302
f 4429/2906/4303 4428/2997/4300 4426/2907/4302
f 4432/1484/4304 4431/1483/4305 4430/1499/4306
f 4433/1657/4307 4432/1484/4304 4430/1499/4306
f 4434/1501/4308 4433/1657/4307 4430/1499/4306
f 4435/1656/4309 4433/1657/4307 4434/1501/4308
f 4434/1501/4308 4437/1503/4310 4435/1656/4309
f 4439/3112/4311 4436/1503/4312 4438/1502/4313
f 4439/3112/4311 4438/1502/4313 4440/1490/4314
f 4440/1490/4315 4442/1500/4316 4441/1494/4317
f 4438/1502/4318 4442/1500/4319 4443/1490/4314
f 4446/1647/4320 4445/1651/4321 4444/1648/4322
f 4445/1651/4321 4447/3113/4323 4444/1648/4322
f 4447/3113/4323 4445/1651/4321 4448/3114/4324
f 4445/1651/4321 4449/1654/4325 4448/3114/4324
f 4452/3114/4326 4451/1654/4326 4450/1655/4327
f 4453/3115/4328 4452/3114/4326 4450/1655/4327
f 4453/3115/4328 4450/1655/4327 4454/1656/4329
f 4455/3116/4330 4453/3115/4328 4454/1656/4329
f 4456/3117/4331 4455/3116/4330 4454/1656/4329
f 4457/3118/4331 4456/3117/4331 4454/1656/4329
f 4460/3119/4332 4459/3120/4333 4458/3121/4334
f 4460/3119/4332 4461/3122/4335 4459/3120/4333
f 4464/3123/4336 4463/3124/4337 4462/3125/4338
f 4465/3126/4339 4463/3124/4337 4464/3123/4336
f 4468/1587/4340 4467/3127/4341 4466/1583/4342
f 4467/3127/4341 4469/1582/4343 4466/1583/4342
f 4469/1582/4343 4467/3127/4341 4470/3128/4344
f 4470/3128/4344 4471/3129/4345 4469/1582/4343
f 4471/3129/4345 4472/1580/4346 4469/1582/4343
f 4473/1578/4347 4472/1580/4346 4471/3129/4345
f 4474/3130/4348 4473/1578/4347 4471/3129/4345
f 4473/1578/4347 4474/3130/4348 4475/1579/4349
f 4474/3130/4348 4476/3131/4350 4475/1579/4349
f 4479/1599/4351 4478/1602/4352 4477/3132/4350
f 4480/1600/4351 4479/1599/4351 4477/3132/4350
f 4483/3133/4353 4482/1660/4354 4481/1659/4355
f 4484/3134/4356 4483/3133/4353 4481/1659/4355
f 4484/3134/4356 4485/3135/4357 4483/3133/4353
f 4485/3135/4357 4486/3136/4358 4483/3133/4353
f 4485/3135/4357 4487/3137/4359 4486/3136/4358
f 4490/3138/4360 4489/3139/4361 4488/3140/4362
f 4490/3138/4360 4491/3141/4363 4489/3139/4361
f 4491/3141/4363 4492/3142/4364 4489/3139/4361
f 4492/3142/4364 4491/3141/4363 4493/3143/4365
f 4494/3144/4366 4492/3142/4364 4493/3143/4365
f 4493/3143/4365 4495/3145/4367 4494/3144/4366
f 4495/3145/4367 4496/3146/4368 4494/3144/4366
f 4495/3145/4367 4497/1662/4369 4496/3146/4368
f 4497/1662/4369 4498/1661/4369 4496/3146/4368
f 4501/3147/4370 4500/3148/4371 4499/3149/4370
f 4500/3148/4371 4502/3150/4372 4499/3149/4370
f 4502/3150/4372 4500/3148/4371 4503/3151/4373
f 4504/3152/4374 4502/3150/4372 4503/3151/4373
f 4500/3148/4371 4505/3153/4375 4503/3151/4373
f 4505/3153/4375 4506/3154/4376 4503/3151/4373
f 4506/3154/4376 4505/3153/4375 4507/3155/4377
f 4507/3155/4377 4505/3153/4375 4508/3156/4378
f 4509/3157/4379 4507/3155/4377 4508/3156/4378
f 4506/3154/4376 4510/3158/4380 4503/3151/4373
f 4507/3155/4377 4509/3157/4379 4511/3159/4381
f 4512/3160/4382 4507/3155/4377 4511/3159/4381
f 4511/3159/4381 4513/3161/4383 4512/3160/4382
f 4512/3160/4382 4514/3162/4384 4507/3155/4377
f 4510/3158/4380 4506/3154/4376 4515/3163/4385
f 4516/3164/4386 4510/3158/4380 4515/3163/4385
f 4517/3165/4387 4516/3164/4386 4515/3163/4385
f 4518/3166/4388 4506/3154/4376 4507/3155/4377
f 4514/3162/4384 4518/3166/4388 4507/3155/4377
f 4506/3154/4376 4518/3166/4388 4519/3167/4389
f 4515/3163/4385 4506/3154/4376 4519/3167/4389
f 4514/3162/4384 4519/3167/4389 4518/3166/4388
f 4520/3168/4390 4519/3167/4389 4514/3162/4384
f 4521/3169/4391 4517/3165/4387 4515/3163/4385
f 4515/3163/4385 4519/3167/4389 4521/3169/4391
f 4522/3170/4392 4517/3165/4387 4521/3169/4391
f 4519/3167/4389 4523/3171/4393 4521/3169/4391
f 4519/3167/4389 4520/3168/4390 4523/3171/4393
f 4524/3172/4394 4522/3170/4392 4521/3169/4391
f 4521/3169/4391 4523/3171/4393 4524/3172/4394
f 4525/3173/4395 4520/3168/4390 4514/3162/4384
f 4514/3162/4384 4526/3160/4396 4525/3173/4395
f 4526/3160/4396 4527/3174/4397 4525/3173/4395
f 4527/3174/4397 4528/3175/4398 4525/3173/4395
f 4528/3175/4398 4527/3174/4397 4529/3176/4399
f 4528/3175/4398 4530/3177/4400 4525/3173/4395
f 4525/3173/4395 4530/3177/4400 4520/3168/4390
f 4528/3175/4398 4529/3176/4399 4531/3178/4401
f 4528/3175/4398 4531/3178/4401 4530/3177/4400
f 4529/3176/4399 4532/3179/4402 4531/3178/4401
f 4531/3178/4401 4532/3179/4402 4533/3180/4403
f 4524/3172/4394 4534/3181/4404 4522/3170/4392
f 4534/3181/4404 4535/3182/4405 4522/3170/4392
f 4535/3182/4405 4534/3181/4404 4536/3183/4406
f 4531/3178/4401 4537/3184/4407 4530/3177/4400
f 4538/3185/4408 4531/3178/4401 4533/3180/4403
f 4537/3184/4407 4531/3178/4401 4538/3185/4408
f 4520/3168/4390 4530/3177/4400 4539/3186/4409
f 4530/3177/4400 4537/3184/4407 4539/3186/4409
f 4538/3185/4408 4533/3180/4403 4540/3187/4410
f 4533/3180/4403 4541/3188/4411 4540/3187/4410
f 4542/3189/4412 4540/3187/4410 4541/3188/4411
f 4543/3190/4413 4542/3189/4412 4541/3188/4411
f 4543/3190/4413 4544/3191/4414 4542/3189/4412
f 4544/3191/4414 4545/3192/4415 4542/3189/4412
f 4545/3192/4415 4546/3193/4416 4542/3189/4412
f 4546/3193/4416 4547/3194/4417 4542/3189/4412
f 4542/3189/4412 4547/3194/4417 4540/3187/4410
f 4547/3194/4417 4548/3195/4418 4540/3187/4410
f 4549/3196/4419 4540/3187/4410 4548/3195/4418
f 4549/3196/4419 4538/3185/4408 4540/3187/4410
f 4550/3197/4420 4549/3196/4419 4548/3195/4418
f 4551/3198/4421 4538/3185/4408 4549/3196/4419
f 4551/3198/4421 4537/3184/4407 4538/3185/4408
f 4552/3199/4422 4551/3198/4421 4549/3196/4419
f 4537/3184/4407 4551/3198/4421 4553/3200/4423
f 4553/3200/4423 4551/3198/4421 4552/3199/4422
f 4554/3201/4424 4553/3200/4423 4552/3199/4422
f 4553/3200/4423 4554/3201/4424 4555/3202/4425
f 4539/3186/4409 4537/3184/4407 4553/3200/4423
f 4556/3203/4426 4553/3200/4423 4555/3202/4425
f 4539/3186/4409 4553/3200/4423 4556/3203/4426
f 4556/3203/4426 4555/3202/4425 4536/3183/4406
f 4557/3204/4427 4539/3186/4409 4556/3203/4426
f 4520/3168/4390 4539/3186/4409 4557/3204/4427
f 4558/3205/4428 4556/3203/4426 4536/3183/4406
f 4557/3204/4427 4556/3203/4426 4558/3205/4428
f 4534/3181/4404 4558/3205/4428 4536/3183/4406
f 4559/3206/4429 4520/3168/4390 4557/3204/4427
f 4520/3168/4390 4559/3206/4429 4523/3171/4393
f 4534/3181/4404 4560/3207/4430 4558/3205/4428
f 4534/3181/4404 4524/3172/4394 4560/3207/4430
f 4561/3208/4431 4557/3204/4427 4558/3205/4428
f 4559/3206/4429 4557/3204/4427 4561/3208/4431
f 4560/3207/4430 4561/3208/4431 4558/3205/4428
f 4560/3207/4430 4559/3206/4429 4561/3208/4431
f 4523/3171/4393 4562/3209/4432 4524/3172/4394
f 4562/3209/4432 4523/3171/4393 4559/3206/4429
f 4524/3172/4394 4562/3209/4432 4560/3207/4430
f 4560/3207/4430 4562/3209/4432 4559/3206/4429
f 4565/3147/4433 4564/3149/4434 4563/3210/4433
f 4566/3211/4435 4565/3147/4433 4563/3210/4433
f 4569/3153/4436 4568/3148/4437 4567/3156/4438
f 4568/3148/4437 4570/3212/4439 4567/3156/4438
f 4570/3212/4439 4568/3148/4437 4571/3147/4440
f 4572/3213/4441 4570/3212/4439 4571/3147/4440
f 4573/3214/4442 4572/3213/4441 4571/3147/4440
f 4574/3211/4442 4573/3214/4442 4571/3147/4440
f 4513/3161/4443 4576/3174/4444 4575/3160/4445
f 4576/3174/4444 4513/3161/4443 4529/3176/4446
f 4579/1483/4447 4578/1484/4448 4577/1499/4449
f 4578/1484/4448 4580/1657/4450 4577/1499/4449
f 4580/1657/4450 4581/1501/4451 4577/1499/4449
f 4582/1656/4452 4581/1501/4451 4580/1657/4450
f 4582/1656/4452 4580/1657/4450 4583/1650/4453
f 4582/1656/4452 4584/1503/4454 4581/1501/4451
f 4586/1655/4455 4582/1656/4452 4583/1650/4453
f 4587/1652/4456 4580/1657/4450 4578/1484/4448
f 4580/1657/4450 4587/1652/4456 4583/1650/4453
f 4588/1653/4457 4586/1655/4455 4583/1650/4453
f 4588/1653/4457 4589/1654/4458 4586/1655/4455
f 4588/1653/4457 4583/1650/4453 4590/1651/4459
f 4590/1651/4459 4591/1654/4460 4588/1653/4457
f 4583/1650/4453 4592/1647/4461 4590/1651/4459
f 4592/1647/4461 4583/1650/4453 4593/1649/4462
f 4583/1650/4453 4587/1652/4456 4593/1649/4462
f 4594/1639/4463 4593/1649/4462 4587/1652/4456
f 4595/1658/4464 4587/1652/4456 4578/1484/4448
f 4595/1658/4464 4594/1639/4463 4587/1652/4456
f 4596/1485/4465 4595/1658/4464 4578/1484/4448
f 4594/1639/4463 4595/1658/4464 4596/1485/4465
f 4598/3112/4466 4597/1502/4467 4585/1503/4468
f 4598/3112/4466 4599/1490/4469 4597/1502/4467
f 4599/1490/4469 4600/1500/4470 4597/1502/4467
f 4600/1500/4470 4599/1490/4469 4601/1494/4471
f 4604/1647/4472 4603/1648/4473 4602/1651/4474
f 4603/1648/4473 4605/3113/4475 4602/1651/4474
f 4602/1651/4474 4605/3113/4475 4606/3114/4476
f 4607/1654/4477 4602/1651/4474 4606/3114/4476
f 4610/1654/4478 4609/3114/4478 4608/1655/4479
f 4609/3114/4478 4611/3115/4480 4608/1655/4479
f 4608/1655/4479 4611/3115/4480 4612/1656/4481
f 4611/3115/4480 4613/3116/4482 4612/1656/4481
f 4612/1656/4481 4613/3116/4482 4614/3117/4483
f 4615/3118/4483 4612/1656/4481 4614/3117/4483
f 4618/3120/4484 4617/3119/4485 4616/3121/4486
f 4619/3122/4487 4617/3119/4485 4618/3120/4484
f 4622/3123/4488 4621/3125/4489 4620/3124/4490
f 4620/3124/4490 4623/3126/4491 4622/3123/4488
f 4626/3127/4492 4625/1587/4493 4624/1583/4494
f 4627/1582/4495 4626/3127/4492 4624/1583/4494
f 4626/3127/4492 4627/1582/4495 4628/3128/4496
f 4629/3129/4497 4628/3128/4496 4627/1582/4495
f 4630/1580/4498 4629/3129/4497 4627/1582/4495
f 4630/1580/4498 4631/1578/4499 4629/3129/4497
f 4631/1578/4499 4632/3130/4500 4629/3129/4497
f 4632/3130/4500 4631/1578/4499 4633/1579/4501
f 4634/3131/4502 4632/3130/4500 4633/1579/4501
f 4637/3132/4502 4636/1602/4503 4635/1599/4504
f 4638/1600/4504 4637/3132/4502 4635/1599/4504
f 4641/1660/4505 4640/3133/4506 4639/1659/4507
f 4640/3133/4506 4642/3134/4506 4639/1659/4507
f 4642/3134/4506 4640/3133/4506 4643/3135/4508
f 4640/3133/4506 4644/3136/4509 4643/3135/4508
f 4645/3137/4510 4643/3135/4508 4644/3136/4509
f 4648/3139/4511 4647/3138/4512 4646/3140/4513
f 4647/3138/4512 4648/3139/4511 4649/3141/4514
f 4648/3139/4511 4650/3142/4515 4649/3141/4514
f 4651/3143/4516 4649/3141/4514 4650/3142/4515
f 4652/3144/4517 4651/3143/4516 4650/3142/4515
f 4651/3143/4516 4652/3144/4517 4653/3145/4518
f 4652/3144/4517 4654/3146/4519 4653/3145/4518
f 4653/3145/4518 4654/3146/4519 4655/1662/4520
f 4654/3146/4519 4656/1661/4520 4655/1662/4520
f 4659/3147/4521 4658/3149/4522 4657/3148/4523
f 4658/3149/4522 4660/3150/4524 4657/3148/4523
f 4657/3148/4523 4660/3150/4524 4661/3151/4525
f 4660/3150/4524 4662/3152/4526 4661/3151/4525
f 4663/3153/4527 4657/3148/4523 4661/3151/4525
f 4664/3154/4528 4663/3153/4527 4661/3151/4525
f 4665/3158/4529 4664/3154/4528 4661/3151/4525
f 4666/3155/4530 4663/3153/4527 4664/3154/4528
f 4664/3154/4528 4665/3158/4529 4667/3163/4531
f 4665/3158/4529 4668/3164/4532 4667/3163/4531
f 4668/3164/4532 4669/3165/4533 4667/3163/4531
f 4669/3165/4533 4670/3169/4534 4667/3163/4531
f 4669/3165/4533 4671/3170/4535 4670/3169/4534
f 4667/3163/4531 4672/3167/4536 4664/3154/4528
f 4672/3167/4536 4667/3163/4531 4670/3169/4534
f 4673/3166/4537 4666/3155/4530 4664/3154/4528
f 4672/3167/4536 4673/3166/4537 4664/3154/4528
f 4673/3166/4537 4674/3162/4538 4666/3155/4530
f 4672/3167/4536 4674/3162/4538 4673/3166/4537
f 4672/3167/4536 4675/3168/4539 4674/3162/4538
f 4674/3162/4538 4676/3160/4540 4666/3155/4530
f 4674/3162/4538 4677/3173/4541 4676/3160/4540
f 4675/3168/4539 4677/3173/4541 4674/3162/4538
f 4677/3173/4541 4678/3174/4542 4676/3160/4540
f 4679/3175/4543 4678/3174/4542 4677/3173/4541
f 4680/3177/4544 4679/3175/4543 4677/3173/4541
f 4680/3177/4544 4677/3173/4541 4675/3168/4539
f 4679/3175/4543 4680/3177/4544 4681/3178/4545
f 4682/3171/4546 4672/3167/4536 4670/3169/4534
f 4672/3167/4536 4682/3171/4546 4675/3168/4539
f 4680/3177/4544 4683/3184/4547 4681/3178/4545
f 4681/3178/4545 4683/3184/4547 4684/3185/4548
f 4670/3169/4534 4685/3172/4549 4682/3171/4546
f 4671/3170/4535 4685/3172/4549 4670/3169/4534
f 4680/3177/4544 4675/3168/4539 4686/3186/4550
f 4683/3184/4547 4680/3177/4544 4686/3186/4550
f 4687/3181/4551 4685/3172/4549 4671/3170/4535
f 4688/3182/4552 4687/3181/4551 4671/3170/4535
f 4688/3182/4552 4689/3183/4553 4687/3181/4551
f 4685/3172/4549 4690/3209/4554 4682/3171/4546
f 4682/3171/4546 4691/3206/4555 4675/3168/4539
f 4682/3171/4546 4690/3209/4554 4691/3206/4555
f 4690/3209/4554 4685/3172/4549 4692/3207/4556
f 4685/3172/4549 4687/3181/4551 4692/3207/4556
f 4690/3209/4554 4692/3207/4556 4691/3206/4555
f 4689/3183/4553 4693/3205/4557 4687/3181/4551
f 4687/3181/4551 4693/3205/4557 4692/3207/4556
f 4675/3168/4539 4691/3206/4555 4694/3204/4558
f 4686/3186/4550 4675/3168/4539 4694/3204/4558
f 4691/3206/4555 4692/3207/4556 4695/3208/4559
f 4693/3205/4557 4695/3208/4559 4692/3207/4556
f 4694/3204/4558 4691/3206/4555 4695/3208/4559
f 4695/3208/4559 4693/3205/4557 4694/3204/4558
f 4696/3203/4560 4693/3205/4557 4689/3183/4553
f 4693/3205/4557 4696/3203/4560 4694/3204/4558
f 4686/3186/4550 4694/3204/4558 4696/3203/4560
f 4697/3202/4561 4696/3203/4560 4689/3183/4553
f 4698/3200/4562 4686/3186/4550 4696/3203/4560
f 4696/3203/4560 4697/3202/4561 4698/3200/4562
f 4697/3202/4561 4699/3201/4563 4698/3200/4562
f 4683/3184/4547 4686/3186/4550 4698/3200/4562
f 4699/3201/4563 4700/3199/4564 4698/3200/4562
f 4701/3198/4565 4683/3184/4547 4698/3200/4562
f 4700/3199/4564 4701/3198/4565 4698/3200/4562
f 4683/3184/4547 4701/3198/4565 4684/3185/4548
f 4701/3198/4565 4700/3199/4564 4702/3196/4566
f 4684/3185/4548 4701/3198/4565 4702/3196/4566
f 4684/3185/4548 4702/3196/4566 4703/3187/4567
f 4684/3185/4548 4703/3187/4567 4704/3180/4568
f 4703/3187/4567 4705/3188/4569 4704/3180/4568
f 4703/3187/4567 4702/3196/4566 4706/3195/4570
f 4702/3196/4566 4707/3197/4571 4706/3195/4570
f 4703/3187/4567 4706/3195/4570 4708/3194/4572
f 4705/3188/4569 4703/3187/4567 4709/3189/4573
f 4709/3189/4573 4703/3187/4567 4708/3194/4572
f 4710/3190/4574 4705/3188/4569 4709/3189/4573
f 4709/3189/4573 4708/3194/4572 4711/3193/4575
f 4712/3191/4576 4710/3190/4574 4709/3189/4573
f 4713/3192/4577 4709/3189/4573 4711/3193/4575
f 4713/3192/4577 4712/3191/4576 4709/3189/4573
f 4716/3210/4578 4715/3149/4579 4714/3147/4580
f 4717/3211/4580 4716/3210/4578 4714/3147/4580
f 4720/3153/4581 4719/3156/4581 4718/3148/4582
f 4719/3156/4581 4721/3212/4583 4718/3148/4582
f 4718/3148/4582 4721/3212/4583 4722/3147/4584
f 4721/3212/4583 4723/3213/4585 4722/3147/4584
f 4722/3147/4584 4723/3213/4585 4724/3214/4586
f 4725/3211/4586 4722/3147/4584 4724/3214/4586
f 4728/3156/4587 4727/3153/4588 4726/3155/4589
f 4729/3157/4590 4728/3156/4587 4726/3155/4589
f 4729/3157/4590 4726/3155/4589 4730/3159/4591
f 4726/3155/4589 4731/3160/4592 4730/3159/4591
f 4732/3161/4593 4730/3159/4591 4731/3160/4592
f 4734/3174/4594 4732/3161/4595 4733/3160/4596
f 4735/3176/4597 4732/3161/4595 4734/3174/4594
f 4737/3175/4598 4735/3176/4599 4736/3174/4600
f 4737/3175/4598 4738/3178/4601 4735/3176/4599
f 4738/3178/4601 4739/3179/4602 4735/3176/4599
f 4739/3179/4602 4738/3178/4601 4740/3180/4603
f 4738/3178/4601 4741/3185/4604 4740/3180/4603
f 4744/3215/4605 4743/3216/4606 4742/3217/4607
f 4745/3218/4608 4744/3215/4605 4742/3217/4607
f 4742/3217/4607 4746/3219/4609 4745/3218/4608
f 4747/3220/4610 4744/3215/4605 4745/3218/4608
f 4746/3219/4609 4748/3221/4611 4745/3218/4608
f 4746/3219/4609 4749/3222/4612 4748/3221/4611
f 4750/3223/4613 4747/3220/4610 4745/3218/4608
f 4745/3218/4608 4748/3221/4611 4750/3223/4613
f 4751/3224/4614 4747/3220/4610 4750/3223/4613
f 4752/3225/4615 4751/3224/4614 4750/3223/4613
f 4750/3223/4613 4753/3226/4616 4752/3225/4615
f 4748/3221/4611 4753/3226/4616 4750/3223/4613
f 4753/3226/4616 4754/3227/4617 4752/3225/4615
f 4749/3222/4612 4755/3228/4618 4748/3221/4611
f 4748/3221/4611 4755/3228/4618 4753/3226/4616
f 4755/3228/4618 4749/3222/4612 4756/3229/4619
f 4757/3230/4620 4755/3228/4618 4756/3229/4619
f 4753/3226/4616 4758/3231/4621 4754/3227/4617
f 4755/3228/4618 4758/3231/4621 4753/3226/4616
f 4758/3231/4621 4755/3228/4618 4757/3230/4620
f 4758/3231/4621 4759/3232/4622 4754/3227/4617
f 4760/3233/4623 4758/3231/4621 4757/3230/4620
f 4759/3232/4622 4758/3231/4621 4761/3234/4624
f 4758/3231/4621 4760/3233/4623 4761/3234/4624
f 4764/3216/4625 4763/3235/4626 4762/3236/4627
f 4765/3217/4628 4764/3216/4625 4762/3236/4627
f 4762/3236/4627 4766/3237/4629 4765/3217/4628
f 4766/3237/4629 4767/3219/4630 4765/3217/4628
f 4767/3219/4630 4766/3237/4629 4768/3222/4631
f 4766/3237/4629 4769/3238/4632 4768/3222/4631
f 4768/3222/4631 4769/3238/4632 4770/3229/4633
f 4769/3238/4632 4771/3239/4633 4770/3229/4633
f 4774/3239/4634 4773/3240/4635 4772/3229/4634
f 4773/3240/4635 4775/3230/4636 4772/3229/4634
f 4773/3240/4635 4776/3241/4637 4775/3230/4636
f 4776/3241/4637 4777/3233/4638 4775/3230/4636
f 4777/3233/4638 4776/3241/4637 4778/3242/4639
f 4779/3234/4640 4777/3233/4638 4778/3242/4639
f 4779/3234/4640 4778/3242/4639 4780/3243/4641
f 4781/3244/4642 4779/3234/4640 4780/3243/4641
f 4782/3245/4643 4781/3244/4642 4780/3243/4641
f 4783/3246/4644 4782/3245/4643 4780/3243/4641
f 4784/3247/4645 4782/3245/4643 4783/3246/4644
f 4785/3248/4646 4784/3247/4645 4783/3246/4644
f 4784/3247/4645 4785/3248/4646 4786/3249/4647
f 4787/3250/4648 4784/3247/4645 4786/3249/4647
f 4787/3250/4648 4786/3249/4647 4788/3251/4649
f 4789/3252/4650 4787/3250/4648 4788/3251/4649
f 4792/3232/4651 4791/3234/4652 4790/3244/4653
f 4793/3253/4654 4792/3232/4651 4790/3244/4653
f 4790/3244/4653 4794/3245/4655 4793/3253/4654
f 4795/3227/4656 4792/3232/4651 4793/3253/4654
f 4794/3245/4655 4796/3254/4657 4793/3253/4654
f 4797/3255/4658 4795/3227/4656 4793/3253/4654
f 4797/3255/4658 4793/3253/4654 4796/3254/4657
f 4797/3255/4658 4798/3256/4659 4795/3227/4656
f 4798/3256/4659 4799/3225/4660 4795/3227/4656
f 4799/3225/4660 4798/3256/4659 4800/3224/4661
f 4801/3257/4662 4797/3255/4658 4796/3254/4657
f 4801/3257/4662 4796/3254/4657 4802/3258/4663
f 4797/3255/4658 4803/3259/4664 4798/3256/4659
f 4804/3260/4665 4796/3254/4657 4794/3245/4655
f 4796/3254/4657 4804/3260/4665 4802/3258/4663
f 4805/3247/4666 4804/3260/4665 4794/3245/4655
f 4806/3261/4667 4802/3258/4663 4804/3260/4665
f 4805/3247/4666 4807/3250/4668 4804/3260/4665
f 4807/3250/4668 4806/3261/4667 4804/3260/4665
f 4808/3252/4669 4806/3261/4667 4807/3250/4668
f 4803/3259/4664 4809/3262/4670 4798/3256/4659
f 4803/3259/4664 4810/3263/4671 4809/3262/4670
f 4798/3256/4659 4811/3264/4672 4800/3224/4661
f 4811/3264/4672 4798/3256/4659 4809/3262/4670
f 4810/3263/4671 4812/3265/4673 4809/3262/4670
f 4810/3263/4671 4813/3266/4674 4812/3265/4673
f 4809/3262/4670 4812/3265/4673 4814/3267/4675
f 4814/3267/4675 4811/3264/4672 4809/3262/4670
f 4815/3268/4676 4812/3265/4673 4813/3266/4674
f 4812/3265/4673 4815/3268/4676 4814/3267/4675
f 4813/3266/4674 4816/3269/4677 4815/3268/4676
f 4816/3269/4677 4817/3270/4678 4815/3268/4676
f 4817/3270/4678 4818/3271/4679 4815/3268/4676
f 4818/3271/4679 4814/3267/4675 4815/3268/4676
f 4814/3267/4675 4818/3271/4679 4819/3272/4680
f 4811/3264/4672 4814/3267/4675 4819/3272/4680
f 4819/3272/4680 4820/3273/4681 4811/3264/4672
f 4820/3273/4681 4800/3224/4661 4811/3264/4672
f 4821/3220/4682 4800/3224/4661 4820/3273/4681
f 4822/3274/4683 4821/3220/4682 4820/3273/4681
f 4821/3220/4682 4822/3274/4683 4823/3215/4684
f 4822/3274/4683 4824/3275/4685 4823/3215/4684
f 4823/3215/4684 4824/3275/4685 4825/3216/4686
f 4824/3275/4685 4826/3235/4686 4825/3216/4686
f 4829/3245/4687 4828/3244/4688 4827/3255/4689
f 4830/3276/4690 4829/3245/4687 4827/3255/4689
f 4830/3276/4690 4827/3255/4689 4831/3264/4691
f 4832/3267/4692 4830/3276/4690 4831/3264/4691
f 4829/3245/4687 4830/3276/4690 4833/3277/4693
f 4833/3277/4693 4830/3276/4690 4832/3267/4692
f 4834/3268/4694 4833/3277/4693 4832/3267/4692
f 4833/3277/4693 4834/3268/4694 4835/3266/4695
f 4836/3247/4696 4829/3245/4687 4833/3277/4693
f 4837/3278/4697 4833/3277/4693 4835/3266/4695
f 4836/3247/4696 4833/3277/4693 4837/3278/4697
f 4838/3250/4698 4836/3247/4696 4837/3278/4697
f 4841/3279/4699 4840/3255/4699 4839/3257/4700
f 4842/3280/4701 4841/3279/4699 4839/3257/4700
f 4843/3281/4702 4842/3280/4701 4839/3257/4700
f 4844/3258/4703 4843/3281/4702 4839/3257/4700
f 4844/3258/4703 4845/3261/4704 4843/3281/4702
f 4848/3255/4705 4847/3279/4705 4846/3259/4706
f 4847/3279/4705 4849/3282/4707 4846/3259/4706
f 4849/3282/4707 4850/3263/4708 4846/3259/4706
f 4853/1276/4709 4852/1274/4710 4851/2653/4711
f 4854/2654/4712 4853/1276/4709 4851/2653/4711
f 4851/2653/4711 4855/2655/4713 4854/2654/4712
f 4855/2655/4713 4851/2653/4711 4856/2656/4714
f 4857/2657/4715 4855/2655/4713 4856/2656/4714
f 4858/2658/4716 4857/2657/4715 4856/2656/4714
f 4858/2658/4716 4856/2656/4714 4859/2659/4717
f 4860/2660/4718 4858/2658/4716 4859/2659/4717
f 4859/2659/4717 4861/2661/4719 4860/2660/4718
f 4864/2662/4720 4863/1277/4721 4862/1253/4722
f 4865/2663/4723 4864/2662/4720 4862/1253/4722
f 4866/2664/4724 4864/2662/4720 4865/2663/4723
f 4867/2665/4725 4864/2662/4720 4866/2664/4724
f 4868/2666/4726 4867/2665/4725 4866/2664/4724
f 4868/2666/4726 4869/2667/4727 4867/2665/4725
f 4867/2665/4725 4869/2667/4727 4870/2668/4728
f 4871/2669/4729 4867/2665/4725 4870/2668/4728
f 4872/2670/4730 4871/2669/4729 4870/2668/4728
f 4875/2672/4731 4874/2671/4732 4873/2673/4728
f 4876/2674/4733 4875/2672/4731 4873/2673/4728
f 4877/2675/4734 4876/2674/4733 4873/2673/4728
f 4876/2674/4733 4877/2675/4734 4878/2676/4735
f 4877/2675/4734 4879/2677/4736 4878/2676/4735
f 4878/2676/4735 4879/2677/4736 4880/2678/4737
f 4879/2677/4736 4881/2679/4738 4880/2678/4737
f 4880/2678/4737 4881/2679/4738 4882/2680/4739
f 4883/2681/4740 4880/2678/4737 4882/2680/4739
f 4882/2680/4739 4884/2682/4741 4883/2681/4740
f 4884/2682/4741 4885/2683/4742 4883/2681/4740
f 4888/2669/4743 4887/2670/4744 4886/2661/4745
f 4889/2659/4746 4888/2669/4743 4886/2661/4745
f 4888/2669/4743 4889/2659/4746 4890/2665/4747
f 4889/2659/4746 4891/2656/4748 4890/2665/4747
f 4892/2662/4749 4890/2665/4747 4891/2656/4748
f 4893/2653/4750 4892/2662/4749 4891/2656/4748
f 4894/1277/4751 4892/2662/4749 4893/2653/4750
f 4895/1274/4752 4894/1277/4751 4893/2653/4750
f 4894/1277/4751 4895/1274/4752 4896/2684/4753
f 4894/1277/4751 4896/2684/4753 4897/1252/4754
f 4895/1274/4752 4898/2685/4755 4896/2684/4753
f 4899/1275/4756 4898/2685/4755 4895/1274/4752
f 4896/2684/4753 4900/2686/4757 4897/1252/4754
f 4900/2686/4757 4896/2684/4753 4901/1281/4758
f 4896/2684/4753 4898/2685/4755 4902/2702/4759
f 4896/2684/4753 4902/2702/4759 4901/1281/4758
f 4900/2686/4757 4903/1263/4760 4897/1252/4754
f 4904/1254/4761 4897/1252/4754 4903/1263/4760
f 4905/1264/4762 4904/1254/4761 4903/1263/4760
f 4906/1258/4763 4904/1254/4761 4905/1264/4762
f 4907/1269/4764 4906/1258/4763 4905/1264/4762
f 4906/1258/4763 4907/1269/4764 4908/1272/4765
f 4909/1260/4766 4906/1258/4763 4908/1272/4765
f 4909/1260/4766 4908/1272/4765 4910/1262/4767
f 4908/1272/4765 4911/1273/4768 4910/1262/4767
f 4903/1263/4760 4900/2686/4757 4912/1278/4769
f 4900/2686/4757 4901/1281/4758 4913/1279/4770
f 4914/2703/4771 4900/2686/4757 4913/1279/4770
f 4900/2686/4757 4914/2703/4771 4912/1278/4769
f 4914/2703/4771 4915/2768/4772 4912/1278/4769
f 4915/2768/4772 4916/2767/4773 4912/1278/4769
f 4916/2767/4773 4917/2755/4774 4912/1278/4769
f 4918/2758/4775 4917/2755/4774 4916/2767/4773
f 4919/2766/4776 4918/2758/4775 4916/2767/4773
f 4918/2758/4775 4919/2766/4776 4920/2761/4777
f 4919/2766/4776 4921/2765/4778 4920/2761/4777
f 4921/2765/4778 4922/2764/4779 4920/2761/4777
f 4922/2764/4779 4923/2763/4780 4920/2761/4777
f 4925/1280/4781 4924/1279/4770 4901/1281/4758
f 4926/1300/4782 4925/1280/4781 4901/1281/4758
f 4901/1281/4758 4927/1302/4783 4926/1300/4782
f 4928/1309/4784 4927/1302/4783 4901/1281/4758
f 4902/2702/4759 4928/1309/4784 4901/1281/4758
f 4928/1309/4784 4902/2702/4759 4929/1335/4785
f 4898/2685/4755 4929/1335/4785 4902/2702/4759
f 4929/1335/4785 4898/2685/4755 4930/1346/4786
f 4898/2685/4755 4899/1275/4756 4930/1346/4786
f 4925/1280/4781 4926/1300/4782 4931/1298/4787
f 4932/1283/4788 4925/1280/4781 4931/1298/4787
f 4933/1279/4789 4925/1280/4781 4932/1283/4788
f 4934/1282/4790 4933/1279/4789 4932/1283/4788
f 4934/1282/4790 4932/1283/4788 4935/1284/4791
f 4932/1283/4788 4936/1285/4792 4935/1284/4791
f 4937/1286/4793 4935/1284/4791 4936/1285/4792
f 4931/1298/4787 4938/1293/4794 4932/1283/4788
f 4938/1293/4794 4936/1285/4792 4932/1283/4788
f 4936/1285/4792 4939/1287/4795 4937/1286/4793
f 4939/1287/4795 4940/1288/4796 4937/1286/4793
f 4939/1287/4795 4941/1289/4797 4940/1288/4796
f 4941/1289/4797 4942/1290/4798 4940/1288/4796
f 4941/1289/4797 4939/1287/4795 4943/1291/4799
f 4944/1292/4800 4939/1287/4795 4936/1285/4792
f 4939/1287/4795 4944/1292/4800 4943/1291/4799
f 4938/1293/4794 4944/1292/4800 4936/1285/4792
f 4943/1291/4799 4944/1292/4800 4945/1294/4801
f 4946/1295/4802 4943/1291/4799 4945/1294/4801
f 4945/1294/4801 4944/1292/4800 4947/1296/4803
f 4944/1292/4800 4938/1293/4794 4947/1296/4803
f 4938/1293/4794 4948/1297/4804 4947/1296/4803
f 4938/1293/4794 4931/1298/4787 4948/1297/4804
f 4931/1298/4787 4949/1299/4805 4948/1297/4804
f 4931/1298/4787 4926/1300/4782 4949/1299/4805
f 4926/1300/4782 4950/1301/4806 4949/1299/4805
f 4926/1300/4782 4927/1302/4783 4950/1301/4806
f 4927/1302/4783 4951/1303/4807 4950/1301/4806
f 4951/1303/4807 4927/1302/4783 4952/1304/4808
f 4927/1302/4783 4953/1305/4809 4952/1304/4808
f 4952/1304/4808 4953/1305/4809 4954/1306/4810
f 4954/1306/4810 4953/1305/4809 4955/1307/4811
f 4953/1305/4809 4927/1302/4783 4928/1309/4784
f 4955/1307/4811 4953/1305/4809 4956/1308/4812
f 4957/1310/4813 4953/1305/4809 4928/1309/4784
f 4957/1310/4813 4956/1308/4812 4953/1305/4809
f 4958/1321/4814 4957/1310/4813 4928/1309/4784
f 4958/1321/4814 4928/1309/4784 4929/1335/4785
f 4957/1310/4813 4959/1311/4815 4956/1308/4812
f 4959/1311/4815 4960/1312/4816 4956/1308/4812
f 4929/1335/4785 4961/1329/4817 4958/1321/4814
f 4961/1329/4817 4929/1335/4785 4930/1346/4786
f 4962/1320/4818 4957/1310/4813 4958/1321/4814
f 4959/1311/4815 4957/1310/4813 4962/1320/4818
f 4961/1329/4817 4962/1320/4818 4958/1321/4814
f 4960/1312/4816 4959/1311/4815 4963/1313/4819
f 4964/1314/4820 4960/1312/4816 4963/1313/4819
f 4965/1322/4821 4959/1311/4815 4962/1320/4818
f 4959/1311/4815 4965/1322/4821 4963/1313/4819
f 4961/1329/4817 4966/1328/4822 4962/1320/4818
f 4966/1328/4822 4965/1322/4821 4962/1320/4818
f 4930/1346/4786 4967/1336/4823 4961/1329/4817
f 4967/1336/4823 4966/1328/4822 4961/1329/4817
f 4964/1314/4820 4963/1313/4819 4968/1315/4824
f 4969/1316/4825 4964/1314/4820 4968/1315/4824
f 4969/1316/4825 4968/1315/4824 4970/1317/4826
f 4968/1315/4824 4971/1318/4827 4970/1317/4826
f 4972/1319/4828 4970/1317/4826 4971/1318/4827
f 4963/1313/4819 4965/1322/4821 4973/1326/4829
f 4965/1322/4821 4966/1328/4822 4974/1327/4830
f 4973/1326/4829 4965/1322/4821 4974/1327/4830
f 4973/1326/4829 4975/1323/4831 4963/1313/4819
f 4975/1323/4831 4968/1315/4824 4963/1313/4819
f 4973/1326/4829 4974/1327/4830 4975/1323/4831
f 4971/1318/4827 4968/1315/4824 4976/1324/4832
f 4968/1315/4824 4975/1323/4831 4976/1324/4832
f 4977/1325/4833 4972/1319/4828 4971/1318/4827
f 4977/1325/4833 4971/1318/4827 4976/1324/4832
f 4978/1331/4834 4974/1327/4830 4966/1328/4822
f 4967/1336/4823 4978/1331/4834 4966/1328/4822
f 4974/1327/4830 4979/1330/4835 4975/1323/4831
f 4976/1324/4832 4975/1323/4831 4979/1330/4835
f 4974/1327/4830 4978/1331/4834 4979/1330/4835
f 4972/1319/4828 4977/1325/4833 4980/1332/4836
f 4981/1333/4837 4972/1319/4828 4980/1332/4836
f 4982/1334/4838 4981/1333/4837 4980/1332/4836
f 4983/1337/4839 4982/1334/4838 4980/1332/4836
f 4982/1334/4838 4983/1337/4839 4984/1338/4840
f 4983/1337/4839 4985/1339/4841 4984/1338/4840
f 4983/1337/4839 4986/1340/4842 4985/1339/4841
f 4986/1340/4842 4987/1341/4843 4985/1339/4841
f 4980/1332/4836 4988/1342/4844 4983/1337/4839
f 4988/1342/4844 4986/1340/4842 4983/1337/4839
f 4986/1340/4842 4989/1343/4845 4987/1341/4843
f 4986/1340/4842 4988/1342/4844 4989/1343/4845
f 4989/1343/4845 4990/1344/4846 4987/1341/4843
f 4991/1345/4847 4990/1344/4846 4989/1343/4845
f 4980/1332/4836 4977/1325/4833 4992/1347/4848
f 4988/1342/4844 4980/1332/4836 4992/1347/4848
f 4977/1325/4833 4993/1348/4849 4992/1347/4848
f 4993/1348/4849 4977/1325/4833 4976/1324/4832
f 4993/1348/4849 4976/1324/4832 4994/1349/4850
f 4994/1349/4850 4976/1324/4832 4979/1330/4835
f 4979/1330/4835 4995/1350/4851 4994/1349/4850
f 4978/1331/4834 4995/1350/4851 4979/1330/4835
f 4996/1356/4852 4991/1345/4847 4989/1343/4845
f 4988/1342/4844 4997/1351/4853 4989/1343/4845
f 4996/1356/4852 4989/1343/4845 4997/1351/4853
f 4998/1352/4854 4988/1342/4844 4992/1347/4848
f 4988/1342/4844 4998/1352/4854 4997/1351/4853
f 4992/1347/4848 4993/1348/4849 4999/1353/4855
f 4998/1352/4854 4992/1347/4848 4999/1353/4855
f 5000/1354/4856 4993/1348/4849 4994/1349/4850
f 4993/1348/4849 5000/1354/4856 4999/1353/4855
f 4991/1345/4847 4996/1356/4852 5001/1357/4857
f 5002/1358/4858 4991/1345/4847 5001/1357/4857
f 5003/1364/4859 4997/1351/4853 4998/1352/4854
f 4998/1352/4854 4999/1353/4855 5004/1368/4860
f 5005/1364/4861 4998/1352/4854 5004/1368/4860
f 5006/1369/4771 5003/1364/4862 5004/1368/4860
f 5007/1359/4863 4996/1356/4852 4997/1351/4853
f 4996/1356/4852 5007/1359/4863 5001/1357/4857
f 5002/1358/4858 5001/1357/4857 5008/1360/4864
f 5009/1361/4865 5002/1358/4858 5008/1360/4864
f 5010/1363/4866 5007/1359/4863 4997/1351/4853
f 5011/1364/4867 5010/1363/4866 4997/1351/4853
f 5007/1359/4863 5012/1362/4868 5001/1357/4857
f 5012/1362/4868 5007/1359/4863 5010/1363/4866
f 5001/1357/4857 5012/1362/4868 5008/1360/4864
f 5013/1365/4869 5012/1362/4868 5010/1363/4866
f 5014/1366/4870 5012/1362/4868 5013/1365/4869
f 5012/1362/4868 5014/1366/4870 5008/1360/4864
f 5015/1367/4871 5014/1366/4870 5013/1365/4869
f 5016/1370/4872 5014/1366/4870 5015/1367/4871
f 5014/1366/4870 5016/1370/4872 5008/1360/4864
f 5017/1371/4873 5016/1370/4872 5015/1367/4871
f 5018/1372/4874 5016/1370/4872 5017/1371/4873
f 5018/1372/4874 5019/1373/4802 5016/1370/4872
f 5008/1360/4864 5020/1374/4875 5009/1361/4865
f 5016/1370/4872 5020/1374/4875 5008/1360/4864
f 5019/1373/4802 5020/1374/4875 5016/1370/4872
f 5020/1374/4875 5021/1375/4876 5009/1361/4865
f 5020/1374/4875 5019/1373/4802 5021/1375/4876
f 5024/1291/4877 5023/1295/4877 5022/1290/4877
f 5025/1289/4877 5024/1291/4877 5022/1290/4877
f 5028/2709/4878 5027/2710/4879 5026/2715/4880
f 5027/2710/4879 5029/2732/4881 5026/2715/4880
f 5026/2715/4880 5029/2732/4881 5030/2716/4882
f 5029/2732/4881 5031/2733/4883 5030/2716/4882
f 5030/2716/4882 5031/2733/4883 5032/2734/4715
f 5033/2717/4884 5030/2716/4882 5032/2734/4715
f 5034/2718/4885 5033/2717/4884 5032/2734/4715
f 5035/2735/4886 5034/2718/4885 5032/2734/4715
f 5034/2718/4885 5035/2735/4886 5036/2736/4718
f 5037/2719/4887 5034/2718/4885 5036/2736/4718
f 5038/2720/4888 5037/2719/4887 5036/2736/4718
f 5041/2713/4889 5040/2737/4890 5039/2738/4891
f 5042/2708/4892 5041/2713/4889 5039/2738/4891
f 5043/2739/2246 5042/2708/4892 5039/2738/4891
f 5044/2707/4893 5042/2708/4892 5043/2739/2246
f 5045/2740/4894 5044/2707/4893 5043/2739/2246
f 5044/2707/4893 5045/2740/4894 5046/2741/2243
f 5047/2705/4895 5044/2707/4893 5046/2741/2243
f 5046/2741/2243 5048/2742/4896 5047/2705/4895
f 5048/2742/4896 5049/2704/4897 5047/2705/4895
f 5049/2704/4897 5048/2742/4896 5050/2710/4898
f 5051/2706/4899 5049/2704/4897 5050/2710/4898
f 5054/2713/4900 5053/2708/4901 5052/2712/4902
f 5053/2708/4901 5055/2711/4903 5052/2712/4902
f 5052/2712/4902 5055/2711/4903 5056/2692/4904
f 5057/2714/4905 5052/2712/4902 5056/2692/4904
f 5055/2711/4903 5053/2708/4901 5058/2700/4906
f 5053/2708/4901 5059/2707/4907 5058/2700/4906
f 5059/2707/4907 5060/2705/4908 5058/2700/4906
f 5055/2711/4903 5058/2700/4906 5061/2693/4909
f 5055/2711/4903 5061/2693/4909 5062/2692/4910
f 5060/2705/4908 5063/2699/4911 5058/2700/4906
f 5063/2699/4911 5060/2705/4908 5064/2704/4912
f 5058/2700/4906 5065/2696/4913 5061/2693/4909
f 5058/2700/4906 5063/2699/4911 5065/2696/4913
f 5066/2698/4914 5063/2699/4911 5064/2704/4912
f 5063/2699/4911 5067/2694/4915 5065/2696/4913
f 5063/2699/4911 5066/2698/4914 5067/2694/4915
f 5061/2693/4909 5065/2696/4913 5068/2689/4916
f 5068/2689/4916 5065/2696/4913 5067/2694/4915
f 5069/2701/4917 5066/2698/4914 5064/2704/4912
f 5070/2706/4918 5069/2701/4917 5064/2704/4912
f 5061/2693/4909 5068/2689/4916 5071/2690/4919
f 5072/2692/4920 5061/2693/4909 5071/2690/4919
f 5071/2690/4919 5073/2691/4921 5072/2692/4920
f 5074/1671/4922 5073/2691/4921 5071/2690/4919
f 5075/1669/4923 5074/1671/4922 5071/2690/4919
f 5075/1669/4923 5071/2690/4919 5076/1666/4924
f 5071/2690/4919 5068/2689/4916 5076/1666/4924
f 5068/2689/4916 5077/2688/4925 5076/1666/4924
f 5077/2688/4925 5068/2689/4916 5067/2694/4915
f 5077/2688/4925 5078/1664/4926 5076/1666/4924
f 5078/1664/4926 5077/2688/4925 4899/1275/4756
f 5066/2698/4914 5079/2695/4927 5067/2694/4915
f 5077/2688/4925 5067/2694/4915 5079/2695/4927
f 5077/2688/4925 5080/2687/4928 4899/1275/4756
f 5080/2687/4928 5077/2688/4925 5079/2695/4927
f 4899/1275/4756 5080/2687/4928 4930/1346/4786
f 5081/2697/4929 5079/2695/4927 5066/2698/4914
f 5081/2697/4929 5080/2687/4928 5079/2695/4927
f 5080/2687/4928 5081/2697/4929 4930/1346/4786
f 5081/2697/4929 4967/1336/4823 4930/1346/4786
f 5069/2701/4917 5081/2697/4929 5066/2698/4914
f 5081/2697/4929 5069/2701/4917 4967/1336/4823
f 5069/2701/4917 4978/1331/4834 4967/1336/4823
f 5069/2701/4917 5070/2706/4918 4978/1331/4834
f 5070/2706/4918 4995/1350/4851 4978/1331/4834
f 5082/2709/4930 4995/1350/4851 5070/2706/4918
f 5083/2710/4931 5082/2709/4930 5070/2706/4918
f 5082/2709/4930 5084/2683/4932 4995/1350/4851
f 5084/2683/4932 5085/1355/4933 4995/1350/4851
f 4995/1350/4851 5085/1355/4933 4994/1349/4850
f 4994/1349/4850 5085/1355/4933 5000/1354/4856
f 5084/2683/4932 5082/2709/4930 5086/2681/4934
f 5082/2709/4930 5087/2715/4935 5086/2681/4934
f 5087/2715/4935 5088/2716/4936 5086/2681/4934
f 5088/2716/4936 5089/2678/4937 5086/2681/4934
f 5088/2716/4936 5090/2717/4938 5089/2678/4937
f 5090/2717/4938 5091/2676/4939 5089/2678/4937
f 5091/2676/4939 5090/2717/4938 5092/2718/4940
f 5093/2674/4941 5091/2676/4939 5092/2718/4940
f 5092/2718/4940 5094/2719/4942 5093/2674/4941
f 5094/2719/4942 5095/2672/4943 5093/2674/4941
f 5095/2672/4943 5094/2719/4942 5096/2720/4944
f 5097/2671/4744 5095/2672/4943 5096/2720/4944
f 5098/2721/4945 5085/1355/4933 5084/2683/4932
f 5098/2721/4945 5084/2683/4932 5099/2682/4946
f 5085/1355/4933 5098/2721/4945 5100/1387/4947
f 5101/2722/4948 5100/1387/4947 5098/2721/4945
f 5102/2723/4949 5101/2722/4948 5098/2721/4945
f 5101/2722/4948 5102/2723/4949 5103/2724/4950
f 5104/2725/4951 5101/2722/4948 5103/2724/4950
f 5104/2725/4951 5103/2724/4950 5105/2726/4952
f 5103/2724/4950 5106/2727/4953 5105/2726/4952
f 5105/2726/4952 5106/2727/4953 5107/2728/4954
f 5106/2727/4953 5108/2729/4955 5107/2728/4954
f 5107/2728/4954 5108/2729/4955 5109/2730/4956
f 5108/2729/4955 5110/2731/4957 5109/2730/4956
f 5111/1382/4958 5085/1355/4933 5100/1387/4947
f 5085/1355/4933 5111/1382/4958 5000/1354/4856
f 5112/1383/4959 5111/1382/4958 5100/1387/4947
f 5112/1383/4959 5100/1387/4947 5113/1388/4960
f 5000/1354/4856 5111/1382/4958 5114/1378/4961
f 5111/1382/4958 5112/1383/4959 5114/1378/4961
f 4999/1353/4855 5000/1354/4856 5114/1378/4961
f 4999/1353/4855 5114/1378/4961 5004/1368/4860
f 5112/1383/4959 5115/1381/4962 5114/1378/4961
f 5004/1368/4860 5114/1378/4961 5115/1381/4962
f 5115/1381/4962 5112/1383/4959 5116/1389/4963
f 5117/1376/4964 5004/1368/4860 5115/1381/4962
f 5004/1368/4860 5117/1376/4964 5006/1369/4771
f 5117/1376/4964 5118/1377/4772 5006/1369/4771
f 5119/1384/4965 5115/1381/4962 5116/1389/4963
f 5117/1376/4964 5115/1381/4962 5119/1384/4965
f 5118/1377/4772 5117/1376/4964 5120/1379/4966
f 5120/1379/4966 5117/1376/4964 5119/1384/4965
f 5121/1380/4773 5118/1377/4772 5120/1379/4966
f 5119/1384/4965 5116/1389/4963 5122/1390/4967
f 5120/1379/4966 5119/1384/4965 5122/1390/4967
f 5116/1389/4963 5123/1391/4968 5122/1390/4967
f 5124/1385/4969 5121/1380/4773 5120/1379/4966
f 5124/1385/4969 5120/1379/4966 5122/1390/4967
f 5121/1380/4773 5124/1385/4969 5125/1386/4776
f 5122/1390/4967 5123/1391/4968 5126/1393/4970
f 5123/1391/4968 5127/1394/4971 5126/1393/4970
f 5124/1385/4969 5122/1390/4967 5128/1392/4972
f 5124/1385/4969 5128/1392/4972 5125/1386/4776
f 5122/1390/4967 5126/1393/4970 5128/1392/4972
f 5126/1393/4970 5127/1394/4971 5129/1395/4973
f 5128/1392/4972 5126/1393/4970 5129/1395/4973
f 5127/1394/4971 5130/1396/4974 5129/1395/4973
f 5131/1397/4975 5125/1386/4776 5128/1392/4972
f 5131/1397/4975 5128/1392/4972 5129/1395/4973
f 5132/1398/4778 5125/1386/4776 5131/1397/4975
f 5133/1399/4976 5132/1398/4778 5131/1397/4975
f 5131/1397/4975 5129/1395/4973 5133/1399/4976
f 5134/1400/4977 5132/1398/4778 5133/1399/4976
f 5135/1401/4978 5129/1395/4973 5130/1396/4974
f 5129/1395/4973 5135/1401/4978 5133/1399/4976
f 5136/1402/4979 5135/1401/4978 5130/1396/4974
f 5135/1401/4978 5137/1400/4980 5133/1399/4976
f 5140/2730/4981 5139/2743/4982 5138/2744/2273
f 5141/2728/4983 5140/2730/4981 5138/2744/2273
f 5142/2745/2272 5141/2728/4983 5138/2744/2273
f 5142/2745/2272 5143/2746/4984 5141/2728/4983
f 5143/2746/4984 5144/2726/4985 5141/2728/4983
f 5143/2746/4984 5145/2747/4986 5144/2726/4985
f 5145/2747/4986 5146/2725/4987 5144/2726/4985
f 5145/2747/4986 5147/2748/4988 5146/2725/4987
f 5147/2748/4988 5148/2722/4989 5146/2725/4987
f 5147/2748/4988 5149/1388/4990 5148/2722/4989
f 5149/1388/4990 5150/1387/4991 5148/2722/4989
f 5153/2721/4992 5152/2682/4993 5151/2723/4994
f 5152/2682/4993 5154/2749/4995 5151/2723/4994
f 5155/2724/4996 5151/2723/4994 5154/2749/4995
f 5156/2750/4997 5155/2724/4996 5154/2749/4995
f 5157/2727/4998 5155/2724/4996 5156/2750/4997
f 5158/2751/4999 5157/2727/4998 5156/2750/4997
f 5157/2727/4998 5158/2751/4999 5159/2729/5000
f 5158/2751/4999 5160/2752/2259 5159/2729/5000
f 5160/2752/2259 5161/2753/5001 5159/2729/5000
f 5161/2753/5001 5162/2731/5002 5159/2729/5000
f 5163/2754/5003 5162/2731/5002 5161/2753/5001
f 5166/1278/5004 5165/2755/5005 5164/1265/5006
f 5165/2755/5005 5167/2756/5007 5164/1265/5006
f 5165/2755/5005 5168/2757/5008 5167/2756/5007
f 5168/2757/5008 5165/2755/5005 5169/2758/5009
f 5170/2759/5010 5168/2757/5008 5169/2758/5009
f 5171/2760/5011 5170/2759/5010 5169/2758/5009
f 5169/2758/5009 5172/2761/5012 5171/2760/5011
f 5172/2761/5012 5173/2762/5013 5171/2760/5011
f 5172/2761/5012 5174/2763/5014 5173/2762/5013
f 5177/1383/5015 5176/1388/5016 5175/1389/5017
f 5176/1388/5016 5178/2769/5018 5175/1389/5017
f 5175/1389/5017 5178/2769/5018 5179/1391/5019
f 5178/2769/5018 5180/2770/5008 5179/1391/5019
f 5179/1391/5019 5180/2770/5008 5181/2771/5020
f 5182/1394/5021 5179/1391/5019 5181/2771/5020
f 5183/1396/5022 5182/1394/5021 5181/2771/5020
f 5184/2772/5023 5183/1396/5022 5181/2771/5020
f 5183/1396/5022 5184/2772/5023 5185/2773/5024
f 5186/1402/5025 5183/1396/5022 5185/2773/5024
f 5187/2774/5026 5186/1402/5025 5185/2773/5024
f 5190/2712/5027 5189/2714/5027 5188/2737/5027
f 5191/2713/5027 5190/2712/5027 5188/2737/5027
f 5194/2743/5028 5193/2730/5029 5192/2731/5028
f 5195/2754/5030 5194/2743/5028 5192/2731/5028
f 5198/1401/5031 5197/1402/5031 5196/2774/5032
f 5199/1400/5031 5198/1401/5031 5196/2774/5032
f 5202/3283/5033 5201/3284/5034 5200/3285/5035
f 5203/3286/5036 5202/3283/5033 5200/3285/5035
f 5202/3283/5033 5203/3286/5036 5204/3287/5037
f 5203/3286/5036 5205/3288/5038 5204/3287/5037
f 5206/3289/5039 5204/3287/5037 5205/3288/5038
f 5206/3289/5039 5205/3288/5038 5207/3290/5040
f 5210/3284/5041 5209/3283/5042 5208/3285/5043
f 5209/3283/5042 5211/3286/5044 5208/3285/5043
f 5211/3286/5044 5209/3283/5042 5212/3287/5045
f 5213/3288/5046 5211/3286/5044 5212/3287/5045
f 5212/3287/5045 5214/3289/5047 5213/3288/5046
f 5213/3288/5046 5214/3289/5047 5215/3290/5048
f 5218/3291/5049 5217/3292/5050 5216/3293/5051
f 5219/3294/5052 5218/3291/5049 5216/3293/5051
f 5216/3293/5051 5220/3295/5053 5219/3294/5052
f 5220/3295/5053 5221/3296/5054 5219/3294/5052
f 5220/3295/5053 5222/3297/5055 5221/3296/5054
f 5221/3296/5054 5222/3297/5055 5223/3298/5056
f 5226/3292/5057 5225/3291/5058 5224/3293/5059
f 5225/3291/5058 5227/3294/5060 5224/3293/5059
f 5228/3295/5061 5224/3293/5059 5227/3294/5060
f 5229/3296/5062 5228/3295/5061 5227/3294/5060
f 5230/3297/5063 5228/3295/5061 5229/3296/5062
f 5230/3297/5063 5229/3296/5062 5231/3298/5064
f 5234/3299/5065 5233/1674/5066 5232/1673/5067
f 5233/1674/5066 5234/3299/5065 5235/3300/5068
f 5236/1676/5069 5233/1674/5066 5235/3300/5068
f 5235/3300/5068 5237/3301/5070 5236/1676/5069
f 5237/3301/5070 5238/1679/5071 5236/1676/5069
f 5238/1679/5071 5237/3301/5070 5239/1681/5072
f 5237/3301/5070 5240/3302/5073 5239/1681/5072
f 5239/1681/5072 5240/3302/5073 5241/3303/5074
f 5242/1683/5075 5239/1681/5072 5241/3303/5074
f 5241/3303/5074 5243/3304/5076 5242/1683/5075
f 5243/3304/5076 5244/1685/5077 5242/1683/5075
f 5244/1685/5077 5243/3304/5076 5245/1687/5078
f 5243/3304/5076 5246/3305/5079 5245/1687/5078
f 5247/1688/5080 5245/1687/5078 5246/3305/5079
f 5248/3306/5081 5247/1688/5080 5246/3305/5079
f 5248/3306/5081 5249/3307/5082 5247/1688/5080
f 5249/3307/5082 5250/1690/5083 5247/1688/5080
f 5250/1690/5083 5249/3307/5082 5251/3308/5084
f 5252/1692/5085 5250/1690/5083 5251/3308/5084
f 5251/3308/5084 5253/3309/5086 5252/1692/5085
f 5253/3309/5086 5254/1694/5087 5252/1692/5085
f 5254/1694/5087 5253/3309/5086 5255/3310/5088
f 5256/1696/5089 5254/1694/5087 5255/3310/5088
f 5256/1696/5089 5255/3310/5088 5257/3311/5090
f 5260/1696/5091 5259/3311/5092 5258/3310/5093
f 5260/1696/5091 5258/3310/5093 5261/1694/5094
f 5258/3310/5093 5262/3309/5095 5261/1694/5094
f 5263/1692/5096 5261/1694/5094 5262/3309/5095
f 5264/3308/5097 5263/1692/5096 5262/3309/5095
f 5263/1692/5096 5264/3308/5097 5265/1690/5098
f 5264/3308/5097 5266/3307/5099 5265/1690/5098
f 5267/1688/5100 5265/1690/5098 5266/3307/5099
f 5268/3306/5101 5267/1688/5100 5266/3307/5099
f 5267/1688/5100 5268/3306/5101 5269/3305/5102
f 5270/1687/5103 5267/1688/5100 5269/3305/5102
f 5270/1687/5103 5269/3305/5102 5271/3304/5104
f 5272/1685/5105 5270/1687/5103 5271/3304/5104
f 5273/1683/5106 5272/1685/5105 5271/3304/5104
f 5274/3303/5107 5273/1683/5106 5271/3304/5104
f 5275/1681/5108 5273/1683/5106 5274/3303/5107
f 5276/3302/5109 5275/1681/5108 5274/3303/5107
f 5275/1681/5108 5276/3302/5109 5277/3301/5110
f 5278/1679/5111 5275/1681/5108 5277/3301/5110
f 5278/1679/5111 5277/3301/5110 5279/1676/5112
f 5277/3301/5110 5280/3300/5113 5279/1676/5112
f 5279/1676/5112 5280/3300/5113 5281/1674/5114
f 5280/3300/5113 5282/3299/5115 5281/1674/5114
f 5281/1674/5114 5282/3299/5115 5283/1673/5116
f 5286/3306/5117 5285/3305/5118 5284/3312/5117
f 5285/3305/5118 5287/3313/5119 5284/3312/5117
f 5287/3313/5119 5285/3305/5118 5288/3304/5120
f 5289/3314/5121 5287/3313/5119 5288/3304/5120
f 5289/3314/5121 5288/3304/5120 5290/3303/5122
f 5291/3315/5123 5289/3314/5121 5290/3303/5122
f 5290/3303/5122 5292/3302/5124 5291/3315/5123
f 5292/3302/5124 5293/3316/5125 5291/3315/5123
f 5292/3302/5124 5294/3301/5126 5293/3316/5125
f 5294/3301/5126 5295/3317/5127 5293/3316/5125
f 5294/3301/5126 5296/3300/5128 5295/3317/5127
f 5296/3300/5128 5297/3318/5129 5295/3317/5127
f 5297/3318/5129 5296/3300/5128 5298/3299/5130
f 5299/3319/5131 5297/3318/5129 5298/3299/5130
f 5299/3319/5131 5298/3299/5130 5300/1672/5132
f 5298/3299/5130 5301/1673/5132 5300/1672/5132
f 5304/3311/5133 5303/3320/5133 5302/1697/5133
f 5305/1696/5133 5304/3311/5133 5302/1697/5133
f 5308/3321/5134 5307/3320/5135 5306/3311/5135
f 5310/3310/5136 5308/3321/5134 5306/3311/5135
f 5312/3322/5137 5309/3321/5138 5311/3310/5139
f 5313/3309/5140 5312/3322/5137 5311/3310/5139
f 5314/3323/5141 5312/3322/5137 5313/3309/5140
f 5315/3308/5142 5314/3323/5141 5313/3309/5140
f 5314/3323/5141 5315/3308/5142 5316/3324/5143
f 5315/3308/5142 5317/3307/5144 5316/3324/5143
f 5318/3312/5145 5316/3324/5143 5317/3307/5144
f 5319/3306/5145 5318/3312/5145 5317/3307/5144
f 5322/1699/5146 5321/1698/5147 5320/3325/5148
f 5323/3326/5149 5322/1699/5146 5320/3325/5148
f 5323/3326/5149 5320/3325/5148 5324/3327/5150
f 5325/3328/5151 5323/3326/5149 5324/3327/5150
f 5324/3327/5150 5326/3329/5152 5325/3328/5151
f 5326/3329/5152 5327/3330/5153 5325/3328/5151
f 5326/3329/5152 5328/3331/5154 5327/3330/5153
f 5328/3331/5154 5329/3332/5155 5327/3330/5153
f 5329/3332/5155 5328/3331/5154 5330/3333/5156
f 5331/3334/5157 5329/3332/5155 5330/3333/5156
f 5330/3333/5156 5332/3335/5158 5331/3334/5157
f 5332/3335/5158 5333/3336/5159 5331/3334/5157
f 5333/3336/5159 5332/3335/5158 5334/3337/5160
f 5335/3338/5161 5333/3336/5159 5334/3337/5160
f 5335/3338/5161 5334/3337/5160 5336/3339/5162
f 5334/3337/5163 5338/3340/5164 5337/3339/5165
f 5339/3341/5166 5337/3339/5165 5338/3340/5164
f 5340/3342/5167 5339/3341/5166 5338/3340/5164
f 5341/3343/5168 5339/3341/5166 5340/3342/5167
f 5342/3344/5169 5341/3343/5168 5340/3342/5167
f 5344/1720/5170 5343/3343/5171 5342/3344/5172
f 5345/1721/5170 5344/1720/5170 5342/3344/5172
f 5348/1699/5173 5347/3326/5174 5346/1701/5175
f 5349/1703/5176 5346/1701/5175 5347/3326/5174
f 5350/3328/5177 5349/1703/5176 5347/3326/5174
f 5349/1703/5176 5350/3328/5177 5351/1705/5178
f 5350/3328/5177 5352/3330/5179 5351/1705/5178
f 5351/1705/5178 5352/3330/5179 5353/1707/5180
f 5352/3330/5179 5354/3332/5181 5353/1707/5180
f 5355/1709/5182 5353/1707/5180 5354/3332/5181
f 5356/3334/5183 5355/1709/5182 5354/3332/5181
f 5355/1709/5182 5356/3334/5183 5357/1711/5184
f 5356/3334/5183 5358/3336/5185 5357/1711/5184
f 5357/1711/5184 5358/3336/5185 5359/3338/5186
f 5360/1713/5187 5357/1711/5184 5359/3338/5186
f 5360/1713/5187 5359/3338/5186 5361/3339/5188
f 5362/1714/5189 5360/1713/5187 5361/3339/5188
f 5361/3339/5188 5363/3341/5190 5362/1714/5189
f 5363/3341/5190 5364/1716/5191 5362/1714/5189
f 5363/3341/5190 5365/3343/5192 5364/1716/5191
f 5365/3343/5192 5366/1718/5193 5364/1716/5191
f 5367/1720/5194 5366/1718/5193 5365/3343/5192
f 5370/1699/5195 5369/1701/5196 5368/3326/5197
f 5368/3326/5197 5369/1701/5196 5371/1703/5198
f 5372/3328/5199 5368/3326/5197 5371/1703/5198
f 5372/3328/5199 5371/1703/5198 5373/1705/5200
f 5374/3330/5201 5372/3328/5199 5373/1705/5200
f 5374/3330/5201 5373/1705/5200 5375/1707/5202
f 5376/3332/5203 5374/3330/5201 5375/1707/5202
f 5375/1707/5202 5377/1709/5204 5376/3332/5203
f 5377/1709/5204 5378/3334/5205 5376/3332/5203
f 5377/1709/5204 5379/1711/5206 5378/3334/5205
f 5379/1711/5206 5380/3336/5207 5378/3334/5205
f 5381/3338/5208 5380/3336/5207 5379/1711/5206
f 5382/1713/5209 5381/3338/5208 5379/1711/5206
f 5383/3339/5210 5381/3338/5208 5382/1713/5209
f 5384/1714/5211 5383/3339/5210 5382/1713/5209
f 5385/3341/5212 5383/3339/5210 5384/1714/5211
f 5386/1716/5213 5385/3341/5212 5384/1714/5211
f 5387/3343/5214 5385/3341/5212 5386/1716/5213
f 5388/1718/5215 5387/3343/5214 5386/1716/5213
f 5389/1720/5216 5387/3343/5214 5388/1718/5215
f 5392/1724/5217 5391/3345/5218 5390/3346/5219
f 5392/1724/5217 5390/3346/5219 5393/3347/5220
f 5394/3348/5221 5392/1724/5217 5393/3347/5220
f 5394/3348/5221 5395/1722/5222 5392/1724/5217
f 5398/3349/5223 5397/3350/5224 5396/3351/5225
f 5397/3350/5224 5399/3352/5226 5396/3351/5225
f 5400/3353/5227 5396/3351/5225 5399/3352/5226
f 5399/3352/5226 5401/3354/5228 5400/3353/5227
f 5399/3352/5226 5397/3350/5224 5402/3355/5229
f 5403/3356/5230 5399/3352/5226 5402/3355/5229
f 5397/3350/5224 5404/3357/5231 5402/3355/5229
f 5399/3352/5226 5405/3358/5232 5401/3354/5228
f 5399/3352/5226 5403/3356/5230 5405/3358/5232
f 5405/3358/5232 5406/3359/5233 5401/3354/5228
f 5405/3358/5232 5407/3360/5234 5406/3359/5233
f 5404/3357/5231 5408/3361/5235 5402/3355/5229
f 5402/3355/5229 5408/3361/5235 5403/3356/5230
f 5404/3357/5231 5409/3362/5236 5408/3361/5235
f 5408/3361/5235 5409/3362/5236 5410/3363/5237
f 5411/3364/5238 5408/3361/5235 5410/3363/5237
f 5408/3361/5235 5411/3364/5238 5403/3356/5230
f 5411/3364/5238 5410/3363/5237 5412/3365/5239
f 5413/3366/5240 5411/3364/5238 5412/3365/5239
f 5411/3364/5238 5413/3366/5240 5414/3367/5241
f 5403/3356/5230 5411/3364/5238 5414/3367/5241
f 5403/3356/5230 5414/3367/5241 5415/3368/5242
f 5403/3356/5230 5416/3369/5243 5405/3358/5232
f 5415/3368/5242 5416/3369/5243 5403/3356/5230
f 5407/3360/5234 5405/3358/5232 5416/3369/5243
f 5415/3368/5242 5417/3370/5244 5416/3369/5243
f 5418/3371/5245 5407/3360/5234 5416/3369/5243
f 5416/3369/5243 5417/3370/5244 5418/3371/5245
f 5418/3371/5245 5419/3372/5246 5407/3360/5234
f 5419/3372/5246 5420/3373/5247 5407/3360/5234
f 5421/3374/5248 5420/3373/5247 5419/3372/5246
f 5422/3375/5249 5421/3374/5248 5419/3372/5246
f 5417/3370/5244 5423/3376/5250 5418/3371/5245
f 5418/3371/5245 5423/3376/5250 5419/3372/5246
f 5423/3376/5250 5417/3370/5244 5424/3377/5251
f 5424/3377/5251 5425/3378/5252 5423/3376/5250
f 5425/3378/5252 5426/3379/5253 5423/3376/5250
f 5422/3375/5249 5419/3372/5246 5427/3380/5254
f 5423/3376/5250 5427/3380/5254 5419/3372/5246
f 5427/3380/5254 5423/3376/5250 5426/3379/5253
f 5428/3381/5255 5422/3375/5249 5427/3380/5254
f 5429/3382/5256 5427/3380/5254 5426/3379/5253
f 5428/3381/5255 5427/3380/5254 5429/3382/5256
f 5430/3383/5257 5428/3381/5255 5429/3382/5256
f 5433/3384/5258 5432/3385/5259 5431/3386/5260
f 5434/3387/5261 5433/3384/5258 5431/3386/5260
f 5435/3388/5262 5433/3384/5258 5434/3387/5261
f 5433/3384/5258 5435/3388/5262 5436/3389/5263
f 5431/3386/5260 5437/3390/5264 5434/3387/5261
f 5431/3386/5260 5438/3391/5265 5437/3390/5264
f 5439/3392/5266 5438/3391/5265 5431/3386/5260
f 5440/3393/5267 5438/3391/5265 5439/3392/5266
f 5441/3394/5268 5440/3393/5267 5439/3392/5266
f 5440/3393/5267 5442/3395/5269 5438/3391/5265
f 5442/3395/5269 5443/3396/5252 5438/3391/5265
f 5443/3396/5252 5444/3397/5270 5438/3391/5265
f 5437/3390/5264 5438/3391/5265 5444/3397/5270
f 5445/3398/5271 5437/3390/5264 5444/3397/5270
f 5437/3390/5264 5445/3398/5271 5434/3387/5261
f 5446/3399/5272 5445/3398/5271 5444/3397/5270
f 5446/3399/5272 5444/3397/5270 5447/3400/5273
f 5447/3400/5273 5448/3401/5274 5446/3399/5272
f 5445/3398/5271 5449/3402/5275 5434/3387/5261
f 5449/3402/5275 5445/3398/5271 5446/3399/5272
f 5450/3403/5276 5446/3399/5272 5448/3401/5274
f 5451/3404/5277 5446/3399/5272 5450/3403/5276
f 5452/3399/5278 5451/3404/5277 5449/3402/5275
f 5434/3387/5261 5449/3402/5275 5453/3405/5279
f 5449/3402/5275 5451/3404/5277 5453/3405/5279
f 5453/3405/5279 5435/3388/5262 5434/3387/5261
f 5453/3405/5279 5454/3406/5280 5435/3388/5262
f 5454/3406/5280 5436/3389/5263 5435/3388/5262
f 5451/3404/5277 5455/3407/5281 5453/3405/5279
f 5455/3407/5281 5454/3406/5280 5453/3405/5279
f 5448/3401/5274 5456/3408/5282 5450/3403/5276
f 5448/3401/5274 5457/3409/5283 5456/3408/5282
f 5451/3404/5277 5450/3403/5276 5458/3410/5284
f 5455/3407/5281 5451/3404/5277 5458/3410/5284
f 5456/3408/5282 5459/3411/5285 5450/3403/5276
f 5459/3411/5285 5458/3410/5284 5450/3403/5276
f 5457/3409/5283 5460/3412/5286 5456/3408/5282
f 5460/3412/5286 5459/3411/5285 5456/3408/5282
f 5461/3413/5287 5460/3412/5286 5457/3409/5283
f 5457/3409/5283 5462/3414/5288 5461/3413/5287
f 5459/3411/5285 5460/3412/5286 5463/3415/5289
f 5463/3415/5289 5460/3412/5286 5461/3413/5287
f 5458/3410/5284 5459/3411/5285 5464/3416/5290
f 5464/3416/5290 5459/3411/5285 5463/3415/5289
f 5458/3410/5284 5465/3417/5291 5455/3407/5281
f 5465/3417/5291 5458/3410/5284 5464/3416/5290
f 5466/3418/5292 5454/3406/5280 5455/3407/5281
f 5465/3417/5291 5467/3419/5293 5455/3407/5281
f 5467/3419/5293 5466/3418/5292 5455/3407/5281
f 5454/3406/5280 5466/3418/5292 5468/3420/5294
f 5436/3389/5263 5454/3406/5280 5468/3420/5294
f 5461/3413/5287 5462/3414/5288 5469/3421/5295
f 5470/3422/5296 5463/3415/5289 5461/3413/5287
f 5461/3413/5287 5469/3421/5295 5470/3422/5296
f 5471/3423/5297 5469/3421/5295 5462/3414/5288
f 5462/3414/5288 5472/3424/5298 5471/3423/5297
f 5469/3421/5295 5473/3425/5299 5470/3422/5296
f 5473/3425/5299 5469/3421/5295 5471/3423/5297
f 5471/3423/5297 5472/3424/5298 5474/3426/5300
f 5474/3426/5300 5472/3424/5298 5475/3427/5301
f 5476/3428/5302 5471/3423/5297 5474/3426/5300
f 5476/3428/5302 5473/3425/5299 5471/3423/5297
f 5474/3426/5300 5475/3427/5301 5477/3429/5303
f 5477/3429/5303 5476/3428/5302 5474/3426/5300
f 5475/3427/5301 5478/3430/5304 5477/3429/5303
f 5476/3428/5302 5479/3431/5305 5473/3425/5299
f 5476/3428/5302 5477/3429/5303 5479/3431/5305
f 5477/3429/5303 5478/3430/5304 5480/3432/5306
f 5477/3429/5303 5480/3432/5306 5479/3431/5305
f 5478/3430/5304 5481/3433/5307 5480/3432/5306
f 5480/3432/5306 5481/3433/5307 5482/3434/5308
f 5480/3432/5306 5482/3434/5308 5479/3431/5305
f 5481/3433/5307 5483/3435/5309 5482/3434/5308
f 5470/3422/5296 5473/3425/5299 5484/3436/5310
f 5479/3431/5305 5484/3436/5310 5473/3425/5299
f 5485/3437/5311 5482/3434/5308 5483/3435/5309
f 5486/3438/5312 5485/3437/5311 5483/3435/5309
f 5482/3434/5308 5487/3439/5313 5479/3431/5305
f 5484/3436/5310 5479/3431/5305 5487/3439/5313
f 5482/3434/5308 5485/3437/5311 5487/3439/5313
f 5488/3440/5314 5470/3422/5296 5484/3436/5310
f 5488/3440/5314 5484/3436/5310 5487/3439/5313
f 5488/3440/5314 5463/3415/5289 5470/3422/5296
f 5489/3441/5315 5488/3440/5314 5487/3439/5313
f 5485/3437/5311 5489/3441/5315 5487/3439/5313
f 5490/3442/5316 5463/3415/5289 5488/3440/5314
f 5490/3442/5316 5488/3440/5314 5489/3441/5315
f 5463/3415/5289 5490/3442/5316 5464/3416/5290
f 5485/3437/5311 5486/3438/5312 5491/3443/5317
f 5486/3438/5312 5492/3444/5318 5491/3443/5317
f 5493/3445/5319 5489/3441/5315 5485/3437/5311
f 5491/3443/5317 5493/3445/5319 5485/3437/5311
f 5494/3446/5320 5491/3443/5317 5492/3444/5318
f 5493/3445/5319 5491/3443/5317 5494/3446/5320
f 5495/3447/5321 5494/3446/5320 5492/3444/5318
f 5495/3447/5321 5496/3448/5322 5494/3446/5320
f 5490/3442/5316 5497/3449/5323 5464/3416/5290
f 5464/3416/5290 5497/3449/5323 5465/3417/5291
f 5498/3450/5324 5490/3442/5316 5489/3441/5315
f 5493/3445/5319 5498/3450/5324 5489/3441/5315
f 5499/3451/5325 5497/3449/5323 5490/3442/5316
f 5498/3450/5324 5499/3451/5325 5490/3442/5316
f 5497/3449/5323 5500/3452/5326 5465/3417/5291
f 5500/3452/5326 5497/3449/5323 5499/3451/5325
f 5500/3452/5326 5501/3453/5327 5465/3417/5291
f 5501/3453/5327 5467/3419/5293 5465/3417/5291
f 5501/3453/5327 5502/3454/5328 5467/3419/5293
f 5502/3454/5328 5466/3418/5292 5467/3419/5293
f 5503/3455/5329 5502/3454/5328 5501/3453/5327
f 5504/3456/5330 5503/3455/5329 5501/3453/5327
f 5504/3456/5330 5501/3453/5327 5500/3452/5326
f 5505/3457/5331 5466/3418/5292 5502/3454/5328
f 5502/3454/5328 5503/3455/5329 5505/3457/5331
f 5505/3457/5331 5468/3420/5294 5466/3418/5292
f 5506/3458/5332 5500/3452/5326 5499/3451/5325
f 5506/3458/5332 5504/3456/5330 5500/3452/5326
f 5498/3450/5324 5493/3445/5319 5507/3459/5333
f 5498/3450/5324 5508/3460/5334 5499/3451/5325
f 5508/3460/5334 5498/3450/5324 5507/3459/5333
f 5506/3458/5332 5499/3451/5325 5509/3461/5335
f 5508/3460/5334 5509/3461/5335 5499/3451/5325
f 5507/3459/5333 5493/3445/5319 5510/3462/5336
f 5510/3462/5336 5493/3445/5319 5494/3446/5320
f 5494/3446/5320 5511/3463/5337 5510/3462/5336
f 5496/3448/5322 5511/3463/5337 5494/3446/5320
f 5507/3459/5333 5510/3462/5336 5512/3464/5338
f 5511/3463/5337 5512/3464/5338 5510/3462/5336
f 5513/3465/5339 5511/3463/5337 5496/3448/5322
f 5514/3466/5340 5513/3465/5339 5496/3448/5322
f 5515/3467/2337 5511/3463/5337 5513/3465/5339
f 5515/3467/2337 5512/3464/5338 5511/3463/5337
f 5512/3464/5338 5515/3467/2337 5516/3468/2334
f 5507/3459/5333 5512/3464/5338 5516/3468/2334
f 5516/3468/2334 5508/3460/5334 5507/3459/5333
f 5516/3468/2334 5517/3469/5341 5508/3460/5334
f 5517/3469/5341 5509/3461/5335 5508/3460/5334
f 5518/3470/5342 5517/3469/5341 5516/3468/2334
f 5519/3471/5343 5518/3470/5342 5516/3468/2334
f 5509/3461/5335 5517/3469/5341 5520/3472/5344
f 5520/3472/5344 5517/3469/5341 5518/3470/5342
f 5521/3473/5345 5509/3461/5335 5520/3472/5344
f 5518/3470/5342 5519/3471/5343 5522/3474/5346
f 5519/3471/5343 5523/3475/5219 5522/3474/5346
f 5522/3474/5346 5523/3475/5219 5524/3476/5218
f 5525/3477/5347 5522/3474/5346 5524/3476/5218
f 5518/3470/5342 5522/3474/5346 5526/3478/5348
f 5526/3478/5348 5522/3474/5346 5525/3477/5347
f 5520/3472/5344 5518/3470/5342 5526/3478/5348
f 5527/3479/5349 5526/3478/5348 5525/3477/5347
f 5526/3478/5348 5527/3479/5349 5528/3480/5350
f 5529/3481/5351 5520/3472/5344 5526/3478/5348
f 5529/3481/5351 5526/3478/5348 5528/3480/5350
f 5520/3472/5344 5529/3481/5351 5521/3473/5345
f 5529/3481/5351 5528/3480/5350 5530/3482/5352
f 5529/3481/5351 5530/3482/5352 5521/3473/5345
f 5528/3480/5350 5531/3483/5353 5530/3482/5352
f 5530/3482/5352 5531/3483/5353 5532/3484/5354
f 5531/3483/5353 5533/3485/5355 5532/3484/5354
f 5533/3485/5355 5534/3486/5356 5532/3484/5354
f 5535/3487/5357 5521/3473/5345 5530/3482/5352
f 5532/3484/5354 5535/3487/5357 5530/3482/5352
f 5534/3486/5356 5536/3488/5358 5532/3484/5354
f 5532/3484/5354 5537/3489/5359 5535/3487/5357
f 5537/3489/5359 5532/3484/5354 5536/3488/5358
f 5536/3488/5358 5534/3486/5356 5538/3490/5360
f 5534/3486/5356 5539/3491/5361 5538/3490/5360
f 5538/3490/5360 5539/3491/5361 5540/3492/5362
f 5537/3489/5359 5536/3488/5358 5541/3493/5363
f 5536/3488/5358 5538/3490/5360 5541/3493/5363
f 5542/3494/5364 5538/3490/5360 5540/3492/5362
f 5538/3490/5360 5542/3494/5364 5541/3493/5363
f 5540/3492/5362 5543/3495/5365 5542/3494/5364
f 5543/3495/5365 5544/3496/5366 5542/3494/5364
f 5541/3493/5363 5542/3494/5364 5544/3496/5366
f 5543/3495/5365 5545/3497/5367 5544/3496/5366
f 5541/3493/5363 5546/3498/5368 5537/3489/5359
f 5537/3489/5359 5546/3498/5368 5535/3487/5357
f 5547/3499/5369 5541/3493/5363 5544/3496/5366
f 5547/3499/5369 5546/3498/5368 5541/3493/5363
f 5545/3497/5367 5548/3500/5370 5544/3496/5366
f 5544/3496/5366 5548/3500/5370 5547/3499/5369
f 5546/3498/5368 5549/3501/5371 5535/3487/5357
f 5546/3498/5368 5547/3499/5369 5549/3501/5371
f 5548/3500/5370 5545/3497/5367 5550/3502/5372
f 5545/3497/5367 5551/3503/5373 5550/3502/5372
f 5551/3503/5373 5552/3504/5374 5550/3502/5372
f 5548/3500/5370 5553/3505/5375 5547/3499/5369
f 5547/3499/5369 5553/3505/5375 5549/3501/5371
f 5553/3505/5375 5548/3500/5370 5550/3502/5372
f 5549/3501/5371 5554/3506/5376 5535/3487/5357
f 5521/3473/5345 5535/3487/5357 5554/3506/5376
f 5553/3505/5375 5555/3507/5377 5549/3501/5371
f 5554/3506/5376 5549/3501/5371 5555/3507/5377
f 5556/3508/5378 5553/3505/5375 5550/3502/5372
f 5555/3507/5377 5553/3505/5375 5556/3508/5378
f 5552/3504/5374 5557/3509/5379 5550/3502/5372
f 5550/3502/5372 5557/3509/5379 5556/3508/5378
f 5557/3509/5379 5552/3504/5374 5558/3510/5380
f 5552/3504/5374 5559/3511/5381 5558/3510/5380
f 5558/3510/5380 5559/3511/5381 5560/3512/5382
f 5557/3509/5379 5561/3513/5383 5556/3508/5378
f 5561/3513/5383 5557/3509/5379 5558/3510/5380
f 5562/3514/5384 5555/3507/5377 5556/3508/5378
f 5561/3513/5383 5562/3514/5384 5556/3508/5378
f 5562/3514/5384 5561/3513/5383 5563/3515/5385
f 5561/3513/5383 5564/3516/5386 5563/3515/5385
f 5564/3516/5386 5561/3513/5383 5558/3510/5380
f 5554/3506/5376 5555/3507/5377 5565/3517/5387
f 5562/3514/5384 5565/3517/5387 5555/3507/5377
f 5566/3518/5388 5558/3510/5380 5560/3512/5382
f 5560/3512/5382 5567/3519/5389 5566/3518/5388
f 5564/3516/5386 5558/3510/5380 5568/3520/5390
f 5568/3520/5390 5558/3510/5380 5566/3518/5388
f 5567/3519/5389 5569/3521/5391 5566/3518/5388
f 5567/3519/5389 5570/3522/5392 5569/3521/5391
f 5563/3515/5385 5564/3516/5386 5571/3523/5393
f 5568/3520/5390 5571/3523/5393 5564/3516/5386
f 5568/3520/5390 5566/3518/5388 5572/3524/5394
f 5569/3521/5391 5572/3524/5394 5566/3518/5388
f 5573/3525/5395 5568/3520/5390 5572/3524/5394
f 5573/3525/5395 5571/3523/5393 5568/3520/5390
f 5572/3524/5394 5569/3521/5391 5574/3526/5396
f 5573/3525/5395 5572/3524/5394 5574/3526/5396
f 5570/3522/5392 5575/3527/5397 5569/3521/5391
f 5569/3521/5391 5575/3527/5397 5574/3526/5396
f 5576/3528/5398 5575/3527/5397 5570/3522/5392
f 5577/3529/5399 5576/3528/5398 5570/3522/5392
f 5577/3529/5399 5578/3530/5400 5576/3528/5398
f 5578/3530/5400 5579/3531/5401 5576/3528/5398
f 5579/3531/5401 5580/3532/5402 5576/3528/5398
f 5579/3531/5401 5581/3533/5403 5580/3532/5402
f 5582/3534/5404 5575/3527/5397 5576/3528/5398
f 5580/3532/5402 5582/3534/5404 5576/3528/5398
f 5583/3535/5405 5580/3532/5402 5581/3533/5403
f 5584/3536/5406 5583/3535/5405 5581/3533/5403
f 5583/3535/5405 5584/3536/5406 5585/3537/5407
f 5580/3532/5402 5583/3535/5405 5586/3538/5408
f 5582/3534/5404 5580/3532/5402 5586/3538/5408
f 5583/3535/5405 5585/3537/5407 5587/3539/5409
f 5586/3538/5408 5583/3535/5405 5587/3539/5409
f 5585/3537/5407 5436/3389/5263 5587/3539/5409
f 5436/3389/5263 5588/3540/5410 5587/3539/5409
f 5586/3538/5408 5587/3539/5409 5588/3540/5410
f 5588/3540/5410 5436/3389/5263 5468/3420/5294
f 5582/3534/5404 5589/3541/5411 5575/3527/5397
f 5575/3527/5397 5589/3541/5411 5574/3526/5396
f 5586/3538/5408 5590/3542/5412 5582/3534/5404
f 5586/3538/5408 5588/3540/5410 5590/3542/5412
f 5590/3542/5412 5589/3541/5411 5582/3534/5404
f 5588/3540/5410 5468/3420/5294 5591/3543/5413
f 5588/3540/5410 5591/3543/5413 5590/3542/5412
f 5589/3541/5411 5590/3542/5412 5592/3544/5414
f 5591/3543/5413 5592/3544/5414 5590/3542/5412
f 5589/3541/5411 5593/3545/5415 5574/3526/5396
f 5593/3545/5415 5589/3541/5411 5592/3544/5414
f 5468/3420/5294 5594/3546/5416 5591/3543/5413
f 5594/3546/5416 5468/3420/5294 5505/3457/5331
f 5591/3543/5413 5595/3547/5417 5592/3544/5414
f 5592/3544/5414 5595/3547/5417 5593/3545/5415
f 5595/3547/5417 5591/3543/5413 5594/3546/5416
f 5596/3548/5418 5595/3547/5417 5594/3546/5416
f 5505/3457/5331 5597/3549/5419 5594/3546/5416
f 5597/3549/5419 5505/3457/5331 5503/3455/5329
f 5593/3545/5415 5598/3550/5420 5574/3526/5396
f 5598/3550/5420 5573/3525/5395 5574/3526/5396
f 5599/3551/5421 5593/3545/5415 5595/3547/5417
f 5599/3551/5421 5595/3547/5417 5596/3548/5418
f 5598/3550/5420 5600/3552/5422 5573/3525/5395
f 5600/3552/5422 5571/3523/5393 5573/3525/5395
f 5593/3545/5415 5601/3553/5423 5598/3550/5420
f 5593/3545/5415 5599/3551/5421 5601/3553/5423
f 5600/3552/5422 5598/3550/5420 5601/3553/5423
f 5602/3554/5424 5596/3548/5418 5594/3546/5416
f 5594/3546/5416 5597/3549/5419 5602/3554/5424
f 5603/3555/5425 5599/3551/5421 5596/3548/5418
f 5599/3551/5421 5603/3555/5425 5601/3553/5423
f 5571/3523/5393 5600/3552/5422 5604/3556/5426
f 5600/3552/5422 5601/3553/5423 5605/3557/5427
f 5600/3552/5422 5605/3557/5427 5604/3556/5426
f 5603/3555/5425 5606/3558/5428 5601/3553/5423
f 5601/3553/5423 5606/3558/5428 5605/3557/5427
f 5604/3556/5426 5607/3559/5429 5571/3523/5393
f 5607/3559/5429 5563/3515/5385 5571/3523/5393
f 5608/3560/5430 5607/3559/5429 5604/3556/5426
f 5607/3559/5429 5608/3560/5430 5563/3515/5385
f 5604/3556/5426 5605/3557/5427 5609/3561/5431
f 5609/3561/5431 5608/3560/5430 5604/3556/5426
f 5610/3562/5432 5605/3557/5427 5606/3558/5428
f 5605/3557/5427 5610/3562/5432 5609/3561/5431
f 5611/3563/5433 5608/3560/5430 5609/3561/5431
f 5611/3563/5433 5609/3561/5431 5610/3562/5432
f 5611/3563/5433 5612/3564/5434 5608/3560/5430
f 5608/3560/5430 5612/3564/5434 5563/3515/5385
f 5611/3563/5433 5610/3562/5432 5613/3565/5435
f 5613/3565/5435 5610/3562/5432 5606/3558/5428
f 5613/3565/5435 5606/3558/5428 5603/3555/5425
f 5614/3566/5436 5613/3565/5435 5603/3555/5425
f 5611/3563/5433 5613/3565/5435 5614/3566/5436
f 5614/3566/5436 5603/3555/5425 5596/3548/5418
f 5615/3567/5437 5614/3566/5436 5596/3548/5418
f 5611/3563/5433 5614/3566/5436 5615/3567/5437
f 5596/3548/5418 5616/3568/5438 5615/3567/5437
f 5611/3563/5433 5615/3567/5437 5616/3568/5438
f 5602/3554/5424 5616/3568/5438 5596/3548/5418
f 5616/3568/5438 5602/3554/5424 5617/3569/5439
f 5611/3563/5433 5616/3568/5438 5617/3569/5439
f 5617/3569/5439 5602/3554/5424 5618/3570/5440
f 5597/3549/5419 5618/3570/5440 5602/3554/5424
f 5611/3563/5433 5617/3569/5439 5619/1732/5441
f 5617/3569/5439 5618/3570/5440 5619/1732/5441
f 5611/3563/5433 5619/1732/5441 5620/1731/5442
f 5618/3570/5440 5621/1733/5443 5619/1732/5441
f 5597/3549/5419 5621/1733/5443 5618/3570/5440
f 5611/3563/5433 5620/1731/5442 5612/3564/5434
f 5622/3571/5444 5621/1733/5443 5597/3549/5419
f 5622/3571/5444 5597/3549/5419 5503/3455/5329
f 5612/3564/5434 5620/1731/5442 5623/3572/5445
f 5612/3564/5434 5623/3572/5445 5563/3515/5385
f 5624/3573/5446 5620/1731/5442 5621/1733/5443
f 5621/1733/5443 5622/3571/5444 5624/3573/5446
f 5620/1731/5442 5624/3573/5446 5623/3572/5445
f 5623/3572/5445 5625/3574/5447 5563/3515/5385
f 5623/3572/5445 5624/3573/5446 5625/3574/5447
f 5624/3573/5446 5622/3571/5444 5625/3574/5447
f 5622/3571/5444 5503/3455/5329 5625/3574/5447
f 5625/3574/5447 5562/3514/5384 5563/3515/5385
f 5625/3574/5447 5503/3455/5329 5562/3514/5384
f 5565/3517/5387 5562/3514/5384 5503/3455/5329
f 5504/3456/5330 5565/3517/5387 5503/3455/5329
f 5626/3575/5448 5565/3517/5387 5504/3456/5330
f 5626/3575/5448 5554/3506/5376 5565/3517/5387
f 5506/3458/5332 5626/3575/5448 5504/3456/5330
f 5554/3506/5376 5626/3575/5448 5521/3473/5345
f 5626/3575/5448 5506/3458/5332 5627/3576/5449
f 5626/3575/5448 5627/3576/5449 5521/3473/5345
f 5627/3576/5449 5506/3458/5332 5509/3461/5335
f 5627/3576/5449 5509/3461/5335 5521/3473/5345
f 5630/3345/5218 5629/1724/5450 5628/3346/5451
f 5628/3346/5451 5629/1724/5450 5631/3347/5452
f 5629/1724/5450 5632/3348/2349 5631/3347/5452
f 5633/1722/5453 5632/3348/2349 5629/1724/5450
f 5636/3350/5454 5635/3349/5455 5634/3351/5456
f 5637/3352/5457 5636/3350/5454 5634/3351/5456
f 5634/3351/5456 5638/3353/5458 5637/3352/5457
f 5639/3354/5459 5637/3352/5457 5638/3353/5458
f 5636/3350/5454 5637/3352/5457 5640/3355/5460
f 5637/3352/5457 5641/3356/5461 5640/3355/5460
f 5642/3357/5462 5636/3350/5454 5640/3355/5460
f 5643/3358/5463 5637/3352/5457 5639/3354/5459
f 5641/3356/5461 5637/3352/5457 5643/3358/5463
f 5644/3359/5464 5643/3358/5463 5639/3354/5459
f 5645/3360/5465 5643/3358/5463 5644/3359/5464
f 5646/3361/5466 5642/3357/5462 5640/3355/5460
f 5646/3361/5466 5640/3355/5460 5641/3356/5461
f 5647/3362/5467 5642/3357/5462 5646/3361/5466
f 5647/3362/5467 5646/3361/5466 5648/3363/5237
f 5646/3361/5466 5649/3364/5468 5648/3363/5237
f 5649/3364/5468 5646/3361/5466 5641/3356/5461
f 5648/3363/5237 5649/3364/5468 5650/3365/5469
f 5649/3364/5468 5651/3366/5470 5650/3365/5469
f 5651/3366/5470 5649/3364/5468 5652/3367/5471
f 5649/3364/5468 5641/3356/5461 5652/3367/5471
f 5652/3367/5471 5641/3356/5461 5653/3368/5472
f 5654/3369/5473 5641/3356/5461 5643/3358/5463
f 5654/3369/5473 5653/3368/5472 5641/3356/5461
f 5643/3358/5463 5645/3360/5465 5654/3369/5473
f 5655/3370/5474 5653/3368/5472 5654/3369/5473
f 5645/3360/5465 5656/3371/5475 5654/3369/5473
f 5655/3370/5474 5654/3369/5473 5656/3371/5475
f 5656/3371/5475 5645/3360/5465 5657/3373/5476
f 5658/3376/5477 5655/3370/5474 5656/3371/5475
f 5655/3370/5474 5658/3376/5477 5659/3377/5478
f 5660/3378/5479 5659/3377/5478 5658/3376/5477
f 5661/3379/5480 5660/3378/5479 5658/3376/5477
f 5662/3372/5481 5656/3371/5475 5657/3373/5476
f 5658/3376/5477 5656/3371/5475 5662/3372/5481
f 5657/3373/5476 5663/3374/5482 5662/3372/5481
f 5663/3374/5482 5664/3375/5483 5662/3372/5481
f 5658/3376/5477 5665/3380/5484 5661/3379/5480
f 5665/3380/5484 5658/3376/5477 5662/3372/5481
f 5662/3372/5481 5664/3375/5483 5665/3380/5484
f 5665/3380/5484 5666/3382/5485 5661/3379/5480
f 5664/3375/5483 5667/3381/5486 5665/3380/5484
f 5665/3380/5484 5667/3381/5486 5666/3382/5485
f 5667/3381/5486 5668/3383/5487 5666/3382/5485
f 5671/3385/5488 5670/3384/5489 5669/3386/5490
f 5670/3384/5489 5672/3387/5491 5669/3386/5490
f 5670/3384/5489 5673/3388/5492 5672/3387/5491
f 5673/3388/5492 5670/3384/5489 5674/3389/5493
f 5675/3390/5494 5669/3386/5490 5672/3387/5491
f 5676/3391/5495 5669/3386/5490 5675/3390/5494
f 5676/3391/5495 5677/3392/5496 5669/3386/5490
f 5676/3391/5495 5678/3393/5497 5677/3392/5496
f 5678/3393/5497 5679/3394/5498 5677/3392/5496
f 5680/3395/5499 5678/3393/5497 5676/3391/5495
f 5681/3396/5500 5680/3395/5499 5676/3391/5495
f 5682/3397/5501 5681/3396/5500 5676/3391/5495
f 5676/3391/5495 5675/3390/5494 5682/3397/5501
f 5675/3390/5494 5683/3398/5502 5682/3397/5501
f 5683/3398/5502 5675/3390/5494 5672/3387/5491
f 5683/3398/5502 5684/3399/5503 5682/3397/5501
f 5682/3397/5501 5684/3399/5503 5685/3400/5504
f 5686/3401/5505 5685/3400/5504 5684/3399/5503
f 5687/3402/5506 5683/3398/5502 5672/3387/5491
f 5683/3398/5502 5687/3402/5506 5684/3399/5503
f 5673/3388/5492 5688/3405/5507 5672/3387/5491
f 5687/3402/5506 5672/3387/5491 5688/3405/5507
f 5684/3399/5503 5689/3403/5508 5686/3401/5505
f 5684/3399/5503 5690/3404/5509 5689/3403/5508
f 5690/3404/5509 5687/3402/5506 5688/3405/5507
f 5690/3404/5509 5691/3399/5510 5687/3402/5506
f 5692/3406/5511 5688/3405/5507 5673/3388/5492
f 5674/3389/5493 5692/3406/5511 5673/3388/5492
f 5693/3407/5512 5690/3404/5509 5688/3405/5507
f 5692/3406/5511 5693/3407/5512 5688/3405/5507
f 5694/3408/5513 5686/3401/5505 5689/3403/5508
f 5695/3409/5514 5686/3401/5505 5694/3408/5513
f 5689/3403/5508 5690/3404/5509 5696/3410/5515
f 5690/3404/5509 5693/3407/5512 5696/3410/5515
f 5697/3411/5516 5694/3408/5513 5689/3403/5508
f 5696/3410/5515 5697/3411/5516 5689/3403/5508
f 5698/3412/5517 5695/3409/5514 5694/3408/5513
f 5697/3411/5516 5698/3412/5517 5694/3408/5513
f 5698/3412/5517 5699/3413/5518 5695/3409/5514
f 5700/3414/5519 5695/3409/5514 5699/3413/5518
f 5698/3412/5517 5697/3411/5516 5701/3415/5520
f 5698/3412/5517 5701/3415/5520 5699/3413/5518
f 5697/3411/5516 5696/3410/5515 5702/3416/5521
f 5697/3411/5516 5702/3416/5521 5701/3415/5520
f 5703/3417/5522 5696/3410/5515 5693/3407/5512
f 5696/3410/5515 5703/3417/5522 5702/3416/5521
f 5692/3406/5511 5704/3418/5523 5693/3407/5512
f 5705/3419/5524 5703/3417/5522 5693/3407/5512
f 5704/3418/5523 5705/3419/5524 5693/3407/5512
f 5704/3418/5523 5692/3406/5511 5706/3420/5525
f 5692/3406/5511 5674/3389/5493 5706/3420/5525
f 5699/3413/5518 5707/3577/5526 5700/3414/5519
f 5701/3415/5520 5708/3422/5527 5699/3413/5518
f 5699/3413/5518 5708/3422/5527 5707/3577/5526
f 5700/3414/5519 5707/3577/5526 5709/3423/5528
f 5710/3424/5529 5700/3414/5519 5709/3423/5528
f 5708/3422/5527 5711/3578/5530 5707/3577/5526
f 5709/3423/5528 5707/3577/5526 5711/3578/5530
f 5710/3424/5529 5709/3423/5528 5712/3426/5531
f 5710/3424/5529 5712/3426/5531 5713/3427/5301
f 5712/3426/5531 5709/3423/5528 5714/3428/5532
f 5714/3428/5532 5709/3423/5528 5711/3578/5530
f 5713/3427/5301 5712/3426/5531 5715/3429/5533
f 5715/3429/5533 5712/3426/5531 5714/3428/5532
f 5716/3430/5534 5713/3427/5301 5715/3429/5533
f 5714/3428/5532 5711/3578/5530 5717/3431/5535
f 5715/3429/5533 5714/3428/5532 5717/3431/5535
f 5716/3430/5534 5715/3429/5533 5718/3432/5536
f 5718/3432/5536 5715/3429/5533 5717/3431/5535
f 5719/3433/5537 5716/3430/5534 5718/3432/5536
f 5719/3433/5537 5718/3432/5536 5720/3434/5538
f 5720/3434/5538 5718/3432/5536 5717/3431/5535
f 5721/3435/5539 5719/3433/5537 5720/3434/5538
f 5711/3578/5530 5708/3422/5527 5722/3579/5540
f 5711/3578/5530 5722/3579/5540 5717/3431/5535
f 5720/3434/5538 5723/3437/5541 5721/3435/5539
f 5723/3437/5541 5724/3438/5542 5721/3435/5539
f 5725/3439/5543 5720/3434/5538 5717/3431/5535
f 5717/3431/5535 5722/3579/5540 5725/3439/5543
f 5723/3437/5541 5720/3434/5538 5725/3439/5543
f 5722/3579/5540 5708/3422/5527 5726/3440/5544
f 5722/3579/5540 5726/3440/5544 5725/3439/5543
f 5701/3415/5520 5726/3440/5544 5708/3422/5527
f 5726/3440/5544 5727/3441/5545 5725/3439/5543
f 5727/3441/5545 5723/3437/5541 5725/3439/5543
f 5728/3442/5546 5726/3440/5544 5701/3415/5520
f 5726/3440/5544 5728/3442/5546 5727/3441/5545
f 5701/3415/5520 5702/3416/5521 5728/3442/5546
f 5724/3438/5542 5723/3437/5541 5729/3443/5547
f 5730/3444/5548 5724/3438/5542 5729/3443/5547
f 5727/3441/5545 5731/3445/5549 5723/3437/5541
f 5731/3445/5549 5729/3443/5547 5723/3437/5541
f 5729/3443/5547 5732/3446/5550 5730/3444/5548
f 5729/3443/5547 5731/3445/5549 5732/3446/5550
f 5732/3446/5550 5733/3447/5321 5730/3444/5548
f 5733/3447/5321 5732/3446/5550 5734/3448/5322
f 5702/3416/5521 5735/3449/5551 5728/3442/5546
f 5735/3449/5551 5702/3416/5521 5703/3417/5522
f 5728/3442/5546 5736/3450/5552 5727/3441/5545
f 5736/3450/5552 5731/3445/5549 5727/3441/5545
f 5735/3449/5551 5737/3451/5553 5728/3442/5546
f 5737/3451/5553 5736/3450/5552 5728/3442/5546
f 5738/3452/5554 5735/3449/5551 5703/3417/5522
f 5735/3449/5551 5738/3452/5554 5737/3451/5553
f 5739/3453/5555 5738/3452/5554 5703/3417/5522
f 5705/3419/5524 5739/3453/5555 5703/3417/5522
f 5740/3454/5556 5739/3453/5555 5705/3419/5524
f 5704/3418/5523 5740/3454/5556 5705/3419/5524
f 5740/3454/5556 5741/3455/5557 5739/3453/5555
f 5741/3455/5557 5742/3456/5558 5739/3453/5555
f 5739/3453/5555 5742/3456/5558 5738/3452/5554
f 5704/3418/5523 5743/3457/5559 5740/3454/5556
f 5741/3455/5557 5740/3454/5556 5743/3457/5559
f 5706/3420/5525 5743/3457/5559 5704/3418/5523
f 5738/3452/5554 5744/3458/5560 5737/3451/5553
f 5742/3456/5558 5744/3458/5560 5738/3452/5554
f 5731/3445/5549 5736/3450/5552 5745/3459/5561
f 5746/3460/5562 5736/3450/5552 5737/3451/5553
f 5736/3450/5552 5746/3460/5562 5745/3459/5561
f 5737/3451/5553 5744/3458/5560 5747/3461/5563
f 5747/3461/5563 5746/3460/5562 5737/3451/5553
f 5731/3445/5549 5745/3459/5561 5748/3462/5564
f 5731/3445/5549 5748/3462/5564 5732/3446/5550
f 5749/3463/5565 5732/3446/5550 5748/3462/5564
f 5732/3446/5550 5749/3463/5565 5734/3448/5322
f 5748/3462/5564 5745/3459/5561 5750/3464/5566
f 5750/3464/5566 5749/3463/5565 5748/3462/5564
f 5749/3463/5565 5751/3465/5567 5734/3448/5322
f 5751/3465/5567 5752/3466/5568 5734/3448/5322
f 5749/3463/5565 5753/3467/2352 5751/3465/5567
f 5750/3464/5566 5753/3467/2352 5749/3463/5565
f 5753/3467/2352 5750/3464/5566 5754/3468/5569
f 5750/3464/5566 5745/3459/5561 5754/3468/5569
f 5746/3460/5562 5754/3468/5569 5745/3459/5561
f 5755/3469/5570 5754/3468/5569 5746/3460/5562
f 5747/3461/5563 5755/3469/5570 5746/3460/5562
f 5755/3469/5570 5756/3470/5571 5754/3468/5569
f 5756/3470/5571 5757/3471/5572 5754/3468/5569
f 5755/3469/5570 5747/3461/5563 5758/3472/5573
f 5755/3469/5570 5758/3472/5573 5756/3470/5571
f 5747/3461/5563 5759/3473/5574 5758/3472/5573
f 5757/3471/5572 5756/3470/5571 5760/3474/5575
f 5761/3475/5451 5757/3471/5572 5760/3474/5575
f 5761/3475/5451 5760/3474/5575 5762/3476/5218
f 5760/3474/5575 5763/3477/5576 5762/3476/5218
f 5760/3474/5575 5756/3470/5571 5764/3478/5577
f 5760/3474/5575 5764/3478/5577 5763/3477/5576
f 5756/3470/5571 5758/3472/5573 5764/3478/5577
f 5764/3478/5577 5765/3479/5578 5763/3477/5576
f 5765/3479/5578 5764/3478/5577 5766/3480/5579
f 5758/3472/5573 5767/3481/5580 5764/3478/5577
f 5764/3478/5577 5767/3481/5580 5766/3480/5579
f 5767/3481/5580 5758/3472/5573 5759/3473/5574
f 5766/3480/5579 5767/3481/5580 5768/3482/5581
f 5768/3482/5581 5767/3481/5580 5759/3473/5574
f 5769/3483/5353 5766/3480/5579 5768/3482/5581
f 5769/3483/5353 5768/3482/5581 5770/3484/5582
f 5771/3485/5583 5769/3483/5353 5770/3484/5582
f 5771/3485/5583 5770/3484/5582 5772/3486/5584
f 5759/3473/5574 5773/3487/5585 5768/3482/5581
f 5773/3487/5585 5770/3484/5582 5768/3482/5581
f 5770/3484/5582 5774/3488/5586 5772/3486/5584
f 5775/3489/5587 5770/3484/5582 5773/3487/5585
f 5770/3484/5582 5775/3489/5587 5774/3488/5586
f 5772/3486/5584 5774/3488/5586 5776/3490/5588
f 5777/3491/5589 5772/3486/5584 5776/3490/5588
f 5777/3491/5589 5776/3490/5588 5778/3492/5590
f 5774/3488/5586 5775/3489/5587 5779/3493/5591
f 5776/3490/5588 5774/3488/5586 5779/3493/5591
f 5776/3490/5588 5780/3494/5592 5778/3492/5590
f 5780/3494/5592 5776/3490/5588 5779/3493/5591
f 5781/3495/5593 5778/3492/5590 5780/3494/5592
f 5782/3496/5594 5781/3495/5593 5780/3494/5592
f 5780/3494/5592 5779/3493/5591 5782/3496/5594
f 5783/3497/5595 5781/3495/5593 5782/3496/5594
f 5784/3498/5596 5779/3493/5591 5775/3489/5587
f 5784/3498/5596 5775/3489/5587 5773/3487/5585
f 5779/3493/5591 5785/3499/5597 5782/3496/5594
f 5784/3498/5596 5785/3499/5597 5779/3493/5591
f 5786/3500/5598 5783/3497/5595 5782/3496/5594
f 5786/3500/5598 5782/3496/5594 5785/3499/5597
f 5787/3501/5599 5784/3498/5596 5773/3487/5585
f 5785/3499/5597 5784/3498/5596 5787/3501/5599
f 5783/3497/5595 5786/3500/5598 5788/3502/5600
f 5789/3503/5601 5783/3497/5595 5788/3502/5600
f 5790/3504/5602 5789/3503/5601 5788/3502/5600
f 5791/3505/5603 5786/3500/5598 5785/3499/5597
f 5791/3505/5603 5785/3499/5597 5787/3501/5599
f 5786/3500/5598 5791/3505/5603 5788/3502/5600
f 5792/3506/5604 5787/3501/5599 5773/3487/5585
f 5773/3487/5585 5759/3473/5574 5792/3506/5604
f 5793/3507/5605 5791/3505/5603 5787/3501/5599
f 5787/3501/5599 5792/3506/5604 5793/3507/5605
f 5791/3505/5603 5794/3508/5606 5788/3502/5600
f 5791/3505/5603 5793/3507/5605 5794/3508/5606
f 5795/3509/5607 5790/3504/5602 5788/3502/5600
f 5795/3509/5607 5788/3502/5600 5794/3508/5606
f 5790/3504/5602 5795/3509/5607 5796/3510/5608
f 5797/3511/5609 5790/3504/5602 5796/3510/5608
f 5798/3512/5382 5797/3511/5609 5796/3510/5608
f 5799/3513/5610 5795/3509/5607 5794/3508/5606
f 5795/3509/5607 5799/3513/5610 5796/3510/5608
f 5793/3507/5605 5800/3514/5611 5794/3508/5606
f 5800/3514/5611 5799/3513/5610 5794/3508/5606
f 5799/3513/5610 5800/3514/5611 5801/3515/5612
f 5802/3516/5613 5799/3513/5610 5801/3515/5612
f 5799/3513/5610 5802/3516/5613 5796/3510/5608
f 5793/3507/5605 5792/3506/5604 5803/3517/5614
f 5803/3517/5614 5800/3514/5611 5793/3507/5605
f 5804/3518/5615 5798/3512/5382 5796/3510/5608
f 5805/3519/5389 5798/3512/5382 5804/3518/5615
f 5796/3510/5608 5802/3516/5613 5806/3520/5616
f 5796/3510/5608 5806/3520/5616 5804/3518/5615
f 5807/3521/5617 5805/3519/5389 5804/3518/5615
f 5808/3522/5618 5805/3519/5389 5807/3521/5617
f 5802/3516/5613 5801/3515/5612 5809/3523/5619
f 5809/3523/5619 5806/3520/5616 5802/3516/5613
f 5804/3518/5615 5806/3520/5616 5810/3524/5620
f 5810/3524/5620 5807/3521/5617 5804/3518/5615
f 5806/3520/5616 5811/3525/5621 5810/3524/5620
f 5809/3523/5619 5811/3525/5621 5806/3520/5616
f 5807/3521/5617 5810/3524/5620 5812/3526/5622
f 5810/3524/5620 5811/3525/5621 5812/3526/5622
f 5813/3527/5623 5808/3522/5618 5807/3521/5617
f 5813/3527/5623 5807/3521/5617 5812/3526/5622
f 5813/3527/5623 5814/3528/5624 5808/3522/5618
f 5814/3528/5624 5815/3529/5625 5808/3522/5618
f 5816/3530/5626 5815/3529/5625 5814/3528/5624
f 5817/3531/5627 5816/3530/5626 5814/3528/5624
f 5818/3532/5628 5817/3531/5627 5814/3528/5624
f 5819/3533/5629 5817/3531/5627 5818/3532/5628
f 5813/3527/5623 5820/3534/5630 5814/3528/5624
f 5820/3534/5630 5818/3532/5628 5814/3528/5624
f 5818/3532/5628 5821/3535/5631 5819/3533/5629
f 5821/3535/5631 5822/3536/5632 5819/3533/5629
f 5822/3536/5632 5821/3535/5631 5823/3537/5633
f 5821/3535/5631 5818/3532/5628 5824/3538/5634
f 5818/3532/5628 5820/3534/5630 5824/3538/5634
f 5823/3537/5633 5821/3535/5631 5825/3539/5635
f 5821/3535/5631 5824/3538/5634 5825/3539/5635
f 5674/3389/5493 5823/3537/5633 5825/3539/5635
f 5826/3540/5636 5674/3389/5493 5825/3539/5635
f 5825/3539/5635 5824/3538/5634 5826/3540/5636
f 5674/3389/5493 5826/3540/5636 5706/3420/5525
f 5827/3541/5637 5820/3534/5630 5813/3527/5623
f 5827/3541/5637 5813/3527/5623 5812/3526/5622
f 5828/3542/5638 5824/3538/5634 5820/3534/5630
f 5826/3540/5636 5824/3538/5634 5828/3542/5638
f 5827/3541/5637 5828/3542/5638 5820/3534/5630
f 5706/3420/5525 5826/3540/5636 5829/3543/5639
f 5829/3543/5639 5826/3540/5636 5828/3542/5638
f 5828/3542/5638 5827/3541/5637 5830/3544/5640
f 5830/3544/5640 5829/3543/5639 5828/3542/5638
f 5831/3545/5641 5827/3541/5637 5812/3526/5622
f 5827/3541/5637 5831/3545/5641 5830/3544/5640
f 5832/3546/5642 5706/3420/5525 5829/3543/5639
f 5706/3420/5525 5832/3546/5642 5743/3457/5559
f 5833/3547/5643 5829/3543/5639 5830/3544/5640
f 5833/3547/5643 5830/3544/5640 5831/3545/5641
f 5829/3543/5639 5833/3547/5643 5832/3546/5642
f 5833/3547/5643 5834/3548/5644 5832/3546/5642
f 5835/3549/5645 5743/3457/5559 5832/3546/5642
f 5743/3457/5559 5835/3549/5645 5741/3455/5557
f 5836/3550/5646 5831/3545/5641 5812/3526/5622
f 5811/3525/5621 5836/3550/5646 5812/3526/5622
f 5831/3545/5641 5837/3551/5647 5833/3547/5643
f 5833/3547/5643 5837/3551/5647 5834/3548/5644
f 5838/3553/5648 5831/3545/5641 5836/3550/5646
f 5837/3551/5647 5831/3545/5641 5838/3553/5648
f 5839/3552/5649 5836/3550/5646 5811/3525/5621
f 5836/3550/5646 5839/3552/5649 5838/3553/5648
f 5809/3523/5619 5839/3552/5649 5811/3525/5621
f 5834/3548/5644 5840/3554/5650 5832/3546/5642
f 5835/3549/5645 5832/3546/5642 5840/3554/5650
f 5837/3551/5647 5841/3555/5651 5834/3548/5644
f 5841/3555/5651 5837/3551/5647 5838/3553/5648
f 5838/3553/5648 5839/3552/5649 5842/3557/5652
f 5839/3552/5649 5809/3523/5619 5843/3556/5653
f 5842/3557/5652 5839/3552/5649 5843/3556/5653
f 5844/3558/5654 5841/3555/5651 5838/3553/5648
f 5844/3558/5654 5838/3553/5648 5842/3557/5652
f 5845/3559/5655 5843/3556/5653 5809/3523/5619
f 5801/3515/5612 5845/3559/5655 5809/3523/5619
f 5845/3559/5655 5846/3560/5656 5843/3556/5653
f 5846/3560/5656 5845/3559/5655 5801/3515/5612
f 5842/3557/5652 5843/3556/5653 5847/3561/5657
f 5846/3560/5656 5847/3561/5657 5843/3556/5653
f 5842/3557/5652 5848/3562/5658 5844/3558/5654
f 5848/3562/5658 5842/3557/5652 5847/3561/5657
f 5846/3560/5656 5849/3563/5659 5847/3561/5657
f 5847/3561/5657 5849/3563/5659 5848/3562/5658
f 5850/3564/5660 5849/3563/5659 5846/3560/5656
f 5850/3564/5660 5846/3560/5656 5801/3515/5612
f 5848/3562/5658 5849/3563/5659 5851/3565/5661
f 5848/3562/5658 5851/3565/5661 5844/3558/5654
f 5844/3558/5654 5851/3565/5661 5841/3555/5651
f 5851/3565/5661 5852/3566/5662 5841/3555/5651
f 5851/3565/5661 5849/3563/5659 5852/3566/5662
f 5841/3555/5651 5852/3566/5662 5834/3548/5644
f 5852/3566/5662 5853/3567/5663 5834/3548/5644
f 5852/3566/5662 5849/3563/5659 5853/3567/5663
f 5854/3568/5664 5834/3548/5644 5853/3567/5663
f 5853/3567/5663 5849/3563/5659 5854/3568/5664
f 5854/3568/5664 5840/3554/5650 5834/3548/5644
f 5840/3554/5650 5854/3568/5664 5855/3569/5665
f 5854/3568/5664 5849/3563/5659 5855/3569/5665
f 5840/3554/5650 5855/3569/5665 5856/3570/5666
f 5856/3570/5666 5835/3549/5645 5840/3554/5650
f 5855/3569/5665 5849/3563/5659 5857/1732/5667
f 5856/3570/5666 5855/3569/5665 5857/1732/5667
f 5857/1732/5667 5849/3563/5659 5858/1731/5668
f 5858/1731/5668 5849/3563/5659 5850/3564/5660
f 5859/1733/5669 5856/3570/5666 5857/1732/5667
f 5859/1733/5669 5835/3549/5645 5856/3570/5666
f 5858/1731/5668 5850/3564/5660 5860/3572/5670
f 5860/3572/5670 5850/3564/5660 5801/3515/5612
f 5859/1733/5669 5861/3571/5671 5835/3549/5645
f 5835/3549/5645 5861/3571/5671 5741/3455/5557
f 5858/1731/5668 5862/3573/5672 5859/1733/5669
f 5862/3573/5672 5858/1731/5668 5860/3572/5670
f 5861/3571/5671 5859/1733/5669 5862/3573/5672
f 5863/3574/5673 5860/3572/5670 5801/3515/5612
f 5862/3573/5672 5860/3572/5670 5863/3574/5673
f 5861/3571/5671 5862/3573/5672 5863/3574/5673
f 5741/3455/5557 5861/3571/5671 5863/3574/5673
f 5800/3514/5611 5863/3574/5673 5801/3515/5612
f 5741/3455/5557 5863/3574/5673 5800/3514/5611
f 5800/3514/5611 5803/3517/5614 5741/3455/5557
f 5803/3517/5614 5742/3456/5558 5741/3455/5557
f 5803/3517/5614 5864/3575/5674 5742/3456/5558
f 5792/3506/5604 5864/3575/5674 5803/3517/5614
f 5864/3575/5674 5744/3458/5560 5742/3456/5558
f 5864/3575/5674 5792/3506/5604 5759/3473/5574
f 5744/3458/5560 5864/3575/5674 5865/3576/5675
f 5865/3576/5675 5864/3575/5674 5759/3473/5574
f 5744/3458/5560 5865/3576/5675 5747/3461/5563
f 5747/3461/5563 5865/3576/5675 5759/3473/5574
f 5867/1216/5676 3315/1222/5677 5866/2395/5678
f 5867/1216/5676 5866/2395/5678 3322/1213/5679
f 5869/3580/5680 4046/2788/3928 5868/3581/5681
f 5868/3581/5681 4046/2788/3928 4042/2784/3924
f 4042/2784/3924 4043/2785/3925 5868/3581/5681
f 5868/3581/5681 4043/2785/3925 5870/3582/5682
f 5871/3583/5683 5869/3580/5680 5868/3581/5681
f 5871/3583/5683 5868/3581/5681 5870/3582/5682
f 5872/3584/5684 5869/3580/5680 5871/3583/5683
f 5871/3583/5683 5870/3582/5682 5872/3584/5684
f 5875/1428/5685 5874/3585/5686 5873/1433/5687
f 5874/3585/5686 5876/2780/5688 5873/1433/5687
f 5874/3585/5686 5875/1428/5685 5877/1424/5689
f 5874/3585/5686 5878/3586/5690 5876/2780/5688
f 5878/3586/5690 5874/3585/5686 5877/1424/5689
f 5878/3586/5690 5879/2781/5691 5876/2780/5688
f 5878/3586/5690 5877/1424/5689 5880/1421/5692
f 5878/3586/5690 5881/2782/5693 5879/2781/5691
f 5881/2782/5693 5878/3586/5690 5880/1421/5692
f 5882/2783/5694 5879/2781/5691 5881/2782/5693
f 5880/1421/5692 5883/2786/5695 5881/2782/5693
f 5881/2782/5693 5884/2784/5696 5882/2783/5694
f 5884/2784/5696 5881/2782/5693 5883/2786/5695
f 5885/2787/5697 5884/2784/5696 5883/2786/5695
f 5884/2784/5696 5886/2785/5698 5882/2783/5694
f 5884/2784/5696 5885/2787/5697 5887/2788/5699
f 5884/2784/5696 5888/3581/5700 5886/2785/5698
f 5888/3581/5700 5884/2784/5696 5887/2788/5699
f 5889/3582/5701 5886/2785/5698 5888/3581/5700
f 5887/2788/5699 5890/3580/5702 5888/3581/5700
f 5891/3583/5703 5889/3582/5701 5888/3581/5700
f 5890/3580/5702 5891/3583/5703 5888/3581/5700
f 5889/3582/5701 5891/3583/5703 5892/3584/5704
f 5892/3584/5704 5891/3583/5703 5890/3580/5702
f 5895/1990/5705 5894/3587/2644 5893/3588/5706
f 5896/1989/5707 5895/1990/5705 5893/3588/5706
f 5897/3589/5708 5893/3588/5706 5894/3587/2644
f 5898/3590/5709 5897/3589/5708 5894/3587/2644
f 5896/1989/5707 5893/3588/5706 5899/3591/5710
f 5893/3588/5706 5897/3589/5708 5899/3591/5710
f 5900/3592/5711 5897/3589/5708 5898/3590/5709
f 5901/3593/5712 5900/3592/5711 5898/3590/5709
f 5900/3592/5711 5901/3593/5712 5902/3594/5713
f 5902/3594/5713 5903/3595/5714 5900/3592/5711
f 5900/3592/5711 5903/3595/5714 5904/3596/5715
f 5897/3589/5708 5900/3592/5711 5904/3596/5715
f 5897/3589/5708 5904/3596/5715 5905/3597/5716
f 5897/3589/5708 5905/3597/5716 5899/3591/5710
f 5905/3597/5716 5904/3596/5715 5906/3598/5717
f 5907/3599/5718 5905/3597/5716 5906/3598/5717
f 5905/3597/5716 5907/3599/5718 5908/3600/5719
f 5905/3597/5716 5908/3600/5719 5899/3591/5710
f 5907/3599/5718 5909/3601/5720 5908/3600/5719
f 5896/1989/5707 5899/3591/5710 5910/3602/5721
f 5899/3591/5710 5908/3600/5719 5910/3602/5721
f 5896/1989/5707 5910/3602/5721 5911/1987/5722
f 5912/3603/5723 5908/3600/5719 5909/3601/5720
f 5908/3600/5719 5912/3603/5723 5910/3602/5721
f 5913/3604/5724 5912/3603/5723 5909/3601/5720
f 5914/3605/5725 5912/3603/5723 5913/3604/5724
f 5915/3606/2722 5914/3605/5725 5913/3604/5724
f 5914/3605/5725 5915/3606/2722 5916/3607/5726
f 5911/1987/5722 5910/3602/5721 5917/3608/5727
f 5911/1987/5722 5917/3608/5727 5918/1985/5728
f 5919/3609/5729 5910/3602/5721 5912/3603/5723
f 5917/3608/5727 5910/3602/5721 5919/3609/5729
f 5919/3609/5729 5912/3603/5723 5914/3605/5725
f 5918/1985/5728 5917/3608/5727 5920/3610/5730
f 5920/3610/5730 5917/3608/5727 5919/3609/5729
f 5914/3605/5725 5920/3610/5730 5919/3609/5729
f 5918/1985/5728 5920/3610/5730 5921/1984/5731
f 5921/1984/5731 5920/3610/5730 5922/3611/5732
f 5921/1984/5731 5922/3611/5732 5923/1982/5733
f 5914/3605/5725 5924/3612/5734 5920/3610/5730
f 5922/3611/5732 5920/3610/5730 5924/3612/5734
f 5914/3605/5725 5925/3613/5735 5924/3612/5734
f 5925/3613/5735 5914/3605/5725 5916/3607/5726
f 5922/3611/5732 5924/3612/5734 5925/3613/5735
f 5925/3613/5735 5916/3607/5726 5926/3614/5736
f 5926/3614/5736 5922/3611/5732 5925/3613/5735
f 5916/3607/5726 5927/3615/5737 5926/3614/5736
f 5927/3615/5737 5928/3616/5738 5926/3614/5736
f 5922/3611/5732 5929/3617/5739 5923/1982/5733
f 5926/3614/5736 5929/3617/5739 5922/3611/5732
f 5929/3617/5739 5926/3614/5736 5928/3616/5738
f 5923/1982/5733 5929/3617/5739 5930/3618/5740
f 5929/3617/5739 5928/3616/5738 5930/3618/5740
f 5933/3619/5741 5932/3620/5742 5931/3621/5743
f 5932/3620/5742 5934/3622/5744 5931/3621/5743
f 5932/3620/5742 5933/3619/5741 5935/3623/5745
f 5934/3622/5744 5932/3620/5742 5936/3624/5746
f 5936/3624/5746 5932/3620/5742 5935/3623/5745
f 5937/3625/5747 5934/3622/5744 5936/3624/5746
f 5937/3625/5747 5936/3624/5746 5938/3626/5748
f 5936/3624/5746 5939/3627/5749 5938/3626/5748
f 5939/3627/5749 5940/3628/5750 5938/3626/5748
f 5940/3628/5750 5941/3629/5751 5938/3626/5748
f 5941/3629/5751 5940/3628/5750 5942/3630/5752
f 5943/3631/5753 5939/3627/5749 5936/3624/5746
f 5940/3628/5750 5939/3627/5749 5943/3631/5753
f 5943/3631/5753 5936/3624/5746 5935/3623/5745
f 5940/3628/5750 5944/3632/5754 5942/3630/5752
f 5944/3632/5754 5940/3628/5750 5943/3631/5753
f 5942/3630/5752 5944/3632/5754 5945/3633/5755
f 5945/3633/5755 5944/3632/5754 5943/3631/5753
f 5945/3633/5755 5943/3631/5753 5935/3623/5745
f 5946/3634/5756 5942/3630/5752 5945/3633/5755
f 5947/3635/5757 5946/3634/5756 5945/3633/5755
f 5948/3636/5758 5945/3633/5755 5935/3623/5745
f 5948/3636/5758 5947/3635/5757 5945/3633/5755
f 5948/3636/5758 5935/3623/5745 5949/3637/5759
f 5947/3635/5757 5948/3636/5758 5950/3638/5760
f 5948/3636/5758 5949/3637/5759 5950/3638/5760
f 5953/3639/5761 5952/3640/5762 5951/3641/5763
f 5954/3642/5764 5953/3639/5761 5951/3641/5763
f 5954/3642/5764 5951/3641/5763 5955/3643/5765
f 5953/3639/5761 5956/3644/5766 5952/3640/5762
f 5956/3644/5766 5957/3645/5767 5952/3640/5762
f 5958/3646/5768 5954/3642/5764 5955/3643/5765
f 5958/3646/5768 5955/3643/5765 5959/3647/5769
f 5956/3644/5766 5960/3648/5770 5957/3645/5767
f 5960/3648/5770 5961/3649/5771 5957/3645/5767
f 5962/3650/5772 5958/3646/5768 5959/3647/5769
f 5962/3650/5772 5959/3647/5769 5963/3651/5773
f 5960/3648/5770 5964/3652/5774 5961/3649/5771
f 5964/3652/5774 5965/3653/5775 5961/3649/5771
f 5966/3654/5776 5962/3650/5772 5963/3651/5773
f 5966/3654/5776 5963/3651/5773 5967/3655/5777
f 5964/3652/5774 5968/3656/5778 5965/3653/5775
f 5968/3656/5778 5969/3657/5779 5965/3653/5775
f 5970/3658/5780 5966/3654/5776 5967/3655/5777
f 5970/3658/5780 5967/3655/5777 5971/3659/5781
f 5968/3656/5778 5972/3660/5782 5969/3657/5779
f 5972/3660/5782 5973/3661/5783 5969/3657/5779
f 5974/3662/5784 5971/3659/5781 5973/3661/5783
f 5974/3662/5784 5970/3658/5780 5971/3659/5781
f 5972/3660/5782 5974/3662/5784 5973/3661/5783
f 5975/3663/5785 5964/3652/5774 5960/3648/5770
f 5976/3664/5786 5968/3656/5778 5964/3652/5774
f 5975/3663/5785 5976/3664/5786 5964/3652/5774
f 5977/3665/5787 5972/3660/5782 5968/3656/5778
f 5976/3664/5786 5977/3665/5787 5968/3656/5778
f 5978/3666/5788 5974/3662/5784 5972/3660/5782
f 5977/3665/5787 5978/3666/5788 5972/3660/5782
f 5979/3667/5789 5977/3665/5787 5976/3664/5786
f 5979/3667/5789 5976/3664/5786 5975/3663/5785
f 5979/3667/5789 5978/3666/5788 5977/3665/5787
f 5979/3667/5789 5975/3663/5785 5980/3668/5790
f 5980/3668/5790 5975/3663/5785 5960/3648/5770
f 5979/3667/5789 5981/3669/5791 5978/3666/5788
f 5978/3666/5788 5981/3669/5791 5974/3662/5784
f 5981/3669/5791 5970/3658/5780 5974/3662/5784
f 5980/3668/5790 5960/3648/5770 5956/3644/5766
f 5981/3669/5791 5982/3670/5792 5970/3658/5780
f 5979/3667/5789 5982/3670/5792 5981/3669/5791
f 5982/3670/5792 5966/3654/5776 5970/3658/5780
f 5983/3671/5793 5980/3668/5790 5956/3644/5766
f 5979/3667/5789 5980/3668/5790 5983/3671/5793
f 5983/3671/5793 5956/3644/5766 5953/3639/5761
f 5982/3670/5792 5984/3672/5794 5966/3654/5776
f 5979/3667/5789 5984/3672/5794 5982/3670/5792
f 5984/3672/5794 5962/3650/5772 5966/3654/5776
f 5985/3673/5795 5983/3671/5793 5953/3639/5761
f 5979/3667/5789 5983/3671/5793 5985/3673/5795
f 5985/3673/5795 5953/3639/5761 5954/3642/5764
f 5984/3672/5794 5986/3674/5796 5962/3650/5772
f 5979/3667/5789 5986/3674/5796 5984/3672/5794
f 5986/3674/5796 5958/3646/5768 5962/3650/5772
f 5987/3675/5797 5954/3642/5764 5958/3646/5768
f 5987/3675/5797 5985/3673/5795 5954/3642/5764
f 5979/3667/5789 5985/3673/5795 5987/3675/5797
f 5986/3674/5796 5987/3675/5797 5958/3646/5768
f 5979/3667/5789 5987/3675/5797 5986/3674/5796
f 5990/3641/5798 5989/3640/5799 5988/3639/5800
f 5991/3642/5801 5990/3641/5798 5988/3639/5800
f 5992/3643/5802 5990/3641/5798 5991/3642/5801
f 5988/3639/5800 5989/3640/5799 5993/3644/5803
f 5989/3640/5799 5994/3645/5804 5993/3644/5803
f 5995/3646/5805 5992/3643/5802 5991/3642/5801
f 5996/3647/5806 5992/3643/5802 5995/3646/5805
f 5993/3644/5803 5994/3645/5804 5997/3648/5807
f 5994/3645/5804 5998/3649/5808 5997/3648/5807
f 5999/3650/5809 5996/3647/5806 5995/3646/5805
f 6000/3651/5810 5996/3647/5806 5999/3650/5809
f 5997/3648/5807 5998/3649/5808 6001/3652/5811
f 5998/3649/5808 6002/3653/5812 6001/3652/5811
f 6003/3654/5813 6000/3651/5810 5999/3650/5809
f 6004/3655/5814 6000/3651/5810 6003/3654/5813
f 6001/3652/5811 6002/3653/5812 6005/3656/5815
f 6002/3653/5812 6006/3657/5816 6005/3656/5815
f 6007/3658/5817 6004/3655/5814 6003/3654/5813
f 6008/3659/5818 6004/3655/5814 6007/3658/5817
f 6005/3656/5815 6006/3657/5816 6009/3660/5819
f 6006/3657/5816 6010/3661/5820 6009/3660/5819
f 6010/3661/5820 6008/3659/5818 6011/3662/5821
f 6011/3662/5821 6008/3659/5818 6007/3658/5817
f 6009/3660/5819 6010/3661/5820 6011/3662/5821
f 5997/3648/5807 6001/3652/5811 6012/3663/5822
f 6001/3652/5811 6005/3656/5815 6013/3664/5823
f 6012/3663/5822 6001/3652/5811 6013/3664/5823
f 6005/3656/5815 6009/3660/5819 6014/3665/5824
f 6013/3664/5823 6005/3656/5815 6014/3665/5824
f 6009/3660/5819 6011/3662/5821 6015/3666/5825
f 6014/3665/5824 6009/3660/5819 6015/3666/5825
f 6014/3665/5824 6016/3667/5826 6013/3664/5823
f 6013/3664/5823 6016/3667/5826 6012/3663/5822
f 6015/3666/5825 6016/3667/5826 6014/3665/5824
f 6012/3663/5822 6016/3667/5826 6017/3668/5827
f 6017/3668/5827 5997/3648/5807 6012/3663/5822
f 6018/3669/5828 6016/3667/5826 6015/3666/5825
f 6015/3666/5825 6011/3662/5821 6018/3669/5828
f 6011/3662/5821 6007/3658/5817 6018/3669/5828
f 5993/3644/5803 5997/3648/5807 6017/3668/5827
f 6018/3669/5828 6007/3658/5817 6019/3670/5829
f 6019/3670/5829 6016/3667/5826 6018/3669/5828
f 6007/3658/5817 6003/3654/5813 6019/3670/5829
f 6020/3671/5830 5993/3644/5803 6017/3668/5827
f 6017/3668/5827 6016/3667/5826 6020/3671/5830
f 5988/3639/5800 5993/3644/5803 6020/3671/5830
f 6019/3670/5829 6003/3654/5813 6021/3672/5831
f 6021/3672/5831 6016/3667/5826 6019/3670/5829
f 6003/3654/5813 5999/3650/5809 6021/3672/5831
f 6022/3673/5832 5988/3639/5800 6020/3671/5830
f 6020/3671/5830 6016/3667/5826 6022/3673/5832
f 5991/3642/5801 5988/3639/5800 6022/3673/5832
f 6021/3672/5831 5999/3650/5809 6023/3674/5833
f 6023/3674/5833 6016/3667/5826 6021/3672/5831
f 5999/3650/5809 5995/3646/5805 6023/3674/5833
f 6024/3675/5834 5991/3642/5801 6022/3673/5832
f 6022/3673/5832 6016/3667/5826 6024/3675/5834
f 6024/3675/5834 6016/3667/5826 6023/3674/5833
f 5995/3646/5805 5991/3642/5801 6024/3675/5834
f 6023/3674/5833 5995/3646/5805 6024/3675/5834
